2025-10-26 10:30:08,871:WARNING:
'cuml' is a soft dependency and not included in the pycaret installation. Please run: `pip install cuml` to install.
2025-10-26 10:30:08,871:WARNING:
'cuml' is a soft dependency and not included in the pycaret installation. Please run: `pip install cuml` to install.
2025-10-26 10:30:08,871:WARNING:
'cuml' is a soft dependency and not included in the pycaret installation. Please run: `pip install cuml` to install.
2025-10-26 10:30:08,872:WARNING:
'cuml' is a soft dependency and not included in the pycaret installation. Please run: `pip install cuml` to install.
2025-10-26 10:30:09,104:INFO:PyCaret RegressionExperiment
2025-10-26 10:30:09,104:INFO:Logging name: reg-default-name
2025-10-26 10:30:09,104:INFO:ML Usecase: MLUsecase.REGRESSION
2025-10-26 10:30:09,106:INFO:version 3.3.2
2025-10-26 10:30:09,106:INFO:Initializing setup()
2025-10-26 10:30:09,106:INFO:self.USI: 00ce
2025-10-26 10:30:09,106:INFO:self._variable_keys: {'seed', 'exp_name_log', 'target_param', 'y_train', 'memory', 'X_test', 'USI', 'fold_shuffle_param', 'exp_id', 'logging_param', 'pipeline', 'y_test', 'log_plots_param', 'transform_target_param', 'y', 'data', 'gpu_param', 'n_jobs_param', '_available_plots', '_ml_usecase', 'fold_generator', 'html_param', 'idx', 'gpu_n_jobs_param', 'X_train', 'X', 'fold_groups_param'}
2025-10-26 10:30:09,107:INFO:Checking environment
2025-10-26 10:30:09,107:INFO:python_version: 3.11.6
2025-10-26 10:30:09,107:INFO:python_build: ('tags/v3.11.6:8b6ee5b', 'Oct  2 2023 14:57:12')
2025-10-26 10:30:09,107:INFO:machine: AMD64
2025-10-26 10:30:09,107:INFO:platform: Windows-10-10.0.22631-SP0
2025-10-26 10:30:09,110:INFO:Memory: svmem(total=8373600256, available=870502400, percent=89.6, used=7503097856, free=870502400)
2025-10-26 10:30:09,110:INFO:Physical Core: 4
2025-10-26 10:30:09,110:INFO:Logical Core: 8
2025-10-26 10:30:09,110:INFO:Checking libraries
2025-10-26 10:30:09,110:INFO:System:
2025-10-26 10:30:09,110:INFO:    python: 3.11.6 (tags/v3.11.6:8b6ee5b, Oct  2 2023, 14:57:12) [MSC v.1935 64 bit (AMD64)]
2025-10-26 10:30:09,110:INFO:executable: c:\Users\dhadu\AppData\Local\Programs\Python\Python311\python.exe
2025-10-26 10:30:09,110:INFO:   machine: Windows-10-10.0.22631-SP0
2025-10-26 10:30:09,111:INFO:PyCaret required dependencies:
2025-10-26 10:30:10,358:INFO:                 pip: 23.2.1
2025-10-26 10:30:10,358:INFO:          setuptools: 65.5.0
2025-10-26 10:30:10,358:INFO:             pycaret: 3.3.2
2025-10-26 10:30:10,358:INFO:             IPython: 9.6.0
2025-10-26 10:30:10,358:INFO:          ipywidgets: 8.1.7
2025-10-26 10:30:10,358:INFO:                tqdm: 4.67.1
2025-10-26 10:30:10,358:INFO:               numpy: 1.26.4
2025-10-26 10:30:10,358:INFO:              pandas: 2.1.4
2025-10-26 10:30:10,358:INFO:              jinja2: 3.1.6
2025-10-26 10:30:10,358:INFO:               scipy: 1.11.4
2025-10-26 10:30:10,358:INFO:              joblib: 1.3.2
2025-10-26 10:30:10,358:INFO:             sklearn: 1.4.2
2025-10-26 10:30:10,358:INFO:                pyod: 2.0.5
2025-10-26 10:30:10,358:INFO:            imblearn: 0.14.0
2025-10-26 10:30:10,358:INFO:   category_encoders: 2.7.0
2025-10-26 10:30:10,358:INFO:            lightgbm: 4.6.0
2025-10-26 10:30:10,358:INFO:               numba: 0.61.0
2025-10-26 10:30:10,358:INFO:            requests: 2.32.5
2025-10-26 10:30:10,358:INFO:          matplotlib: 3.7.5
2025-10-26 10:30:10,358:INFO:          scikitplot: 0.3.7
2025-10-26 10:30:10,359:INFO:         yellowbrick: 1.5
2025-10-26 10:30:10,359:INFO:              plotly: 5.24.1
2025-10-26 10:30:10,359:INFO:    plotly-resampler: Not installed
2025-10-26 10:30:10,359:INFO:             kaleido: 1.1.0
2025-10-26 10:30:10,359:INFO:           schemdraw: 0.15
2025-10-26 10:30:10,359:INFO:         statsmodels: 0.14.5
2025-10-26 10:30:10,359:INFO:              sktime: 0.26.0
2025-10-26 10:30:10,359:INFO:               tbats: 1.1.3
2025-10-26 10:30:10,359:INFO:            pmdarima: 2.0.4
2025-10-26 10:30:10,359:INFO:              psutil: 7.1.2
2025-10-26 10:30:10,359:INFO:          markupsafe: 3.0.3
2025-10-26 10:30:10,468:INFO:             pickle5: Not installed
2025-10-26 10:30:10,468:INFO:         cloudpickle: 3.1.1
2025-10-26 10:30:10,468:INFO:         deprecation: 2.1.0
2025-10-26 10:30:10,468:INFO:              xxhash: 3.6.0
2025-10-26 10:30:10,469:INFO:           wurlitzer: Not installed
2025-10-26 10:30:10,469:INFO:PyCaret optional dependencies:
2025-10-26 10:30:16,520:INFO:                shap: 0.44.1
2025-10-26 10:30:16,520:INFO:           interpret: 0.7.3
2025-10-26 10:30:16,520:INFO:                umap: 0.5.7
2025-10-26 10:30:16,520:INFO:     ydata_profiling: 4.17.0
2025-10-26 10:30:16,520:INFO:  explainerdashboard: 0.5.1
2025-10-26 10:30:16,520:INFO:             autoviz: Not installed
2025-10-26 10:30:16,520:INFO:           fairlearn: 0.7.0
2025-10-26 10:30:16,520:INFO:          deepchecks: Not installed
2025-10-26 10:30:16,521:INFO:             xgboost: Not installed
2025-10-26 10:30:16,521:INFO:            catboost: 1.2.8
2025-10-26 10:30:16,521:INFO:              kmodes: 0.12.2
2025-10-26 10:30:16,521:INFO:             mlxtend: 0.23.4
2025-10-26 10:30:16,521:INFO:       statsforecast: 1.5.0
2025-10-26 10:30:16,521:INFO:        tune_sklearn: Not installed
2025-10-26 10:30:16,521:INFO:                 ray: Not installed
2025-10-26 10:30:16,521:INFO:            hyperopt: 0.2.7
2025-10-26 10:30:16,521:INFO:              optuna: 4.5.0
2025-10-26 10:30:16,521:INFO:               skopt: 0.10.2
2025-10-26 10:30:16,521:INFO:              mlflow: 3.5.1
2025-10-26 10:30:16,521:INFO:              gradio: 5.49.1
2025-10-26 10:30:16,521:INFO:             fastapi: 0.120.0
2025-10-26 10:30:16,521:INFO:             uvicorn: 0.38.0
2025-10-26 10:30:16,521:INFO:              m2cgen: 0.10.0
2025-10-26 10:30:16,521:INFO:           evidently: 0.4.40
2025-10-26 10:30:16,521:INFO:               fugue: 0.8.7
2025-10-26 10:30:16,521:INFO:           streamlit: Not installed
2025-10-26 10:30:16,521:INFO:             prophet: Not installed
2025-10-26 10:30:16,521:INFO:None
2025-10-26 10:30:16,521:INFO:Set up GPU usage.
2025-10-26 10:30:16,521:WARNING:
'cuml' is a soft dependency and not included in the pycaret installation. Please run: `pip install cuml` to install.
2025-10-26 10:30:16,521:WARNING:cuML is outdated or not found. Required version is >=23.08.
                Please visit https://rapids.ai/install for installation instructions.
2025-10-26 10:30:16,521:INFO:Set up data.
2025-10-26 10:30:16,540:INFO:Set up folding strategy.
2025-10-26 10:30:16,540:INFO:Set up train/test split.
2025-10-26 10:30:16,548:INFO:Set up index.
2025-10-26 10:30:16,550:INFO:Assigning column types.
2025-10-26 10:30:16,554:INFO:Engine successfully changes for model 'lr' to 'sklearn'.
2025-10-26 10:30:16,554:WARNING:
'cuml' is a soft dependency and not included in the pycaret installation. Please run: `pip install cuml` to install.
2025-10-26 10:30:16,554:INFO:Engine for model 'lasso' has not been set explicitly, hence returning None.
2025-10-26 10:30:16,555:WARNING:
'cuml' is a soft dependency and not included in the pycaret installation. Please run: `pip install cuml` to install.
2025-10-26 10:30:16,559:INFO:Engine for model 'ridge' has not been set explicitly, hence returning None.
2025-10-26 10:30:16,559:WARNING:
'cuml' is a soft dependency and not included in the pycaret installation. Please run: `pip install cuml` to install.
2025-10-26 10:30:16,563:INFO:Engine for model 'en' has not been set explicitly, hence returning None.
2025-10-26 10:30:16,563:WARNING:
'cuml' is a soft dependency and not included in the pycaret installation. Please run: `pip install cuml` to install.
2025-10-26 10:30:16,615:INFO:Engine for model 'svm' has not been set explicitly, hence returning None.
2025-10-26 10:30:16,615:WARNING:
'cuml' is a soft dependency and not included in the pycaret installation. Please run: `pip install cuml` to install.
2025-10-26 10:30:16,657:INFO:Engine for model 'knn' has not been set explicitly, hence returning None.
2025-10-26 10:30:16,657:WARNING:
'cuml' is a soft dependency and not included in the pycaret installation. Please run: `pip install cuml` to install.
2025-10-26 10:30:16,657:WARNING:
'cuml' is a soft dependency and not included in the pycaret installation. Please run: `pip install cuml` to install.
2025-10-26 10:30:16,658:WARNING:
'xgboost' is a soft dependency and not included in the pycaret installation. Please run: `pip install xgboost` to install.
Alternately, you can install this by running `pip install pycaret[models]`
2025-10-26 10:30:18,455:INFO:Soft dependency imported: catboost: 1.2.8
2025-10-26 10:30:18,609:WARNING:
'cuml' is a soft dependency and not included in the pycaret installation. Please run: `pip install cuml` to install.
2025-10-26 10:30:18,610:INFO:Engine for model 'lasso' has not been set explicitly, hence returning None.
2025-10-26 10:30:18,610:WARNING:
'cuml' is a soft dependency and not included in the pycaret installation. Please run: `pip install cuml` to install.
2025-10-26 10:30:18,614:INFO:Engine for model 'ridge' has not been set explicitly, hence returning None.
2025-10-26 10:30:18,614:WARNING:
'cuml' is a soft dependency and not included in the pycaret installation. Please run: `pip install cuml` to install.
2025-10-26 10:30:18,618:INFO:Engine for model 'en' has not been set explicitly, hence returning None.
2025-10-26 10:30:18,618:WARNING:
'cuml' is a soft dependency and not included in the pycaret installation. Please run: `pip install cuml` to install.
2025-10-26 10:30:18,668:INFO:Engine for model 'svm' has not been set explicitly, hence returning None.
2025-10-26 10:30:18,668:WARNING:
'cuml' is a soft dependency and not included in the pycaret installation. Please run: `pip install cuml` to install.
2025-10-26 10:30:18,708:INFO:Engine for model 'knn' has not been set explicitly, hence returning None.
2025-10-26 10:30:18,708:WARNING:
'cuml' is a soft dependency and not included in the pycaret installation. Please run: `pip install cuml` to install.
2025-10-26 10:30:18,708:WARNING:
'cuml' is a soft dependency and not included in the pycaret installation. Please run: `pip install cuml` to install.
2025-10-26 10:30:18,709:WARNING:
'xgboost' is a soft dependency and not included in the pycaret installation. Please run: `pip install xgboost` to install.
Alternately, you can install this by running `pip install pycaret[models]`
2025-10-26 10:30:18,725:INFO:Soft dependency imported: catboost: 1.2.8
2025-10-26 10:30:18,725:INFO:Engine successfully changes for model 'lasso' to 'sklearn'.
2025-10-26 10:30:18,725:WARNING:
'cuml' is a soft dependency and not included in the pycaret installation. Please run: `pip install cuml` to install.
2025-10-26 10:30:18,725:WARNING:
'cuml' is a soft dependency and not included in the pycaret installation. Please run: `pip install cuml` to install.
2025-10-26 10:30:18,733:INFO:Engine for model 'ridge' has not been set explicitly, hence returning None.
2025-10-26 10:30:18,733:WARNING:
'cuml' is a soft dependency and not included in the pycaret installation. Please run: `pip install cuml` to install.
2025-10-26 10:30:18,739:INFO:Engine for model 'en' has not been set explicitly, hence returning None.
2025-10-26 10:30:18,739:WARNING:
'cuml' is a soft dependency and not included in the pycaret installation. Please run: `pip install cuml` to install.
2025-10-26 10:30:18,800:INFO:Engine for model 'svm' has not been set explicitly, hence returning None.
2025-10-26 10:30:18,800:WARNING:
'cuml' is a soft dependency and not included in the pycaret installation. Please run: `pip install cuml` to install.
2025-10-26 10:30:18,850:INFO:Engine for model 'knn' has not been set explicitly, hence returning None.
2025-10-26 10:30:18,851:WARNING:
'cuml' is a soft dependency and not included in the pycaret installation. Please run: `pip install cuml` to install.
2025-10-26 10:30:18,851:WARNING:
'cuml' is a soft dependency and not included in the pycaret installation. Please run: `pip install cuml` to install.
2025-10-26 10:30:18,851:WARNING:
'xgboost' is a soft dependency and not included in the pycaret installation. Please run: `pip install xgboost` to install.
Alternately, you can install this by running `pip install pycaret[models]`
2025-10-26 10:30:18,866:INFO:Soft dependency imported: catboost: 1.2.8
2025-10-26 10:30:18,867:WARNING:
'cuml' is a soft dependency and not included in the pycaret installation. Please run: `pip install cuml` to install.
2025-10-26 10:30:18,867:WARNING:
'cuml' is a soft dependency and not included in the pycaret installation. Please run: `pip install cuml` to install.
2025-10-26 10:30:18,871:INFO:Engine for model 'ridge' has not been set explicitly, hence returning None.
2025-10-26 10:30:18,871:WARNING:
'cuml' is a soft dependency and not included in the pycaret installation. Please run: `pip install cuml` to install.
2025-10-26 10:30:18,876:INFO:Engine for model 'en' has not been set explicitly, hence returning None.
2025-10-26 10:30:18,876:WARNING:
'cuml' is a soft dependency and not included in the pycaret installation. Please run: `pip install cuml` to install.
2025-10-26 10:30:18,949:INFO:Engine for model 'svm' has not been set explicitly, hence returning None.
2025-10-26 10:30:18,950:WARNING:
'cuml' is a soft dependency and not included in the pycaret installation. Please run: `pip install cuml` to install.
2025-10-26 10:30:18,997:INFO:Engine for model 'knn' has not been set explicitly, hence returning None.
2025-10-26 10:30:18,997:WARNING:
'cuml' is a soft dependency and not included in the pycaret installation. Please run: `pip install cuml` to install.
2025-10-26 10:30:18,997:WARNING:
'cuml' is a soft dependency and not included in the pycaret installation. Please run: `pip install cuml` to install.
2025-10-26 10:30:18,998:WARNING:
'xgboost' is a soft dependency and not included in the pycaret installation. Please run: `pip install xgboost` to install.
Alternately, you can install this by running `pip install pycaret[models]`
2025-10-26 10:30:19,014:INFO:Soft dependency imported: catboost: 1.2.8
2025-10-26 10:30:19,014:INFO:Engine successfully changes for model 'ridge' to 'sklearn'.
2025-10-26 10:30:19,014:WARNING:
'cuml' is a soft dependency and not included in the pycaret installation. Please run: `pip install cuml` to install.
2025-10-26 10:30:19,014:WARNING:
'cuml' is a soft dependency and not included in the pycaret installation. Please run: `pip install cuml` to install.
2025-10-26 10:30:19,019:WARNING:
'cuml' is a soft dependency and not included in the pycaret installation. Please run: `pip install cuml` to install.
2025-10-26 10:30:19,024:INFO:Engine for model 'en' has not been set explicitly, hence returning None.
2025-10-26 10:30:19,024:WARNING:
'cuml' is a soft dependency and not included in the pycaret installation. Please run: `pip install cuml` to install.
2025-10-26 10:30:19,091:INFO:Engine for model 'svm' has not been set explicitly, hence returning None.
2025-10-26 10:30:19,092:WARNING:
'cuml' is a soft dependency and not included in the pycaret installation. Please run: `pip install cuml` to install.
2025-10-26 10:30:19,139:INFO:Engine for model 'knn' has not been set explicitly, hence returning None.
2025-10-26 10:30:19,139:WARNING:
'cuml' is a soft dependency and not included in the pycaret installation. Please run: `pip install cuml` to install.
2025-10-26 10:30:19,139:WARNING:
'cuml' is a soft dependency and not included in the pycaret installation. Please run: `pip install cuml` to install.
2025-10-26 10:30:19,139:WARNING:
'xgboost' is a soft dependency and not included in the pycaret installation. Please run: `pip install xgboost` to install.
Alternately, you can install this by running `pip install pycaret[models]`
2025-10-26 10:30:19,153:INFO:Soft dependency imported: catboost: 1.2.8
2025-10-26 10:30:19,154:WARNING:
'cuml' is a soft dependency and not included in the pycaret installation. Please run: `pip install cuml` to install.
2025-10-26 10:30:19,154:WARNING:
'cuml' is a soft dependency and not included in the pycaret installation. Please run: `pip install cuml` to install.
2025-10-26 10:30:19,162:WARNING:
'cuml' is a soft dependency and not included in the pycaret installation. Please run: `pip install cuml` to install.
2025-10-26 10:30:19,166:INFO:Engine for model 'en' has not been set explicitly, hence returning None.
2025-10-26 10:30:19,166:WARNING:
'cuml' is a soft dependency and not included in the pycaret installation. Please run: `pip install cuml` to install.
2025-10-26 10:30:19,241:INFO:Engine for model 'svm' has not been set explicitly, hence returning None.
2025-10-26 10:30:19,241:WARNING:
'cuml' is a soft dependency and not included in the pycaret installation. Please run: `pip install cuml` to install.
2025-10-26 10:30:19,288:INFO:Engine for model 'knn' has not been set explicitly, hence returning None.
2025-10-26 10:30:19,288:WARNING:
'cuml' is a soft dependency and not included in the pycaret installation. Please run: `pip install cuml` to install.
2025-10-26 10:30:19,288:WARNING:
'cuml' is a soft dependency and not included in the pycaret installation. Please run: `pip install cuml` to install.
2025-10-26 10:30:19,288:WARNING:
'xgboost' is a soft dependency and not included in the pycaret installation. Please run: `pip install xgboost` to install.
Alternately, you can install this by running `pip install pycaret[models]`
2025-10-26 10:30:19,303:INFO:Soft dependency imported: catboost: 1.2.8
2025-10-26 10:30:19,304:INFO:Engine successfully changes for model 'en' to 'sklearn'.
2025-10-26 10:30:19,304:WARNING:
'cuml' is a soft dependency and not included in the pycaret installation. Please run: `pip install cuml` to install.
2025-10-26 10:30:19,304:WARNING:
'cuml' is a soft dependency and not included in the pycaret installation. Please run: `pip install cuml` to install.
2025-10-26 10:30:19,310:WARNING:
'cuml' is a soft dependency and not included in the pycaret installation. Please run: `pip install cuml` to install.
2025-10-26 10:30:19,316:WARNING:
'cuml' is a soft dependency and not included in the pycaret installation. Please run: `pip install cuml` to install.
2025-10-26 10:30:19,393:INFO:Engine for model 'svm' has not been set explicitly, hence returning None.
2025-10-26 10:30:19,393:WARNING:
'cuml' is a soft dependency and not included in the pycaret installation. Please run: `pip install cuml` to install.
2025-10-26 10:30:19,438:INFO:Engine for model 'knn' has not been set explicitly, hence returning None.
2025-10-26 10:30:19,438:WARNING:
'cuml' is a soft dependency and not included in the pycaret installation. Please run: `pip install cuml` to install.
2025-10-26 10:30:19,438:WARNING:
'cuml' is a soft dependency and not included in the pycaret installation. Please run: `pip install cuml` to install.
2025-10-26 10:30:19,439:WARNING:
'xgboost' is a soft dependency and not included in the pycaret installation. Please run: `pip install xgboost` to install.
Alternately, you can install this by running `pip install pycaret[models]`
2025-10-26 10:30:19,454:INFO:Soft dependency imported: catboost: 1.2.8
2025-10-26 10:30:19,455:WARNING:
'cuml' is a soft dependency and not included in the pycaret installation. Please run: `pip install cuml` to install.
2025-10-26 10:30:19,455:WARNING:
'cuml' is a soft dependency and not included in the pycaret installation. Please run: `pip install cuml` to install.
2025-10-26 10:30:19,459:WARNING:
'cuml' is a soft dependency and not included in the pycaret installation. Please run: `pip install cuml` to install.
2025-10-26 10:30:19,467:WARNING:
'cuml' is a soft dependency and not included in the pycaret installation. Please run: `pip install cuml` to install.
2025-10-26 10:30:19,552:INFO:Engine for model 'svm' has not been set explicitly, hence returning None.
2025-10-26 10:30:19,553:WARNING:
'cuml' is a soft dependency and not included in the pycaret installation. Please run: `pip install cuml` to install.
2025-10-26 10:30:19,598:INFO:Engine for model 'knn' has not been set explicitly, hence returning None.
2025-10-26 10:30:19,598:WARNING:
'cuml' is a soft dependency and not included in the pycaret installation. Please run: `pip install cuml` to install.
2025-10-26 10:30:19,598:WARNING:
'cuml' is a soft dependency and not included in the pycaret installation. Please run: `pip install cuml` to install.
2025-10-26 10:30:19,598:WARNING:
'xgboost' is a soft dependency and not included in the pycaret installation. Please run: `pip install xgboost` to install.
Alternately, you can install this by running `pip install pycaret[models]`
2025-10-26 10:30:19,616:INFO:Soft dependency imported: catboost: 1.2.8
2025-10-26 10:30:19,616:INFO:Engine successfully changes for model 'knn' to 'sklearn'.
2025-10-26 10:30:19,616:WARNING:
'cuml' is a soft dependency and not included in the pycaret installation. Please run: `pip install cuml` to install.
2025-10-26 10:30:19,617:WARNING:
'cuml' is a soft dependency and not included in the pycaret installation. Please run: `pip install cuml` to install.
2025-10-26 10:30:19,624:WARNING:
'cuml' is a soft dependency and not included in the pycaret installation. Please run: `pip install cuml` to install.
2025-10-26 10:30:19,633:WARNING:
'cuml' is a soft dependency and not included in the pycaret installation. Please run: `pip install cuml` to install.
2025-10-26 10:30:19,715:INFO:Engine for model 'svm' has not been set explicitly, hence returning None.
2025-10-26 10:30:19,715:WARNING:
'cuml' is a soft dependency and not included in the pycaret installation. Please run: `pip install cuml` to install.
2025-10-26 10:30:19,757:WARNING:
'cuml' is a soft dependency and not included in the pycaret installation. Please run: `pip install cuml` to install.
2025-10-26 10:30:19,757:WARNING:
'cuml' is a soft dependency and not included in the pycaret installation. Please run: `pip install cuml` to install.
2025-10-26 10:30:19,757:WARNING:
'xgboost' is a soft dependency and not included in the pycaret installation. Please run: `pip install xgboost` to install.
Alternately, you can install this by running `pip install pycaret[models]`
2025-10-26 10:30:19,770:INFO:Soft dependency imported: catboost: 1.2.8
2025-10-26 10:30:19,771:WARNING:
'cuml' is a soft dependency and not included in the pycaret installation. Please run: `pip install cuml` to install.
2025-10-26 10:30:19,771:WARNING:
'cuml' is a soft dependency and not included in the pycaret installation. Please run: `pip install cuml` to install.
2025-10-26 10:30:19,775:WARNING:
'cuml' is a soft dependency and not included in the pycaret installation. Please run: `pip install cuml` to install.
2025-10-26 10:30:19,783:WARNING:
'cuml' is a soft dependency and not included in the pycaret installation. Please run: `pip install cuml` to install.
2025-10-26 10:30:19,857:INFO:Engine for model 'svm' has not been set explicitly, hence returning None.
2025-10-26 10:30:19,857:WARNING:
'cuml' is a soft dependency and not included in the pycaret installation. Please run: `pip install cuml` to install.
2025-10-26 10:30:19,902:WARNING:
'cuml' is a soft dependency and not included in the pycaret installation. Please run: `pip install cuml` to install.
2025-10-26 10:30:19,902:WARNING:
'cuml' is a soft dependency and not included in the pycaret installation. Please run: `pip install cuml` to install.
2025-10-26 10:30:19,903:WARNING:
'xgboost' is a soft dependency and not included in the pycaret installation. Please run: `pip install xgboost` to install.
Alternately, you can install this by running `pip install pycaret[models]`
2025-10-26 10:30:19,917:INFO:Soft dependency imported: catboost: 1.2.8
2025-10-26 10:30:19,917:INFO:Engine successfully changes for model 'svm' to 'sklearn'.
2025-10-26 10:30:19,917:WARNING:
'cuml' is a soft dependency and not included in the pycaret installation. Please run: `pip install cuml` to install.
2025-10-26 10:30:19,917:WARNING:
'cuml' is a soft dependency and not included in the pycaret installation. Please run: `pip install cuml` to install.
2025-10-26 10:30:19,926:WARNING:
'cuml' is a soft dependency and not included in the pycaret installation. Please run: `pip install cuml` to install.
2025-10-26 10:30:19,935:WARNING:
'cuml' is a soft dependency and not included in the pycaret installation. Please run: `pip install cuml` to install.
2025-10-26 10:30:20,013:WARNING:
'cuml' is a soft dependency and not included in the pycaret installation. Please run: `pip install cuml` to install.
2025-10-26 10:30:20,079:WARNING:
'cuml' is a soft dependency and not included in the pycaret installation. Please run: `pip install cuml` to install.
2025-10-26 10:30:20,079:WARNING:
'cuml' is a soft dependency and not included in the pycaret installation. Please run: `pip install cuml` to install.
2025-10-26 10:30:20,079:WARNING:
'xgboost' is a soft dependency and not included in the pycaret installation. Please run: `pip install xgboost` to install.
Alternately, you can install this by running `pip install pycaret[models]`
2025-10-26 10:30:20,092:INFO:Soft dependency imported: catboost: 1.2.8
2025-10-26 10:30:20,092:WARNING:
'cuml' is a soft dependency and not included in the pycaret installation. Please run: `pip install cuml` to install.
2025-10-26 10:30:20,092:WARNING:
'cuml' is a soft dependency and not included in the pycaret installation. Please run: `pip install cuml` to install.
2025-10-26 10:30:20,097:WARNING:
'cuml' is a soft dependency and not included in the pycaret installation. Please run: `pip install cuml` to install.
2025-10-26 10:30:20,102:WARNING:
'cuml' is a soft dependency and not included in the pycaret installation. Please run: `pip install cuml` to install.
2025-10-26 10:30:20,175:WARNING:
'cuml' is a soft dependency and not included in the pycaret installation. Please run: `pip install cuml` to install.
2025-10-26 10:30:20,221:WARNING:
'cuml' is a soft dependency and not included in the pycaret installation. Please run: `pip install cuml` to install.
2025-10-26 10:30:20,221:WARNING:
'cuml' is a soft dependency and not included in the pycaret installation. Please run: `pip install cuml` to install.
2025-10-26 10:30:20,222:WARNING:
'xgboost' is a soft dependency and not included in the pycaret installation. Please run: `pip install xgboost` to install.
Alternately, you can install this by running `pip install pycaret[models]`
2025-10-26 10:30:20,236:INFO:Soft dependency imported: catboost: 1.2.8
2025-10-26 10:30:20,239:INFO:Preparing preprocessing pipeline...
2025-10-26 10:30:20,239:INFO:Set up simple imputation.
2025-10-26 10:30:20,239:INFO:Set up column transformation.
2025-10-26 10:30:20,239:INFO:Set up feature normalization.
2025-10-26 10:30:20,315:INFO:Finished creating preprocessing pipeline.
2025-10-26 10:30:20,325:INFO:Pipeline: Pipeline(memory=FastMemory(location=C:\Users\dhadu\AppData\Local\Temp\joblib),
         steps=[('numerical_imputer',
                 TransformerWrapper(include=['ID', 'Square_Feet',
                                             'Num_Bedrooms', 'Num_Bathrooms',
                                             'Num_Floors', 'Year_Built',
                                             'Has_Garden', 'Has_Pool',
                                             'Garage_Size', 'Location_Score',
                                             'Distance_to_Center'],
                                    transformer=SimpleImputer())),
                ('categorical_imputer',
                 TransformerWrapper(include=[],
                                    transformer=SimpleImputer(strategy='most_frequent'))),
                ('transformation',
                 TransformerWrapper(transformer=PowerTransformer(standardize=False))),
                ('normalize',
                 TransformerWrapper(transformer=StandardScaler()))])
2025-10-26 10:30:20,325:INFO:Creating final display dataframe.
2025-10-26 10:30:20,413:INFO:Setup _display_container:                     Description             Value
0                    Session id               123
1                        Target             Price
2                   Target type        Regression
3           Original data shape         (500, 12)
4        Transformed data shape         (500, 12)
5   Transformed train set shape         (350, 12)
6    Transformed test set shape         (150, 12)
7              Numeric features                11
8                    Preprocess              True
9               Imputation type            simple
10           Numeric imputation              mean
11       Categorical imputation              mode
12               Transformation              True
13        Transformation method       yeo-johnson
14                    Normalize              True
15             Normalize method            zscore
16               Fold Generator             KFold
17                  Fold Number                10
18                     CPU Jobs                -1
19                      Use GPU              True
20               Log Experiment             False
21              Experiment Name  reg-default-name
22                          USI              00ce
2025-10-26 10:30:20,421:WARNING:
'cuml' is a soft dependency and not included in the pycaret installation. Please run: `pip install cuml` to install.
2025-10-26 10:30:20,421:WARNING:
'cuml' is a soft dependency and not included in the pycaret installation. Please run: `pip install cuml` to install.
2025-10-26 10:30:20,425:WARNING:
'cuml' is a soft dependency and not included in the pycaret installation. Please run: `pip install cuml` to install.
2025-10-26 10:30:20,429:WARNING:
'cuml' is a soft dependency and not included in the pycaret installation. Please run: `pip install cuml` to install.
2025-10-26 10:30:20,486:WARNING:
'cuml' is a soft dependency and not included in the pycaret installation. Please run: `pip install cuml` to install.
2025-10-26 10:30:20,526:WARNING:
'cuml' is a soft dependency and not included in the pycaret installation. Please run: `pip install cuml` to install.
2025-10-26 10:30:20,526:WARNING:
'cuml' is a soft dependency and not included in the pycaret installation. Please run: `pip install cuml` to install.
2025-10-26 10:30:20,527:WARNING:
'xgboost' is a soft dependency and not included in the pycaret installation. Please run: `pip install xgboost` to install.
Alternately, you can install this by running `pip install pycaret[models]`
2025-10-26 10:30:20,539:INFO:Soft dependency imported: catboost: 1.2.8
2025-10-26 10:30:20,540:WARNING:
'cuml' is a soft dependency and not included in the pycaret installation. Please run: `pip install cuml` to install.
2025-10-26 10:30:20,540:WARNING:
'cuml' is a soft dependency and not included in the pycaret installation. Please run: `pip install cuml` to install.
2025-10-26 10:30:20,545:WARNING:
'cuml' is a soft dependency and not included in the pycaret installation. Please run: `pip install cuml` to install.
2025-10-26 10:30:20,553:WARNING:
'cuml' is a soft dependency and not included in the pycaret installation. Please run: `pip install cuml` to install.
2025-10-26 10:30:20,625:WARNING:
'cuml' is a soft dependency and not included in the pycaret installation. Please run: `pip install cuml` to install.
2025-10-26 10:30:20,667:WARNING:
'cuml' is a soft dependency and not included in the pycaret installation. Please run: `pip install cuml` to install.
2025-10-26 10:30:20,667:WARNING:
'cuml' is a soft dependency and not included in the pycaret installation. Please run: `pip install cuml` to install.
2025-10-26 10:30:20,667:WARNING:
'xgboost' is a soft dependency and not included in the pycaret installation. Please run: `pip install xgboost` to install.
Alternately, you can install this by running `pip install pycaret[models]`
2025-10-26 10:30:20,682:INFO:Soft dependency imported: catboost: 1.2.8
2025-10-26 10:30:20,683:INFO:setup() successfully completed in 11.58s...............
2025-10-26 10:30:20,706:INFO:Initializing compare_models()
2025-10-26 10:30:20,706:INFO:compare_models(self=<pycaret.regression.oop.RegressionExperiment object at 0x000001F233187410>, include=None, exclude=None, fold=None, round=4, cross_validation=True, sort=R2, n_select=1, budget_time=None, turbo=True, errors=ignore, fit_kwargs=None, groups=None, experiment_custom_tags=None, probability_threshold=None, verbose=True, parallel=None, caller_params={'self': <pycaret.regression.oop.RegressionExperiment object at 0x000001F233187410>, 'include': None, 'exclude': None, 'fold': None, 'round': 4, 'cross_validation': True, 'sort': 'R2', 'n_select': 1, 'budget_time': None, 'turbo': True, 'errors': 'ignore', 'fit_kwargs': None, 'groups': None, 'experiment_custom_tags': None, 'engine': None, 'verbose': True, 'parallel': None, '__class__': <class 'pycaret.regression.oop.RegressionExperiment'>})
2025-10-26 10:30:20,706:INFO:Checking exceptions
2025-10-26 10:30:20,709:INFO:Preparing display monitor
2025-10-26 10:30:20,741:INFO:Initializing Linear Regression
2025-10-26 10:30:20,742:INFO:Total runtime is 1.6649564107259113e-05 minutes
2025-10-26 10:30:20,748:INFO:SubProcess create_model() called ==================================
2025-10-26 10:30:20,748:INFO:Initializing create_model()
2025-10-26 10:30:20,748:INFO:create_model(self=<pycaret.regression.oop.RegressionExperiment object at 0x000001F233187410>, estimator=lr, fold=KFold(n_splits=10, random_state=None, shuffle=False), round=4, cross_validation=True, predict=True, fit_kwargs={}, groups=None, refit=False, probability_threshold=None, experiment_custom_tags=None, verbose=False, system=False, add_to_model_list=True, metrics=None, display=<pycaret.internal.display.display.CommonDisplay object at 0x000001F252431350>, model_only=True, return_train_score=False, error_score=0.0, kwargs={})
2025-10-26 10:30:20,749:INFO:Checking exceptions
2025-10-26 10:30:20,749:INFO:Importing libraries
2025-10-26 10:30:20,749:INFO:Copying training dataset
2025-10-26 10:30:20,755:INFO:Defining folds
2025-10-26 10:30:20,755:INFO:Declaring metric variables
2025-10-26 10:30:20,760:INFO:Importing untrained model
2025-10-26 10:30:20,763:INFO:Linear Regression Imported successfully
2025-10-26 10:30:20,770:INFO:Starting cross validation
2025-10-26 10:30:20,777:INFO:Cross validating with KFold(n_splits=10, random_state=None, shuffle=False), n_jobs=1
2025-10-26 10:30:21,151:INFO:Calculating mean and std
2025-10-26 10:30:21,151:INFO:Creating metrics dataframe
2025-10-26 10:30:21,152:INFO:Uploading results into container
2025-10-26 10:30:21,153:INFO:Uploading model into container now
2025-10-26 10:30:21,153:INFO:_master_model_container: 1
2025-10-26 10:30:21,153:INFO:_display_container: 2
2025-10-26 10:30:21,153:INFO:LinearRegression(n_jobs=-1)
2025-10-26 10:30:21,153:INFO:create_model() successfully completed......................................
2025-10-26 10:30:21,298:INFO:SubProcess create_model() end ==================================
2025-10-26 10:30:21,298:INFO:Creating metrics dataframe
2025-10-26 10:30:21,306:INFO:Initializing Lasso Regression
2025-10-26 10:30:21,306:INFO:Total runtime is 0.009406920274098715 minutes
2025-10-26 10:30:21,309:INFO:SubProcess create_model() called ==================================
2025-10-26 10:30:21,310:INFO:Initializing create_model()
2025-10-26 10:30:21,310:INFO:create_model(self=<pycaret.regression.oop.RegressionExperiment object at 0x000001F233187410>, estimator=lasso, fold=KFold(n_splits=10, random_state=None, shuffle=False), round=4, cross_validation=True, predict=True, fit_kwargs={}, groups=None, refit=False, probability_threshold=None, experiment_custom_tags=None, verbose=False, system=False, add_to_model_list=True, metrics=None, display=<pycaret.internal.display.display.CommonDisplay object at 0x000001F252431350>, model_only=True, return_train_score=False, error_score=0.0, kwargs={})
2025-10-26 10:30:21,310:INFO:Checking exceptions
2025-10-26 10:30:21,310:INFO:Importing libraries
2025-10-26 10:30:21,310:INFO:Copying training dataset
2025-10-26 10:30:21,314:INFO:Defining folds
2025-10-26 10:30:21,314:INFO:Declaring metric variables
2025-10-26 10:30:21,318:INFO:Importing untrained model
2025-10-26 10:30:21,321:INFO:Lasso Regression Imported successfully
2025-10-26 10:30:21,329:INFO:Starting cross validation
2025-10-26 10:30:21,330:INFO:Cross validating with KFold(n_splits=10, random_state=None, shuffle=False), n_jobs=1
2025-10-26 10:30:21,710:INFO:Calculating mean and std
2025-10-26 10:30:21,710:INFO:Creating metrics dataframe
2025-10-26 10:30:21,711:INFO:Uploading results into container
2025-10-26 10:30:21,712:INFO:Uploading model into container now
2025-10-26 10:30:21,712:INFO:_master_model_container: 2
2025-10-26 10:30:21,712:INFO:_display_container: 2
2025-10-26 10:30:21,712:INFO:Lasso(random_state=123)
2025-10-26 10:30:21,712:INFO:create_model() successfully completed......................................
2025-10-26 10:30:21,855:INFO:SubProcess create_model() end ==================================
2025-10-26 10:30:21,855:INFO:Creating metrics dataframe
2025-10-26 10:30:21,863:INFO:Initializing Ridge Regression
2025-10-26 10:30:21,863:INFO:Total runtime is 0.018687828381856283 minutes
2025-10-26 10:30:21,867:INFO:SubProcess create_model() called ==================================
2025-10-26 10:30:21,867:INFO:Initializing create_model()
2025-10-26 10:30:21,867:INFO:create_model(self=<pycaret.regression.oop.RegressionExperiment object at 0x000001F233187410>, estimator=ridge, fold=KFold(n_splits=10, random_state=None, shuffle=False), round=4, cross_validation=True, predict=True, fit_kwargs={}, groups=None, refit=False, probability_threshold=None, experiment_custom_tags=None, verbose=False, system=False, add_to_model_list=True, metrics=None, display=<pycaret.internal.display.display.CommonDisplay object at 0x000001F252431350>, model_only=True, return_train_score=False, error_score=0.0, kwargs={})
2025-10-26 10:30:21,867:INFO:Checking exceptions
2025-10-26 10:30:21,867:INFO:Importing libraries
2025-10-26 10:30:21,867:INFO:Copying training dataset
2025-10-26 10:30:21,873:INFO:Defining folds
2025-10-26 10:30:21,873:INFO:Declaring metric variables
2025-10-26 10:30:21,876:INFO:Importing untrained model
2025-10-26 10:30:21,880:INFO:Ridge Regression Imported successfully
2025-10-26 10:30:21,887:INFO:Starting cross validation
2025-10-26 10:30:21,887:INFO:Cross validating with KFold(n_splits=10, random_state=None, shuffle=False), n_jobs=1
2025-10-26 10:30:22,251:INFO:Calculating mean and std
2025-10-26 10:30:22,252:INFO:Creating metrics dataframe
2025-10-26 10:30:22,254:INFO:Uploading results into container
2025-10-26 10:30:22,254:INFO:Uploading model into container now
2025-10-26 10:30:22,254:INFO:_master_model_container: 3
2025-10-26 10:30:22,254:INFO:_display_container: 2
2025-10-26 10:30:22,254:INFO:Ridge(random_state=123)
2025-10-26 10:30:22,255:INFO:create_model() successfully completed......................................
2025-10-26 10:30:22,395:INFO:SubProcess create_model() end ==================================
2025-10-26 10:30:22,395:INFO:Creating metrics dataframe
2025-10-26 10:30:22,404:INFO:Initializing Elastic Net
2025-10-26 10:30:22,404:INFO:Total runtime is 0.02771767775217692 minutes
2025-10-26 10:30:22,408:INFO:SubProcess create_model() called ==================================
2025-10-26 10:30:22,408:INFO:Initializing create_model()
2025-10-26 10:30:22,408:INFO:create_model(self=<pycaret.regression.oop.RegressionExperiment object at 0x000001F233187410>, estimator=en, fold=KFold(n_splits=10, random_state=None, shuffle=False), round=4, cross_validation=True, predict=True, fit_kwargs={}, groups=None, refit=False, probability_threshold=None, experiment_custom_tags=None, verbose=False, system=False, add_to_model_list=True, metrics=None, display=<pycaret.internal.display.display.CommonDisplay object at 0x000001F252431350>, model_only=True, return_train_score=False, error_score=0.0, kwargs={})
2025-10-26 10:30:22,408:INFO:Checking exceptions
2025-10-26 10:30:22,408:INFO:Importing libraries
2025-10-26 10:30:22,408:INFO:Copying training dataset
2025-10-26 10:30:22,414:INFO:Defining folds
2025-10-26 10:30:22,414:INFO:Declaring metric variables
2025-10-26 10:30:22,418:INFO:Importing untrained model
2025-10-26 10:30:22,422:INFO:Elastic Net Imported successfully
2025-10-26 10:30:22,428:INFO:Starting cross validation
2025-10-26 10:30:22,429:INFO:Cross validating with KFold(n_splits=10, random_state=None, shuffle=False), n_jobs=1
2025-10-26 10:30:22,788:INFO:Calculating mean and std
2025-10-26 10:30:22,827:INFO:Creating metrics dataframe
2025-10-26 10:30:22,828:INFO:Uploading results into container
2025-10-26 10:30:22,829:INFO:Uploading model into container now
2025-10-26 10:30:22,829:INFO:_master_model_container: 4
2025-10-26 10:30:22,829:INFO:_display_container: 2
2025-10-26 10:30:22,829:INFO:ElasticNet(random_state=123)
2025-10-26 10:30:22,829:INFO:create_model() successfully completed......................................
2025-10-26 10:30:22,973:INFO:SubProcess create_model() end ==================================
2025-10-26 10:30:22,974:INFO:Creating metrics dataframe
2025-10-26 10:30:22,983:INFO:Initializing Least Angle Regression
2025-10-26 10:30:22,983:INFO:Total runtime is 0.037359559535980226 minutes
2025-10-26 10:30:22,987:INFO:SubProcess create_model() called ==================================
2025-10-26 10:30:22,987:INFO:Initializing create_model()
2025-10-26 10:30:22,987:INFO:create_model(self=<pycaret.regression.oop.RegressionExperiment object at 0x000001F233187410>, estimator=lar, fold=KFold(n_splits=10, random_state=None, shuffle=False), round=4, cross_validation=True, predict=True, fit_kwargs={}, groups=None, refit=False, probability_threshold=None, experiment_custom_tags=None, verbose=False, system=False, add_to_model_list=True, metrics=None, display=<pycaret.internal.display.display.CommonDisplay object at 0x000001F252431350>, model_only=True, return_train_score=False, error_score=0.0, kwargs={})
2025-10-26 10:30:22,987:INFO:Checking exceptions
2025-10-26 10:30:22,987:INFO:Importing libraries
2025-10-26 10:30:22,987:INFO:Copying training dataset
2025-10-26 10:30:22,993:INFO:Defining folds
2025-10-26 10:30:22,993:INFO:Declaring metric variables
2025-10-26 10:30:22,996:INFO:Importing untrained model
2025-10-26 10:30:22,999:INFO:Least Angle Regression Imported successfully
2025-10-26 10:30:23,006:INFO:Starting cross validation
2025-10-26 10:30:23,007:INFO:Cross validating with KFold(n_splits=10, random_state=None, shuffle=False), n_jobs=1
2025-10-26 10:30:23,386:INFO:Calculating mean and std
2025-10-26 10:30:23,386:INFO:Creating metrics dataframe
2025-10-26 10:30:23,388:INFO:Uploading results into container
2025-10-26 10:30:23,388:INFO:Uploading model into container now
2025-10-26 10:30:23,388:INFO:_master_model_container: 5
2025-10-26 10:30:23,388:INFO:_display_container: 2
2025-10-26 10:30:23,389:INFO:Lars(random_state=123)
2025-10-26 10:30:23,389:INFO:create_model() successfully completed......................................
2025-10-26 10:30:23,530:INFO:SubProcess create_model() end ==================================
2025-10-26 10:30:23,530:INFO:Creating metrics dataframe
2025-10-26 10:30:23,539:INFO:Initializing Lasso Least Angle Regression
2025-10-26 10:30:23,539:INFO:Total runtime is 0.04662003517150879 minutes
2025-10-26 10:30:23,543:INFO:SubProcess create_model() called ==================================
2025-10-26 10:30:23,543:INFO:Initializing create_model()
2025-10-26 10:30:23,544:INFO:create_model(self=<pycaret.regression.oop.RegressionExperiment object at 0x000001F233187410>, estimator=llar, fold=KFold(n_splits=10, random_state=None, shuffle=False), round=4, cross_validation=True, predict=True, fit_kwargs={}, groups=None, refit=False, probability_threshold=None, experiment_custom_tags=None, verbose=False, system=False, add_to_model_list=True, metrics=None, display=<pycaret.internal.display.display.CommonDisplay object at 0x000001F252431350>, model_only=True, return_train_score=False, error_score=0.0, kwargs={})
2025-10-26 10:30:23,544:INFO:Checking exceptions
2025-10-26 10:30:23,544:INFO:Importing libraries
2025-10-26 10:30:23,544:INFO:Copying training dataset
2025-10-26 10:30:23,549:INFO:Defining folds
2025-10-26 10:30:23,549:INFO:Declaring metric variables
2025-10-26 10:30:23,553:INFO:Importing untrained model
2025-10-26 10:30:23,557:INFO:Lasso Least Angle Regression Imported successfully
2025-10-26 10:30:23,562:INFO:Starting cross validation
2025-10-26 10:30:23,562:INFO:Cross validating with KFold(n_splits=10, random_state=None, shuffle=False), n_jobs=1
2025-10-26 10:30:23,932:INFO:Calculating mean and std
2025-10-26 10:30:23,933:INFO:Creating metrics dataframe
2025-10-26 10:30:23,935:INFO:Uploading results into container
2025-10-26 10:30:23,935:INFO:Uploading model into container now
2025-10-26 10:30:23,935:INFO:_master_model_container: 6
2025-10-26 10:30:23,936:INFO:_display_container: 2
2025-10-26 10:30:23,936:INFO:LassoLars(random_state=123)
2025-10-26 10:30:23,936:INFO:create_model() successfully completed......................................
2025-10-26 10:30:24,078:INFO:SubProcess create_model() end ==================================
2025-10-26 10:30:24,079:INFO:Creating metrics dataframe
2025-10-26 10:30:24,089:INFO:Initializing Orthogonal Matching Pursuit
2025-10-26 10:30:24,089:INFO:Total runtime is 0.05578657388687134 minutes
2025-10-26 10:30:24,091:INFO:SubProcess create_model() called ==================================
2025-10-26 10:30:24,091:INFO:Initializing create_model()
2025-10-26 10:30:24,093:INFO:create_model(self=<pycaret.regression.oop.RegressionExperiment object at 0x000001F233187410>, estimator=omp, fold=KFold(n_splits=10, random_state=None, shuffle=False), round=4, cross_validation=True, predict=True, fit_kwargs={}, groups=None, refit=False, probability_threshold=None, experiment_custom_tags=None, verbose=False, system=False, add_to_model_list=True, metrics=None, display=<pycaret.internal.display.display.CommonDisplay object at 0x000001F252431350>, model_only=True, return_train_score=False, error_score=0.0, kwargs={})
2025-10-26 10:30:24,093:INFO:Checking exceptions
2025-10-26 10:30:24,093:INFO:Importing libraries
2025-10-26 10:30:24,093:INFO:Copying training dataset
2025-10-26 10:30:24,097:INFO:Defining folds
2025-10-26 10:30:24,098:INFO:Declaring metric variables
2025-10-26 10:30:24,101:INFO:Importing untrained model
2025-10-26 10:30:24,105:INFO:Orthogonal Matching Pursuit Imported successfully
2025-10-26 10:30:24,112:INFO:Starting cross validation
2025-10-26 10:30:24,112:INFO:Cross validating with KFold(n_splits=10, random_state=None, shuffle=False), n_jobs=1
2025-10-26 10:30:24,476:INFO:Calculating mean and std
2025-10-26 10:30:24,476:INFO:Creating metrics dataframe
2025-10-26 10:30:24,478:INFO:Uploading results into container
2025-10-26 10:30:24,478:INFO:Uploading model into container now
2025-10-26 10:30:24,478:INFO:_master_model_container: 7
2025-10-26 10:30:24,479:INFO:_display_container: 2
2025-10-26 10:30:24,479:INFO:OrthogonalMatchingPursuit()
2025-10-26 10:30:24,479:INFO:create_model() successfully completed......................................
2025-10-26 10:30:24,619:INFO:SubProcess create_model() end ==================================
2025-10-26 10:30:24,620:INFO:Creating metrics dataframe
2025-10-26 10:30:24,629:INFO:Initializing Bayesian Ridge
2025-10-26 10:30:24,629:INFO:Total runtime is 0.06479020118713379 minutes
2025-10-26 10:30:24,632:INFO:SubProcess create_model() called ==================================
2025-10-26 10:30:24,633:INFO:Initializing create_model()
2025-10-26 10:30:24,633:INFO:create_model(self=<pycaret.regression.oop.RegressionExperiment object at 0x000001F233187410>, estimator=br, fold=KFold(n_splits=10, random_state=None, shuffle=False), round=4, cross_validation=True, predict=True, fit_kwargs={}, groups=None, refit=False, probability_threshold=None, experiment_custom_tags=None, verbose=False, system=False, add_to_model_list=True, metrics=None, display=<pycaret.internal.display.display.CommonDisplay object at 0x000001F252431350>, model_only=True, return_train_score=False, error_score=0.0, kwargs={})
2025-10-26 10:30:24,633:INFO:Checking exceptions
2025-10-26 10:30:24,633:INFO:Importing libraries
2025-10-26 10:30:24,633:INFO:Copying training dataset
2025-10-26 10:30:24,638:INFO:Defining folds
2025-10-26 10:30:24,638:INFO:Declaring metric variables
2025-10-26 10:30:24,642:INFO:Importing untrained model
2025-10-26 10:30:24,645:INFO:Bayesian Ridge Imported successfully
2025-10-26 10:30:24,651:INFO:Starting cross validation
2025-10-26 10:30:24,652:INFO:Cross validating with KFold(n_splits=10, random_state=None, shuffle=False), n_jobs=1
2025-10-26 10:30:25,019:INFO:Calculating mean and std
2025-10-26 10:30:25,019:INFO:Creating metrics dataframe
2025-10-26 10:30:25,021:INFO:Uploading results into container
2025-10-26 10:30:25,021:INFO:Uploading model into container now
2025-10-26 10:30:25,021:INFO:_master_model_container: 8
2025-10-26 10:30:25,021:INFO:_display_container: 2
2025-10-26 10:30:25,022:INFO:BayesianRidge()
2025-10-26 10:30:25,022:INFO:create_model() successfully completed......................................
2025-10-26 10:30:25,165:INFO:SubProcess create_model() end ==================================
2025-10-26 10:30:25,166:INFO:Creating metrics dataframe
2025-10-26 10:30:25,175:INFO:Initializing Passive Aggressive Regressor
2025-10-26 10:30:25,175:INFO:Total runtime is 0.0738946795463562 minutes
2025-10-26 10:30:25,179:INFO:SubProcess create_model() called ==================================
2025-10-26 10:30:25,179:INFO:Initializing create_model()
2025-10-26 10:30:25,179:INFO:create_model(self=<pycaret.regression.oop.RegressionExperiment object at 0x000001F233187410>, estimator=par, fold=KFold(n_splits=10, random_state=None, shuffle=False), round=4, cross_validation=True, predict=True, fit_kwargs={}, groups=None, refit=False, probability_threshold=None, experiment_custom_tags=None, verbose=False, system=False, add_to_model_list=True, metrics=None, display=<pycaret.internal.display.display.CommonDisplay object at 0x000001F252431350>, model_only=True, return_train_score=False, error_score=0.0, kwargs={})
2025-10-26 10:30:25,180:INFO:Checking exceptions
2025-10-26 10:30:25,180:INFO:Importing libraries
2025-10-26 10:30:25,180:INFO:Copying training dataset
2025-10-26 10:30:25,185:INFO:Defining folds
2025-10-26 10:30:25,185:INFO:Declaring metric variables
2025-10-26 10:30:25,189:INFO:Importing untrained model
2025-10-26 10:30:25,192:INFO:Passive Aggressive Regressor Imported successfully
2025-10-26 10:30:25,199:INFO:Starting cross validation
2025-10-26 10:30:25,200:INFO:Cross validating with KFold(n_splits=10, random_state=None, shuffle=False), n_jobs=1
2025-10-26 10:30:25,256:WARNING:C:\Users\dhadu\AppData\Roaming\Python\Python311\site-packages\sklearn\linear_model\_stochastic_gradient.py:1575: ConvergenceWarning: Maximum number of iteration reached before convergence. Consider increasing max_iter to improve the fit.

2025-10-26 10:30:25,307:WARNING:C:\Users\dhadu\AppData\Roaming\Python\Python311\site-packages\sklearn\linear_model\_stochastic_gradient.py:1575: ConvergenceWarning: Maximum number of iteration reached before convergence. Consider increasing max_iter to improve the fit.

2025-10-26 10:30:25,357:WARNING:C:\Users\dhadu\AppData\Roaming\Python\Python311\site-packages\sklearn\linear_model\_stochastic_gradient.py:1575: ConvergenceWarning: Maximum number of iteration reached before convergence. Consider increasing max_iter to improve the fit.

2025-10-26 10:30:25,407:WARNING:C:\Users\dhadu\AppData\Roaming\Python\Python311\site-packages\sklearn\linear_model\_stochastic_gradient.py:1575: ConvergenceWarning: Maximum number of iteration reached before convergence. Consider increasing max_iter to improve the fit.

2025-10-26 10:30:25,456:WARNING:C:\Users\dhadu\AppData\Roaming\Python\Python311\site-packages\sklearn\linear_model\_stochastic_gradient.py:1575: ConvergenceWarning: Maximum number of iteration reached before convergence. Consider increasing max_iter to improve the fit.

2025-10-26 10:30:25,507:WARNING:C:\Users\dhadu\AppData\Roaming\Python\Python311\site-packages\sklearn\linear_model\_stochastic_gradient.py:1575: ConvergenceWarning: Maximum number of iteration reached before convergence. Consider increasing max_iter to improve the fit.

2025-10-26 10:30:25,556:WARNING:C:\Users\dhadu\AppData\Roaming\Python\Python311\site-packages\sklearn\linear_model\_stochastic_gradient.py:1575: ConvergenceWarning: Maximum number of iteration reached before convergence. Consider increasing max_iter to improve the fit.

2025-10-26 10:30:25,605:WARNING:C:\Users\dhadu\AppData\Roaming\Python\Python311\site-packages\sklearn\linear_model\_stochastic_gradient.py:1575: ConvergenceWarning: Maximum number of iteration reached before convergence. Consider increasing max_iter to improve the fit.

2025-10-26 10:30:25,655:WARNING:C:\Users\dhadu\AppData\Roaming\Python\Python311\site-packages\sklearn\linear_model\_stochastic_gradient.py:1575: ConvergenceWarning: Maximum number of iteration reached before convergence. Consider increasing max_iter to improve the fit.

2025-10-26 10:30:25,705:WARNING:C:\Users\dhadu\AppData\Roaming\Python\Python311\site-packages\sklearn\linear_model\_stochastic_gradient.py:1575: ConvergenceWarning: Maximum number of iteration reached before convergence. Consider increasing max_iter to improve the fit.

2025-10-26 10:30:25,713:INFO:Calculating mean and std
2025-10-26 10:30:25,714:INFO:Creating metrics dataframe
2025-10-26 10:30:25,716:INFO:Uploading results into container
2025-10-26 10:30:25,716:INFO:Uploading model into container now
2025-10-26 10:30:25,717:INFO:_master_model_container: 9
2025-10-26 10:30:25,717:INFO:_display_container: 2
2025-10-26 10:30:25,717:INFO:PassiveAggressiveRegressor(random_state=123)
2025-10-26 10:30:25,717:INFO:create_model() successfully completed......................................
2025-10-26 10:30:25,859:INFO:SubProcess create_model() end ==================================
2025-10-26 10:30:25,860:INFO:Creating metrics dataframe
2025-10-26 10:30:25,868:INFO:Initializing Huber Regressor
2025-10-26 10:30:25,868:INFO:Total runtime is 0.08545075257619222 minutes
2025-10-26 10:30:25,872:INFO:SubProcess create_model() called ==================================
2025-10-26 10:30:25,872:INFO:Initializing create_model()
2025-10-26 10:30:25,872:INFO:create_model(self=<pycaret.regression.oop.RegressionExperiment object at 0x000001F233187410>, estimator=huber, fold=KFold(n_splits=10, random_state=None, shuffle=False), round=4, cross_validation=True, predict=True, fit_kwargs={}, groups=None, refit=False, probability_threshold=None, experiment_custom_tags=None, verbose=False, system=False, add_to_model_list=True, metrics=None, display=<pycaret.internal.display.display.CommonDisplay object at 0x000001F252431350>, model_only=True, return_train_score=False, error_score=0.0, kwargs={})
2025-10-26 10:30:25,872:INFO:Checking exceptions
2025-10-26 10:30:25,872:INFO:Importing libraries
2025-10-26 10:30:25,872:INFO:Copying training dataset
2025-10-26 10:30:25,877:INFO:Defining folds
2025-10-26 10:30:25,877:INFO:Declaring metric variables
2025-10-26 10:30:25,880:INFO:Importing untrained model
2025-10-26 10:30:25,885:INFO:Huber Regressor Imported successfully
2025-10-26 10:30:25,891:INFO:Starting cross validation
2025-10-26 10:30:25,892:INFO:Cross validating with KFold(n_splits=10, random_state=None, shuffle=False), n_jobs=1
2025-10-26 10:30:26,297:INFO:Calculating mean and std
2025-10-26 10:30:26,298:INFO:Creating metrics dataframe
2025-10-26 10:30:26,300:INFO:Uploading results into container
2025-10-26 10:30:26,300:INFO:Uploading model into container now
2025-10-26 10:30:26,301:INFO:_master_model_container: 10
2025-10-26 10:30:26,301:INFO:_display_container: 2
2025-10-26 10:30:26,301:INFO:HuberRegressor()
2025-10-26 10:30:26,301:INFO:create_model() successfully completed......................................
2025-10-26 10:30:26,443:INFO:SubProcess create_model() end ==================================
2025-10-26 10:30:26,443:INFO:Creating metrics dataframe
2025-10-26 10:30:26,452:INFO:Initializing K Neighbors Regressor
2025-10-26 10:30:26,452:INFO:Total runtime is 0.09517753521601359 minutes
2025-10-26 10:30:26,456:INFO:SubProcess create_model() called ==================================
2025-10-26 10:30:26,456:INFO:Initializing create_model()
2025-10-26 10:30:26,456:INFO:create_model(self=<pycaret.regression.oop.RegressionExperiment object at 0x000001F233187410>, estimator=knn, fold=KFold(n_splits=10, random_state=None, shuffle=False), round=4, cross_validation=True, predict=True, fit_kwargs={}, groups=None, refit=False, probability_threshold=None, experiment_custom_tags=None, verbose=False, system=False, add_to_model_list=True, metrics=None, display=<pycaret.internal.display.display.CommonDisplay object at 0x000001F252431350>, model_only=True, return_train_score=False, error_score=0.0, kwargs={})
2025-10-26 10:30:26,456:INFO:Checking exceptions
2025-10-26 10:30:26,456:INFO:Importing libraries
2025-10-26 10:30:26,456:INFO:Copying training dataset
2025-10-26 10:30:26,461:INFO:Defining folds
2025-10-26 10:30:26,461:INFO:Declaring metric variables
2025-10-26 10:30:26,464:INFO:Importing untrained model
2025-10-26 10:30:26,467:INFO:K Neighbors Regressor Imported successfully
2025-10-26 10:30:26,474:INFO:Starting cross validation
2025-10-26 10:30:26,475:INFO:Cross validating with KFold(n_splits=10, random_state=None, shuffle=False), n_jobs=1
2025-10-26 10:30:27,012:INFO:Calculating mean and std
2025-10-26 10:30:27,013:INFO:Creating metrics dataframe
2025-10-26 10:30:27,015:INFO:Uploading results into container
2025-10-26 10:30:27,015:INFO:Uploading model into container now
2025-10-26 10:30:27,015:INFO:_master_model_container: 11
2025-10-26 10:30:27,015:INFO:_display_container: 2
2025-10-26 10:30:27,015:INFO:KNeighborsRegressor(n_jobs=-1)
2025-10-26 10:30:27,016:INFO:create_model() successfully completed......................................
2025-10-26 10:30:27,159:INFO:SubProcess create_model() end ==================================
2025-10-26 10:30:27,159:INFO:Creating metrics dataframe
2025-10-26 10:30:27,169:INFO:Initializing Decision Tree Regressor
2025-10-26 10:30:27,169:INFO:Total runtime is 0.10713210900624592 minutes
2025-10-26 10:30:27,173:INFO:SubProcess create_model() called ==================================
2025-10-26 10:30:27,173:INFO:Initializing create_model()
2025-10-26 10:30:27,173:INFO:create_model(self=<pycaret.regression.oop.RegressionExperiment object at 0x000001F233187410>, estimator=dt, fold=KFold(n_splits=10, random_state=None, shuffle=False), round=4, cross_validation=True, predict=True, fit_kwargs={}, groups=None, refit=False, probability_threshold=None, experiment_custom_tags=None, verbose=False, system=False, add_to_model_list=True, metrics=None, display=<pycaret.internal.display.display.CommonDisplay object at 0x000001F252431350>, model_only=True, return_train_score=False, error_score=0.0, kwargs={})
2025-10-26 10:30:27,173:INFO:Checking exceptions
2025-10-26 10:30:27,174:INFO:Importing libraries
2025-10-26 10:30:27,174:INFO:Copying training dataset
2025-10-26 10:30:27,179:INFO:Defining folds
2025-10-26 10:30:27,179:INFO:Declaring metric variables
2025-10-26 10:30:27,183:INFO:Importing untrained model
2025-10-26 10:30:27,187:INFO:Decision Tree Regressor Imported successfully
2025-10-26 10:30:27,193:INFO:Starting cross validation
2025-10-26 10:30:27,194:INFO:Cross validating with KFold(n_splits=10, random_state=None, shuffle=False), n_jobs=1
2025-10-26 10:30:27,568:INFO:Calculating mean and std
2025-10-26 10:30:27,569:INFO:Creating metrics dataframe
2025-10-26 10:30:27,570:INFO:Uploading results into container
2025-10-26 10:30:27,571:INFO:Uploading model into container now
2025-10-26 10:30:27,571:INFO:_master_model_container: 12
2025-10-26 10:30:27,571:INFO:_display_container: 2
2025-10-26 10:30:27,571:INFO:DecisionTreeRegressor(random_state=123)
2025-10-26 10:30:27,571:INFO:create_model() successfully completed......................................
2025-10-26 10:30:27,714:INFO:SubProcess create_model() end ==================================
2025-10-26 10:30:27,715:INFO:Creating metrics dataframe
2025-10-26 10:30:27,726:INFO:Initializing Random Forest Regressor
2025-10-26 10:30:27,726:INFO:Total runtime is 0.11640522480010985 minutes
2025-10-26 10:30:27,728:INFO:SubProcess create_model() called ==================================
2025-10-26 10:30:27,730:INFO:Initializing create_model()
2025-10-26 10:30:27,730:INFO:create_model(self=<pycaret.regression.oop.RegressionExperiment object at 0x000001F233187410>, estimator=rf, fold=KFold(n_splits=10, random_state=None, shuffle=False), round=4, cross_validation=True, predict=True, fit_kwargs={}, groups=None, refit=False, probability_threshold=None, experiment_custom_tags=None, verbose=False, system=False, add_to_model_list=True, metrics=None, display=<pycaret.internal.display.display.CommonDisplay object at 0x000001F252431350>, model_only=True, return_train_score=False, error_score=0.0, kwargs={})
2025-10-26 10:30:27,730:INFO:Checking exceptions
2025-10-26 10:30:27,730:INFO:Importing libraries
2025-10-26 10:30:27,730:INFO:Copying training dataset
2025-10-26 10:30:27,735:INFO:Defining folds
2025-10-26 10:30:27,735:INFO:Declaring metric variables
2025-10-26 10:30:27,738:INFO:Importing untrained model
2025-10-26 10:30:27,741:INFO:Random Forest Regressor Imported successfully
2025-10-26 10:30:27,749:INFO:Starting cross validation
2025-10-26 10:30:27,749:INFO:Cross validating with KFold(n_splits=10, random_state=None, shuffle=False), n_jobs=1
2025-10-26 10:30:29,445:INFO:Calculating mean and std
2025-10-26 10:30:29,446:INFO:Creating metrics dataframe
2025-10-26 10:30:29,448:INFO:Uploading results into container
2025-10-26 10:30:29,448:INFO:Uploading model into container now
2025-10-26 10:30:29,449:INFO:_master_model_container: 13
2025-10-26 10:30:29,449:INFO:_display_container: 2
2025-10-26 10:30:29,449:INFO:RandomForestRegressor(n_jobs=-1, random_state=123)
2025-10-26 10:30:29,449:INFO:create_model() successfully completed......................................
2025-10-26 10:30:29,594:INFO:SubProcess create_model() end ==================================
2025-10-26 10:30:29,594:INFO:Creating metrics dataframe
2025-10-26 10:30:29,606:INFO:Initializing Extra Trees Regressor
2025-10-26 10:30:29,606:INFO:Total runtime is 0.147737185160319 minutes
2025-10-26 10:30:29,609:INFO:SubProcess create_model() called ==================================
2025-10-26 10:30:29,610:INFO:Initializing create_model()
2025-10-26 10:30:29,610:INFO:create_model(self=<pycaret.regression.oop.RegressionExperiment object at 0x000001F233187410>, estimator=et, fold=KFold(n_splits=10, random_state=None, shuffle=False), round=4, cross_validation=True, predict=True, fit_kwargs={}, groups=None, refit=False, probability_threshold=None, experiment_custom_tags=None, verbose=False, system=False, add_to_model_list=True, metrics=None, display=<pycaret.internal.display.display.CommonDisplay object at 0x000001F252431350>, model_only=True, return_train_score=False, error_score=0.0, kwargs={})
2025-10-26 10:30:29,610:INFO:Checking exceptions
2025-10-26 10:30:29,610:INFO:Importing libraries
2025-10-26 10:30:29,610:INFO:Copying training dataset
2025-10-26 10:30:29,616:INFO:Defining folds
2025-10-26 10:30:29,616:INFO:Declaring metric variables
2025-10-26 10:30:29,619:INFO:Importing untrained model
2025-10-26 10:30:29,623:INFO:Extra Trees Regressor Imported successfully
2025-10-26 10:30:29,629:INFO:Starting cross validation
2025-10-26 10:30:29,630:INFO:Cross validating with KFold(n_splits=10, random_state=None, shuffle=False), n_jobs=1
2025-10-26 10:30:31,004:INFO:Calculating mean and std
2025-10-26 10:30:31,005:INFO:Creating metrics dataframe
2025-10-26 10:30:31,007:INFO:Uploading results into container
2025-10-26 10:30:31,007:INFO:Uploading model into container now
2025-10-26 10:30:31,007:INFO:_master_model_container: 14
2025-10-26 10:30:31,008:INFO:_display_container: 2
2025-10-26 10:30:31,008:INFO:ExtraTreesRegressor(n_jobs=-1, random_state=123)
2025-10-26 10:30:31,008:INFO:create_model() successfully completed......................................
2025-10-26 10:30:31,148:INFO:SubProcess create_model() end ==================================
2025-10-26 10:30:31,148:INFO:Creating metrics dataframe
2025-10-26 10:30:31,160:INFO:Initializing AdaBoost Regressor
2025-10-26 10:30:31,161:INFO:Total runtime is 0.17365991671880085 minutes
2025-10-26 10:30:31,164:INFO:SubProcess create_model() called ==================================
2025-10-26 10:30:31,164:INFO:Initializing create_model()
2025-10-26 10:30:31,164:INFO:create_model(self=<pycaret.regression.oop.RegressionExperiment object at 0x000001F233187410>, estimator=ada, fold=KFold(n_splits=10, random_state=None, shuffle=False), round=4, cross_validation=True, predict=True, fit_kwargs={}, groups=None, refit=False, probability_threshold=None, experiment_custom_tags=None, verbose=False, system=False, add_to_model_list=True, metrics=None, display=<pycaret.internal.display.display.CommonDisplay object at 0x000001F252431350>, model_only=True, return_train_score=False, error_score=0.0, kwargs={})
2025-10-26 10:30:31,164:INFO:Checking exceptions
2025-10-26 10:30:31,165:INFO:Importing libraries
2025-10-26 10:30:31,165:INFO:Copying training dataset
2025-10-26 10:30:31,170:INFO:Defining folds
2025-10-26 10:30:31,170:INFO:Declaring metric variables
2025-10-26 10:30:31,173:INFO:Importing untrained model
2025-10-26 10:30:31,177:INFO:AdaBoost Regressor Imported successfully
2025-10-26 10:30:31,184:INFO:Starting cross validation
2025-10-26 10:30:31,185:INFO:Cross validating with KFold(n_splits=10, random_state=None, shuffle=False), n_jobs=1
2025-10-26 10:30:32,226:INFO:Calculating mean and std
2025-10-26 10:30:32,227:INFO:Creating metrics dataframe
2025-10-26 10:30:32,228:INFO:Uploading results into container
2025-10-26 10:30:32,228:INFO:Uploading model into container now
2025-10-26 10:30:32,229:INFO:_master_model_container: 15
2025-10-26 10:30:32,229:INFO:_display_container: 2
2025-10-26 10:30:32,229:INFO:AdaBoostRegressor(random_state=123)
2025-10-26 10:30:32,229:INFO:create_model() successfully completed......................................
2025-10-26 10:30:32,368:INFO:SubProcess create_model() end ==================================
2025-10-26 10:30:32,368:INFO:Creating metrics dataframe
2025-10-26 10:30:32,379:INFO:Initializing Gradient Boosting Regressor
2025-10-26 10:30:32,379:INFO:Total runtime is 0.19396275679270425 minutes
2025-10-26 10:30:32,383:INFO:SubProcess create_model() called ==================================
2025-10-26 10:30:32,383:INFO:Initializing create_model()
2025-10-26 10:30:32,383:INFO:create_model(self=<pycaret.regression.oop.RegressionExperiment object at 0x000001F233187410>, estimator=gbr, fold=KFold(n_splits=10, random_state=None, shuffle=False), round=4, cross_validation=True, predict=True, fit_kwargs={}, groups=None, refit=False, probability_threshold=None, experiment_custom_tags=None, verbose=False, system=False, add_to_model_list=True, metrics=None, display=<pycaret.internal.display.display.CommonDisplay object at 0x000001F252431350>, model_only=True, return_train_score=False, error_score=0.0, kwargs={})
2025-10-26 10:30:32,384:INFO:Checking exceptions
2025-10-26 10:30:32,384:INFO:Importing libraries
2025-10-26 10:30:32,384:INFO:Copying training dataset
2025-10-26 10:30:32,389:INFO:Defining folds
2025-10-26 10:30:32,389:INFO:Declaring metric variables
2025-10-26 10:30:32,392:INFO:Importing untrained model
2025-10-26 10:30:32,395:INFO:Gradient Boosting Regressor Imported successfully
2025-10-26 10:30:32,402:INFO:Starting cross validation
2025-10-26 10:30:32,403:INFO:Cross validating with KFold(n_splits=10, random_state=None, shuffle=False), n_jobs=1
2025-10-26 10:30:33,682:INFO:Calculating mean and std
2025-10-26 10:30:33,683:INFO:Creating metrics dataframe
2025-10-26 10:30:33,684:INFO:Uploading results into container
2025-10-26 10:30:33,684:INFO:Uploading model into container now
2025-10-26 10:30:33,685:INFO:_master_model_container: 16
2025-10-26 10:30:33,685:INFO:_display_container: 2
2025-10-26 10:30:33,685:INFO:GradientBoostingRegressor(random_state=123)
2025-10-26 10:30:33,685:INFO:create_model() successfully completed......................................
2025-10-26 10:30:33,825:INFO:SubProcess create_model() end ==================================
2025-10-26 10:30:33,825:INFO:Creating metrics dataframe
2025-10-26 10:30:33,837:INFO:Initializing Light Gradient Boosting Machine
2025-10-26 10:30:33,837:INFO:Total runtime is 0.21826541423797607 minutes
2025-10-26 10:30:33,841:INFO:SubProcess create_model() called ==================================
2025-10-26 10:30:33,841:INFO:Initializing create_model()
2025-10-26 10:30:33,841:INFO:create_model(self=<pycaret.regression.oop.RegressionExperiment object at 0x000001F233187410>, estimator=lightgbm, fold=KFold(n_splits=10, random_state=None, shuffle=False), round=4, cross_validation=True, predict=True, fit_kwargs={}, groups=None, refit=False, probability_threshold=None, experiment_custom_tags=None, verbose=False, system=False, add_to_model_list=True, metrics=None, display=<pycaret.internal.display.display.CommonDisplay object at 0x000001F252431350>, model_only=True, return_train_score=False, error_score=0.0, kwargs={})
2025-10-26 10:30:33,841:INFO:Checking exceptions
2025-10-26 10:30:33,841:INFO:Importing libraries
2025-10-26 10:30:33,841:INFO:Copying training dataset
2025-10-26 10:30:33,847:INFO:Defining folds
2025-10-26 10:30:33,847:INFO:Declaring metric variables
2025-10-26 10:30:33,850:INFO:Importing untrained model
2025-10-26 10:30:33,853:INFO:Light Gradient Boosting Machine Imported successfully
2025-10-26 10:30:33,860:INFO:Starting cross validation
2025-10-26 10:30:33,861:INFO:Cross validating with KFold(n_splits=10, random_state=None, shuffle=False), n_jobs=1
2025-10-26 10:30:33,901:INFO:[LightGBM] [Info] This is the GPU trainer!!
2025-10-26 10:30:33,902:INFO:[LightGBM] [Info] Total Bins 558
2025-10-26 10:30:33,903:INFO:[LightGBM] [Info] Number of data points in the train set: 315, number of used features: 11
2025-10-26 10:30:33,904:INFO:[LightGBM] [Info] Using GPU Device: Intel(R) UHD Graphics, Vendor: Intel(R) Corporation
2025-10-26 10:30:33,904:INFO:[LightGBM] [Info] Compiling OpenCL Kernel with 256 bins...
2025-10-26 10:30:33,974:INFO:[LightGBM] [Info] GPU programs have been built
2025-10-26 10:30:33,980:INFO:[LightGBM] [Info] Size of histogram bin entry: 8
2025-10-26 10:30:33,984:INFO:[LightGBM] [Info] 11 dense feature groups (0.00 MB) transferred to GPU in 0.003614 secs. 0 sparse feature groups
2025-10-26 10:30:33,985:INFO:[LightGBM] [Info] Start training from score 583683.556448
2025-10-26 10:30:33,992:INFO:[LightGBM] [Warning] No further splits with positive gain, best gain: -inf
2025-10-26 10:30:33,995:INFO:[LightGBM] [Warning] No further splits with positive gain, best gain: -inf
2025-10-26 10:30:33,999:INFO:[LightGBM] [Warning] No further splits with positive gain, best gain: -inf
2025-10-26 10:30:34,003:INFO:[LightGBM] [Warning] No further splits with positive gain, best gain: -inf
2025-10-26 10:30:34,006:INFO:[LightGBM] [Warning] No further splits with positive gain, best gain: -inf
2025-10-26 10:30:34,010:INFO:[LightGBM] [Warning] No further splits with positive gain, best gain: -inf
2025-10-26 10:30:34,014:INFO:[LightGBM] [Warning] No further splits with positive gain, best gain: -inf
2025-10-26 10:30:34,018:INFO:[LightGBM] [Warning] No further splits with positive gain, best gain: -inf
2025-10-26 10:30:34,022:INFO:[LightGBM] [Warning] No further splits with positive gain, best gain: -inf
2025-10-26 10:30:34,026:INFO:[LightGBM] [Warning] No further splits with positive gain, best gain: -inf
2025-10-26 10:30:34,030:INFO:[LightGBM] [Warning] No further splits with positive gain, best gain: -inf
2025-10-26 10:30:34,033:INFO:[LightGBM] [Warning] No further splits with positive gain, best gain: -inf
2025-10-26 10:30:34,037:INFO:[LightGBM] [Warning] No further splits with positive gain, best gain: -inf
2025-10-26 10:30:34,042:INFO:[LightGBM] [Warning] No further splits with positive gain, best gain: -inf
2025-10-26 10:30:34,045:INFO:[LightGBM] [Warning] No further splits with positive gain, best gain: -inf
2025-10-26 10:30:34,049:INFO:[LightGBM] [Warning] No further splits with positive gain, best gain: -inf
2025-10-26 10:30:34,053:INFO:[LightGBM] [Warning] No further splits with positive gain, best gain: -inf
2025-10-26 10:30:34,057:INFO:[LightGBM] [Warning] No further splits with positive gain, best gain: -inf
2025-10-26 10:30:34,061:INFO:[LightGBM] [Warning] No further splits with positive gain, best gain: -inf
2025-10-26 10:30:34,065:INFO:[LightGBM] [Warning] No further splits with positive gain, best gain: -inf
2025-10-26 10:30:34,069:INFO:[LightGBM] [Warning] No further splits with positive gain, best gain: -inf
2025-10-26 10:30:34,073:INFO:[LightGBM] [Warning] No further splits with positive gain, best gain: -inf
2025-10-26 10:30:34,076:INFO:[LightGBM] [Warning] No further splits with positive gain, best gain: -inf
2025-10-26 10:30:34,079:INFO:[LightGBM] [Warning] No further splits with positive gain, best gain: -inf
2025-10-26 10:30:34,083:INFO:[LightGBM] [Warning] No further splits with positive gain, best gain: -inf
2025-10-26 10:30:34,087:INFO:[LightGBM] [Warning] No further splits with positive gain, best gain: -inf
2025-10-26 10:30:34,090:INFO:[LightGBM] [Warning] No further splits with positive gain, best gain: -inf
2025-10-26 10:30:34,094:INFO:[LightGBM] [Warning] No further splits with positive gain, best gain: -inf
2025-10-26 10:30:34,098:INFO:[LightGBM] [Warning] No further splits with positive gain, best gain: -inf
2025-10-26 10:30:34,102:INFO:[LightGBM] [Warning] No further splits with positive gain, best gain: -inf
2025-10-26 10:30:34,106:INFO:[LightGBM] [Warning] No further splits with positive gain, best gain: -inf
2025-10-26 10:30:34,110:INFO:[LightGBM] [Warning] No further splits with positive gain, best gain: -inf
2025-10-26 10:30:34,113:INFO:[LightGBM] [Warning] No further splits with positive gain, best gain: -inf
2025-10-26 10:30:34,117:INFO:[LightGBM] [Warning] No further splits with positive gain, best gain: -inf
2025-10-26 10:30:34,121:INFO:[LightGBM] [Warning] No further splits with positive gain, best gain: -inf
2025-10-26 10:30:34,125:INFO:[LightGBM] [Warning] No further splits with positive gain, best gain: -inf
2025-10-26 10:30:34,128:INFO:[LightGBM] [Warning] No further splits with positive gain, best gain: -inf
2025-10-26 10:30:34,132:INFO:[LightGBM] [Warning] No further splits with positive gain, best gain: -inf
2025-10-26 10:30:34,135:INFO:[LightGBM] [Warning] No further splits with positive gain, best gain: -inf
2025-10-26 10:30:34,139:INFO:[LightGBM] [Warning] No further splits with positive gain, best gain: -inf
2025-10-26 10:30:34,144:INFO:[LightGBM] [Warning] No further splits with positive gain, best gain: -inf
2025-10-26 10:30:34,147:INFO:[LightGBM] [Warning] No further splits with positive gain, best gain: -inf
2025-10-26 10:30:34,151:INFO:[LightGBM] [Warning] No further splits with positive gain, best gain: -inf
2025-10-26 10:30:34,154:INFO:[LightGBM] [Warning] No further splits with positive gain, best gain: -inf
2025-10-26 10:30:34,159:INFO:[LightGBM] [Warning] No further splits with positive gain, best gain: -inf
2025-10-26 10:30:34,163:INFO:[LightGBM] [Warning] No further splits with positive gain, best gain: -inf
2025-10-26 10:30:34,167:INFO:[LightGBM] [Warning] No further splits with positive gain, best gain: -inf
2025-10-26 10:30:34,171:INFO:[LightGBM] [Warning] No further splits with positive gain, best gain: -inf
2025-10-26 10:30:34,174:INFO:[LightGBM] [Warning] No further splits with positive gain, best gain: -inf
2025-10-26 10:30:34,179:INFO:[LightGBM] [Warning] No further splits with positive gain, best gain: -inf
2025-10-26 10:30:34,184:INFO:[LightGBM] [Warning] No further splits with positive gain, best gain: -inf
2025-10-26 10:30:34,188:INFO:[LightGBM] [Warning] No further splits with positive gain, best gain: -inf
2025-10-26 10:30:34,193:INFO:[LightGBM] [Warning] No further splits with positive gain, best gain: -inf
2025-10-26 10:30:34,197:INFO:[LightGBM] [Warning] No further splits with positive gain, best gain: -inf
2025-10-26 10:30:34,202:INFO:[LightGBM] [Warning] No further splits with positive gain, best gain: -inf
2025-10-26 10:30:34,206:INFO:[LightGBM] [Warning] No further splits with positive gain, best gain: -inf
2025-10-26 10:30:34,210:INFO:[LightGBM] [Warning] No further splits with positive gain, best gain: -inf
2025-10-26 10:30:34,214:INFO:[LightGBM] [Warning] No further splits with positive gain, best gain: -inf
2025-10-26 10:30:34,218:INFO:[LightGBM] [Warning] No further splits with positive gain, best gain: -inf
2025-10-26 10:30:34,222:INFO:[LightGBM] [Warning] No further splits with positive gain, best gain: -inf
2025-10-26 10:30:34,227:INFO:[LightGBM] [Warning] No further splits with positive gain, best gain: -inf
2025-10-26 10:30:34,232:INFO:[LightGBM] [Warning] No further splits with positive gain, best gain: -inf
2025-10-26 10:30:34,237:INFO:[LightGBM] [Warning] No further splits with positive gain, best gain: -inf
2025-10-26 10:30:34,242:INFO:[LightGBM] [Warning] No further splits with positive gain, best gain: -inf
2025-10-26 10:30:34,246:INFO:[LightGBM] [Warning] No further splits with positive gain, best gain: -inf
2025-10-26 10:30:34,250:INFO:[LightGBM] [Warning] No further splits with positive gain, best gain: -inf
2025-10-26 10:30:34,255:INFO:[LightGBM] [Warning] No further splits with positive gain, best gain: -inf
2025-10-26 10:30:34,259:INFO:[LightGBM] [Warning] No further splits with positive gain, best gain: -inf
2025-10-26 10:30:34,264:INFO:[LightGBM] [Warning] No further splits with positive gain, best gain: -inf
2025-10-26 10:30:34,269:INFO:[LightGBM] [Warning] No further splits with positive gain, best gain: -inf
2025-10-26 10:30:34,273:INFO:[LightGBM] [Warning] No further splits with positive gain, best gain: -inf
2025-10-26 10:30:34,277:INFO:[LightGBM] [Warning] No further splits with positive gain, best gain: -inf
2025-10-26 10:30:34,282:INFO:[LightGBM] [Warning] No further splits with positive gain, best gain: -inf
2025-10-26 10:30:34,287:INFO:[LightGBM] [Warning] No further splits with positive gain, best gain: -inf
2025-10-26 10:30:34,292:INFO:[LightGBM] [Warning] No further splits with positive gain, best gain: -inf
2025-10-26 10:30:34,296:INFO:[LightGBM] [Warning] No further splits with positive gain, best gain: -inf
2025-10-26 10:30:34,300:INFO:[LightGBM] [Warning] No further splits with positive gain, best gain: -inf
2025-10-26 10:30:34,304:INFO:[LightGBM] [Warning] No further splits with positive gain, best gain: -inf
2025-10-26 10:30:34,308:INFO:[LightGBM] [Warning] No further splits with positive gain, best gain: -inf
2025-10-26 10:30:34,313:INFO:[LightGBM] [Warning] No further splits with positive gain, best gain: -inf
2025-10-26 10:30:34,318:INFO:[LightGBM] [Warning] No further splits with positive gain, best gain: -inf
2025-10-26 10:30:34,322:INFO:[LightGBM] [Warning] No further splits with positive gain, best gain: -inf
2025-10-26 10:30:34,326:INFO:[LightGBM] [Warning] No further splits with positive gain, best gain: -inf
2025-10-26 10:30:34,330:INFO:[LightGBM] [Warning] No further splits with positive gain, best gain: -inf
2025-10-26 10:30:34,334:INFO:[LightGBM] [Warning] No further splits with positive gain, best gain: -inf
2025-10-26 10:30:34,338:INFO:[LightGBM] [Warning] No further splits with positive gain, best gain: -inf
2025-10-26 10:30:34,342:INFO:[LightGBM] [Warning] No further splits with positive gain, best gain: -inf
2025-10-26 10:30:34,347:INFO:[LightGBM] [Warning] No further splits with positive gain, best gain: -inf
2025-10-26 10:30:34,350:INFO:[LightGBM] [Warning] No further splits with positive gain, best gain: -inf
2025-10-26 10:30:34,354:INFO:[LightGBM] [Warning] No further splits with positive gain, best gain: -inf
2025-10-26 10:30:34,359:INFO:[LightGBM] [Warning] No further splits with positive gain, best gain: -inf
2025-10-26 10:30:34,363:INFO:[LightGBM] [Warning] No further splits with positive gain, best gain: -inf
2025-10-26 10:30:34,367:INFO:[LightGBM] [Warning] No further splits with positive gain, best gain: -inf
2025-10-26 10:30:34,371:INFO:[LightGBM] [Warning] No further splits with positive gain, best gain: -inf
2025-10-26 10:30:34,374:INFO:[LightGBM] [Warning] No further splits with positive gain, best gain: -inf
2025-10-26 10:30:34,379:INFO:[LightGBM] [Warning] No further splits with positive gain, best gain: -inf
2025-10-26 10:30:34,383:INFO:[LightGBM] [Warning] No further splits with positive gain, best gain: -inf
2025-10-26 10:30:34,387:INFO:[LightGBM] [Warning] No further splits with positive gain, best gain: -inf
2025-10-26 10:30:34,391:INFO:[LightGBM] [Warning] No further splits with positive gain, best gain: -inf
2025-10-26 10:30:34,396:INFO:[LightGBM] [Warning] No further splits with positive gain, best gain: -inf
2025-10-26 10:30:34,474:INFO:[LightGBM] [Info] This is the GPU trainer!!
2025-10-26 10:30:34,475:INFO:[LightGBM] [Info] Total Bins 558
2025-10-26 10:30:34,475:INFO:[LightGBM] [Info] Number of data points in the train set: 315, number of used features: 11
2025-10-26 10:30:34,475:INFO:[LightGBM] [Info] Using GPU Device: Intel(R) UHD Graphics, Vendor: Intel(R) Corporation
2025-10-26 10:30:34,475:INFO:[LightGBM] [Info] Compiling OpenCL Kernel with 256 bins...
2025-10-26 10:30:34,479:INFO:[LightGBM] [Info] GPU programs have been built
2025-10-26 10:30:34,481:INFO:[LightGBM] [Info] Size of histogram bin entry: 8
2025-10-26 10:30:34,483:INFO:[LightGBM] [Info] 11 dense feature groups (0.00 MB) transferred to GPU in 0.000759 secs. 0 sparse feature groups
2025-10-26 10:30:34,483:INFO:[LightGBM] [Info] Start training from score 586642.236508
2025-10-26 10:30:34,487:INFO:[LightGBM] [Warning] No further splits with positive gain, best gain: -inf
2025-10-26 10:30:34,490:INFO:[LightGBM] [Warning] No further splits with positive gain, best gain: -inf
2025-10-26 10:30:34,494:INFO:[LightGBM] [Warning] No further splits with positive gain, best gain: -inf
2025-10-26 10:30:34,497:INFO:[LightGBM] [Warning] No further splits with positive gain, best gain: -inf
2025-10-26 10:30:34,500:INFO:[LightGBM] [Warning] No further splits with positive gain, best gain: -inf
2025-10-26 10:30:34,504:INFO:[LightGBM] [Warning] No further splits with positive gain, best gain: -inf
2025-10-26 10:30:34,508:INFO:[LightGBM] [Warning] No further splits with positive gain, best gain: -inf
2025-10-26 10:30:34,511:INFO:[LightGBM] [Warning] No further splits with positive gain, best gain: -inf
2025-10-26 10:30:34,516:INFO:[LightGBM] [Warning] No further splits with positive gain, best gain: -inf
2025-10-26 10:30:34,520:INFO:[LightGBM] [Warning] No further splits with positive gain, best gain: -inf
2025-10-26 10:30:34,524:INFO:[LightGBM] [Warning] No further splits with positive gain, best gain: -inf
2025-10-26 10:30:34,528:INFO:[LightGBM] [Warning] No further splits with positive gain, best gain: -inf
2025-10-26 10:30:34,532:INFO:[LightGBM] [Warning] No further splits with positive gain, best gain: -inf
2025-10-26 10:30:34,538:INFO:[LightGBM] [Warning] No further splits with positive gain, best gain: -inf
2025-10-26 10:30:34,543:INFO:[LightGBM] [Warning] No further splits with positive gain, best gain: -inf
2025-10-26 10:30:34,546:INFO:[LightGBM] [Warning] No further splits with positive gain, best gain: -inf
2025-10-26 10:30:34,550:INFO:[LightGBM] [Warning] No further splits with positive gain, best gain: -inf
2025-10-26 10:30:34,554:INFO:[LightGBM] [Warning] No further splits with positive gain, best gain: -inf
2025-10-26 10:30:34,558:INFO:[LightGBM] [Warning] No further splits with positive gain, best gain: -inf
2025-10-26 10:30:34,562:INFO:[LightGBM] [Warning] No further splits with positive gain, best gain: -inf
2025-10-26 10:30:34,566:INFO:[LightGBM] [Warning] No further splits with positive gain, best gain: -inf
2025-10-26 10:30:34,570:INFO:[LightGBM] [Warning] No further splits with positive gain, best gain: -inf
2025-10-26 10:30:34,574:INFO:[LightGBM] [Warning] No further splits with positive gain, best gain: -inf
2025-10-26 10:30:34,577:INFO:[LightGBM] [Warning] No further splits with positive gain, best gain: -inf
2025-10-26 10:30:34,581:INFO:[LightGBM] [Warning] No further splits with positive gain, best gain: -inf
2025-10-26 10:30:34,584:INFO:[LightGBM] [Warning] No further splits with positive gain, best gain: -inf
2025-10-26 10:30:34,588:INFO:[LightGBM] [Warning] No further splits with positive gain, best gain: -inf
2025-10-26 10:30:34,592:INFO:[LightGBM] [Warning] No further splits with positive gain, best gain: -inf
2025-10-26 10:30:34,595:INFO:[LightGBM] [Warning] No further splits with positive gain, best gain: -inf
2025-10-26 10:30:34,600:INFO:[LightGBM] [Warning] No further splits with positive gain, best gain: -inf
2025-10-26 10:30:34,603:INFO:[LightGBM] [Warning] No further splits with positive gain, best gain: -inf
2025-10-26 10:30:34,607:INFO:[LightGBM] [Warning] No further splits with positive gain, best gain: -inf
2025-10-26 10:30:34,610:INFO:[LightGBM] [Warning] No further splits with positive gain, best gain: -inf
2025-10-26 10:30:34,614:INFO:[LightGBM] [Warning] No further splits with positive gain, best gain: -inf
2025-10-26 10:30:34,618:INFO:[LightGBM] [Warning] No further splits with positive gain, best gain: -inf
2025-10-26 10:30:34,622:INFO:[LightGBM] [Warning] No further splits with positive gain, best gain: -inf
2025-10-26 10:30:34,625:INFO:[LightGBM] [Warning] No further splits with positive gain, best gain: -inf
2025-10-26 10:30:34,629:INFO:[LightGBM] [Warning] No further splits with positive gain, best gain: -inf
2025-10-26 10:30:34,633:INFO:[LightGBM] [Warning] No further splits with positive gain, best gain: -inf
2025-10-26 10:30:34,636:INFO:[LightGBM] [Warning] No further splits with positive gain, best gain: -inf
2025-10-26 10:30:34,640:INFO:[LightGBM] [Warning] No further splits with positive gain, best gain: -inf
2025-10-26 10:30:34,644:INFO:[LightGBM] [Warning] No further splits with positive gain, best gain: -inf
2025-10-26 10:30:34,648:INFO:[LightGBM] [Warning] No further splits with positive gain, best gain: -inf
2025-10-26 10:30:34,651:INFO:[LightGBM] [Warning] No further splits with positive gain, best gain: -inf
2025-10-26 10:30:34,654:INFO:[LightGBM] [Warning] No further splits with positive gain, best gain: -inf
2025-10-26 10:30:34,659:INFO:[LightGBM] [Warning] No further splits with positive gain, best gain: -inf
2025-10-26 10:30:34,663:INFO:[LightGBM] [Warning] No further splits with positive gain, best gain: -inf
2025-10-26 10:30:34,667:INFO:[LightGBM] [Warning] No further splits with positive gain, best gain: -inf
2025-10-26 10:30:34,671:INFO:[LightGBM] [Warning] No further splits with positive gain, best gain: -inf
2025-10-26 10:30:34,674:INFO:[LightGBM] [Warning] No further splits with positive gain, best gain: -inf
2025-10-26 10:30:34,678:INFO:[LightGBM] [Warning] No further splits with positive gain, best gain: -inf
2025-10-26 10:30:34,682:INFO:[LightGBM] [Warning] No further splits with positive gain, best gain: -inf
2025-10-26 10:30:34,686:INFO:[LightGBM] [Warning] No further splits with positive gain, best gain: -inf
2025-10-26 10:30:34,690:INFO:[LightGBM] [Warning] No further splits with positive gain, best gain: -inf
2025-10-26 10:30:34,694:INFO:[LightGBM] [Warning] No further splits with positive gain, best gain: -inf
2025-10-26 10:30:34,698:INFO:[LightGBM] [Warning] No further splits with positive gain, best gain: -inf
2025-10-26 10:30:34,702:INFO:[LightGBM] [Warning] No further splits with positive gain, best gain: -inf
2025-10-26 10:30:34,706:INFO:[LightGBM] [Warning] No further splits with positive gain, best gain: -inf
2025-10-26 10:30:34,710:INFO:[LightGBM] [Warning] No further splits with positive gain, best gain: -inf
2025-10-26 10:30:34,713:INFO:[LightGBM] [Warning] No further splits with positive gain, best gain: -inf
2025-10-26 10:30:34,718:INFO:[LightGBM] [Warning] No further splits with positive gain, best gain: -inf
2025-10-26 10:30:34,722:INFO:[LightGBM] [Warning] No further splits with positive gain, best gain: -inf
2025-10-26 10:30:34,726:INFO:[LightGBM] [Warning] No further splits with positive gain, best gain: -inf
2025-10-26 10:30:34,730:INFO:[LightGBM] [Warning] No further splits with positive gain, best gain: -inf
2025-10-26 10:30:34,734:INFO:[LightGBM] [Warning] No further splits with positive gain, best gain: -inf
2025-10-26 10:30:34,738:INFO:[LightGBM] [Warning] No further splits with positive gain, best gain: -inf
2025-10-26 10:30:34,743:INFO:[LightGBM] [Warning] No further splits with positive gain, best gain: -inf
2025-10-26 10:30:34,747:INFO:[LightGBM] [Warning] No further splits with positive gain, best gain: -inf
2025-10-26 10:30:34,751:INFO:[LightGBM] [Warning] No further splits with positive gain, best gain: -inf
2025-10-26 10:30:34,755:INFO:[LightGBM] [Warning] No further splits with positive gain, best gain: -inf
2025-10-26 10:30:34,759:INFO:[LightGBM] [Warning] No further splits with positive gain, best gain: -inf
2025-10-26 10:30:34,763:INFO:[LightGBM] [Warning] No further splits with positive gain, best gain: -inf
2025-10-26 10:30:34,767:INFO:[LightGBM] [Warning] No further splits with positive gain, best gain: -inf
2025-10-26 10:30:34,772:INFO:[LightGBM] [Warning] No further splits with positive gain, best gain: -inf
2025-10-26 10:30:34,776:INFO:[LightGBM] [Warning] No further splits with positive gain, best gain: -inf
2025-10-26 10:30:34,780:INFO:[LightGBM] [Warning] No further splits with positive gain, best gain: -inf
2025-10-26 10:30:34,784:INFO:[LightGBM] [Warning] No further splits with positive gain, best gain: -inf
2025-10-26 10:30:34,789:INFO:[LightGBM] [Warning] No further splits with positive gain, best gain: -inf
2025-10-26 10:30:34,792:INFO:[LightGBM] [Warning] No further splits with positive gain, best gain: -inf
2025-10-26 10:30:34,796:INFO:[LightGBM] [Warning] No further splits with positive gain, best gain: -inf
2025-10-26 10:30:34,800:INFO:[LightGBM] [Warning] No further splits with positive gain, best gain: -inf
2025-10-26 10:30:34,804:INFO:[LightGBM] [Warning] No further splits with positive gain, best gain: -inf
2025-10-26 10:30:34,808:INFO:[LightGBM] [Warning] No further splits with positive gain, best gain: -inf
2025-10-26 10:30:34,811:INFO:[LightGBM] [Warning] No further splits with positive gain, best gain: -inf
2025-10-26 10:30:34,816:INFO:[LightGBM] [Warning] No further splits with positive gain, best gain: -inf
2025-10-26 10:30:34,821:INFO:[LightGBM] [Warning] No further splits with positive gain, best gain: -inf
2025-10-26 10:30:34,825:INFO:[LightGBM] [Warning] No further splits with positive gain, best gain: -inf
2025-10-26 10:30:34,829:INFO:[LightGBM] [Warning] No further splits with positive gain, best gain: -inf
2025-10-26 10:30:34,833:INFO:[LightGBM] [Warning] No further splits with positive gain, best gain: -inf
2025-10-26 10:30:34,836:INFO:[LightGBM] [Warning] No further splits with positive gain, best gain: -inf
2025-10-26 10:30:34,841:INFO:[LightGBM] [Warning] No further splits with positive gain, best gain: -inf
2025-10-26 10:30:34,844:INFO:[LightGBM] [Warning] No further splits with positive gain, best gain: -inf
2025-10-26 10:30:34,848:INFO:[LightGBM] [Warning] No further splits with positive gain, best gain: -inf
2025-10-26 10:30:34,852:INFO:[LightGBM] [Warning] No further splits with positive gain, best gain: -inf
2025-10-26 10:30:34,856:INFO:[LightGBM] [Warning] No further splits with positive gain, best gain: -inf
2025-10-26 10:30:34,860:INFO:[LightGBM] [Warning] No further splits with positive gain, best gain: -inf
2025-10-26 10:30:34,864:INFO:[LightGBM] [Warning] No further splits with positive gain, best gain: -inf
2025-10-26 10:30:34,868:INFO:[LightGBM] [Warning] No further splits with positive gain, best gain: -inf
2025-10-26 10:30:34,871:INFO:[LightGBM] [Warning] No further splits with positive gain, best gain: -inf
2025-10-26 10:30:34,875:INFO:[LightGBM] [Warning] No further splits with positive gain, best gain: -inf
2025-10-26 10:30:34,949:INFO:[LightGBM] [Info] This is the GPU trainer!!
2025-10-26 10:30:34,950:INFO:[LightGBM] [Info] Total Bins 557
2025-10-26 10:30:34,950:INFO:[LightGBM] [Info] Number of data points in the train set: 315, number of used features: 11
2025-10-26 10:30:34,950:INFO:[LightGBM] [Info] Using GPU Device: Intel(R) UHD Graphics, Vendor: Intel(R) Corporation
2025-10-26 10:30:34,950:INFO:[LightGBM] [Info] Compiling OpenCL Kernel with 256 bins...
2025-10-26 10:30:34,955:INFO:[LightGBM] [Info] GPU programs have been built
2025-10-26 10:30:34,956:INFO:[LightGBM] [Info] Size of histogram bin entry: 8
2025-10-26 10:30:34,958:INFO:[LightGBM] [Info] 11 dense feature groups (0.00 MB) transferred to GPU in 0.000732 secs. 0 sparse feature groups
2025-10-26 10:30:34,959:INFO:[LightGBM] [Info] Start training from score 585266.571825
2025-10-26 10:30:34,963:INFO:[LightGBM] [Warning] No further splits with positive gain, best gain: -inf
2025-10-26 10:30:34,966:INFO:[LightGBM] [Warning] No further splits with positive gain, best gain: -inf
2025-10-26 10:30:34,969:INFO:[LightGBM] [Warning] No further splits with positive gain, best gain: -inf
2025-10-26 10:30:34,972:INFO:[LightGBM] [Warning] No further splits with positive gain, best gain: -inf
2025-10-26 10:30:34,975:INFO:[LightGBM] [Warning] No further splits with positive gain, best gain: -inf
2025-10-26 10:30:34,979:INFO:[LightGBM] [Warning] No further splits with positive gain, best gain: -inf
2025-10-26 10:30:34,983:INFO:[LightGBM] [Warning] No further splits with positive gain, best gain: -inf
2025-10-26 10:30:34,987:INFO:[LightGBM] [Warning] No further splits with positive gain, best gain: -inf
2025-10-26 10:30:34,990:INFO:[LightGBM] [Warning] No further splits with positive gain, best gain: -inf
2025-10-26 10:30:34,994:INFO:[LightGBM] [Warning] No further splits with positive gain, best gain: -inf
2025-10-26 10:30:34,999:INFO:[LightGBM] [Warning] No further splits with positive gain, best gain: -inf
2025-10-26 10:30:35,003:INFO:[LightGBM] [Warning] No further splits with positive gain, best gain: -inf
2025-10-26 10:30:35,006:INFO:[LightGBM] [Warning] No further splits with positive gain, best gain: -inf
2025-10-26 10:30:35,010:INFO:[LightGBM] [Warning] No further splits with positive gain, best gain: -inf
2025-10-26 10:30:35,014:INFO:[LightGBM] [Warning] No further splits with positive gain, best gain: -inf
2025-10-26 10:30:35,018:INFO:[LightGBM] [Warning] No further splits with positive gain, best gain: -inf
2025-10-26 10:30:35,021:INFO:[LightGBM] [Warning] No further splits with positive gain, best gain: -inf
2025-10-26 10:30:35,025:INFO:[LightGBM] [Warning] No further splits with positive gain, best gain: -inf
2025-10-26 10:30:35,029:INFO:[LightGBM] [Warning] No further splits with positive gain, best gain: -inf
2025-10-26 10:30:35,032:INFO:[LightGBM] [Warning] No further splits with positive gain, best gain: -inf
2025-10-26 10:30:35,036:INFO:[LightGBM] [Warning] No further splits with positive gain, best gain: -inf
2025-10-26 10:30:35,040:INFO:[LightGBM] [Warning] No further splits with positive gain, best gain: -inf
2025-10-26 10:30:35,044:INFO:[LightGBM] [Warning] No further splits with positive gain, best gain: -inf
2025-10-26 10:30:35,048:INFO:[LightGBM] [Warning] No further splits with positive gain, best gain: -inf
2025-10-26 10:30:35,053:INFO:[LightGBM] [Warning] No further splits with positive gain, best gain: -inf
2025-10-26 10:30:35,056:INFO:[LightGBM] [Warning] No further splits with positive gain, best gain: -inf
2025-10-26 10:30:35,060:INFO:[LightGBM] [Warning] No further splits with positive gain, best gain: -inf
2025-10-26 10:30:35,065:INFO:[LightGBM] [Warning] No further splits with positive gain, best gain: -inf
2025-10-26 10:30:35,069:INFO:[LightGBM] [Warning] No further splits with positive gain, best gain: -inf
2025-10-26 10:30:35,072:INFO:[LightGBM] [Warning] No further splits with positive gain, best gain: -inf
2025-10-26 10:30:35,077:INFO:[LightGBM] [Warning] No further splits with positive gain, best gain: -inf
2025-10-26 10:30:35,081:INFO:[LightGBM] [Warning] No further splits with positive gain, best gain: -inf
2025-10-26 10:30:35,085:INFO:[LightGBM] [Warning] No further splits with positive gain, best gain: -inf
2025-10-26 10:30:35,089:INFO:[LightGBM] [Warning] No further splits with positive gain, best gain: -inf
2025-10-26 10:30:35,093:INFO:[LightGBM] [Warning] No further splits with positive gain, best gain: -inf
2025-10-26 10:30:35,097:INFO:[LightGBM] [Warning] No further splits with positive gain, best gain: -inf
2025-10-26 10:30:35,102:INFO:[LightGBM] [Warning] No further splits with positive gain, best gain: -inf
2025-10-26 10:30:35,105:INFO:[LightGBM] [Warning] No further splits with positive gain, best gain: -inf
2025-10-26 10:30:35,110:INFO:[LightGBM] [Warning] No further splits with positive gain, best gain: -inf
2025-10-26 10:30:35,114:INFO:[LightGBM] [Warning] No further splits with positive gain, best gain: -inf
2025-10-26 10:30:35,118:INFO:[LightGBM] [Warning] No further splits with positive gain, best gain: -inf
2025-10-26 10:30:35,122:INFO:[LightGBM] [Warning] No further splits with positive gain, best gain: -inf
2025-10-26 10:30:35,126:INFO:[LightGBM] [Warning] No further splits with positive gain, best gain: -inf
2025-10-26 10:30:35,130:INFO:[LightGBM] [Warning] No further splits with positive gain, best gain: -inf
2025-10-26 10:30:35,133:INFO:[LightGBM] [Warning] No further splits with positive gain, best gain: -inf
2025-10-26 10:30:35,137:INFO:[LightGBM] [Warning] No further splits with positive gain, best gain: -inf
2025-10-26 10:30:35,142:INFO:[LightGBM] [Warning] No further splits with positive gain, best gain: -inf
2025-10-26 10:30:35,146:INFO:[LightGBM] [Warning] No further splits with positive gain, best gain: -inf
2025-10-26 10:30:35,150:INFO:[LightGBM] [Warning] No further splits with positive gain, best gain: -inf
2025-10-26 10:30:35,154:INFO:[LightGBM] [Warning] No further splits with positive gain, best gain: -inf
2025-10-26 10:30:35,158:INFO:[LightGBM] [Warning] No further splits with positive gain, best gain: -inf
2025-10-26 10:30:35,163:INFO:[LightGBM] [Warning] No further splits with positive gain, best gain: -inf
2025-10-26 10:30:35,168:INFO:[LightGBM] [Warning] No further splits with positive gain, best gain: -inf
2025-10-26 10:30:35,172:INFO:[LightGBM] [Warning] No further splits with positive gain, best gain: -inf
2025-10-26 10:30:35,176:INFO:[LightGBM] [Warning] No further splits with positive gain, best gain: -inf
2025-10-26 10:30:35,180:INFO:[LightGBM] [Warning] No further splits with positive gain, best gain: -inf
2025-10-26 10:30:35,185:INFO:[LightGBM] [Warning] No further splits with positive gain, best gain: -inf
2025-10-26 10:30:35,189:INFO:[LightGBM] [Warning] No further splits with positive gain, best gain: -inf
2025-10-26 10:30:35,193:INFO:[LightGBM] [Warning] No further splits with positive gain, best gain: -inf
2025-10-26 10:30:35,197:INFO:[LightGBM] [Warning] No further splits with positive gain, best gain: -inf
2025-10-26 10:30:35,202:INFO:[LightGBM] [Warning] No further splits with positive gain, best gain: -inf
2025-10-26 10:30:35,206:INFO:[LightGBM] [Warning] No further splits with positive gain, best gain: -inf
2025-10-26 10:30:35,209:INFO:[LightGBM] [Warning] No further splits with positive gain, best gain: -inf
2025-10-26 10:30:35,214:INFO:[LightGBM] [Warning] No further splits with positive gain, best gain: -inf
2025-10-26 10:30:35,218:INFO:[LightGBM] [Warning] No further splits with positive gain, best gain: -inf
2025-10-26 10:30:35,222:INFO:[LightGBM] [Warning] No further splits with positive gain, best gain: -inf
2025-10-26 10:30:35,226:INFO:[LightGBM] [Warning] No further splits with positive gain, best gain: -inf
2025-10-26 10:30:35,230:INFO:[LightGBM] [Warning] No further splits with positive gain, best gain: -inf
2025-10-26 10:30:35,234:INFO:[LightGBM] [Warning] No further splits with positive gain, best gain: -inf
2025-10-26 10:30:35,238:INFO:[LightGBM] [Warning] No further splits with positive gain, best gain: -inf
2025-10-26 10:30:35,242:INFO:[LightGBM] [Warning] No further splits with positive gain, best gain: -inf
2025-10-26 10:30:35,247:INFO:[LightGBM] [Warning] No further splits with positive gain, best gain: -inf
2025-10-26 10:30:35,251:INFO:[LightGBM] [Warning] No further splits with positive gain, best gain: -inf
2025-10-26 10:30:35,255:INFO:[LightGBM] [Warning] No further splits with positive gain, best gain: -inf
2025-10-26 10:30:35,259:INFO:[LightGBM] [Warning] No further splits with positive gain, best gain: -inf
2025-10-26 10:30:35,264:INFO:[LightGBM] [Warning] No further splits with positive gain, best gain: -inf
2025-10-26 10:30:35,268:INFO:[LightGBM] [Warning] No further splits with positive gain, best gain: -inf
2025-10-26 10:30:35,272:INFO:[LightGBM] [Warning] No further splits with positive gain, best gain: -inf
2025-10-26 10:30:35,276:INFO:[LightGBM] [Warning] No further splits with positive gain, best gain: -inf
2025-10-26 10:30:35,280:INFO:[LightGBM] [Warning] No further splits with positive gain, best gain: -inf
2025-10-26 10:30:35,284:INFO:[LightGBM] [Warning] No further splits with positive gain, best gain: -inf
2025-10-26 10:30:35,288:INFO:[LightGBM] [Warning] No further splits with positive gain, best gain: -inf
2025-10-26 10:30:35,292:INFO:[LightGBM] [Warning] No further splits with positive gain, best gain: -inf
2025-10-26 10:30:35,296:INFO:[LightGBM] [Warning] No further splits with positive gain, best gain: -inf
2025-10-26 10:30:35,301:INFO:[LightGBM] [Warning] No further splits with positive gain, best gain: -inf
2025-10-26 10:30:35,305:INFO:[LightGBM] [Warning] No further splits with positive gain, best gain: -inf
2025-10-26 10:30:35,310:INFO:[LightGBM] [Warning] No further splits with positive gain, best gain: -inf
2025-10-26 10:30:35,314:INFO:[LightGBM] [Warning] No further splits with positive gain, best gain: -inf
2025-10-26 10:30:35,318:INFO:[LightGBM] [Warning] No further splits with positive gain, best gain: -inf
2025-10-26 10:30:35,322:INFO:[LightGBM] [Warning] No further splits with positive gain, best gain: -inf
2025-10-26 10:30:35,326:INFO:[LightGBM] [Warning] No further splits with positive gain, best gain: -inf
2025-10-26 10:30:35,330:INFO:[LightGBM] [Warning] No further splits with positive gain, best gain: -inf
2025-10-26 10:30:35,335:INFO:[LightGBM] [Warning] No further splits with positive gain, best gain: -inf
2025-10-26 10:30:35,339:INFO:[LightGBM] [Warning] No further splits with positive gain, best gain: -inf
2025-10-26 10:30:35,344:INFO:[LightGBM] [Warning] No further splits with positive gain, best gain: -inf
2025-10-26 10:30:35,347:INFO:[LightGBM] [Warning] No further splits with positive gain, best gain: -inf
2025-10-26 10:30:35,351:INFO:[LightGBM] [Warning] No further splits with positive gain, best gain: -inf
2025-10-26 10:30:35,355:INFO:[LightGBM] [Warning] No further splits with positive gain, best gain: -inf
2025-10-26 10:30:35,360:INFO:[LightGBM] [Warning] No further splits with positive gain, best gain: -inf
2025-10-26 10:30:35,364:INFO:[LightGBM] [Warning] No further splits with positive gain, best gain: -inf
2025-10-26 10:30:35,438:INFO:[LightGBM] [Info] This is the GPU trainer!!
2025-10-26 10:30:35,438:INFO:[LightGBM] [Info] Total Bins 556
2025-10-26 10:30:35,438:INFO:[LightGBM] [Info] Number of data points in the train set: 315, number of used features: 11
2025-10-26 10:30:35,438:INFO:[LightGBM] [Info] Using GPU Device: Intel(R) UHD Graphics, Vendor: Intel(R) Corporation
2025-10-26 10:30:35,438:INFO:[LightGBM] [Info] Compiling OpenCL Kernel with 256 bins...
2025-10-26 10:30:35,443:INFO:[LightGBM] [Info] GPU programs have been built
2025-10-26 10:30:35,445:INFO:[LightGBM] [Info] Size of histogram bin entry: 8
2025-10-26 10:30:35,446:INFO:[LightGBM] [Info] 11 dense feature groups (0.00 MB) transferred to GPU in 0.000831 secs. 0 sparse feature groups
2025-10-26 10:30:35,447:INFO:[LightGBM] [Info] Start training from score 584907.130853
2025-10-26 10:30:35,452:INFO:[LightGBM] [Warning] No further splits with positive gain, best gain: -inf
2025-10-26 10:30:35,456:INFO:[LightGBM] [Warning] No further splits with positive gain, best gain: -inf
2025-10-26 10:30:35,460:INFO:[LightGBM] [Warning] No further splits with positive gain, best gain: -inf
2025-10-26 10:30:35,463:INFO:[LightGBM] [Warning] No further splits with positive gain, best gain: -inf
2025-10-26 10:30:35,467:INFO:[LightGBM] [Warning] No further splits with positive gain, best gain: -inf
2025-10-26 10:30:35,470:INFO:[LightGBM] [Warning] No further splits with positive gain, best gain: -inf
2025-10-26 10:30:35,474:INFO:[LightGBM] [Warning] No further splits with positive gain, best gain: -inf
2025-10-26 10:30:35,477:INFO:[LightGBM] [Warning] No further splits with positive gain, best gain: -inf
2025-10-26 10:30:35,481:INFO:[LightGBM] [Warning] No further splits with positive gain, best gain: -inf
2025-10-26 10:30:35,485:INFO:[LightGBM] [Warning] No further splits with positive gain, best gain: -inf
2025-10-26 10:30:35,488:INFO:[LightGBM] [Warning] No further splits with positive gain, best gain: -inf
2025-10-26 10:30:35,492:INFO:[LightGBM] [Warning] No further splits with positive gain, best gain: -inf
2025-10-26 10:30:35,496:INFO:[LightGBM] [Warning] No further splits with positive gain, best gain: -inf
2025-10-26 10:30:35,501:INFO:[LightGBM] [Warning] No further splits with positive gain, best gain: -inf
2025-10-26 10:30:35,504:INFO:[LightGBM] [Warning] No further splits with positive gain, best gain: -inf
2025-10-26 10:30:35,508:INFO:[LightGBM] [Warning] No further splits with positive gain, best gain: -inf
2025-10-26 10:30:35,511:INFO:[LightGBM] [Warning] No further splits with positive gain, best gain: -inf
2025-10-26 10:30:35,516:INFO:[LightGBM] [Warning] No further splits with positive gain, best gain: -inf
2025-10-26 10:30:35,520:INFO:[LightGBM] [Warning] No further splits with positive gain, best gain: -inf
2025-10-26 10:30:35,523:INFO:[LightGBM] [Warning] No further splits with positive gain, best gain: -inf
2025-10-26 10:30:35,527:INFO:[LightGBM] [Warning] No further splits with positive gain, best gain: -inf
2025-10-26 10:30:35,530:INFO:[LightGBM] [Warning] No further splits with positive gain, best gain: -inf
2025-10-26 10:30:35,534:INFO:[LightGBM] [Warning] No further splits with positive gain, best gain: -inf
2025-10-26 10:30:35,537:INFO:[LightGBM] [Warning] No further splits with positive gain, best gain: -inf
2025-10-26 10:30:35,541:INFO:[LightGBM] [Warning] No further splits with positive gain, best gain: -inf
2025-10-26 10:30:35,545:INFO:[LightGBM] [Warning] No further splits with positive gain, best gain: -inf
2025-10-26 10:30:35,550:INFO:[LightGBM] [Warning] No further splits with positive gain, best gain: -inf
2025-10-26 10:30:35,553:INFO:[LightGBM] [Warning] No further splits with positive gain, best gain: -inf
2025-10-26 10:30:35,557:INFO:[LightGBM] [Warning] No further splits with positive gain, best gain: -inf
2025-10-26 10:30:35,561:INFO:[LightGBM] [Warning] No further splits with positive gain, best gain: -inf
2025-10-26 10:30:35,565:INFO:[LightGBM] [Warning] No further splits with positive gain, best gain: -inf
2025-10-26 10:30:35,568:INFO:[LightGBM] [Warning] No further splits with positive gain, best gain: -inf
2025-10-26 10:30:35,573:INFO:[LightGBM] [Warning] No further splits with positive gain, best gain: -inf
2025-10-26 10:30:35,576:INFO:[LightGBM] [Warning] No further splits with positive gain, best gain: -inf
2025-10-26 10:30:35,581:INFO:[LightGBM] [Warning] No further splits with positive gain, best gain: -inf
2025-10-26 10:30:35,585:INFO:[LightGBM] [Warning] No further splits with positive gain, best gain: -inf
2025-10-26 10:30:35,589:INFO:[LightGBM] [Warning] No further splits with positive gain, best gain: -inf
2025-10-26 10:30:35,593:INFO:[LightGBM] [Warning] No further splits with positive gain, best gain: -inf
2025-10-26 10:30:35,597:INFO:[LightGBM] [Warning] No further splits with positive gain, best gain: -inf
2025-10-26 10:30:35,601:INFO:[LightGBM] [Warning] No further splits with positive gain, best gain: -inf
2025-10-26 10:30:35,605:INFO:[LightGBM] [Warning] No further splits with positive gain, best gain: -inf
2025-10-26 10:30:35,609:INFO:[LightGBM] [Warning] No further splits with positive gain, best gain: -inf
2025-10-26 10:30:35,613:INFO:[LightGBM] [Warning] No further splits with positive gain, best gain: -inf
2025-10-26 10:30:35,617:INFO:[LightGBM] [Warning] No further splits with positive gain, best gain: -inf
2025-10-26 10:30:35,621:INFO:[LightGBM] [Warning] No further splits with positive gain, best gain: -inf
2025-10-26 10:30:35,625:INFO:[LightGBM] [Warning] No further splits with positive gain, best gain: -inf
2025-10-26 10:30:35,630:INFO:[LightGBM] [Warning] No further splits with positive gain, best gain: -inf
2025-10-26 10:30:35,634:INFO:[LightGBM] [Warning] No further splits with positive gain, best gain: -inf
2025-10-26 10:30:35,637:INFO:[LightGBM] [Warning] No further splits with positive gain, best gain: -inf
2025-10-26 10:30:35,641:INFO:[LightGBM] [Warning] No further splits with positive gain, best gain: -inf
2025-10-26 10:30:35,645:INFO:[LightGBM] [Warning] No further splits with positive gain, best gain: -inf
2025-10-26 10:30:35,649:INFO:[LightGBM] [Warning] No further splits with positive gain, best gain: -inf
2025-10-26 10:30:35,653:INFO:[LightGBM] [Warning] No further splits with positive gain, best gain: -inf
2025-10-26 10:30:35,658:INFO:[LightGBM] [Warning] No further splits with positive gain, best gain: -inf
2025-10-26 10:30:35,663:INFO:[LightGBM] [Warning] No further splits with positive gain, best gain: -inf
2025-10-26 10:30:35,667:INFO:[LightGBM] [Warning] No further splits with positive gain, best gain: -inf
2025-10-26 10:30:35,671:INFO:[LightGBM] [Warning] No further splits with positive gain, best gain: -inf
2025-10-26 10:30:35,675:INFO:[LightGBM] [Warning] No further splits with positive gain, best gain: -inf
2025-10-26 10:30:35,679:INFO:[LightGBM] [Warning] No further splits with positive gain, best gain: -inf
2025-10-26 10:30:35,683:INFO:[LightGBM] [Warning] No further splits with positive gain, best gain: -inf
2025-10-26 10:30:35,688:INFO:[LightGBM] [Warning] No further splits with positive gain, best gain: -inf
2025-10-26 10:30:35,692:INFO:[LightGBM] [Warning] No further splits with positive gain, best gain: -inf
2025-10-26 10:30:35,696:INFO:[LightGBM] [Warning] No further splits with positive gain, best gain: -inf
2025-10-26 10:30:35,702:INFO:[LightGBM] [Warning] No further splits with positive gain, best gain: -inf
2025-10-26 10:30:35,707:INFO:[LightGBM] [Warning] No further splits with positive gain, best gain: -inf
2025-10-26 10:30:35,711:INFO:[LightGBM] [Warning] No further splits with positive gain, best gain: -inf
2025-10-26 10:30:35,715:INFO:[LightGBM] [Warning] No further splits with positive gain, best gain: -inf
2025-10-26 10:30:35,719:INFO:[LightGBM] [Warning] No further splits with positive gain, best gain: -inf
2025-10-26 10:30:35,723:INFO:[LightGBM] [Warning] No further splits with positive gain, best gain: -inf
2025-10-26 10:30:35,727:INFO:[LightGBM] [Warning] No further splits with positive gain, best gain: -inf
2025-10-26 10:30:35,732:INFO:[LightGBM] [Warning] No further splits with positive gain, best gain: -inf
2025-10-26 10:30:35,736:INFO:[LightGBM] [Warning] No further splits with positive gain, best gain: -inf
2025-10-26 10:30:35,740:INFO:[LightGBM] [Warning] No further splits with positive gain, best gain: -inf
2025-10-26 10:30:35,744:INFO:[LightGBM] [Warning] No further splits with positive gain, best gain: -inf
2025-10-26 10:30:35,748:INFO:[LightGBM] [Warning] No further splits with positive gain, best gain: -inf
2025-10-26 10:30:35,752:INFO:[LightGBM] [Warning] No further splits with positive gain, best gain: -inf
2025-10-26 10:30:35,756:INFO:[LightGBM] [Warning] No further splits with positive gain, best gain: -inf
2025-10-26 10:30:35,760:INFO:[LightGBM] [Warning] No further splits with positive gain, best gain: -inf
2025-10-26 10:30:35,765:INFO:[LightGBM] [Warning] No further splits with positive gain, best gain: -inf
2025-10-26 10:30:35,769:INFO:[LightGBM] [Warning] No further splits with positive gain, best gain: -inf
2025-10-26 10:30:35,773:INFO:[LightGBM] [Warning] No further splits with positive gain, best gain: -inf
2025-10-26 10:30:35,776:INFO:[LightGBM] [Warning] No further splits with positive gain, best gain: -inf
2025-10-26 10:30:35,780:INFO:[LightGBM] [Warning] No further splits with positive gain, best gain: -inf
2025-10-26 10:30:35,785:INFO:[LightGBM] [Warning] No further splits with positive gain, best gain: -inf
2025-10-26 10:30:35,789:INFO:[LightGBM] [Warning] No further splits with positive gain, best gain: -inf
2025-10-26 10:30:35,793:INFO:[LightGBM] [Warning] No further splits with positive gain, best gain: -inf
2025-10-26 10:30:35,797:INFO:[LightGBM] [Warning] No further splits with positive gain, best gain: -inf
2025-10-26 10:30:35,801:INFO:[LightGBM] [Warning] No further splits with positive gain, best gain: -inf
2025-10-26 10:30:35,805:INFO:[LightGBM] [Warning] No further splits with positive gain, best gain: -inf
2025-10-26 10:30:35,809:INFO:[LightGBM] [Warning] No further splits with positive gain, best gain: -inf
2025-10-26 10:30:35,814:INFO:[LightGBM] [Warning] No further splits with positive gain, best gain: -inf
2025-10-26 10:30:35,818:INFO:[LightGBM] [Warning] No further splits with positive gain, best gain: -inf
2025-10-26 10:30:35,822:INFO:[LightGBM] [Warning] No further splits with positive gain, best gain: -inf
2025-10-26 10:30:35,826:INFO:[LightGBM] [Warning] No further splits with positive gain, best gain: -inf
2025-10-26 10:30:35,831:INFO:[LightGBM] [Warning] No further splits with positive gain, best gain: -inf
2025-10-26 10:30:35,835:INFO:[LightGBM] [Warning] No further splits with positive gain, best gain: -inf
2025-10-26 10:30:35,839:INFO:[LightGBM] [Warning] No further splits with positive gain, best gain: -inf
2025-10-26 10:30:35,843:INFO:[LightGBM] [Warning] No further splits with positive gain, best gain: -inf
2025-10-26 10:30:35,848:INFO:[LightGBM] [Warning] No further splits with positive gain, best gain: -inf
2025-10-26 10:30:35,851:INFO:[LightGBM] [Warning] No further splits with positive gain, best gain: -inf
2025-10-26 10:30:35,923:INFO:[LightGBM] [Info] This is the GPU trainer!!
2025-10-26 10:30:35,923:INFO:[LightGBM] [Info] Total Bins 558
2025-10-26 10:30:35,923:INFO:[LightGBM] [Info] Number of data points in the train set: 315, number of used features: 11
2025-10-26 10:30:35,923:INFO:[LightGBM] [Info] Using GPU Device: Intel(R) UHD Graphics, Vendor: Intel(R) Corporation
2025-10-26 10:30:35,924:INFO:[LightGBM] [Info] Compiling OpenCL Kernel with 256 bins...
2025-10-26 10:30:35,929:INFO:[LightGBM] [Info] GPU programs have been built
2025-10-26 10:30:35,931:INFO:[LightGBM] [Info] Size of histogram bin entry: 8
2025-10-26 10:30:35,932:INFO:[LightGBM] [Info] 11 dense feature groups (0.00 MB) transferred to GPU in 0.000728 secs. 0 sparse feature groups
2025-10-26 10:30:35,933:INFO:[LightGBM] [Info] Start training from score 585363.980357
2025-10-26 10:30:35,937:INFO:[LightGBM] [Warning] No further splits with positive gain, best gain: -inf
2025-10-26 10:30:35,941:INFO:[LightGBM] [Warning] No further splits with positive gain, best gain: -inf
2025-10-26 10:30:35,945:INFO:[LightGBM] [Warning] No further splits with positive gain, best gain: -inf
2025-10-26 10:30:35,948:INFO:[LightGBM] [Warning] No further splits with positive gain, best gain: -inf
2025-10-26 10:30:35,951:INFO:[LightGBM] [Warning] No further splits with positive gain, best gain: -inf
2025-10-26 10:30:35,955:INFO:[LightGBM] [Warning] No further splits with positive gain, best gain: -inf
2025-10-26 10:30:35,960:INFO:[LightGBM] [Warning] No further splits with positive gain, best gain: -inf
2025-10-26 10:30:35,964:INFO:[LightGBM] [Warning] No further splits with positive gain, best gain: -inf
2025-10-26 10:30:35,968:INFO:[LightGBM] [Warning] No further splits with positive gain, best gain: -inf
2025-10-26 10:30:35,973:INFO:[LightGBM] [Warning] No further splits with positive gain, best gain: -inf
2025-10-26 10:30:35,976:INFO:[LightGBM] [Warning] No further splits with positive gain, best gain: -inf
2025-10-26 10:30:35,980:INFO:[LightGBM] [Warning] No further splits with positive gain, best gain: -inf
2025-10-26 10:30:35,984:INFO:[LightGBM] [Warning] No further splits with positive gain, best gain: -inf
2025-10-26 10:30:35,988:INFO:[LightGBM] [Warning] No further splits with positive gain, best gain: -inf
2025-10-26 10:30:35,992:INFO:[LightGBM] [Warning] No further splits with positive gain, best gain: -inf
2025-10-26 10:30:35,996:INFO:[LightGBM] [Warning] No further splits with positive gain, best gain: -inf
2025-10-26 10:30:36,000:INFO:[LightGBM] [Warning] No further splits with positive gain, best gain: -inf
2025-10-26 10:30:36,006:INFO:[LightGBM] [Warning] No further splits with positive gain, best gain: -inf
2025-10-26 10:30:36,009:INFO:[LightGBM] [Warning] No further splits with positive gain, best gain: -inf
2025-10-26 10:30:36,014:INFO:[LightGBM] [Warning] No further splits with positive gain, best gain: -inf
2025-10-26 10:30:36,018:INFO:[LightGBM] [Warning] No further splits with positive gain, best gain: -inf
2025-10-26 10:30:36,022:INFO:[LightGBM] [Warning] No further splits with positive gain, best gain: -inf
2025-10-26 10:30:36,026:INFO:[LightGBM] [Warning] No further splits with positive gain, best gain: -inf
2025-10-26 10:30:36,031:INFO:[LightGBM] [Warning] No further splits with positive gain, best gain: -inf
2025-10-26 10:30:36,035:INFO:[LightGBM] [Warning] No further splits with positive gain, best gain: -inf
2025-10-26 10:30:36,039:INFO:[LightGBM] [Warning] No further splits with positive gain, best gain: -inf
2025-10-26 10:30:36,044:INFO:[LightGBM] [Warning] No further splits with positive gain, best gain: -inf
2025-10-26 10:30:36,048:INFO:[LightGBM] [Warning] No further splits with positive gain, best gain: -inf
2025-10-26 10:30:36,052:INFO:[LightGBM] [Warning] No further splits with positive gain, best gain: -inf
2025-10-26 10:30:36,058:INFO:[LightGBM] [Warning] No further splits with positive gain, best gain: -inf
2025-10-26 10:30:36,062:INFO:[LightGBM] [Warning] No further splits with positive gain, best gain: -inf
2025-10-26 10:30:36,066:INFO:[LightGBM] [Warning] No further splits with positive gain, best gain: -inf
2025-10-26 10:30:36,069:INFO:[LightGBM] [Warning] No further splits with positive gain, best gain: -inf
2025-10-26 10:30:36,074:INFO:[LightGBM] [Warning] No further splits with positive gain, best gain: -inf
2025-10-26 10:30:36,078:INFO:[LightGBM] [Warning] No further splits with positive gain, best gain: -inf
2025-10-26 10:30:36,082:INFO:[LightGBM] [Warning] No further splits with positive gain, best gain: -inf
2025-10-26 10:30:36,087:INFO:[LightGBM] [Warning] No further splits with positive gain, best gain: -inf
2025-10-26 10:30:36,091:INFO:[LightGBM] [Warning] No further splits with positive gain, best gain: -inf
2025-10-26 10:30:36,095:INFO:[LightGBM] [Warning] No further splits with positive gain, best gain: -inf
2025-10-26 10:30:36,101:INFO:[LightGBM] [Warning] No further splits with positive gain, best gain: -inf
2025-10-26 10:30:36,105:INFO:[LightGBM] [Warning] No further splits with positive gain, best gain: -inf
2025-10-26 10:30:36,109:INFO:[LightGBM] [Warning] No further splits with positive gain, best gain: -inf
2025-10-26 10:30:36,112:INFO:[LightGBM] [Warning] No further splits with positive gain, best gain: -inf
2025-10-26 10:30:36,118:INFO:[LightGBM] [Warning] No further splits with positive gain, best gain: -inf
2025-10-26 10:30:36,122:INFO:[LightGBM] [Warning] No further splits with positive gain, best gain: -inf
2025-10-26 10:30:36,126:INFO:[LightGBM] [Warning] No further splits with positive gain, best gain: -inf
2025-10-26 10:30:36,130:INFO:[LightGBM] [Warning] No further splits with positive gain, best gain: -inf
2025-10-26 10:30:36,135:INFO:[LightGBM] [Warning] No further splits with positive gain, best gain: -inf
2025-10-26 10:30:36,141:INFO:[LightGBM] [Warning] No further splits with positive gain, best gain: -inf
2025-10-26 10:30:36,145:INFO:[LightGBM] [Warning] No further splits with positive gain, best gain: -inf
2025-10-26 10:30:36,150:INFO:[LightGBM] [Warning] No further splits with positive gain, best gain: -inf
2025-10-26 10:30:36,154:INFO:[LightGBM] [Warning] No further splits with positive gain, best gain: -inf
2025-10-26 10:30:36,159:INFO:[LightGBM] [Warning] No further splits with positive gain, best gain: -inf
2025-10-26 10:30:36,164:INFO:[LightGBM] [Warning] No further splits with positive gain, best gain: -inf
2025-10-26 10:30:36,169:INFO:[LightGBM] [Warning] No further splits with positive gain, best gain: -inf
2025-10-26 10:30:36,173:INFO:[LightGBM] [Warning] No further splits with positive gain, best gain: -inf
2025-10-26 10:30:36,177:INFO:[LightGBM] [Warning] No further splits with positive gain, best gain: -inf
2025-10-26 10:30:36,181:INFO:[LightGBM] [Warning] No further splits with positive gain, best gain: -inf
2025-10-26 10:30:36,186:INFO:[LightGBM] [Warning] No further splits with positive gain, best gain: -inf
2025-10-26 10:30:36,190:INFO:[LightGBM] [Warning] No further splits with positive gain, best gain: -inf
2025-10-26 10:30:36,193:INFO:[LightGBM] [Warning] No further splits with positive gain, best gain: -inf
2025-10-26 10:30:36,199:INFO:[LightGBM] [Warning] No further splits with positive gain, best gain: -inf
2025-10-26 10:30:36,203:INFO:[LightGBM] [Warning] No further splits with positive gain, best gain: -inf
2025-10-26 10:30:36,207:INFO:[LightGBM] [Warning] No further splits with positive gain, best gain: -inf
2025-10-26 10:30:36,211:INFO:[LightGBM] [Warning] No further splits with positive gain, best gain: -inf
2025-10-26 10:30:36,215:INFO:[LightGBM] [Warning] No further splits with positive gain, best gain: -inf
2025-10-26 10:30:36,219:INFO:[LightGBM] [Warning] No further splits with positive gain, best gain: -inf
2025-10-26 10:30:36,223:INFO:[LightGBM] [Warning] No further splits with positive gain, best gain: -inf
2025-10-26 10:30:36,227:INFO:[LightGBM] [Warning] No further splits with positive gain, best gain: -inf
2025-10-26 10:30:36,231:INFO:[LightGBM] [Warning] No further splits with positive gain, best gain: -inf
2025-10-26 10:30:36,235:INFO:[LightGBM] [Warning] No further splits with positive gain, best gain: -inf
2025-10-26 10:30:36,240:INFO:[LightGBM] [Warning] No further splits with positive gain, best gain: -inf
2025-10-26 10:30:36,244:INFO:[LightGBM] [Warning] No further splits with positive gain, best gain: -inf
2025-10-26 10:30:36,248:INFO:[LightGBM] [Warning] No further splits with positive gain, best gain: -inf
2025-10-26 10:30:36,253:INFO:[LightGBM] [Warning] No further splits with positive gain, best gain: -inf
2025-10-26 10:30:36,257:INFO:[LightGBM] [Warning] No further splits with positive gain, best gain: -inf
2025-10-26 10:30:36,262:INFO:[LightGBM] [Warning] No further splits with positive gain, best gain: -inf
2025-10-26 10:30:36,266:INFO:[LightGBM] [Warning] No further splits with positive gain, best gain: -inf
2025-10-26 10:30:36,270:INFO:[LightGBM] [Warning] No further splits with positive gain, best gain: -inf
2025-10-26 10:30:36,275:INFO:[LightGBM] [Warning] No further splits with positive gain, best gain: -inf
2025-10-26 10:30:36,279:INFO:[LightGBM] [Warning] No further splits with positive gain, best gain: -inf
2025-10-26 10:30:36,284:INFO:[LightGBM] [Warning] No further splits with positive gain, best gain: -inf
2025-10-26 10:30:36,289:INFO:[LightGBM] [Warning] No further splits with positive gain, best gain: -inf
2025-10-26 10:30:36,292:INFO:[LightGBM] [Warning] No further splits with positive gain, best gain: -inf
2025-10-26 10:30:36,296:INFO:[LightGBM] [Warning] No further splits with positive gain, best gain: -inf
2025-10-26 10:30:36,301:INFO:[LightGBM] [Warning] No further splits with positive gain, best gain: -inf
2025-10-26 10:30:36,305:INFO:[LightGBM] [Warning] No further splits with positive gain, best gain: -inf
2025-10-26 10:30:36,309:INFO:[LightGBM] [Warning] No further splits with positive gain, best gain: -inf
2025-10-26 10:30:36,314:INFO:[LightGBM] [Warning] No further splits with positive gain, best gain: -inf
2025-10-26 10:30:36,318:INFO:[LightGBM] [Warning] No further splits with positive gain, best gain: -inf
2025-10-26 10:30:36,322:INFO:[LightGBM] [Warning] No further splits with positive gain, best gain: -inf
2025-10-26 10:30:36,326:INFO:[LightGBM] [Warning] No further splits with positive gain, best gain: -inf
2025-10-26 10:30:36,330:INFO:[LightGBM] [Warning] No further splits with positive gain, best gain: -inf
2025-10-26 10:30:36,334:INFO:[LightGBM] [Warning] No further splits with positive gain, best gain: -inf
2025-10-26 10:30:36,338:INFO:[LightGBM] [Warning] No further splits with positive gain, best gain: -inf
2025-10-26 10:30:36,342:INFO:[LightGBM] [Warning] No further splits with positive gain, best gain: -inf
2025-10-26 10:30:36,346:INFO:[LightGBM] [Warning] No further splits with positive gain, best gain: -inf
2025-10-26 10:30:36,350:INFO:[LightGBM] [Warning] No further splits with positive gain, best gain: -inf
2025-10-26 10:30:36,354:INFO:[LightGBM] [Warning] No further splits with positive gain, best gain: -inf
2025-10-26 10:30:36,359:INFO:[LightGBM] [Warning] No further splits with positive gain, best gain: -inf
2025-10-26 10:30:36,433:INFO:[LightGBM] [Info] This is the GPU trainer!!
2025-10-26 10:30:36,433:INFO:[LightGBM] [Info] Total Bins 558
2025-10-26 10:30:36,433:INFO:[LightGBM] [Info] Number of data points in the train set: 315, number of used features: 11
2025-10-26 10:30:36,433:INFO:[LightGBM] [Info] Using GPU Device: Intel(R) UHD Graphics, Vendor: Intel(R) Corporation
2025-10-26 10:30:36,433:INFO:[LightGBM] [Info] Compiling OpenCL Kernel with 256 bins...
2025-10-26 10:30:36,438:INFO:[LightGBM] [Info] GPU programs have been built
2025-10-26 10:30:36,439:INFO:[LightGBM] [Info] Size of histogram bin entry: 8
2025-10-26 10:30:36,441:INFO:[LightGBM] [Info] 11 dense feature groups (0.00 MB) transferred to GPU in 0.000728 secs. 0 sparse feature groups
2025-10-26 10:30:36,442:INFO:[LightGBM] [Info] Start training from score 586517.827083
2025-10-26 10:30:36,445:INFO:[LightGBM] [Warning] No further splits with positive gain, best gain: -inf
2025-10-26 10:30:36,448:INFO:[LightGBM] [Warning] No further splits with positive gain, best gain: -inf
2025-10-26 10:30:36,451:INFO:[LightGBM] [Warning] No further splits with positive gain, best gain: -inf
2025-10-26 10:30:36,454:INFO:[LightGBM] [Warning] No further splits with positive gain, best gain: -inf
2025-10-26 10:30:36,457:INFO:[LightGBM] [Warning] No further splits with positive gain, best gain: -inf
2025-10-26 10:30:36,461:INFO:[LightGBM] [Warning] No further splits with positive gain, best gain: -inf
2025-10-26 10:30:36,464:INFO:[LightGBM] [Warning] No further splits with positive gain, best gain: -inf
2025-10-26 10:30:36,468:INFO:[LightGBM] [Warning] No further splits with positive gain, best gain: -inf
2025-10-26 10:30:36,472:INFO:[LightGBM] [Warning] No further splits with positive gain, best gain: -inf
2025-10-26 10:30:36,475:INFO:[LightGBM] [Warning] No further splits with positive gain, best gain: -inf
2025-10-26 10:30:36,479:INFO:[LightGBM] [Warning] No further splits with positive gain, best gain: -inf
2025-10-26 10:30:36,482:INFO:[LightGBM] [Warning] No further splits with positive gain, best gain: -inf
2025-10-26 10:30:36,487:INFO:[LightGBM] [Warning] No further splits with positive gain, best gain: -inf
2025-10-26 10:30:36,491:INFO:[LightGBM] [Warning] No further splits with positive gain, best gain: -inf
2025-10-26 10:30:36,496:INFO:[LightGBM] [Warning] No further splits with positive gain, best gain: -inf
2025-10-26 10:30:36,499:INFO:[LightGBM] [Warning] No further splits with positive gain, best gain: -inf
2025-10-26 10:30:36,503:INFO:[LightGBM] [Warning] No further splits with positive gain, best gain: -inf
2025-10-26 10:30:36,508:INFO:[LightGBM] [Warning] No further splits with positive gain, best gain: -inf
2025-10-26 10:30:36,511:INFO:[LightGBM] [Warning] No further splits with positive gain, best gain: -inf
2025-10-26 10:30:36,516:INFO:[LightGBM] [Warning] No further splits with positive gain, best gain: -inf
2025-10-26 10:30:36,519:INFO:[LightGBM] [Warning] No further splits with positive gain, best gain: -inf
2025-10-26 10:30:36,523:INFO:[LightGBM] [Warning] No further splits with positive gain, best gain: -inf
2025-10-26 10:30:36,527:INFO:[LightGBM] [Warning] No further splits with positive gain, best gain: -inf
2025-10-26 10:30:36,531:INFO:[LightGBM] [Warning] No further splits with positive gain, best gain: -inf
2025-10-26 10:30:36,534:INFO:[LightGBM] [Warning] No further splits with positive gain, best gain: -inf
2025-10-26 10:30:36,537:INFO:[LightGBM] [Warning] No further splits with positive gain, best gain: -inf
2025-10-26 10:30:36,541:INFO:[LightGBM] [Warning] No further splits with positive gain, best gain: -inf
2025-10-26 10:30:36,545:INFO:[LightGBM] [Warning] No further splits with positive gain, best gain: -inf
2025-10-26 10:30:36,549:INFO:[LightGBM] [Warning] No further splits with positive gain, best gain: -inf
2025-10-26 10:30:36,553:INFO:[LightGBM] [Warning] No further splits with positive gain, best gain: -inf
2025-10-26 10:30:36,557:INFO:[LightGBM] [Warning] No further splits with positive gain, best gain: -inf
2025-10-26 10:30:36,560:INFO:[LightGBM] [Warning] No further splits with positive gain, best gain: -inf
2025-10-26 10:30:36,564:INFO:[LightGBM] [Warning] No further splits with positive gain, best gain: -inf
2025-10-26 10:30:36,568:INFO:[LightGBM] [Warning] No further splits with positive gain, best gain: -inf
2025-10-26 10:30:36,571:INFO:[LightGBM] [Warning] No further splits with positive gain, best gain: -inf
2025-10-26 10:30:36,575:INFO:[LightGBM] [Warning] No further splits with positive gain, best gain: -inf
2025-10-26 10:30:36,578:INFO:[LightGBM] [Warning] No further splits with positive gain, best gain: -inf
2025-10-26 10:30:36,582:INFO:[LightGBM] [Warning] No further splits with positive gain, best gain: -inf
2025-10-26 10:30:36,586:INFO:[LightGBM] [Warning] No further splits with positive gain, best gain: -inf
2025-10-26 10:30:36,590:INFO:[LightGBM] [Warning] No further splits with positive gain, best gain: -inf
2025-10-26 10:30:36,595:INFO:[LightGBM] [Warning] No further splits with positive gain, best gain: -inf
2025-10-26 10:30:36,598:INFO:[LightGBM] [Warning] No further splits with positive gain, best gain: -inf
2025-10-26 10:30:36,602:INFO:[LightGBM] [Warning] No further splits with positive gain, best gain: -inf
2025-10-26 10:30:36,606:INFO:[LightGBM] [Warning] No further splits with positive gain, best gain: -inf
2025-10-26 10:30:36,610:INFO:[LightGBM] [Warning] No further splits with positive gain, best gain: -inf
2025-10-26 10:30:36,613:INFO:[LightGBM] [Warning] No further splits with positive gain, best gain: -inf
2025-10-26 10:30:36,617:INFO:[LightGBM] [Warning] No further splits with positive gain, best gain: -inf
2025-10-26 10:30:36,621:INFO:[LightGBM] [Warning] No further splits with positive gain, best gain: -inf
2025-10-26 10:30:36,625:INFO:[LightGBM] [Warning] No further splits with positive gain, best gain: -inf
2025-10-26 10:30:36,629:INFO:[LightGBM] [Warning] No further splits with positive gain, best gain: -inf
2025-10-26 10:30:36,634:INFO:[LightGBM] [Warning] No further splits with positive gain, best gain: -inf
2025-10-26 10:30:36,637:INFO:[LightGBM] [Warning] No further splits with positive gain, best gain: -inf
2025-10-26 10:30:36,642:INFO:[LightGBM] [Warning] No further splits with positive gain, best gain: -inf
2025-10-26 10:30:36,646:INFO:[LightGBM] [Warning] No further splits with positive gain, best gain: -inf
2025-10-26 10:30:36,650:INFO:[LightGBM] [Warning] No further splits with positive gain, best gain: -inf
2025-10-26 10:30:36,654:INFO:[LightGBM] [Warning] No further splits with positive gain, best gain: -inf
2025-10-26 10:30:36,658:INFO:[LightGBM] [Warning] No further splits with positive gain, best gain: -inf
2025-10-26 10:30:36,662:INFO:[LightGBM] [Warning] No further splits with positive gain, best gain: -inf
2025-10-26 10:30:36,666:INFO:[LightGBM] [Warning] No further splits with positive gain, best gain: -inf
2025-10-26 10:30:36,671:INFO:[LightGBM] [Warning] No further splits with positive gain, best gain: -inf
2025-10-26 10:30:36,675:INFO:[LightGBM] [Warning] No further splits with positive gain, best gain: -inf
2025-10-26 10:30:36,679:INFO:[LightGBM] [Warning] No further splits with positive gain, best gain: -inf
2025-10-26 10:30:36,683:INFO:[LightGBM] [Warning] No further splits with positive gain, best gain: -inf
2025-10-26 10:30:36,688:INFO:[LightGBM] [Warning] No further splits with positive gain, best gain: -inf
2025-10-26 10:30:36,692:INFO:[LightGBM] [Warning] No further splits with positive gain, best gain: -inf
2025-10-26 10:30:36,696:INFO:[LightGBM] [Warning] No further splits with positive gain, best gain: -inf
2025-10-26 10:30:36,701:INFO:[LightGBM] [Warning] No further splits with positive gain, best gain: -inf
2025-10-26 10:30:36,705:INFO:[LightGBM] [Warning] No further splits with positive gain, best gain: -inf
2025-10-26 10:30:36,709:INFO:[LightGBM] [Warning] No further splits with positive gain, best gain: -inf
2025-10-26 10:30:36,712:INFO:[LightGBM] [Warning] No further splits with positive gain, best gain: -inf
2025-10-26 10:30:36,717:INFO:[LightGBM] [Warning] No further splits with positive gain, best gain: -inf
2025-10-26 10:30:36,722:INFO:[LightGBM] [Warning] No further splits with positive gain, best gain: -inf
2025-10-26 10:30:36,726:INFO:[LightGBM] [Warning] No further splits with positive gain, best gain: -inf
2025-10-26 10:30:36,730:INFO:[LightGBM] [Warning] No further splits with positive gain, best gain: -inf
2025-10-26 10:30:36,734:INFO:[LightGBM] [Warning] No further splits with positive gain, best gain: -inf
2025-10-26 10:30:36,738:INFO:[LightGBM] [Warning] No further splits with positive gain, best gain: -inf
2025-10-26 10:30:36,743:INFO:[LightGBM] [Warning] No further splits with positive gain, best gain: -inf
2025-10-26 10:30:36,747:INFO:[LightGBM] [Warning] No further splits with positive gain, best gain: -inf
2025-10-26 10:30:36,751:INFO:[LightGBM] [Warning] No further splits with positive gain, best gain: -inf
2025-10-26 10:30:36,756:INFO:[LightGBM] [Warning] No further splits with positive gain, best gain: -inf
2025-10-26 10:30:36,761:INFO:[LightGBM] [Warning] No further splits with positive gain, best gain: -inf
2025-10-26 10:30:36,765:INFO:[LightGBM] [Warning] No further splits with positive gain, best gain: -inf
2025-10-26 10:30:36,769:INFO:[LightGBM] [Warning] No further splits with positive gain, best gain: -inf
2025-10-26 10:30:36,774:INFO:[LightGBM] [Warning] No further splits with positive gain, best gain: -inf
2025-10-26 10:30:36,777:INFO:[LightGBM] [Warning] No further splits with positive gain, best gain: -inf
2025-10-26 10:30:36,782:INFO:[LightGBM] [Warning] No further splits with positive gain, best gain: -inf
2025-10-26 10:30:36,786:INFO:[LightGBM] [Warning] No further splits with positive gain, best gain: -inf
2025-10-26 10:30:36,790:INFO:[LightGBM] [Warning] No further splits with positive gain, best gain: -inf
2025-10-26 10:30:36,793:INFO:[LightGBM] [Warning] No further splits with positive gain, best gain: -inf
2025-10-26 10:30:36,797:INFO:[LightGBM] [Warning] No further splits with positive gain, best gain: -inf
2025-10-26 10:30:36,801:INFO:[LightGBM] [Warning] No further splits with positive gain, best gain: -inf
2025-10-26 10:30:36,805:INFO:[LightGBM] [Warning] No further splits with positive gain, best gain: -inf
2025-10-26 10:30:36,809:INFO:[LightGBM] [Warning] No further splits with positive gain, best gain: -inf
2025-10-26 10:30:36,814:INFO:[LightGBM] [Warning] No further splits with positive gain, best gain: -inf
2025-10-26 10:30:36,817:INFO:[LightGBM] [Warning] No further splits with positive gain, best gain: -inf
2025-10-26 10:30:36,821:INFO:[LightGBM] [Warning] No further splits with positive gain, best gain: -inf
2025-10-26 10:30:36,826:INFO:[LightGBM] [Warning] No further splits with positive gain, best gain: -inf
2025-10-26 10:30:36,830:INFO:[LightGBM] [Warning] No further splits with positive gain, best gain: -inf
2025-10-26 10:30:36,834:INFO:[LightGBM] [Warning] No further splits with positive gain, best gain: -inf
2025-10-26 10:30:36,838:INFO:[LightGBM] [Warning] No further splits with positive gain, best gain: -inf
2025-10-26 10:30:36,914:INFO:[LightGBM] [Info] This is the GPU trainer!!
2025-10-26 10:30:36,914:INFO:[LightGBM] [Info] Total Bins 555
2025-10-26 10:30:36,914:INFO:[LightGBM] [Info] Number of data points in the train set: 315, number of used features: 11
2025-10-26 10:30:36,914:INFO:[LightGBM] [Info] Using GPU Device: Intel(R) UHD Graphics, Vendor: Intel(R) Corporation
2025-10-26 10:30:36,915:INFO:[LightGBM] [Info] Compiling OpenCL Kernel with 256 bins...
2025-10-26 10:30:36,919:INFO:[LightGBM] [Info] GPU programs have been built
2025-10-26 10:30:36,921:INFO:[LightGBM] [Info] Size of histogram bin entry: 8
2025-10-26 10:30:36,923:INFO:[LightGBM] [Info] 11 dense feature groups (0.00 MB) transferred to GPU in 0.000704 secs. 0 sparse feature groups
2025-10-26 10:30:36,923:INFO:[LightGBM] [Info] Start training from score 586571.738988
2025-10-26 10:30:36,927:INFO:[LightGBM] [Warning] No further splits with positive gain, best gain: -inf
2025-10-26 10:30:36,930:INFO:[LightGBM] [Warning] No further splits with positive gain, best gain: -inf
2025-10-26 10:30:36,933:INFO:[LightGBM] [Warning] No further splits with positive gain, best gain: -inf
2025-10-26 10:30:36,936:INFO:[LightGBM] [Warning] No further splits with positive gain, best gain: -inf
2025-10-26 10:30:36,939:INFO:[LightGBM] [Warning] No further splits with positive gain, best gain: -inf
2025-10-26 10:30:36,943:INFO:[LightGBM] [Warning] No further splits with positive gain, best gain: -inf
2025-10-26 10:30:36,947:INFO:[LightGBM] [Warning] No further splits with positive gain, best gain: -inf
2025-10-26 10:30:36,951:INFO:[LightGBM] [Warning] No further splits with positive gain, best gain: -inf
2025-10-26 10:30:36,955:INFO:[LightGBM] [Warning] No further splits with positive gain, best gain: -inf
2025-10-26 10:30:36,959:INFO:[LightGBM] [Warning] No further splits with positive gain, best gain: -inf
2025-10-26 10:30:36,963:INFO:[LightGBM] [Warning] No further splits with positive gain, best gain: -inf
2025-10-26 10:30:36,967:INFO:[LightGBM] [Warning] No further splits with positive gain, best gain: -inf
2025-10-26 10:30:36,971:INFO:[LightGBM] [Warning] No further splits with positive gain, best gain: -inf
2025-10-26 10:30:36,975:INFO:[LightGBM] [Warning] No further splits with positive gain, best gain: -inf
2025-10-26 10:30:36,978:INFO:[LightGBM] [Warning] No further splits with positive gain, best gain: -inf
2025-10-26 10:30:36,983:INFO:[LightGBM] [Warning] No further splits with positive gain, best gain: -inf
2025-10-26 10:30:36,987:INFO:[LightGBM] [Warning] No further splits with positive gain, best gain: -inf
2025-10-26 10:30:36,991:INFO:[LightGBM] [Warning] No further splits with positive gain, best gain: -inf
2025-10-26 10:30:36,995:INFO:[LightGBM] [Warning] No further splits with positive gain, best gain: -inf
2025-10-26 10:30:36,999:INFO:[LightGBM] [Warning] No further splits with positive gain, best gain: -inf
2025-10-26 10:30:37,003:INFO:[LightGBM] [Warning] No further splits with positive gain, best gain: -inf
2025-10-26 10:30:37,007:INFO:[LightGBM] [Warning] No further splits with positive gain, best gain: -inf
2025-10-26 10:30:37,011:INFO:[LightGBM] [Warning] No further splits with positive gain, best gain: -inf
2025-10-26 10:30:37,015:INFO:[LightGBM] [Warning] No further splits with positive gain, best gain: -inf
2025-10-26 10:30:37,020:INFO:[LightGBM] [Warning] No further splits with positive gain, best gain: -inf
2025-10-26 10:30:37,024:INFO:[LightGBM] [Warning] No further splits with positive gain, best gain: -inf
2025-10-26 10:30:37,028:INFO:[LightGBM] [Warning] No further splits with positive gain, best gain: -inf
2025-10-26 10:30:37,031:INFO:[LightGBM] [Warning] No further splits with positive gain, best gain: -inf
2025-10-26 10:30:37,035:INFO:[LightGBM] [Warning] No further splits with positive gain, best gain: -inf
2025-10-26 10:30:37,040:INFO:[LightGBM] [Warning] No further splits with positive gain, best gain: -inf
2025-10-26 10:30:37,043:INFO:[LightGBM] [Warning] No further splits with positive gain, best gain: -inf
2025-10-26 10:30:37,048:INFO:[LightGBM] [Warning] No further splits with positive gain, best gain: -inf
2025-10-26 10:30:37,052:INFO:[LightGBM] [Warning] No further splits with positive gain, best gain: -inf
2025-10-26 10:30:37,055:INFO:[LightGBM] [Warning] No further splits with positive gain, best gain: -inf
2025-10-26 10:30:37,059:INFO:[LightGBM] [Warning] No further splits with positive gain, best gain: -inf
2025-10-26 10:30:37,063:INFO:[LightGBM] [Warning] No further splits with positive gain, best gain: -inf
2025-10-26 10:30:37,067:INFO:[LightGBM] [Warning] No further splits with positive gain, best gain: -inf
2025-10-26 10:30:37,071:INFO:[LightGBM] [Warning] No further splits with positive gain, best gain: -inf
2025-10-26 10:30:37,076:INFO:[LightGBM] [Warning] No further splits with positive gain, best gain: -inf
2025-10-26 10:30:37,079:INFO:[LightGBM] [Warning] No further splits with positive gain, best gain: -inf
2025-10-26 10:30:37,084:INFO:[LightGBM] [Warning] No further splits with positive gain, best gain: -inf
2025-10-26 10:30:37,088:INFO:[LightGBM] [Warning] No further splits with positive gain, best gain: -inf
2025-10-26 10:30:37,092:INFO:[LightGBM] [Warning] No further splits with positive gain, best gain: -inf
2025-10-26 10:30:37,096:INFO:[LightGBM] [Warning] No further splits with positive gain, best gain: -inf
2025-10-26 10:30:37,100:INFO:[LightGBM] [Warning] No further splits with positive gain, best gain: -inf
2025-10-26 10:30:37,104:INFO:[LightGBM] [Warning] No further splits with positive gain, best gain: -inf
2025-10-26 10:30:37,108:INFO:[LightGBM] [Warning] No further splits with positive gain, best gain: -inf
2025-10-26 10:30:37,113:INFO:[LightGBM] [Warning] No further splits with positive gain, best gain: -inf
2025-10-26 10:30:37,117:INFO:[LightGBM] [Warning] No further splits with positive gain, best gain: -inf
2025-10-26 10:30:37,121:INFO:[LightGBM] [Warning] No further splits with positive gain, best gain: -inf
2025-10-26 10:30:37,125:INFO:[LightGBM] [Warning] No further splits with positive gain, best gain: -inf
2025-10-26 10:30:37,129:INFO:[LightGBM] [Warning] No further splits with positive gain, best gain: -inf
2025-10-26 10:30:37,133:INFO:[LightGBM] [Warning] No further splits with positive gain, best gain: -inf
2025-10-26 10:30:37,137:INFO:[LightGBM] [Warning] No further splits with positive gain, best gain: -inf
2025-10-26 10:30:37,141:INFO:[LightGBM] [Warning] No further splits with positive gain, best gain: -inf
2025-10-26 10:30:37,146:INFO:[LightGBM] [Warning] No further splits with positive gain, best gain: -inf
2025-10-26 10:30:37,150:INFO:[LightGBM] [Warning] No further splits with positive gain, best gain: -inf
2025-10-26 10:30:37,155:INFO:[LightGBM] [Warning] No further splits with positive gain, best gain: -inf
2025-10-26 10:30:37,159:INFO:[LightGBM] [Warning] No further splits with positive gain, best gain: -inf
2025-10-26 10:30:37,163:INFO:[LightGBM] [Warning] No further splits with positive gain, best gain: -inf
2025-10-26 10:30:37,167:INFO:[LightGBM] [Warning] No further splits with positive gain, best gain: -inf
2025-10-26 10:30:37,172:INFO:[LightGBM] [Warning] No further splits with positive gain, best gain: -inf
2025-10-26 10:30:37,176:INFO:[LightGBM] [Warning] No further splits with positive gain, best gain: -inf
2025-10-26 10:30:37,180:INFO:[LightGBM] [Warning] No further splits with positive gain, best gain: -inf
2025-10-26 10:30:37,184:INFO:[LightGBM] [Warning] No further splits with positive gain, best gain: -inf
2025-10-26 10:30:37,188:INFO:[LightGBM] [Warning] No further splits with positive gain, best gain: -inf
2025-10-26 10:30:37,192:INFO:[LightGBM] [Warning] No further splits with positive gain, best gain: -inf
2025-10-26 10:30:37,197:INFO:[LightGBM] [Warning] No further splits with positive gain, best gain: -inf
2025-10-26 10:30:37,202:INFO:[LightGBM] [Warning] No further splits with positive gain, best gain: -inf
2025-10-26 10:30:37,206:INFO:[LightGBM] [Warning] No further splits with positive gain, best gain: -inf
2025-10-26 10:30:37,210:INFO:[LightGBM] [Warning] No further splits with positive gain, best gain: -inf
2025-10-26 10:30:37,214:INFO:[LightGBM] [Warning] No further splits with positive gain, best gain: -inf
2025-10-26 10:30:37,218:INFO:[LightGBM] [Warning] No further splits with positive gain, best gain: -inf
2025-10-26 10:30:37,223:INFO:[LightGBM] [Warning] No further splits with positive gain, best gain: -inf
2025-10-26 10:30:37,227:INFO:[LightGBM] [Warning] No further splits with positive gain, best gain: -inf
2025-10-26 10:30:37,231:INFO:[LightGBM] [Warning] No further splits with positive gain, best gain: -inf
2025-10-26 10:30:37,235:INFO:[LightGBM] [Warning] No further splits with positive gain, best gain: -inf
2025-10-26 10:30:37,239:INFO:[LightGBM] [Warning] No further splits with positive gain, best gain: -inf
2025-10-26 10:30:37,243:INFO:[LightGBM] [Warning] No further splits with positive gain, best gain: -inf
2025-10-26 10:30:37,248:INFO:[LightGBM] [Warning] No further splits with positive gain, best gain: -inf
2025-10-26 10:30:37,252:INFO:[LightGBM] [Warning] No further splits with positive gain, best gain: -inf
2025-10-26 10:30:37,257:INFO:[LightGBM] [Warning] No further splits with positive gain, best gain: -inf
2025-10-26 10:30:37,261:INFO:[LightGBM] [Warning] No further splits with positive gain, best gain: -inf
2025-10-26 10:30:37,265:INFO:[LightGBM] [Warning] No further splits with positive gain, best gain: -inf
2025-10-26 10:30:37,269:INFO:[LightGBM] [Warning] No further splits with positive gain, best gain: -inf
2025-10-26 10:30:37,273:INFO:[LightGBM] [Warning] No further splits with positive gain, best gain: -inf
2025-10-26 10:30:37,277:INFO:[LightGBM] [Warning] No further splits with positive gain, best gain: -inf
2025-10-26 10:30:37,281:INFO:[LightGBM] [Warning] No further splits with positive gain, best gain: -inf
2025-10-26 10:30:37,286:INFO:[LightGBM] [Warning] No further splits with positive gain, best gain: -inf
2025-10-26 10:30:37,290:INFO:[LightGBM] [Warning] No further splits with positive gain, best gain: -inf
2025-10-26 10:30:37,294:INFO:[LightGBM] [Warning] No further splits with positive gain, best gain: -inf
2025-10-26 10:30:37,298:INFO:[LightGBM] [Warning] No further splits with positive gain, best gain: -inf
2025-10-26 10:30:37,303:INFO:[LightGBM] [Warning] No further splits with positive gain, best gain: -inf
2025-10-26 10:30:37,307:INFO:[LightGBM] [Warning] No further splits with positive gain, best gain: -inf
2025-10-26 10:30:37,312:INFO:[LightGBM] [Warning] No further splits with positive gain, best gain: -inf
2025-10-26 10:30:37,316:INFO:[LightGBM] [Warning] No further splits with positive gain, best gain: -inf
2025-10-26 10:30:37,321:INFO:[LightGBM] [Warning] No further splits with positive gain, best gain: -inf
2025-10-26 10:30:37,325:INFO:[LightGBM] [Warning] No further splits with positive gain, best gain: -inf
2025-10-26 10:30:37,329:INFO:[LightGBM] [Warning] No further splits with positive gain, best gain: -inf
2025-10-26 10:30:37,333:INFO:[LightGBM] [Warning] No further splits with positive gain, best gain: -inf
2025-10-26 10:30:37,406:INFO:[LightGBM] [Info] This is the GPU trainer!!
2025-10-26 10:30:37,406:INFO:[LightGBM] [Info] Total Bins 557
2025-10-26 10:30:37,406:INFO:[LightGBM] [Info] Number of data points in the train set: 315, number of used features: 11
2025-10-26 10:30:37,407:INFO:[LightGBM] [Info] Using GPU Device: Intel(R) UHD Graphics, Vendor: Intel(R) Corporation
2025-10-26 10:30:37,407:INFO:[LightGBM] [Info] Compiling OpenCL Kernel with 256 bins...
2025-10-26 10:30:37,411:INFO:[LightGBM] [Info] GPU programs have been built
2025-10-26 10:30:37,413:INFO:[LightGBM] [Info] Size of histogram bin entry: 8
2025-10-26 10:30:37,415:INFO:[LightGBM] [Info] 11 dense feature groups (0.00 MB) transferred to GPU in 0.000753 secs. 0 sparse feature groups
2025-10-26 10:30:37,415:INFO:[LightGBM] [Info] Start training from score 582969.248710
2025-10-26 10:30:37,419:INFO:[LightGBM] [Warning] No further splits with positive gain, best gain: -inf
2025-10-26 10:30:37,423:INFO:[LightGBM] [Warning] No further splits with positive gain, best gain: -inf
2025-10-26 10:30:37,426:INFO:[LightGBM] [Warning] No further splits with positive gain, best gain: -inf
2025-10-26 10:30:37,430:INFO:[LightGBM] [Warning] No further splits with positive gain, best gain: -inf
2025-10-26 10:30:37,433:INFO:[LightGBM] [Warning] No further splits with positive gain, best gain: -inf
2025-10-26 10:30:37,436:INFO:[LightGBM] [Warning] No further splits with positive gain, best gain: -inf
2025-10-26 10:30:37,440:INFO:[LightGBM] [Warning] No further splits with positive gain, best gain: -inf
2025-10-26 10:30:37,444:INFO:[LightGBM] [Warning] No further splits with positive gain, best gain: -inf
2025-10-26 10:30:37,448:INFO:[LightGBM] [Warning] No further splits with positive gain, best gain: -inf
2025-10-26 10:30:37,452:INFO:[LightGBM] [Warning] No further splits with positive gain, best gain: -inf
2025-10-26 10:30:37,456:INFO:[LightGBM] [Warning] No further splits with positive gain, best gain: -inf
2025-10-26 10:30:37,460:INFO:[LightGBM] [Warning] No further splits with positive gain, best gain: -inf
2025-10-26 10:30:37,465:INFO:[LightGBM] [Warning] No further splits with positive gain, best gain: -inf
2025-10-26 10:30:37,469:INFO:[LightGBM] [Warning] No further splits with positive gain, best gain: -inf
2025-10-26 10:30:37,472:INFO:[LightGBM] [Warning] No further splits with positive gain, best gain: -inf
2025-10-26 10:30:37,476:INFO:[LightGBM] [Warning] No further splits with positive gain, best gain: -inf
2025-10-26 10:30:37,480:INFO:[LightGBM] [Warning] No further splits with positive gain, best gain: -inf
2025-10-26 10:30:37,484:INFO:[LightGBM] [Warning] No further splits with positive gain, best gain: -inf
2025-10-26 10:30:37,488:INFO:[LightGBM] [Warning] No further splits with positive gain, best gain: -inf
2025-10-26 10:30:37,492:INFO:[LightGBM] [Warning] No further splits with positive gain, best gain: -inf
2025-10-26 10:30:37,496:INFO:[LightGBM] [Warning] No further splits with positive gain, best gain: -inf
2025-10-26 10:30:37,500:INFO:[LightGBM] [Warning] No further splits with positive gain, best gain: -inf
2025-10-26 10:30:37,504:INFO:[LightGBM] [Warning] No further splits with positive gain, best gain: -inf
2025-10-26 10:30:37,508:INFO:[LightGBM] [Warning] No further splits with positive gain, best gain: -inf
2025-10-26 10:30:37,511:INFO:[LightGBM] [Warning] No further splits with positive gain, best gain: -inf
2025-10-26 10:30:37,515:INFO:[LightGBM] [Warning] No further splits with positive gain, best gain: -inf
2025-10-26 10:30:37,519:INFO:[LightGBM] [Warning] No further splits with positive gain, best gain: -inf
2025-10-26 10:30:37,523:INFO:[LightGBM] [Warning] No further splits with positive gain, best gain: -inf
2025-10-26 10:30:37,528:INFO:[LightGBM] [Warning] No further splits with positive gain, best gain: -inf
2025-10-26 10:30:37,532:INFO:[LightGBM] [Warning] No further splits with positive gain, best gain: -inf
2025-10-26 10:30:37,536:INFO:[LightGBM] [Warning] No further splits with positive gain, best gain: -inf
2025-10-26 10:30:37,541:INFO:[LightGBM] [Warning] No further splits with positive gain, best gain: -inf
2025-10-26 10:30:37,545:INFO:[LightGBM] [Warning] No further splits with positive gain, best gain: -inf
2025-10-26 10:30:37,549:INFO:[LightGBM] [Warning] No further splits with positive gain, best gain: -inf
2025-10-26 10:30:37,552:INFO:[LightGBM] [Warning] No further splits with positive gain, best gain: -inf
2025-10-26 10:30:37,557:INFO:[LightGBM] [Warning] No further splits with positive gain, best gain: -inf
2025-10-26 10:30:37,562:INFO:[LightGBM] [Warning] No further splits with positive gain, best gain: -inf
2025-10-26 10:30:37,566:INFO:[LightGBM] [Warning] No further splits with positive gain, best gain: -inf
2025-10-26 10:30:37,570:INFO:[LightGBM] [Warning] No further splits with positive gain, best gain: -inf
2025-10-26 10:30:37,574:INFO:[LightGBM] [Warning] No further splits with positive gain, best gain: -inf
2025-10-26 10:30:37,580:INFO:[LightGBM] [Warning] No further splits with positive gain, best gain: -inf
2025-10-26 10:30:37,584:INFO:[LightGBM] [Warning] No further splits with positive gain, best gain: -inf
2025-10-26 10:30:37,588:INFO:[LightGBM] [Warning] No further splits with positive gain, best gain: -inf
2025-10-26 10:30:37,592:INFO:[LightGBM] [Warning] No further splits with positive gain, best gain: -inf
2025-10-26 10:30:37,596:INFO:[LightGBM] [Warning] No further splits with positive gain, best gain: -inf
2025-10-26 10:30:37,600:INFO:[LightGBM] [Warning] No further splits with positive gain, best gain: -inf
2025-10-26 10:30:37,605:INFO:[LightGBM] [Warning] No further splits with positive gain, best gain: -inf
2025-10-26 10:30:37,609:INFO:[LightGBM] [Warning] No further splits with positive gain, best gain: -inf
2025-10-26 10:30:37,613:INFO:[LightGBM] [Warning] No further splits with positive gain, best gain: -inf
2025-10-26 10:30:37,618:INFO:[LightGBM] [Warning] No further splits with positive gain, best gain: -inf
2025-10-26 10:30:37,622:INFO:[LightGBM] [Warning] No further splits with positive gain, best gain: -inf
2025-10-26 10:30:37,626:INFO:[LightGBM] [Warning] No further splits with positive gain, best gain: -inf
2025-10-26 10:30:37,631:INFO:[LightGBM] [Warning] No further splits with positive gain, best gain: -inf
2025-10-26 10:30:37,635:INFO:[LightGBM] [Warning] No further splits with positive gain, best gain: -inf
2025-10-26 10:30:37,640:INFO:[LightGBM] [Warning] No further splits with positive gain, best gain: -inf
2025-10-26 10:30:37,644:INFO:[LightGBM] [Warning] No further splits with positive gain, best gain: -inf
2025-10-26 10:30:37,649:INFO:[LightGBM] [Warning] No further splits with positive gain, best gain: -inf
2025-10-26 10:30:37,653:INFO:[LightGBM] [Warning] No further splits with positive gain, best gain: -inf
2025-10-26 10:30:37,658:INFO:[LightGBM] [Warning] No further splits with positive gain, best gain: -inf
2025-10-26 10:30:37,662:INFO:[LightGBM] [Warning] No further splits with positive gain, best gain: -inf
2025-10-26 10:30:37,666:INFO:[LightGBM] [Warning] No further splits with positive gain, best gain: -inf
2025-10-26 10:30:37,670:INFO:[LightGBM] [Warning] No further splits with positive gain, best gain: -inf
2025-10-26 10:30:37,675:INFO:[LightGBM] [Warning] No further splits with positive gain, best gain: -inf
2025-10-26 10:30:37,679:INFO:[LightGBM] [Warning] No further splits with positive gain, best gain: -inf
2025-10-26 10:30:37,683:INFO:[LightGBM] [Warning] No further splits with positive gain, best gain: -inf
2025-10-26 10:30:37,688:INFO:[LightGBM] [Warning] No further splits with positive gain, best gain: -inf
2025-10-26 10:30:37,692:INFO:[LightGBM] [Warning] No further splits with positive gain, best gain: -inf
2025-10-26 10:30:37,696:INFO:[LightGBM] [Warning] No further splits with positive gain, best gain: -inf
2025-10-26 10:30:37,700:INFO:[LightGBM] [Warning] No further splits with positive gain, best gain: -inf
2025-10-26 10:30:37,704:INFO:[LightGBM] [Warning] No further splits with positive gain, best gain: -inf
2025-10-26 10:30:37,708:INFO:[LightGBM] [Warning] No further splits with positive gain, best gain: -inf
2025-10-26 10:30:37,712:INFO:[LightGBM] [Warning] No further splits with positive gain, best gain: -inf
2025-10-26 10:30:37,716:INFO:[LightGBM] [Warning] No further splits with positive gain, best gain: -inf
2025-10-26 10:30:37,720:INFO:[LightGBM] [Warning] No further splits with positive gain, best gain: -inf
2025-10-26 10:30:37,724:INFO:[LightGBM] [Warning] No further splits with positive gain, best gain: -inf
2025-10-26 10:30:37,728:INFO:[LightGBM] [Warning] No further splits with positive gain, best gain: -inf
2025-10-26 10:30:37,733:INFO:[LightGBM] [Warning] No further splits with positive gain, best gain: -inf
2025-10-26 10:30:37,737:INFO:[LightGBM] [Warning] No further splits with positive gain, best gain: -inf
2025-10-26 10:30:37,742:INFO:[LightGBM] [Warning] No further splits with positive gain, best gain: -inf
2025-10-26 10:30:37,746:INFO:[LightGBM] [Warning] No further splits with positive gain, best gain: -inf
2025-10-26 10:30:37,750:INFO:[LightGBM] [Warning] No further splits with positive gain, best gain: -inf
2025-10-26 10:30:37,754:INFO:[LightGBM] [Warning] No further splits with positive gain, best gain: -inf
2025-10-26 10:30:37,758:INFO:[LightGBM] [Warning] No further splits with positive gain, best gain: -inf
2025-10-26 10:30:37,763:INFO:[LightGBM] [Warning] No further splits with positive gain, best gain: -inf
2025-10-26 10:30:37,767:INFO:[LightGBM] [Warning] No further splits with positive gain, best gain: -inf
2025-10-26 10:30:37,771:INFO:[LightGBM] [Warning] No further splits with positive gain, best gain: -inf
2025-10-26 10:30:37,775:INFO:[LightGBM] [Warning] No further splits with positive gain, best gain: -inf
2025-10-26 10:30:37,779:INFO:[LightGBM] [Warning] No further splits with positive gain, best gain: -inf
2025-10-26 10:30:37,784:INFO:[LightGBM] [Warning] No further splits with positive gain, best gain: -inf
2025-10-26 10:30:37,789:INFO:[LightGBM] [Warning] No further splits with positive gain, best gain: -inf
2025-10-26 10:30:37,793:INFO:[LightGBM] [Warning] No further splits with positive gain, best gain: -inf
2025-10-26 10:30:37,797:INFO:[LightGBM] [Warning] No further splits with positive gain, best gain: -inf
2025-10-26 10:30:37,802:INFO:[LightGBM] [Warning] No further splits with positive gain, best gain: -inf
2025-10-26 10:30:37,806:INFO:[LightGBM] [Warning] No further splits with positive gain, best gain: -inf
2025-10-26 10:30:37,810:INFO:[LightGBM] [Warning] No further splits with positive gain, best gain: -inf
2025-10-26 10:30:37,814:INFO:[LightGBM] [Warning] No further splits with positive gain, best gain: -inf
2025-10-26 10:30:37,819:INFO:[LightGBM] [Warning] No further splits with positive gain, best gain: -inf
2025-10-26 10:30:37,824:INFO:[LightGBM] [Warning] No further splits with positive gain, best gain: -inf
2025-10-26 10:30:37,828:INFO:[LightGBM] [Warning] No further splits with positive gain, best gain: -inf
2025-10-26 10:30:37,832:INFO:[LightGBM] [Warning] No further splits with positive gain, best gain: -inf
2025-10-26 10:30:37,906:INFO:[LightGBM] [Info] This is the GPU trainer!!
2025-10-26 10:30:37,906:INFO:[LightGBM] [Info] Total Bins 552
2025-10-26 10:30:37,906:INFO:[LightGBM] [Info] Number of data points in the train set: 315, number of used features: 11
2025-10-26 10:30:37,906:INFO:[LightGBM] [Info] Using GPU Device: Intel(R) UHD Graphics, Vendor: Intel(R) Corporation
2025-10-26 10:30:37,907:INFO:[LightGBM] [Info] Compiling OpenCL Kernel with 256 bins...
2025-10-26 10:30:37,911:INFO:[LightGBM] [Info] GPU programs have been built
2025-10-26 10:30:37,913:INFO:[LightGBM] [Info] Size of histogram bin entry: 8
2025-10-26 10:30:37,915:INFO:[LightGBM] [Info] 11 dense feature groups (0.00 MB) transferred to GPU in 0.000722 secs. 0 sparse feature groups
2025-10-26 10:30:37,915:INFO:[LightGBM] [Info] Start training from score 586462.319147
2025-10-26 10:30:37,919:INFO:[LightGBM] [Warning] No further splits with positive gain, best gain: -inf
2025-10-26 10:30:37,923:INFO:[LightGBM] [Warning] No further splits with positive gain, best gain: -inf
2025-10-26 10:30:37,928:INFO:[LightGBM] [Warning] No further splits with positive gain, best gain: -inf
2025-10-26 10:30:37,932:INFO:[LightGBM] [Warning] No further splits with positive gain, best gain: -inf
2025-10-26 10:30:37,935:INFO:[LightGBM] [Warning] No further splits with positive gain, best gain: -inf
2025-10-26 10:30:37,938:INFO:[LightGBM] [Warning] No further splits with positive gain, best gain: -inf
2025-10-26 10:30:37,942:INFO:[LightGBM] [Warning] No further splits with positive gain, best gain: -inf
2025-10-26 10:30:37,946:INFO:[LightGBM] [Warning] No further splits with positive gain, best gain: -inf
2025-10-26 10:30:37,949:INFO:[LightGBM] [Warning] No further splits with positive gain, best gain: -inf
2025-10-26 10:30:37,953:INFO:[LightGBM] [Warning] No further splits with positive gain, best gain: -inf
2025-10-26 10:30:37,958:INFO:[LightGBM] [Warning] No further splits with positive gain, best gain: -inf
2025-10-26 10:30:37,962:INFO:[LightGBM] [Warning] No further splits with positive gain, best gain: -inf
2025-10-26 10:30:37,966:INFO:[LightGBM] [Warning] No further splits with positive gain, best gain: -inf
2025-10-26 10:30:37,969:INFO:[LightGBM] [Warning] No further splits with positive gain, best gain: -inf
2025-10-26 10:30:37,973:INFO:[LightGBM] [Warning] No further splits with positive gain, best gain: -inf
2025-10-26 10:30:37,977:INFO:[LightGBM] [Warning] No further splits with positive gain, best gain: -inf
2025-10-26 10:30:37,981:INFO:[LightGBM] [Warning] No further splits with positive gain, best gain: -inf
2025-10-26 10:30:37,985:INFO:[LightGBM] [Warning] No further splits with positive gain, best gain: -inf
2025-10-26 10:30:37,988:INFO:[LightGBM] [Warning] No further splits with positive gain, best gain: -inf
2025-10-26 10:30:37,992:INFO:[LightGBM] [Warning] No further splits with positive gain, best gain: -inf
2025-10-26 10:30:37,996:INFO:[LightGBM] [Warning] No further splits with positive gain, best gain: -inf
2025-10-26 10:30:38,000:INFO:[LightGBM] [Warning] No further splits with positive gain, best gain: -inf
2025-10-26 10:30:38,004:INFO:[LightGBM] [Warning] No further splits with positive gain, best gain: -inf
2025-10-26 10:30:38,008:INFO:[LightGBM] [Warning] No further splits with positive gain, best gain: -inf
2025-10-26 10:30:38,012:INFO:[LightGBM] [Warning] No further splits with positive gain, best gain: -inf
2025-10-26 10:30:38,016:INFO:[LightGBM] [Warning] No further splits with positive gain, best gain: -inf
2025-10-26 10:30:38,020:INFO:[LightGBM] [Warning] No further splits with positive gain, best gain: -inf
2025-10-26 10:30:38,024:INFO:[LightGBM] [Warning] No further splits with positive gain, best gain: -inf
2025-10-26 10:30:38,027:INFO:[LightGBM] [Warning] No further splits with positive gain, best gain: -inf
2025-10-26 10:30:38,030:INFO:[LightGBM] [Warning] No further splits with positive gain, best gain: -inf
2025-10-26 10:30:38,033:INFO:[LightGBM] [Warning] No further splits with positive gain, best gain: -inf
2025-10-26 10:30:38,037:INFO:[LightGBM] [Warning] No further splits with positive gain, best gain: -inf
2025-10-26 10:30:38,041:INFO:[LightGBM] [Warning] No further splits with positive gain, best gain: -inf
2025-10-26 10:30:38,046:INFO:[LightGBM] [Warning] No further splits with positive gain, best gain: -inf
2025-10-26 10:30:38,050:INFO:[LightGBM] [Warning] No further splits with positive gain, best gain: -inf
2025-10-26 10:30:38,055:INFO:[LightGBM] [Warning] No further splits with positive gain, best gain: -inf
2025-10-26 10:30:38,059:INFO:[LightGBM] [Warning] No further splits with positive gain, best gain: -inf
2025-10-26 10:30:38,063:INFO:[LightGBM] [Warning] No further splits with positive gain, best gain: -inf
2025-10-26 10:30:38,067:INFO:[LightGBM] [Warning] No further splits with positive gain, best gain: -inf
2025-10-26 10:30:38,071:INFO:[LightGBM] [Warning] No further splits with positive gain, best gain: -inf
2025-10-26 10:30:38,077:INFO:[LightGBM] [Warning] No further splits with positive gain, best gain: -inf
2025-10-26 10:30:38,081:INFO:[LightGBM] [Warning] No further splits with positive gain, best gain: -inf
2025-10-26 10:30:38,085:INFO:[LightGBM] [Warning] No further splits with positive gain, best gain: -inf
2025-10-26 10:30:38,089:INFO:[LightGBM] [Warning] No further splits with positive gain, best gain: -inf
2025-10-26 10:30:38,093:INFO:[LightGBM] [Warning] No further splits with positive gain, best gain: -inf
2025-10-26 10:30:38,097:INFO:[LightGBM] [Warning] No further splits with positive gain, best gain: -inf
2025-10-26 10:30:38,102:INFO:[LightGBM] [Warning] No further splits with positive gain, best gain: -inf
2025-10-26 10:30:38,107:INFO:[LightGBM] [Warning] No further splits with positive gain, best gain: -inf
2025-10-26 10:30:38,111:INFO:[LightGBM] [Warning] No further splits with positive gain, best gain: -inf
2025-10-26 10:30:38,115:INFO:[LightGBM] [Warning] No further splits with positive gain, best gain: -inf
2025-10-26 10:30:38,119:INFO:[LightGBM] [Warning] No further splits with positive gain, best gain: -inf
2025-10-26 10:30:38,124:INFO:[LightGBM] [Warning] No further splits with positive gain, best gain: -inf
2025-10-26 10:30:38,128:INFO:[LightGBM] [Warning] No further splits with positive gain, best gain: -inf
2025-10-26 10:30:38,132:INFO:[LightGBM] [Warning] No further splits with positive gain, best gain: -inf
2025-10-26 10:30:38,136:INFO:[LightGBM] [Warning] No further splits with positive gain, best gain: -inf
2025-10-26 10:30:38,140:INFO:[LightGBM] [Warning] No further splits with positive gain, best gain: -inf
2025-10-26 10:30:38,144:INFO:[LightGBM] [Warning] No further splits with positive gain, best gain: -inf
2025-10-26 10:30:38,148:INFO:[LightGBM] [Warning] No further splits with positive gain, best gain: -inf
2025-10-26 10:30:38,152:INFO:[LightGBM] [Warning] No further splits with positive gain, best gain: -inf
2025-10-26 10:30:38,156:INFO:[LightGBM] [Warning] No further splits with positive gain, best gain: -inf
2025-10-26 10:30:38,160:INFO:[LightGBM] [Warning] No further splits with positive gain, best gain: -inf
2025-10-26 10:30:38,163:INFO:[LightGBM] [Warning] No further splits with positive gain, best gain: -inf
2025-10-26 10:30:38,167:INFO:[LightGBM] [Warning] No further splits with positive gain, best gain: -inf
2025-10-26 10:30:38,172:INFO:[LightGBM] [Warning] No further splits with positive gain, best gain: -inf
2025-10-26 10:30:38,175:INFO:[LightGBM] [Warning] No further splits with positive gain, best gain: -inf
2025-10-26 10:30:38,179:INFO:[LightGBM] [Warning] No further splits with positive gain, best gain: -inf
2025-10-26 10:30:38,183:INFO:[LightGBM] [Warning] No further splits with positive gain, best gain: -inf
2025-10-26 10:30:38,188:INFO:[LightGBM] [Warning] No further splits with positive gain, best gain: -inf
2025-10-26 10:30:38,192:INFO:[LightGBM] [Warning] No further splits with positive gain, best gain: -inf
2025-10-26 10:30:38,195:INFO:[LightGBM] [Warning] No further splits with positive gain, best gain: -inf
2025-10-26 10:30:38,200:INFO:[LightGBM] [Warning] No further splits with positive gain, best gain: -inf
2025-10-26 10:30:38,204:INFO:[LightGBM] [Warning] No further splits with positive gain, best gain: -inf
2025-10-26 10:30:38,208:INFO:[LightGBM] [Warning] No further splits with positive gain, best gain: -inf
2025-10-26 10:30:38,212:INFO:[LightGBM] [Warning] No further splits with positive gain, best gain: -inf
2025-10-26 10:30:38,216:INFO:[LightGBM] [Warning] No further splits with positive gain, best gain: -inf
2025-10-26 10:30:38,221:INFO:[LightGBM] [Warning] No further splits with positive gain, best gain: -inf
2025-10-26 10:30:38,224:INFO:[LightGBM] [Warning] No further splits with positive gain, best gain: -inf
2025-10-26 10:30:38,228:INFO:[LightGBM] [Warning] No further splits with positive gain, best gain: -inf
2025-10-26 10:30:38,232:INFO:[LightGBM] [Warning] No further splits with positive gain, best gain: -inf
2025-10-26 10:30:38,237:INFO:[LightGBM] [Warning] No further splits with positive gain, best gain: -inf
2025-10-26 10:30:38,240:INFO:[LightGBM] [Warning] No further splits with positive gain, best gain: -inf
2025-10-26 10:30:38,245:INFO:[LightGBM] [Warning] No further splits with positive gain, best gain: -inf
2025-10-26 10:30:38,249:INFO:[LightGBM] [Warning] No further splits with positive gain, best gain: -inf
2025-10-26 10:30:38,253:INFO:[LightGBM] [Warning] No further splits with positive gain, best gain: -inf
2025-10-26 10:30:38,258:INFO:[LightGBM] [Warning] No further splits with positive gain, best gain: -inf
2025-10-26 10:30:38,261:INFO:[LightGBM] [Warning] No further splits with positive gain, best gain: -inf
2025-10-26 10:30:38,266:INFO:[LightGBM] [Warning] No further splits with positive gain, best gain: -inf
2025-10-26 10:30:38,270:INFO:[LightGBM] [Warning] No further splits with positive gain, best gain: -inf
2025-10-26 10:30:38,274:INFO:[LightGBM] [Warning] No further splits with positive gain, best gain: -inf
2025-10-26 10:30:38,278:INFO:[LightGBM] [Warning] No further splits with positive gain, best gain: -inf
2025-10-26 10:30:38,283:INFO:[LightGBM] [Warning] No further splits with positive gain, best gain: -inf
2025-10-26 10:30:38,288:INFO:[LightGBM] [Warning] No further splits with positive gain, best gain: -inf
2025-10-26 10:30:38,292:INFO:[LightGBM] [Warning] No further splits with positive gain, best gain: -inf
2025-10-26 10:30:38,296:INFO:[LightGBM] [Warning] No further splits with positive gain, best gain: -inf
2025-10-26 10:30:38,299:INFO:[LightGBM] [Warning] No further splits with positive gain, best gain: -inf
2025-10-26 10:30:38,303:INFO:[LightGBM] [Warning] No further splits with positive gain, best gain: -inf
2025-10-26 10:30:38,308:INFO:[LightGBM] [Warning] No further splits with positive gain, best gain: -inf
2025-10-26 10:30:38,311:INFO:[LightGBM] [Warning] No further splits with positive gain, best gain: -inf
2025-10-26 10:30:38,315:INFO:[LightGBM] [Warning] No further splits with positive gain, best gain: -inf
2025-10-26 10:30:38,319:INFO:[LightGBM] [Warning] No further splits with positive gain, best gain: -inf
2025-10-26 10:30:38,392:INFO:[LightGBM] [Info] This is the GPU trainer!!
2025-10-26 10:30:38,393:INFO:[LightGBM] [Info] Total Bins 558
2025-10-26 10:30:38,393:INFO:[LightGBM] [Info] Number of data points in the train set: 315, number of used features: 11
2025-10-26 10:30:38,393:INFO:[LightGBM] [Info] Using GPU Device: Intel(R) UHD Graphics, Vendor: Intel(R) Corporation
2025-10-26 10:30:38,393:INFO:[LightGBM] [Info] Compiling OpenCL Kernel with 256 bins...
2025-10-26 10:30:38,398:INFO:[LightGBM] [Info] GPU programs have been built
2025-10-26 10:30:38,400:INFO:[LightGBM] [Info] Size of histogram bin entry: 8
2025-10-26 10:30:38,402:INFO:[LightGBM] [Info] 11 dense feature groups (0.00 MB) transferred to GPU in 0.000920 secs. 0 sparse feature groups
2025-10-26 10:30:38,402:INFO:[LightGBM] [Info] Start training from score 589801.695437
2025-10-26 10:30:38,406:INFO:[LightGBM] [Warning] No further splits with positive gain, best gain: -inf
2025-10-26 10:30:38,410:INFO:[LightGBM] [Warning] No further splits with positive gain, best gain: -inf
2025-10-26 10:30:38,413:INFO:[LightGBM] [Warning] No further splits with positive gain, best gain: -inf
2025-10-26 10:30:38,417:INFO:[LightGBM] [Warning] No further splits with positive gain, best gain: -inf
2025-10-26 10:30:38,420:INFO:[LightGBM] [Warning] No further splits with positive gain, best gain: -inf
2025-10-26 10:30:38,423:INFO:[LightGBM] [Warning] No further splits with positive gain, best gain: -inf
2025-10-26 10:30:38,426:INFO:[LightGBM] [Warning] No further splits with positive gain, best gain: -inf
2025-10-26 10:30:38,430:INFO:[LightGBM] [Warning] No further splits with positive gain, best gain: -inf
2025-10-26 10:30:38,433:INFO:[LightGBM] [Warning] No further splits with positive gain, best gain: -inf
2025-10-26 10:30:38,437:INFO:[LightGBM] [Warning] No further splits with positive gain, best gain: -inf
2025-10-26 10:30:38,440:INFO:[LightGBM] [Warning] No further splits with positive gain, best gain: -inf
2025-10-26 10:30:38,444:INFO:[LightGBM] [Warning] No further splits with positive gain, best gain: -inf
2025-10-26 10:30:38,448:INFO:[LightGBM] [Warning] No further splits with positive gain, best gain: -inf
2025-10-26 10:30:38,451:INFO:[LightGBM] [Warning] No further splits with positive gain, best gain: -inf
2025-10-26 10:30:38,455:INFO:[LightGBM] [Warning] No further splits with positive gain, best gain: -inf
2025-10-26 10:30:38,460:INFO:[LightGBM] [Warning] No further splits with positive gain, best gain: -inf
2025-10-26 10:30:38,464:INFO:[LightGBM] [Warning] No further splits with positive gain, best gain: -inf
2025-10-26 10:30:38,467:INFO:[LightGBM] [Warning] No further splits with positive gain, best gain: -inf
2025-10-26 10:30:38,471:INFO:[LightGBM] [Warning] No further splits with positive gain, best gain: -inf
2025-10-26 10:30:38,475:INFO:[LightGBM] [Warning] No further splits with positive gain, best gain: -inf
2025-10-26 10:30:38,480:INFO:[LightGBM] [Warning] No further splits with positive gain, best gain: -inf
2025-10-26 10:30:38,484:INFO:[LightGBM] [Warning] No further splits with positive gain, best gain: -inf
2025-10-26 10:30:38,488:INFO:[LightGBM] [Warning] No further splits with positive gain, best gain: -inf
2025-10-26 10:30:38,492:INFO:[LightGBM] [Warning] No further splits with positive gain, best gain: -inf
2025-10-26 10:30:38,497:INFO:[LightGBM] [Warning] No further splits with positive gain, best gain: -inf
2025-10-26 10:30:38,501:INFO:[LightGBM] [Warning] No further splits with positive gain, best gain: -inf
2025-10-26 10:30:38,506:INFO:[LightGBM] [Warning] No further splits with positive gain, best gain: -inf
2025-10-26 10:30:38,511:INFO:[LightGBM] [Warning] No further splits with positive gain, best gain: -inf
2025-10-26 10:30:38,515:INFO:[LightGBM] [Warning] No further splits with positive gain, best gain: -inf
2025-10-26 10:30:38,519:INFO:[LightGBM] [Warning] No further splits with positive gain, best gain: -inf
2025-10-26 10:30:38,523:INFO:[LightGBM] [Warning] No further splits with positive gain, best gain: -inf
2025-10-26 10:30:38,527:INFO:[LightGBM] [Warning] No further splits with positive gain, best gain: -inf
2025-10-26 10:30:38,531:INFO:[LightGBM] [Warning] No further splits with positive gain, best gain: -inf
2025-10-26 10:30:38,535:INFO:[LightGBM] [Warning] No further splits with positive gain, best gain: -inf
2025-10-26 10:30:38,539:INFO:[LightGBM] [Warning] No further splits with positive gain, best gain: -inf
2025-10-26 10:30:38,543:INFO:[LightGBM] [Warning] No further splits with positive gain, best gain: -inf
2025-10-26 10:30:38,547:INFO:[LightGBM] [Warning] No further splits with positive gain, best gain: -inf
2025-10-26 10:30:38,550:INFO:[LightGBM] [Warning] No further splits with positive gain, best gain: -inf
2025-10-26 10:30:38,555:INFO:[LightGBM] [Warning] No further splits with positive gain, best gain: -inf
2025-10-26 10:30:38,559:INFO:[LightGBM] [Warning] No further splits with positive gain, best gain: -inf
2025-10-26 10:30:38,563:INFO:[LightGBM] [Warning] No further splits with positive gain, best gain: -inf
2025-10-26 10:30:38,568:INFO:[LightGBM] [Warning] No further splits with positive gain, best gain: -inf
2025-10-26 10:30:38,572:INFO:[LightGBM] [Warning] No further splits with positive gain, best gain: -inf
2025-10-26 10:30:38,576:INFO:[LightGBM] [Warning] No further splits with positive gain, best gain: -inf
2025-10-26 10:30:38,579:INFO:[LightGBM] [Warning] No further splits with positive gain, best gain: -inf
2025-10-26 10:30:38,583:INFO:[LightGBM] [Warning] No further splits with positive gain, best gain: -inf
2025-10-26 10:30:38,588:INFO:[LightGBM] [Warning] No further splits with positive gain, best gain: -inf
2025-10-26 10:30:38,592:INFO:[LightGBM] [Warning] No further splits with positive gain, best gain: -inf
2025-10-26 10:30:38,596:INFO:[LightGBM] [Warning] No further splits with positive gain, best gain: -inf
2025-10-26 10:30:38,601:INFO:[LightGBM] [Warning] No further splits with positive gain, best gain: -inf
2025-10-26 10:30:38,605:INFO:[LightGBM] [Warning] No further splits with positive gain, best gain: -inf
2025-10-26 10:30:38,609:INFO:[LightGBM] [Warning] No further splits with positive gain, best gain: -inf
2025-10-26 10:30:38,614:INFO:[LightGBM] [Warning] No further splits with positive gain, best gain: -inf
2025-10-26 10:30:38,618:INFO:[LightGBM] [Warning] No further splits with positive gain, best gain: -inf
2025-10-26 10:30:38,623:INFO:[LightGBM] [Warning] No further splits with positive gain, best gain: -inf
2025-10-26 10:30:38,627:INFO:[LightGBM] [Warning] No further splits with positive gain, best gain: -inf
2025-10-26 10:30:38,631:INFO:[LightGBM] [Warning] No further splits with positive gain, best gain: -inf
2025-10-26 10:30:38,636:INFO:[LightGBM] [Warning] No further splits with positive gain, best gain: -inf
2025-10-26 10:30:38,640:INFO:[LightGBM] [Warning] No further splits with positive gain, best gain: -inf
2025-10-26 10:30:38,645:INFO:[LightGBM] [Warning] No further splits with positive gain, best gain: -inf
2025-10-26 10:30:38,650:INFO:[LightGBM] [Warning] No further splits with positive gain, best gain: -inf
2025-10-26 10:30:38,654:INFO:[LightGBM] [Warning] No further splits with positive gain, best gain: -inf
2025-10-26 10:30:38,659:INFO:[LightGBM] [Warning] No further splits with positive gain, best gain: -inf
2025-10-26 10:30:38,663:INFO:[LightGBM] [Warning] No further splits with positive gain, best gain: -inf
2025-10-26 10:30:38,667:INFO:[LightGBM] [Warning] No further splits with positive gain, best gain: -inf
2025-10-26 10:30:38,671:INFO:[LightGBM] [Warning] No further splits with positive gain, best gain: -inf
2025-10-26 10:30:38,675:INFO:[LightGBM] [Warning] No further splits with positive gain, best gain: -inf
2025-10-26 10:30:38,679:INFO:[LightGBM] [Warning] No further splits with positive gain, best gain: -inf
2025-10-26 10:30:38,684:INFO:[LightGBM] [Warning] No further splits with positive gain, best gain: -inf
2025-10-26 10:30:38,689:INFO:[LightGBM] [Warning] No further splits with positive gain, best gain: -inf
2025-10-26 10:30:38,693:INFO:[LightGBM] [Warning] No further splits with positive gain, best gain: -inf
2025-10-26 10:30:38,698:INFO:[LightGBM] [Warning] No further splits with positive gain, best gain: -inf
2025-10-26 10:30:38,702:INFO:[LightGBM] [Warning] No further splits with positive gain, best gain: -inf
2025-10-26 10:30:38,707:INFO:[LightGBM] [Warning] No further splits with positive gain, best gain: -inf
2025-10-26 10:30:38,711:INFO:[LightGBM] [Warning] No further splits with positive gain, best gain: -inf
2025-10-26 10:30:38,715:INFO:[LightGBM] [Warning] No further splits with positive gain, best gain: -inf
2025-10-26 10:30:38,719:INFO:[LightGBM] [Warning] No further splits with positive gain, best gain: -inf
2025-10-26 10:30:38,723:INFO:[LightGBM] [Warning] No further splits with positive gain, best gain: -inf
2025-10-26 10:30:38,728:INFO:[LightGBM] [Warning] No further splits with positive gain, best gain: -inf
2025-10-26 10:30:38,732:INFO:[LightGBM] [Warning] No further splits with positive gain, best gain: -inf
2025-10-26 10:30:38,736:INFO:[LightGBM] [Warning] No further splits with positive gain, best gain: -inf
2025-10-26 10:30:38,741:INFO:[LightGBM] [Warning] No further splits with positive gain, best gain: -inf
2025-10-26 10:30:38,745:INFO:[LightGBM] [Warning] No further splits with positive gain, best gain: -inf
2025-10-26 10:30:38,749:INFO:[LightGBM] [Warning] No further splits with positive gain, best gain: -inf
2025-10-26 10:30:38,753:INFO:[LightGBM] [Warning] No further splits with positive gain, best gain: -inf
2025-10-26 10:30:38,758:INFO:[LightGBM] [Warning] No further splits with positive gain, best gain: -inf
2025-10-26 10:30:38,762:INFO:[LightGBM] [Warning] No further splits with positive gain, best gain: -inf
2025-10-26 10:30:38,766:INFO:[LightGBM] [Warning] No further splits with positive gain, best gain: -inf
2025-10-26 10:30:38,770:INFO:[LightGBM] [Warning] No further splits with positive gain, best gain: -inf
2025-10-26 10:30:38,775:INFO:[LightGBM] [Warning] No further splits with positive gain, best gain: -inf
2025-10-26 10:30:38,779:INFO:[LightGBM] [Warning] No further splits with positive gain, best gain: -inf
2025-10-26 10:30:38,783:INFO:[LightGBM] [Warning] No further splits with positive gain, best gain: -inf
2025-10-26 10:30:38,787:INFO:[LightGBM] [Warning] No further splits with positive gain, best gain: -inf
2025-10-26 10:30:38,792:INFO:[LightGBM] [Warning] No further splits with positive gain, best gain: -inf
2025-10-26 10:30:38,796:INFO:[LightGBM] [Warning] No further splits with positive gain, best gain: -inf
2025-10-26 10:30:38,801:INFO:[LightGBM] [Warning] No further splits with positive gain, best gain: -inf
2025-10-26 10:30:38,805:INFO:[LightGBM] [Warning] No further splits with positive gain, best gain: -inf
2025-10-26 10:30:38,809:INFO:[LightGBM] [Warning] No further splits with positive gain, best gain: -inf
2025-10-26 10:30:38,813:INFO:[LightGBM] [Warning] No further splits with positive gain, best gain: -inf
2025-10-26 10:30:38,817:INFO:[LightGBM] [Warning] No further splits with positive gain, best gain: -inf
2025-10-26 10:30:38,840:INFO:Calculating mean and std
2025-10-26 10:30:38,841:INFO:Creating metrics dataframe
2025-10-26 10:30:38,844:INFO:Uploading results into container
2025-10-26 10:30:38,844:INFO:Uploading model into container now
2025-10-26 10:30:38,845:INFO:_master_model_container: 17
2025-10-26 10:30:38,845:INFO:_display_container: 2
2025-10-26 10:30:38,845:INFO:LGBMRegressor(device='gpu', n_jobs=-1, random_state=123)
2025-10-26 10:30:38,846:INFO:create_model() successfully completed......................................
2025-10-26 10:30:39,019:INFO:SubProcess create_model() end ==================================
2025-10-26 10:30:39,019:INFO:Creating metrics dataframe
2025-10-26 10:30:39,032:INFO:Initializing CatBoost Regressor
2025-10-26 10:30:39,033:INFO:Total runtime is 0.3048619031906128 minutes
2025-10-26 10:30:39,036:INFO:SubProcess create_model() called ==================================
2025-10-26 10:30:39,036:INFO:Initializing create_model()
2025-10-26 10:30:39,036:INFO:create_model(self=<pycaret.regression.oop.RegressionExperiment object at 0x000001F233187410>, estimator=catboost, fold=KFold(n_splits=10, random_state=None, shuffle=False), round=4, cross_validation=True, predict=True, fit_kwargs={}, groups=None, refit=False, probability_threshold=None, experiment_custom_tags=None, verbose=False, system=False, add_to_model_list=True, metrics=None, display=<pycaret.internal.display.display.CommonDisplay object at 0x000001F252431350>, model_only=True, return_train_score=False, error_score=0.0, kwargs={})
2025-10-26 10:30:39,036:INFO:Checking exceptions
2025-10-26 10:30:39,036:INFO:Importing libraries
2025-10-26 10:30:39,036:INFO:Copying training dataset
2025-10-26 10:30:39,042:INFO:Defining folds
2025-10-26 10:30:39,042:INFO:Declaring metric variables
2025-10-26 10:30:39,046:INFO:Importing untrained model
2025-10-26 10:30:39,055:INFO:CatBoost Regressor Imported successfully
2025-10-26 10:30:39,062:INFO:Starting cross validation
2025-10-26 10:30:39,063:INFO:Cross validating with KFold(n_splits=10, random_state=None, shuffle=False), n_jobs=1
2025-10-26 10:33:02,081:INFO:Calculating mean and std
2025-10-26 10:33:02,082:INFO:Creating metrics dataframe
2025-10-26 10:33:02,084:INFO:Uploading results into container
2025-10-26 10:33:02,084:INFO:Uploading model into container now
2025-10-26 10:33:02,085:INFO:_master_model_container: 18
2025-10-26 10:33:02,085:INFO:_display_container: 2
2025-10-26 10:33:02,085:INFO:<catboost.core.CatBoostRegressor object at 0x000001F244064150>
2025-10-26 10:33:02,085:INFO:create_model() successfully completed......................................
2025-10-26 10:33:02,239:INFO:SubProcess create_model() end ==================================
2025-10-26 10:33:02,239:INFO:Creating metrics dataframe
2025-10-26 10:33:02,248:INFO:Initializing Dummy Regressor
2025-10-26 10:33:02,248:INFO:Total runtime is 2.6917710463205973 minutes
2025-10-26 10:33:02,251:INFO:SubProcess create_model() called ==================================
2025-10-26 10:33:02,251:INFO:Initializing create_model()
2025-10-26 10:33:02,251:INFO:create_model(self=<pycaret.regression.oop.RegressionExperiment object at 0x000001F233187410>, estimator=dummy, fold=KFold(n_splits=10, random_state=None, shuffle=False), round=4, cross_validation=True, predict=True, fit_kwargs={}, groups=None, refit=False, probability_threshold=None, experiment_custom_tags=None, verbose=False, system=False, add_to_model_list=True, metrics=None, display=<pycaret.internal.display.display.CommonDisplay object at 0x000001F252431350>, model_only=True, return_train_score=False, error_score=0.0, kwargs={})
2025-10-26 10:33:02,251:INFO:Checking exceptions
2025-10-26 10:33:02,251:INFO:Importing libraries
2025-10-26 10:33:02,251:INFO:Copying training dataset
2025-10-26 10:33:02,257:INFO:Defining folds
2025-10-26 10:33:02,258:INFO:Declaring metric variables
2025-10-26 10:33:02,260:INFO:Importing untrained model
2025-10-26 10:33:02,263:INFO:Dummy Regressor Imported successfully
2025-10-26 10:33:02,291:INFO:Starting cross validation
2025-10-26 10:33:02,292:INFO:Cross validating with KFold(n_splits=10, random_state=None, shuffle=False), n_jobs=1
2025-10-26 10:33:02,721:INFO:Calculating mean and std
2025-10-26 10:33:02,722:INFO:Creating metrics dataframe
2025-10-26 10:33:02,723:INFO:Uploading results into container
2025-10-26 10:33:02,723:INFO:Uploading model into container now
2025-10-26 10:33:02,724:INFO:_master_model_container: 19
2025-10-26 10:33:02,724:INFO:_display_container: 2
2025-10-26 10:33:02,724:INFO:DummyRegressor()
2025-10-26 10:33:02,724:INFO:create_model() successfully completed......................................
2025-10-26 10:33:02,860:INFO:SubProcess create_model() end ==================================
2025-10-26 10:33:02,861:INFO:Creating metrics dataframe
2025-10-26 10:33:02,871:WARNING:C:\Users\dhadu\AppData\Roaming\Python\Python311\site-packages\pycaret\internal\pycaret_experiment\supervised_experiment.py:339: FutureWarning: Styler.applymap has been deprecated. Use Styler.map instead.

2025-10-26 10:33:02,879:INFO:Initializing create_model()
2025-10-26 10:33:02,879:INFO:create_model(self=<pycaret.regression.oop.RegressionExperiment object at 0x000001F233187410>, estimator=Ridge(random_state=123), fold=KFold(n_splits=10, random_state=None, shuffle=False), round=4, cross_validation=False, predict=False, fit_kwargs={}, groups=None, refit=True, probability_threshold=None, experiment_custom_tags=None, verbose=False, system=False, add_to_model_list=True, metrics=None, display=None, model_only=True, return_train_score=False, error_score=0.0, kwargs={})
2025-10-26 10:33:02,879:INFO:Checking exceptions
2025-10-26 10:33:02,880:INFO:Importing libraries
2025-10-26 10:33:02,880:INFO:Copying training dataset
2025-10-26 10:33:02,884:INFO:Defining folds
2025-10-26 10:33:02,884:INFO:Declaring metric variables
2025-10-26 10:33:02,884:INFO:Importing untrained model
2025-10-26 10:33:02,884:INFO:Declaring custom model
2025-10-26 10:33:02,884:INFO:Ridge Regression Imported successfully
2025-10-26 10:33:02,885:INFO:Cross validation set to False
2025-10-26 10:33:02,885:INFO:Fitting Model
2025-10-26 10:33:02,926:INFO:Ridge(random_state=123)
2025-10-26 10:33:02,926:INFO:create_model() successfully completed......................................
2025-10-26 10:33:03,100:INFO:_master_model_container: 19
2025-10-26 10:33:03,100:INFO:_display_container: 2
2025-10-26 10:33:03,100:INFO:Ridge(random_state=123)
2025-10-26 10:33:03,100:INFO:compare_models() successfully completed......................................
2025-10-26 10:49:57,599:WARNING:
'cuml' is a soft dependency and not included in the pycaret installation. Please run: `pip install cuml` to install.
2025-10-26 10:49:57,621:WARNING:
'cuml' is a soft dependency and not included in the pycaret installation. Please run: `pip install cuml` to install.
2025-10-26 10:49:57,621:WARNING:
'cuml' is a soft dependency and not included in the pycaret installation. Please run: `pip install cuml` to install.
2025-10-26 10:49:57,621:WARNING:
'cuml' is a soft dependency and not included in the pycaret installation. Please run: `pip install cuml` to install.
2025-10-26 10:49:58,119:INFO:PyCaret RegressionExperiment
2025-10-26 10:49:58,119:INFO:Logging name: reg-default-name
2025-10-26 10:49:58,120:INFO:ML Usecase: MLUsecase.REGRESSION
2025-10-26 10:49:58,120:INFO:version 3.3.2
2025-10-26 10:49:58,120:INFO:Initializing setup()
2025-10-26 10:49:58,120:INFO:self.USI: b469
2025-10-26 10:49:58,120:INFO:self._variable_keys: {'fold_shuffle_param', 'transform_target_param', 'gpu_param', 'y_test', 'data', 'logging_param', 'gpu_n_jobs_param', 'y_train', 'log_plots_param', 'seed', 'y', 'X_test', '_available_plots', 'fold_groups_param', 'memory', 'USI', 'exp_id', 'target_param', 'html_param', 'exp_name_log', 'X', 'X_train', '_ml_usecase', 'pipeline', 'idx', 'n_jobs_param', 'fold_generator'}
2025-10-26 10:49:58,120:INFO:Checking environment
2025-10-26 10:49:58,120:INFO:python_version: 3.11.6
2025-10-26 10:49:58,120:INFO:python_build: ('tags/v3.11.6:8b6ee5b', 'Oct  2 2023 14:57:12')
2025-10-26 10:49:58,120:INFO:machine: AMD64
2025-10-26 10:49:58,120:INFO:platform: Windows-10-10.0.22631-SP0
2025-10-26 10:49:58,128:INFO:Memory: svmem(total=8373600256, available=665067520, percent=92.1, used=7708532736, free=665067520)
2025-10-26 10:49:58,128:INFO:Physical Core: 4
2025-10-26 10:49:58,128:INFO:Logical Core: 8
2025-10-26 10:49:58,128:INFO:Checking libraries
2025-10-26 10:49:58,128:INFO:System:
2025-10-26 10:49:58,128:INFO:    python: 3.11.6 (tags/v3.11.6:8b6ee5b, Oct  2 2023, 14:57:12) [MSC v.1935 64 bit (AMD64)]
2025-10-26 10:49:58,128:INFO:executable: c:\Users\dhadu\AppData\Local\Programs\Python\Python311\python.exe
2025-10-26 10:49:58,128:INFO:   machine: Windows-10-10.0.22631-SP0
2025-10-26 10:49:58,128:INFO:PyCaret required dependencies:
2025-10-26 10:50:00,468:INFO:                 pip: 23.2.1
2025-10-26 10:50:00,468:INFO:          setuptools: 65.5.0
2025-10-26 10:50:00,468:INFO:             pycaret: 3.3.2
2025-10-26 10:50:00,468:INFO:             IPython: 9.6.0
2025-10-26 10:50:00,468:INFO:          ipywidgets: 8.1.7
2025-10-26 10:50:00,468:INFO:                tqdm: 4.67.1
2025-10-26 10:50:00,468:INFO:               numpy: 1.26.4
2025-10-26 10:50:00,468:INFO:              pandas: 2.1.4
2025-10-26 10:50:00,468:INFO:              jinja2: 3.1.6
2025-10-26 10:50:00,468:INFO:               scipy: 1.11.4
2025-10-26 10:50:00,468:INFO:              joblib: 1.3.2
2025-10-26 10:50:00,468:INFO:             sklearn: 1.4.2
2025-10-26 10:50:00,468:INFO:                pyod: 2.0.5
2025-10-26 10:50:00,468:INFO:            imblearn: 0.14.0
2025-10-26 10:50:00,468:INFO:   category_encoders: 2.7.0
2025-10-26 10:50:00,468:INFO:            lightgbm: 4.6.0
2025-10-26 10:50:00,468:INFO:               numba: 0.61.0
2025-10-26 10:50:00,468:INFO:            requests: 2.32.5
2025-10-26 10:50:00,468:INFO:          matplotlib: 3.7.5
2025-10-26 10:50:00,468:INFO:          scikitplot: 0.3.7
2025-10-26 10:50:00,468:INFO:         yellowbrick: 1.5
2025-10-26 10:50:00,468:INFO:              plotly: 5.24.1
2025-10-26 10:50:00,469:INFO:    plotly-resampler: Not installed
2025-10-26 10:50:00,469:INFO:             kaleido: 1.1.0
2025-10-26 10:50:00,469:INFO:           schemdraw: 0.15
2025-10-26 10:50:00,469:INFO:         statsmodels: 0.14.5
2025-10-26 10:50:00,469:INFO:              sktime: 0.26.0
2025-10-26 10:50:00,469:INFO:               tbats: 1.1.3
2025-10-26 10:50:00,469:INFO:            pmdarima: 2.0.4
2025-10-26 10:50:00,469:INFO:              psutil: 7.1.2
2025-10-26 10:50:00,469:INFO:          markupsafe: 3.0.3
2025-10-26 10:50:00,469:INFO:             pickle5: Not installed
2025-10-26 10:50:00,469:INFO:         cloudpickle: 3.1.1
2025-10-26 10:50:00,469:INFO:         deprecation: 2.1.0
2025-10-26 10:50:00,469:INFO:              xxhash: 3.6.0
2025-10-26 10:50:00,469:INFO:           wurlitzer: Not installed
2025-10-26 10:50:00,469:INFO:PyCaret optional dependencies:
2025-10-26 10:50:06,899:INFO:                shap: 0.44.1
2025-10-26 10:50:06,899:INFO:           interpret: 0.7.3
2025-10-26 10:50:06,900:INFO:                umap: 0.5.7
2025-10-26 10:50:06,900:INFO:     ydata_profiling: 4.17.0
2025-10-26 10:50:06,900:INFO:  explainerdashboard: 0.5.1
2025-10-26 10:50:06,900:INFO:             autoviz: Not installed
2025-10-26 10:50:06,900:INFO:           fairlearn: 0.7.0
2025-10-26 10:50:06,900:INFO:          deepchecks: Not installed
2025-10-26 10:50:06,900:INFO:             xgboost: Not installed
2025-10-26 10:50:06,900:INFO:            catboost: 1.2.8
2025-10-26 10:50:06,900:INFO:              kmodes: 0.12.2
2025-10-26 10:50:06,900:INFO:             mlxtend: 0.23.4
2025-10-26 10:50:06,900:INFO:       statsforecast: 1.5.0
2025-10-26 10:50:06,900:INFO:        tune_sklearn: Not installed
2025-10-26 10:50:06,900:INFO:                 ray: Not installed
2025-10-26 10:50:06,900:INFO:            hyperopt: 0.2.7
2025-10-26 10:50:06,900:INFO:              optuna: 4.5.0
2025-10-26 10:50:06,900:INFO:               skopt: 0.10.2
2025-10-26 10:50:06,900:INFO:              mlflow: 3.5.1
2025-10-26 10:50:06,901:INFO:              gradio: 5.49.1
2025-10-26 10:50:06,901:INFO:             fastapi: 0.120.0
2025-10-26 10:50:06,901:INFO:             uvicorn: 0.38.0
2025-10-26 10:50:06,901:INFO:              m2cgen: 0.10.0
2025-10-26 10:50:06,901:INFO:           evidently: 0.4.40
2025-10-26 10:50:06,901:INFO:               fugue: 0.8.7
2025-10-26 10:50:06,901:INFO:           streamlit: Not installed
2025-10-26 10:50:06,901:INFO:             prophet: Not installed
2025-10-26 10:50:06,901:INFO:None
2025-10-26 10:50:06,901:INFO:Set up GPU usage.
2025-10-26 10:50:06,901:WARNING:
'cuml' is a soft dependency and not included in the pycaret installation. Please run: `pip install cuml` to install.
2025-10-26 10:50:06,901:WARNING:cuML is outdated or not found. Required version is >=23.08.
                Please visit https://rapids.ai/install for installation instructions.
2025-10-26 10:50:06,901:INFO:Set up data.
2025-10-26 10:50:06,919:INFO:Set up folding strategy.
2025-10-26 10:50:06,919:INFO:Set up train/test split.
2025-10-26 10:50:06,929:INFO:Set up index.
2025-10-26 10:50:06,932:INFO:Assigning column types.
2025-10-26 10:50:06,937:INFO:Engine successfully changes for model 'lr' to 'sklearn'.
2025-10-26 10:50:06,937:WARNING:
'cuml' is a soft dependency and not included in the pycaret installation. Please run: `pip install cuml` to install.
2025-10-26 10:50:06,937:INFO:Engine for model 'lasso' has not been set explicitly, hence returning None.
2025-10-26 10:50:06,937:WARNING:
'cuml' is a soft dependency and not included in the pycaret installation. Please run: `pip install cuml` to install.
2025-10-26 10:50:06,941:INFO:Engine for model 'ridge' has not been set explicitly, hence returning None.
2025-10-26 10:50:06,941:WARNING:
'cuml' is a soft dependency and not included in the pycaret installation. Please run: `pip install cuml` to install.
2025-10-26 10:50:06,946:INFO:Engine for model 'en' has not been set explicitly, hence returning None.
2025-10-26 10:50:06,946:WARNING:
'cuml' is a soft dependency and not included in the pycaret installation. Please run: `pip install cuml` to install.
2025-10-26 10:50:07,000:INFO:Engine for model 'svm' has not been set explicitly, hence returning None.
2025-10-26 10:50:07,000:WARNING:
'cuml' is a soft dependency and not included in the pycaret installation. Please run: `pip install cuml` to install.
2025-10-26 10:50:07,040:INFO:Engine for model 'knn' has not been set explicitly, hence returning None.
2025-10-26 10:50:07,040:WARNING:
'cuml' is a soft dependency and not included in the pycaret installation. Please run: `pip install cuml` to install.
2025-10-26 10:50:07,040:WARNING:
'cuml' is a soft dependency and not included in the pycaret installation. Please run: `pip install cuml` to install.
2025-10-26 10:50:07,041:WARNING:
'xgboost' is a soft dependency and not included in the pycaret installation. Please run: `pip install xgboost` to install.
Alternately, you can install this by running `pip install pycaret[models]`
2025-10-26 10:50:08,679:INFO:Soft dependency imported: catboost: 1.2.8
2025-10-26 10:50:08,820:WARNING:
'cuml' is a soft dependency and not included in the pycaret installation. Please run: `pip install cuml` to install.
2025-10-26 10:50:08,820:INFO:Engine for model 'lasso' has not been set explicitly, hence returning None.
2025-10-26 10:50:08,820:WARNING:
'cuml' is a soft dependency and not included in the pycaret installation. Please run: `pip install cuml` to install.
2025-10-26 10:50:08,824:INFO:Engine for model 'ridge' has not been set explicitly, hence returning None.
2025-10-26 10:50:08,825:WARNING:
'cuml' is a soft dependency and not included in the pycaret installation. Please run: `pip install cuml` to install.
2025-10-26 10:50:08,829:INFO:Engine for model 'en' has not been set explicitly, hence returning None.
2025-10-26 10:50:08,829:WARNING:
'cuml' is a soft dependency and not included in the pycaret installation. Please run: `pip install cuml` to install.
2025-10-26 10:50:08,883:INFO:Engine for model 'svm' has not been set explicitly, hence returning None.
2025-10-26 10:50:08,883:WARNING:
'cuml' is a soft dependency and not included in the pycaret installation. Please run: `pip install cuml` to install.
2025-10-26 10:50:08,936:INFO:Engine for model 'knn' has not been set explicitly, hence returning None.
2025-10-26 10:50:08,936:WARNING:
'cuml' is a soft dependency and not included in the pycaret installation. Please run: `pip install cuml` to install.
2025-10-26 10:50:08,937:WARNING:
'cuml' is a soft dependency and not included in the pycaret installation. Please run: `pip install cuml` to install.
2025-10-26 10:50:08,939:WARNING:
'xgboost' is a soft dependency and not included in the pycaret installation. Please run: `pip install xgboost` to install.
Alternately, you can install this by running `pip install pycaret[models]`
2025-10-26 10:50:08,992:INFO:Soft dependency imported: catboost: 1.2.8
2025-10-26 10:50:08,993:INFO:Engine successfully changes for model 'lasso' to 'sklearn'.
2025-10-26 10:50:08,993:WARNING:
'cuml' is a soft dependency and not included in the pycaret installation. Please run: `pip install cuml` to install.
2025-10-26 10:50:08,993:WARNING:
'cuml' is a soft dependency and not included in the pycaret installation. Please run: `pip install cuml` to install.
2025-10-26 10:50:08,999:INFO:Engine for model 'ridge' has not been set explicitly, hence returning None.
2025-10-26 10:50:08,999:WARNING:
'cuml' is a soft dependency and not included in the pycaret installation. Please run: `pip install cuml` to install.
2025-10-26 10:50:09,004:INFO:Engine for model 'en' has not been set explicitly, hence returning None.
2025-10-26 10:50:09,004:WARNING:
'cuml' is a soft dependency and not included in the pycaret installation. Please run: `pip install cuml` to install.
2025-10-26 10:50:09,075:INFO:Engine for model 'svm' has not been set explicitly, hence returning None.
2025-10-26 10:50:09,075:WARNING:
'cuml' is a soft dependency and not included in the pycaret installation. Please run: `pip install cuml` to install.
2025-10-26 10:50:09,120:INFO:Engine for model 'knn' has not been set explicitly, hence returning None.
2025-10-26 10:50:09,121:WARNING:
'cuml' is a soft dependency and not included in the pycaret installation. Please run: `pip install cuml` to install.
2025-10-26 10:50:09,121:WARNING:
'cuml' is a soft dependency and not included in the pycaret installation. Please run: `pip install cuml` to install.
2025-10-26 10:50:09,121:WARNING:
'xgboost' is a soft dependency and not included in the pycaret installation. Please run: `pip install xgboost` to install.
Alternately, you can install this by running `pip install pycaret[models]`
2025-10-26 10:50:09,135:INFO:Soft dependency imported: catboost: 1.2.8
2025-10-26 10:50:09,136:WARNING:
'cuml' is a soft dependency and not included in the pycaret installation. Please run: `pip install cuml` to install.
2025-10-26 10:50:09,136:WARNING:
'cuml' is a soft dependency and not included in the pycaret installation. Please run: `pip install cuml` to install.
2025-10-26 10:50:09,140:INFO:Engine for model 'ridge' has not been set explicitly, hence returning None.
2025-10-26 10:50:09,140:WARNING:
'cuml' is a soft dependency and not included in the pycaret installation. Please run: `pip install cuml` to install.
2025-10-26 10:50:09,144:INFO:Engine for model 'en' has not been set explicitly, hence returning None.
2025-10-26 10:50:09,144:WARNING:
'cuml' is a soft dependency and not included in the pycaret installation. Please run: `pip install cuml` to install.
2025-10-26 10:50:09,204:INFO:Engine for model 'svm' has not been set explicitly, hence returning None.
2025-10-26 10:50:09,204:WARNING:
'cuml' is a soft dependency and not included in the pycaret installation. Please run: `pip install cuml` to install.
2025-10-26 10:50:09,251:INFO:Engine for model 'knn' has not been set explicitly, hence returning None.
2025-10-26 10:50:09,251:WARNING:
'cuml' is a soft dependency and not included in the pycaret installation. Please run: `pip install cuml` to install.
2025-10-26 10:50:09,251:WARNING:
'cuml' is a soft dependency and not included in the pycaret installation. Please run: `pip install cuml` to install.
2025-10-26 10:50:09,252:WARNING:
'xgboost' is a soft dependency and not included in the pycaret installation. Please run: `pip install xgboost` to install.
Alternately, you can install this by running `pip install pycaret[models]`
2025-10-26 10:50:09,271:INFO:Soft dependency imported: catboost: 1.2.8
2025-10-26 10:50:09,272:INFO:Engine successfully changes for model 'ridge' to 'sklearn'.
2025-10-26 10:50:09,272:WARNING:
'cuml' is a soft dependency and not included in the pycaret installation. Please run: `pip install cuml` to install.
2025-10-26 10:50:09,272:WARNING:
'cuml' is a soft dependency and not included in the pycaret installation. Please run: `pip install cuml` to install.
2025-10-26 10:50:09,280:WARNING:
'cuml' is a soft dependency and not included in the pycaret installation. Please run: `pip install cuml` to install.
2025-10-26 10:50:09,284:INFO:Engine for model 'en' has not been set explicitly, hence returning None.
2025-10-26 10:50:09,284:WARNING:
'cuml' is a soft dependency and not included in the pycaret installation. Please run: `pip install cuml` to install.
2025-10-26 10:50:09,346:INFO:Engine for model 'svm' has not been set explicitly, hence returning None.
2025-10-26 10:50:09,347:WARNING:
'cuml' is a soft dependency and not included in the pycaret installation. Please run: `pip install cuml` to install.
2025-10-26 10:50:09,398:INFO:Engine for model 'knn' has not been set explicitly, hence returning None.
2025-10-26 10:50:09,398:WARNING:
'cuml' is a soft dependency and not included in the pycaret installation. Please run: `pip install cuml` to install.
2025-10-26 10:50:09,398:WARNING:
'cuml' is a soft dependency and not included in the pycaret installation. Please run: `pip install cuml` to install.
2025-10-26 10:50:09,399:WARNING:
'xgboost' is a soft dependency and not included in the pycaret installation. Please run: `pip install xgboost` to install.
Alternately, you can install this by running `pip install pycaret[models]`
2025-10-26 10:50:09,412:INFO:Soft dependency imported: catboost: 1.2.8
2025-10-26 10:50:09,414:WARNING:
'cuml' is a soft dependency and not included in the pycaret installation. Please run: `pip install cuml` to install.
2025-10-26 10:50:09,414:WARNING:
'cuml' is a soft dependency and not included in the pycaret installation. Please run: `pip install cuml` to install.
2025-10-26 10:50:09,422:WARNING:
'cuml' is a soft dependency and not included in the pycaret installation. Please run: `pip install cuml` to install.
2025-10-26 10:50:09,430:INFO:Engine for model 'en' has not been set explicitly, hence returning None.
2025-10-26 10:50:09,431:WARNING:
'cuml' is a soft dependency and not included in the pycaret installation. Please run: `pip install cuml` to install.
2025-10-26 10:50:09,502:INFO:Engine for model 'svm' has not been set explicitly, hence returning None.
2025-10-26 10:50:09,503:WARNING:
'cuml' is a soft dependency and not included in the pycaret installation. Please run: `pip install cuml` to install.
2025-10-26 10:50:09,560:INFO:Engine for model 'knn' has not been set explicitly, hence returning None.
2025-10-26 10:50:09,561:WARNING:
'cuml' is a soft dependency and not included in the pycaret installation. Please run: `pip install cuml` to install.
2025-10-26 10:50:09,561:WARNING:
'cuml' is a soft dependency and not included in the pycaret installation. Please run: `pip install cuml` to install.
2025-10-26 10:50:09,561:WARNING:
'xgboost' is a soft dependency and not included in the pycaret installation. Please run: `pip install xgboost` to install.
Alternately, you can install this by running `pip install pycaret[models]`
2025-10-26 10:50:09,575:INFO:Soft dependency imported: catboost: 1.2.8
2025-10-26 10:50:09,576:INFO:Engine successfully changes for model 'en' to 'sklearn'.
2025-10-26 10:50:09,576:WARNING:
'cuml' is a soft dependency and not included in the pycaret installation. Please run: `pip install cuml` to install.
2025-10-26 10:50:09,576:WARNING:
'cuml' is a soft dependency and not included in the pycaret installation. Please run: `pip install cuml` to install.
2025-10-26 10:50:09,585:WARNING:
'cuml' is a soft dependency and not included in the pycaret installation. Please run: `pip install cuml` to install.
2025-10-26 10:50:09,592:WARNING:
'cuml' is a soft dependency and not included in the pycaret installation. Please run: `pip install cuml` to install.
2025-10-26 10:50:09,670:INFO:Engine for model 'svm' has not been set explicitly, hence returning None.
2025-10-26 10:50:09,670:WARNING:
'cuml' is a soft dependency and not included in the pycaret installation. Please run: `pip install cuml` to install.
2025-10-26 10:50:09,713:INFO:Engine for model 'knn' has not been set explicitly, hence returning None.
2025-10-26 10:50:09,713:WARNING:
'cuml' is a soft dependency and not included in the pycaret installation. Please run: `pip install cuml` to install.
2025-10-26 10:50:09,713:WARNING:
'cuml' is a soft dependency and not included in the pycaret installation. Please run: `pip install cuml` to install.
2025-10-26 10:50:09,715:WARNING:
'xgboost' is a soft dependency and not included in the pycaret installation. Please run: `pip install xgboost` to install.
Alternately, you can install this by running `pip install pycaret[models]`
2025-10-26 10:50:09,731:INFO:Soft dependency imported: catboost: 1.2.8
2025-10-26 10:50:09,732:WARNING:
'cuml' is a soft dependency and not included in the pycaret installation. Please run: `pip install cuml` to install.
2025-10-26 10:50:09,732:WARNING:
'cuml' is a soft dependency and not included in the pycaret installation. Please run: `pip install cuml` to install.
2025-10-26 10:50:09,737:WARNING:
'cuml' is a soft dependency and not included in the pycaret installation. Please run: `pip install cuml` to install.
2025-10-26 10:50:09,746:WARNING:
'cuml' is a soft dependency and not included in the pycaret installation. Please run: `pip install cuml` to install.
2025-10-26 10:50:09,811:INFO:Engine for model 'svm' has not been set explicitly, hence returning None.
2025-10-26 10:50:09,811:WARNING:
'cuml' is a soft dependency and not included in the pycaret installation. Please run: `pip install cuml` to install.
2025-10-26 10:50:09,861:INFO:Engine for model 'knn' has not been set explicitly, hence returning None.
2025-10-26 10:50:09,861:WARNING:
'cuml' is a soft dependency and not included in the pycaret installation. Please run: `pip install cuml` to install.
2025-10-26 10:50:09,861:WARNING:
'cuml' is a soft dependency and not included in the pycaret installation. Please run: `pip install cuml` to install.
2025-10-26 10:50:09,862:WARNING:
'xgboost' is a soft dependency and not included in the pycaret installation. Please run: `pip install xgboost` to install.
Alternately, you can install this by running `pip install pycaret[models]`
2025-10-26 10:50:09,877:INFO:Soft dependency imported: catboost: 1.2.8
2025-10-26 10:50:09,877:INFO:Engine successfully changes for model 'knn' to 'sklearn'.
2025-10-26 10:50:09,877:WARNING:
'cuml' is a soft dependency and not included in the pycaret installation. Please run: `pip install cuml` to install.
2025-10-26 10:50:09,877:WARNING:
'cuml' is a soft dependency and not included in the pycaret installation. Please run: `pip install cuml` to install.
2025-10-26 10:50:09,882:WARNING:
'cuml' is a soft dependency and not included in the pycaret installation. Please run: `pip install cuml` to install.
2025-10-26 10:50:09,885:WARNING:
'cuml' is a soft dependency and not included in the pycaret installation. Please run: `pip install cuml` to install.
2025-10-26 10:50:09,938:INFO:Engine for model 'svm' has not been set explicitly, hence returning None.
2025-10-26 10:50:09,938:WARNING:
'cuml' is a soft dependency and not included in the pycaret installation. Please run: `pip install cuml` to install.
2025-10-26 10:50:09,987:WARNING:
'cuml' is a soft dependency and not included in the pycaret installation. Please run: `pip install cuml` to install.
2025-10-26 10:50:09,988:WARNING:
'cuml' is a soft dependency and not included in the pycaret installation. Please run: `pip install cuml` to install.
2025-10-26 10:50:09,988:WARNING:
'xgboost' is a soft dependency and not included in the pycaret installation. Please run: `pip install xgboost` to install.
Alternately, you can install this by running `pip install pycaret[models]`
2025-10-26 10:50:10,002:INFO:Soft dependency imported: catboost: 1.2.8
2025-10-26 10:50:10,003:WARNING:
'cuml' is a soft dependency and not included in the pycaret installation. Please run: `pip install cuml` to install.
2025-10-26 10:50:10,003:WARNING:
'cuml' is a soft dependency and not included in the pycaret installation. Please run: `pip install cuml` to install.
2025-10-26 10:50:10,008:WARNING:
'cuml' is a soft dependency and not included in the pycaret installation. Please run: `pip install cuml` to install.
2025-10-26 10:50:10,013:WARNING:
'cuml' is a soft dependency and not included in the pycaret installation. Please run: `pip install cuml` to install.
2025-10-26 10:50:10,072:INFO:Engine for model 'svm' has not been set explicitly, hence returning None.
2025-10-26 10:50:10,072:WARNING:
'cuml' is a soft dependency and not included in the pycaret installation. Please run: `pip install cuml` to install.
2025-10-26 10:50:10,114:WARNING:
'cuml' is a soft dependency and not included in the pycaret installation. Please run: `pip install cuml` to install.
2025-10-26 10:50:10,114:WARNING:
'cuml' is a soft dependency and not included in the pycaret installation. Please run: `pip install cuml` to install.
2025-10-26 10:50:10,115:WARNING:
'xgboost' is a soft dependency and not included in the pycaret installation. Please run: `pip install xgboost` to install.
Alternately, you can install this by running `pip install pycaret[models]`
2025-10-26 10:50:10,131:INFO:Soft dependency imported: catboost: 1.2.8
2025-10-26 10:50:10,131:INFO:Engine successfully changes for model 'svm' to 'sklearn'.
2025-10-26 10:50:10,131:WARNING:
'cuml' is a soft dependency and not included in the pycaret installation. Please run: `pip install cuml` to install.
2025-10-26 10:50:10,131:WARNING:
'cuml' is a soft dependency and not included in the pycaret installation. Please run: `pip install cuml` to install.
2025-10-26 10:50:10,136:WARNING:
'cuml' is a soft dependency and not included in the pycaret installation. Please run: `pip install cuml` to install.
2025-10-26 10:50:10,140:WARNING:
'cuml' is a soft dependency and not included in the pycaret installation. Please run: `pip install cuml` to install.
2025-10-26 10:50:10,206:WARNING:
'cuml' is a soft dependency and not included in the pycaret installation. Please run: `pip install cuml` to install.
2025-10-26 10:50:10,251:WARNING:
'cuml' is a soft dependency and not included in the pycaret installation. Please run: `pip install cuml` to install.
2025-10-26 10:50:10,251:WARNING:
'cuml' is a soft dependency and not included in the pycaret installation. Please run: `pip install cuml` to install.
2025-10-26 10:50:10,252:WARNING:
'xgboost' is a soft dependency and not included in the pycaret installation. Please run: `pip install xgboost` to install.
Alternately, you can install this by running `pip install pycaret[models]`
2025-10-26 10:50:10,268:INFO:Soft dependency imported: catboost: 1.2.8
2025-10-26 10:50:10,269:WARNING:
'cuml' is a soft dependency and not included in the pycaret installation. Please run: `pip install cuml` to install.
2025-10-26 10:50:10,269:WARNING:
'cuml' is a soft dependency and not included in the pycaret installation. Please run: `pip install cuml` to install.
2025-10-26 10:50:10,273:WARNING:
'cuml' is a soft dependency and not included in the pycaret installation. Please run: `pip install cuml` to install.
2025-10-26 10:50:10,277:WARNING:
'cuml' is a soft dependency and not included in the pycaret installation. Please run: `pip install cuml` to install.
2025-10-26 10:50:10,351:WARNING:
'cuml' is a soft dependency and not included in the pycaret installation. Please run: `pip install cuml` to install.
2025-10-26 10:50:10,395:WARNING:
'cuml' is a soft dependency and not included in the pycaret installation. Please run: `pip install cuml` to install.
2025-10-26 10:50:10,395:WARNING:
'cuml' is a soft dependency and not included in the pycaret installation. Please run: `pip install cuml` to install.
2025-10-26 10:50:10,396:WARNING:
'xgboost' is a soft dependency and not included in the pycaret installation. Please run: `pip install xgboost` to install.
Alternately, you can install this by running `pip install pycaret[models]`
2025-10-26 10:50:10,410:INFO:Soft dependency imported: catboost: 1.2.8
2025-10-26 10:50:10,412:INFO:Preparing preprocessing pipeline...
2025-10-26 10:50:10,412:INFO:Set up simple imputation.
2025-10-26 10:50:10,412:INFO:Set up column transformation.
2025-10-26 10:50:10,412:INFO:Set up feature normalization.
2025-10-26 10:50:10,479:INFO:Finished creating preprocessing pipeline.
2025-10-26 10:50:10,486:INFO:Pipeline: Pipeline(memory=FastMemory(location=C:\Users\dhadu\AppData\Local\Temp\joblib),
         steps=[('numerical_imputer',
                 TransformerWrapper(include=['ID', 'Square_Feet',
                                             'Num_Bedrooms', 'Num_Bathrooms',
                                             'Num_Floors', 'Year_Built',
                                             'Has_Garden', 'Has_Pool',
                                             'Garage_Size', 'Location_Score',
                                             'Distance_to_Center'],
                                    transformer=SimpleImputer())),
                ('categorical_imputer',
                 TransformerWrapper(include=[],
                                    transformer=SimpleImputer(strategy='most_frequent'))),
                ('transformation',
                 TransformerWrapper(transformer=PowerTransformer(standardize=False))),
                ('normalize',
                 TransformerWrapper(transformer=StandardScaler()))])
2025-10-26 10:50:10,486:INFO:Creating final display dataframe.
2025-10-26 10:50:10,583:INFO:Setup _display_container:                     Description             Value
0                    Session id               123
1                        Target             Price
2                   Target type        Regression
3           Original data shape         (500, 12)
4        Transformed data shape         (500, 12)
5   Transformed train set shape         (350, 12)
6    Transformed test set shape         (150, 12)
7              Numeric features                11
8                    Preprocess              True
9               Imputation type            simple
10           Numeric imputation              mean
11       Categorical imputation              mode
12               Transformation              True
13        Transformation method       yeo-johnson
14                    Normalize              True
15             Normalize method            zscore
16               Fold Generator             KFold
17                  Fold Number                10
18                     CPU Jobs                -1
19                      Use GPU              True
20               Log Experiment             False
21              Experiment Name  reg-default-name
22                          USI              b469
2025-10-26 10:50:10,592:WARNING:
'cuml' is a soft dependency and not included in the pycaret installation. Please run: `pip install cuml` to install.
2025-10-26 10:50:10,592:WARNING:
'cuml' is a soft dependency and not included in the pycaret installation. Please run: `pip install cuml` to install.
2025-10-26 10:50:10,597:WARNING:
'cuml' is a soft dependency and not included in the pycaret installation. Please run: `pip install cuml` to install.
2025-10-26 10:50:10,601:WARNING:
'cuml' is a soft dependency and not included in the pycaret installation. Please run: `pip install cuml` to install.
2025-10-26 10:50:10,660:WARNING:
'cuml' is a soft dependency and not included in the pycaret installation. Please run: `pip install cuml` to install.
2025-10-26 10:50:10,699:WARNING:
'cuml' is a soft dependency and not included in the pycaret installation. Please run: `pip install cuml` to install.
2025-10-26 10:50:10,699:WARNING:
'cuml' is a soft dependency and not included in the pycaret installation. Please run: `pip install cuml` to install.
2025-10-26 10:50:10,699:WARNING:
'xgboost' is a soft dependency and not included in the pycaret installation. Please run: `pip install xgboost` to install.
Alternately, you can install this by running `pip install pycaret[models]`
2025-10-26 10:50:10,715:INFO:Soft dependency imported: catboost: 1.2.8
2025-10-26 10:50:10,716:WARNING:
'cuml' is a soft dependency and not included in the pycaret installation. Please run: `pip install cuml` to install.
2025-10-26 10:50:10,716:WARNING:
'cuml' is a soft dependency and not included in the pycaret installation. Please run: `pip install cuml` to install.
2025-10-26 10:50:10,720:WARNING:
'cuml' is a soft dependency and not included in the pycaret installation. Please run: `pip install cuml` to install.
2025-10-26 10:50:10,727:WARNING:
'cuml' is a soft dependency and not included in the pycaret installation. Please run: `pip install cuml` to install.
2025-10-26 10:50:10,810:WARNING:
'cuml' is a soft dependency and not included in the pycaret installation. Please run: `pip install cuml` to install.
2025-10-26 10:50:10,852:WARNING:
'cuml' is a soft dependency and not included in the pycaret installation. Please run: `pip install cuml` to install.
2025-10-26 10:50:10,852:WARNING:
'cuml' is a soft dependency and not included in the pycaret installation. Please run: `pip install cuml` to install.
2025-10-26 10:50:10,852:WARNING:
'xgboost' is a soft dependency and not included in the pycaret installation. Please run: `pip install xgboost` to install.
Alternately, you can install this by running `pip install pycaret[models]`
2025-10-26 10:50:10,869:INFO:Soft dependency imported: catboost: 1.2.8
2025-10-26 10:50:10,870:INFO:setup() successfully completed in 12.79s...............
2025-10-26 10:50:10,889:INFO:Initializing compare_models()
2025-10-26 10:50:10,890:INFO:compare_models(self=<pycaret.regression.oop.RegressionExperiment object at 0x00000182D4FC0B90>, include=None, exclude=None, fold=None, round=4, cross_validation=True, sort=R2, n_select=1, budget_time=None, turbo=True, errors=ignore, fit_kwargs=None, groups=None, experiment_custom_tags=None, probability_threshold=None, verbose=True, parallel=None, caller_params={'self': <pycaret.regression.oop.RegressionExperiment object at 0x00000182D4FC0B90>, 'include': None, 'exclude': None, 'fold': None, 'round': 4, 'cross_validation': True, 'sort': 'R2', 'n_select': 1, 'budget_time': None, 'turbo': True, 'errors': 'ignore', 'fit_kwargs': None, 'groups': None, 'experiment_custom_tags': None, 'engine': None, 'verbose': True, 'parallel': None, '__class__': <class 'pycaret.regression.oop.RegressionExperiment'>})
2025-10-26 10:50:10,890:INFO:Checking exceptions
2025-10-26 10:50:10,893:INFO:Preparing display monitor
2025-10-26 10:50:10,925:INFO:Initializing Linear Regression
2025-10-26 10:50:10,925:INFO:Total runtime is 0.0 minutes
2025-10-26 10:50:10,931:INFO:SubProcess create_model() called ==================================
2025-10-26 10:50:10,931:INFO:Initializing create_model()
2025-10-26 10:50:10,931:INFO:create_model(self=<pycaret.regression.oop.RegressionExperiment object at 0x00000182D4FC0B90>, estimator=lr, fold=KFold(n_splits=10, random_state=None, shuffle=False), round=4, cross_validation=True, predict=True, fit_kwargs={}, groups=None, refit=False, probability_threshold=None, experiment_custom_tags=None, verbose=False, system=False, add_to_model_list=True, metrics=None, display=<pycaret.internal.display.display.CommonDisplay object at 0x00000182F61F04D0>, model_only=True, return_train_score=False, error_score=0.0, kwargs={})
2025-10-26 10:50:10,931:INFO:Checking exceptions
2025-10-26 10:50:10,931:INFO:Importing libraries
2025-10-26 10:50:10,931:INFO:Copying training dataset
2025-10-26 10:50:10,940:INFO:Defining folds
2025-10-26 10:50:10,941:INFO:Declaring metric variables
2025-10-26 10:50:10,946:INFO:Importing untrained model
2025-10-26 10:50:10,951:INFO:Linear Regression Imported successfully
2025-10-26 10:50:10,960:INFO:Starting cross validation
2025-10-26 10:50:10,973:INFO:Cross validating with KFold(n_splits=10, random_state=None, shuffle=False), n_jobs=1
2025-10-26 10:50:11,412:INFO:Calculating mean and std
2025-10-26 10:50:11,412:INFO:Creating metrics dataframe
2025-10-26 10:50:11,413:INFO:Uploading results into container
2025-10-26 10:50:11,414:INFO:Uploading model into container now
2025-10-26 10:50:11,414:INFO:_master_model_container: 1
2025-10-26 10:50:11,414:INFO:_display_container: 2
2025-10-26 10:50:11,415:INFO:LinearRegression(n_jobs=-1)
2025-10-26 10:50:11,415:INFO:create_model() successfully completed......................................
2025-10-26 10:50:11,553:INFO:SubProcess create_model() end ==================================
2025-10-26 10:50:11,554:INFO:Creating metrics dataframe
2025-10-26 10:50:11,562:INFO:Initializing Lasso Regression
2025-10-26 10:50:11,562:INFO:Total runtime is 0.010623610019683838 minutes
2025-10-26 10:50:11,566:INFO:SubProcess create_model() called ==================================
2025-10-26 10:50:11,566:INFO:Initializing create_model()
2025-10-26 10:50:11,567:INFO:create_model(self=<pycaret.regression.oop.RegressionExperiment object at 0x00000182D4FC0B90>, estimator=lasso, fold=KFold(n_splits=10, random_state=None, shuffle=False), round=4, cross_validation=True, predict=True, fit_kwargs={}, groups=None, refit=False, probability_threshold=None, experiment_custom_tags=None, verbose=False, system=False, add_to_model_list=True, metrics=None, display=<pycaret.internal.display.display.CommonDisplay object at 0x00000182F61F04D0>, model_only=True, return_train_score=False, error_score=0.0, kwargs={})
2025-10-26 10:50:11,567:INFO:Checking exceptions
2025-10-26 10:50:11,567:INFO:Importing libraries
2025-10-26 10:50:11,567:INFO:Copying training dataset
2025-10-26 10:50:11,573:INFO:Defining folds
2025-10-26 10:50:11,573:INFO:Declaring metric variables
2025-10-26 10:50:11,576:INFO:Importing untrained model
2025-10-26 10:50:11,580:INFO:Lasso Regression Imported successfully
2025-10-26 10:50:11,588:INFO:Starting cross validation
2025-10-26 10:50:11,589:INFO:Cross validating with KFold(n_splits=10, random_state=None, shuffle=False), n_jobs=1
2025-10-26 10:50:11,964:INFO:Calculating mean and std
2025-10-26 10:50:11,965:INFO:Creating metrics dataframe
2025-10-26 10:50:11,966:INFO:Uploading results into container
2025-10-26 10:50:11,967:INFO:Uploading model into container now
2025-10-26 10:50:11,967:INFO:_master_model_container: 2
2025-10-26 10:50:11,967:INFO:_display_container: 2
2025-10-26 10:50:11,967:INFO:Lasso(random_state=123)
2025-10-26 10:50:11,967:INFO:create_model() successfully completed......................................
2025-10-26 10:50:12,105:INFO:SubProcess create_model() end ==================================
2025-10-26 10:50:12,105:INFO:Creating metrics dataframe
2025-10-26 10:50:12,115:INFO:Initializing Ridge Regression
2025-10-26 10:50:12,115:INFO:Total runtime is 0.019840065638224283 minutes
2025-10-26 10:50:12,119:INFO:SubProcess create_model() called ==================================
2025-10-26 10:50:12,119:INFO:Initializing create_model()
2025-10-26 10:50:12,120:INFO:create_model(self=<pycaret.regression.oop.RegressionExperiment object at 0x00000182D4FC0B90>, estimator=ridge, fold=KFold(n_splits=10, random_state=None, shuffle=False), round=4, cross_validation=True, predict=True, fit_kwargs={}, groups=None, refit=False, probability_threshold=None, experiment_custom_tags=None, verbose=False, system=False, add_to_model_list=True, metrics=None, display=<pycaret.internal.display.display.CommonDisplay object at 0x00000182F61F04D0>, model_only=True, return_train_score=False, error_score=0.0, kwargs={})
2025-10-26 10:50:12,120:INFO:Checking exceptions
2025-10-26 10:50:12,120:INFO:Importing libraries
2025-10-26 10:50:12,120:INFO:Copying training dataset
2025-10-26 10:50:12,127:INFO:Defining folds
2025-10-26 10:50:12,127:INFO:Declaring metric variables
2025-10-26 10:50:12,131:INFO:Importing untrained model
2025-10-26 10:50:12,136:INFO:Ridge Regression Imported successfully
2025-10-26 10:50:12,144:INFO:Starting cross validation
2025-10-26 10:50:12,145:INFO:Cross validating with KFold(n_splits=10, random_state=None, shuffle=False), n_jobs=1
2025-10-26 10:50:12,519:INFO:Calculating mean and std
2025-10-26 10:50:12,520:INFO:Creating metrics dataframe
2025-10-26 10:50:12,522:INFO:Uploading results into container
2025-10-26 10:50:12,522:INFO:Uploading model into container now
2025-10-26 10:50:12,522:INFO:_master_model_container: 3
2025-10-26 10:50:12,522:INFO:_display_container: 2
2025-10-26 10:50:12,522:INFO:Ridge(random_state=123)
2025-10-26 10:50:12,523:INFO:create_model() successfully completed......................................
2025-10-26 10:50:12,659:INFO:SubProcess create_model() end ==================================
2025-10-26 10:50:12,660:INFO:Creating metrics dataframe
2025-10-26 10:50:12,667:INFO:Initializing Elastic Net
2025-10-26 10:50:12,668:INFO:Total runtime is 0.02905795176823934 minutes
2025-10-26 10:50:12,672:INFO:SubProcess create_model() called ==================================
2025-10-26 10:50:12,673:INFO:Initializing create_model()
2025-10-26 10:50:12,673:INFO:create_model(self=<pycaret.regression.oop.RegressionExperiment object at 0x00000182D4FC0B90>, estimator=en, fold=KFold(n_splits=10, random_state=None, shuffle=False), round=4, cross_validation=True, predict=True, fit_kwargs={}, groups=None, refit=False, probability_threshold=None, experiment_custom_tags=None, verbose=False, system=False, add_to_model_list=True, metrics=None, display=<pycaret.internal.display.display.CommonDisplay object at 0x00000182F61F04D0>, model_only=True, return_train_score=False, error_score=0.0, kwargs={})
2025-10-26 10:50:12,673:INFO:Checking exceptions
2025-10-26 10:50:12,673:INFO:Importing libraries
2025-10-26 10:50:12,673:INFO:Copying training dataset
2025-10-26 10:50:12,678:INFO:Defining folds
2025-10-26 10:50:12,678:INFO:Declaring metric variables
2025-10-26 10:50:12,683:INFO:Importing untrained model
2025-10-26 10:50:12,688:INFO:Elastic Net Imported successfully
2025-10-26 10:50:12,695:INFO:Starting cross validation
2025-10-26 10:50:12,696:INFO:Cross validating with KFold(n_splits=10, random_state=None, shuffle=False), n_jobs=1
2025-10-26 10:50:13,066:INFO:Calculating mean and std
2025-10-26 10:50:13,067:INFO:Creating metrics dataframe
2025-10-26 10:50:13,068:INFO:Uploading results into container
2025-10-26 10:50:13,069:INFO:Uploading model into container now
2025-10-26 10:50:13,069:INFO:_master_model_container: 4
2025-10-26 10:50:13,069:INFO:_display_container: 2
2025-10-26 10:50:13,069:INFO:ElasticNet(random_state=123)
2025-10-26 10:50:13,069:INFO:create_model() successfully completed......................................
2025-10-26 10:50:13,206:INFO:SubProcess create_model() end ==================================
2025-10-26 10:50:13,207:INFO:Creating metrics dataframe
2025-10-26 10:50:13,217:INFO:Initializing Least Angle Regression
2025-10-26 10:50:13,217:INFO:Total runtime is 0.03820693890253703 minutes
2025-10-26 10:50:13,222:INFO:SubProcess create_model() called ==================================
2025-10-26 10:50:13,222:INFO:Initializing create_model()
2025-10-26 10:50:13,222:INFO:create_model(self=<pycaret.regression.oop.RegressionExperiment object at 0x00000182D4FC0B90>, estimator=lar, fold=KFold(n_splits=10, random_state=None, shuffle=False), round=4, cross_validation=True, predict=True, fit_kwargs={}, groups=None, refit=False, probability_threshold=None, experiment_custom_tags=None, verbose=False, system=False, add_to_model_list=True, metrics=None, display=<pycaret.internal.display.display.CommonDisplay object at 0x00000182F61F04D0>, model_only=True, return_train_score=False, error_score=0.0, kwargs={})
2025-10-26 10:50:13,222:INFO:Checking exceptions
2025-10-26 10:50:13,223:INFO:Importing libraries
2025-10-26 10:50:13,223:INFO:Copying training dataset
2025-10-26 10:50:13,228:INFO:Defining folds
2025-10-26 10:50:13,229:INFO:Declaring metric variables
2025-10-26 10:50:13,233:INFO:Importing untrained model
2025-10-26 10:50:13,239:INFO:Least Angle Regression Imported successfully
2025-10-26 10:50:13,247:INFO:Starting cross validation
2025-10-26 10:50:13,248:INFO:Cross validating with KFold(n_splits=10, random_state=None, shuffle=False), n_jobs=1
2025-10-26 10:50:13,634:INFO:Calculating mean and std
2025-10-26 10:50:13,635:INFO:Creating metrics dataframe
2025-10-26 10:50:13,636:INFO:Uploading results into container
2025-10-26 10:50:13,636:INFO:Uploading model into container now
2025-10-26 10:50:13,637:INFO:_master_model_container: 5
2025-10-26 10:50:13,637:INFO:_display_container: 2
2025-10-26 10:50:13,637:INFO:Lars(random_state=123)
2025-10-26 10:50:13,637:INFO:create_model() successfully completed......................................
2025-10-26 10:50:13,771:INFO:SubProcess create_model() end ==================================
2025-10-26 10:50:13,772:INFO:Creating metrics dataframe
2025-10-26 10:50:13,781:INFO:Initializing Lasso Least Angle Regression
2025-10-26 10:50:13,782:INFO:Total runtime is 0.04762216011683146 minutes
2025-10-26 10:50:13,786:INFO:SubProcess create_model() called ==================================
2025-10-26 10:50:13,786:INFO:Initializing create_model()
2025-10-26 10:50:13,786:INFO:create_model(self=<pycaret.regression.oop.RegressionExperiment object at 0x00000182D4FC0B90>, estimator=llar, fold=KFold(n_splits=10, random_state=None, shuffle=False), round=4, cross_validation=True, predict=True, fit_kwargs={}, groups=None, refit=False, probability_threshold=None, experiment_custom_tags=None, verbose=False, system=False, add_to_model_list=True, metrics=None, display=<pycaret.internal.display.display.CommonDisplay object at 0x00000182F61F04D0>, model_only=True, return_train_score=False, error_score=0.0, kwargs={})
2025-10-26 10:50:13,787:INFO:Checking exceptions
2025-10-26 10:50:13,787:INFO:Importing libraries
2025-10-26 10:50:13,787:INFO:Copying training dataset
2025-10-26 10:50:13,793:INFO:Defining folds
2025-10-26 10:50:13,793:INFO:Declaring metric variables
2025-10-26 10:50:13,799:INFO:Importing untrained model
2025-10-26 10:50:13,803:INFO:Lasso Least Angle Regression Imported successfully
2025-10-26 10:50:13,811:INFO:Starting cross validation
2025-10-26 10:50:13,813:INFO:Cross validating with KFold(n_splits=10, random_state=None, shuffle=False), n_jobs=1
2025-10-26 10:50:14,189:INFO:Calculating mean and std
2025-10-26 10:50:14,189:INFO:Creating metrics dataframe
2025-10-26 10:50:14,191:INFO:Uploading results into container
2025-10-26 10:50:14,191:INFO:Uploading model into container now
2025-10-26 10:50:14,191:INFO:_master_model_container: 6
2025-10-26 10:50:14,191:INFO:_display_container: 2
2025-10-26 10:50:14,192:INFO:LassoLars(random_state=123)
2025-10-26 10:50:14,192:INFO:create_model() successfully completed......................................
2025-10-26 10:50:14,326:INFO:SubProcess create_model() end ==================================
2025-10-26 10:50:14,326:INFO:Creating metrics dataframe
2025-10-26 10:50:14,338:INFO:Initializing Orthogonal Matching Pursuit
2025-10-26 10:50:14,338:INFO:Total runtime is 0.0568889578183492 minutes
2025-10-26 10:50:14,342:INFO:SubProcess create_model() called ==================================
2025-10-26 10:50:14,342:INFO:Initializing create_model()
2025-10-26 10:50:14,342:INFO:create_model(self=<pycaret.regression.oop.RegressionExperiment object at 0x00000182D4FC0B90>, estimator=omp, fold=KFold(n_splits=10, random_state=None, shuffle=False), round=4, cross_validation=True, predict=True, fit_kwargs={}, groups=None, refit=False, probability_threshold=None, experiment_custom_tags=None, verbose=False, system=False, add_to_model_list=True, metrics=None, display=<pycaret.internal.display.display.CommonDisplay object at 0x00000182F61F04D0>, model_only=True, return_train_score=False, error_score=0.0, kwargs={})
2025-10-26 10:50:14,342:INFO:Checking exceptions
2025-10-26 10:50:14,342:INFO:Importing libraries
2025-10-26 10:50:14,343:INFO:Copying training dataset
2025-10-26 10:50:14,348:INFO:Defining folds
2025-10-26 10:50:14,348:INFO:Declaring metric variables
2025-10-26 10:50:14,351:INFO:Importing untrained model
2025-10-26 10:50:14,357:INFO:Orthogonal Matching Pursuit Imported successfully
2025-10-26 10:50:14,365:INFO:Starting cross validation
2025-10-26 10:50:14,366:INFO:Cross validating with KFold(n_splits=10, random_state=None, shuffle=False), n_jobs=1
2025-10-26 10:50:14,764:INFO:Calculating mean and std
2025-10-26 10:50:14,765:INFO:Creating metrics dataframe
2025-10-26 10:50:14,766:INFO:Uploading results into container
2025-10-26 10:50:14,767:INFO:Uploading model into container now
2025-10-26 10:50:14,767:INFO:_master_model_container: 7
2025-10-26 10:50:14,767:INFO:_display_container: 2
2025-10-26 10:50:14,767:INFO:OrthogonalMatchingPursuit()
2025-10-26 10:50:14,767:INFO:create_model() successfully completed......................................
2025-10-26 10:50:14,906:INFO:SubProcess create_model() end ==================================
2025-10-26 10:50:14,906:INFO:Creating metrics dataframe
2025-10-26 10:50:14,917:INFO:Initializing Bayesian Ridge
2025-10-26 10:50:14,917:INFO:Total runtime is 0.06653887430826823 minutes
2025-10-26 10:50:14,922:INFO:SubProcess create_model() called ==================================
2025-10-26 10:50:14,922:INFO:Initializing create_model()
2025-10-26 10:50:14,923:INFO:create_model(self=<pycaret.regression.oop.RegressionExperiment object at 0x00000182D4FC0B90>, estimator=br, fold=KFold(n_splits=10, random_state=None, shuffle=False), round=4, cross_validation=True, predict=True, fit_kwargs={}, groups=None, refit=False, probability_threshold=None, experiment_custom_tags=None, verbose=False, system=False, add_to_model_list=True, metrics=None, display=<pycaret.internal.display.display.CommonDisplay object at 0x00000182F61F04D0>, model_only=True, return_train_score=False, error_score=0.0, kwargs={})
2025-10-26 10:50:14,923:INFO:Checking exceptions
2025-10-26 10:50:14,923:INFO:Importing libraries
2025-10-26 10:50:14,923:INFO:Copying training dataset
2025-10-26 10:50:14,928:INFO:Defining folds
2025-10-26 10:50:14,928:INFO:Declaring metric variables
2025-10-26 10:50:14,932:INFO:Importing untrained model
2025-10-26 10:50:14,944:INFO:Bayesian Ridge Imported successfully
2025-10-26 10:50:14,955:INFO:Starting cross validation
2025-10-26 10:50:14,957:INFO:Cross validating with KFold(n_splits=10, random_state=None, shuffle=False), n_jobs=1
2025-10-26 10:50:15,333:INFO:Calculating mean and std
2025-10-26 10:50:15,333:INFO:Creating metrics dataframe
2025-10-26 10:50:15,335:INFO:Uploading results into container
2025-10-26 10:50:15,335:INFO:Uploading model into container now
2025-10-26 10:50:15,335:INFO:_master_model_container: 8
2025-10-26 10:50:15,335:INFO:_display_container: 2
2025-10-26 10:50:15,336:INFO:BayesianRidge()
2025-10-26 10:50:15,336:INFO:create_model() successfully completed......................................
2025-10-26 10:50:15,474:INFO:SubProcess create_model() end ==================================
2025-10-26 10:50:15,474:INFO:Creating metrics dataframe
2025-10-26 10:50:15,484:INFO:Initializing Passive Aggressive Regressor
2025-10-26 10:50:15,485:INFO:Total runtime is 0.07599716981252035 minutes
2025-10-26 10:50:15,489:INFO:SubProcess create_model() called ==================================
2025-10-26 10:50:15,489:INFO:Initializing create_model()
2025-10-26 10:50:15,490:INFO:create_model(self=<pycaret.regression.oop.RegressionExperiment object at 0x00000182D4FC0B90>, estimator=par, fold=KFold(n_splits=10, random_state=None, shuffle=False), round=4, cross_validation=True, predict=True, fit_kwargs={}, groups=None, refit=False, probability_threshold=None, experiment_custom_tags=None, verbose=False, system=False, add_to_model_list=True, metrics=None, display=<pycaret.internal.display.display.CommonDisplay object at 0x00000182F61F04D0>, model_only=True, return_train_score=False, error_score=0.0, kwargs={})
2025-10-26 10:50:15,490:INFO:Checking exceptions
2025-10-26 10:50:15,490:INFO:Importing libraries
2025-10-26 10:50:15,490:INFO:Copying training dataset
2025-10-26 10:50:15,496:INFO:Defining folds
2025-10-26 10:50:15,496:INFO:Declaring metric variables
2025-10-26 10:50:15,499:INFO:Importing untrained model
2025-10-26 10:50:15,505:INFO:Passive Aggressive Regressor Imported successfully
2025-10-26 10:50:15,513:INFO:Starting cross validation
2025-10-26 10:50:15,514:INFO:Cross validating with KFold(n_splits=10, random_state=None, shuffle=False), n_jobs=1
2025-10-26 10:50:15,578:WARNING:C:\Users\dhadu\AppData\Roaming\Python\Python311\site-packages\sklearn\linear_model\_stochastic_gradient.py:1575: ConvergenceWarning: Maximum number of iteration reached before convergence. Consider increasing max_iter to improve the fit.

2025-10-26 10:50:15,628:WARNING:C:\Users\dhadu\AppData\Roaming\Python\Python311\site-packages\sklearn\linear_model\_stochastic_gradient.py:1575: ConvergenceWarning: Maximum number of iteration reached before convergence. Consider increasing max_iter to improve the fit.

2025-10-26 10:50:15,679:WARNING:C:\Users\dhadu\AppData\Roaming\Python\Python311\site-packages\sklearn\linear_model\_stochastic_gradient.py:1575: ConvergenceWarning: Maximum number of iteration reached before convergence. Consider increasing max_iter to improve the fit.

2025-10-26 10:50:15,730:WARNING:C:\Users\dhadu\AppData\Roaming\Python\Python311\site-packages\sklearn\linear_model\_stochastic_gradient.py:1575: ConvergenceWarning: Maximum number of iteration reached before convergence. Consider increasing max_iter to improve the fit.

2025-10-26 10:50:15,780:WARNING:C:\Users\dhadu\AppData\Roaming\Python\Python311\site-packages\sklearn\linear_model\_stochastic_gradient.py:1575: ConvergenceWarning: Maximum number of iteration reached before convergence. Consider increasing max_iter to improve the fit.

2025-10-26 10:50:15,830:WARNING:C:\Users\dhadu\AppData\Roaming\Python\Python311\site-packages\sklearn\linear_model\_stochastic_gradient.py:1575: ConvergenceWarning: Maximum number of iteration reached before convergence. Consider increasing max_iter to improve the fit.

2025-10-26 10:50:15,881:WARNING:C:\Users\dhadu\AppData\Roaming\Python\Python311\site-packages\sklearn\linear_model\_stochastic_gradient.py:1575: ConvergenceWarning: Maximum number of iteration reached before convergence. Consider increasing max_iter to improve the fit.

2025-10-26 10:50:15,934:WARNING:C:\Users\dhadu\AppData\Roaming\Python\Python311\site-packages\sklearn\linear_model\_stochastic_gradient.py:1575: ConvergenceWarning: Maximum number of iteration reached before convergence. Consider increasing max_iter to improve the fit.

2025-10-26 10:50:15,985:WARNING:C:\Users\dhadu\AppData\Roaming\Python\Python311\site-packages\sklearn\linear_model\_stochastic_gradient.py:1575: ConvergenceWarning: Maximum number of iteration reached before convergence. Consider increasing max_iter to improve the fit.

2025-10-26 10:50:16,036:WARNING:C:\Users\dhadu\AppData\Roaming\Python\Python311\site-packages\sklearn\linear_model\_stochastic_gradient.py:1575: ConvergenceWarning: Maximum number of iteration reached before convergence. Consider increasing max_iter to improve the fit.

2025-10-26 10:50:16,044:INFO:Calculating mean and std
2025-10-26 10:50:16,045:INFO:Creating metrics dataframe
2025-10-26 10:50:16,047:INFO:Uploading results into container
2025-10-26 10:50:16,047:INFO:Uploading model into container now
2025-10-26 10:50:16,047:INFO:_master_model_container: 9
2025-10-26 10:50:16,047:INFO:_display_container: 2
2025-10-26 10:50:16,047:INFO:PassiveAggressiveRegressor(random_state=123)
2025-10-26 10:50:16,048:INFO:create_model() successfully completed......................................
2025-10-26 10:50:16,182:INFO:SubProcess create_model() end ==================================
2025-10-26 10:50:16,184:INFO:Creating metrics dataframe
2025-10-26 10:50:16,197:INFO:Initializing Huber Regressor
2025-10-26 10:50:16,197:INFO:Total runtime is 0.08787581125895183 minutes
2025-10-26 10:50:16,200:INFO:SubProcess create_model() called ==================================
2025-10-26 10:50:16,201:INFO:Initializing create_model()
2025-10-26 10:50:16,201:INFO:create_model(self=<pycaret.regression.oop.RegressionExperiment object at 0x00000182D4FC0B90>, estimator=huber, fold=KFold(n_splits=10, random_state=None, shuffle=False), round=4, cross_validation=True, predict=True, fit_kwargs={}, groups=None, refit=False, probability_threshold=None, experiment_custom_tags=None, verbose=False, system=False, add_to_model_list=True, metrics=None, display=<pycaret.internal.display.display.CommonDisplay object at 0x00000182F61F04D0>, model_only=True, return_train_score=False, error_score=0.0, kwargs={})
2025-10-26 10:50:16,201:INFO:Checking exceptions
2025-10-26 10:50:16,201:INFO:Importing libraries
2025-10-26 10:50:16,201:INFO:Copying training dataset
2025-10-26 10:50:16,207:INFO:Defining folds
2025-10-26 10:50:16,208:INFO:Declaring metric variables
2025-10-26 10:50:16,212:INFO:Importing untrained model
2025-10-26 10:50:16,217:INFO:Huber Regressor Imported successfully
2025-10-26 10:50:16,224:INFO:Starting cross validation
2025-10-26 10:50:16,225:INFO:Cross validating with KFold(n_splits=10, random_state=None, shuffle=False), n_jobs=1
2025-10-26 10:50:16,660:INFO:Calculating mean and std
2025-10-26 10:50:16,661:INFO:Creating metrics dataframe
2025-10-26 10:50:16,663:INFO:Uploading results into container
2025-10-26 10:50:16,664:INFO:Uploading model into container now
2025-10-26 10:50:16,664:INFO:_master_model_container: 10
2025-10-26 10:50:16,664:INFO:_display_container: 2
2025-10-26 10:50:16,664:INFO:HuberRegressor()
2025-10-26 10:50:16,664:INFO:create_model() successfully completed......................................
2025-10-26 10:50:16,799:INFO:SubProcess create_model() end ==================================
2025-10-26 10:50:16,800:INFO:Creating metrics dataframe
2025-10-26 10:50:16,813:INFO:Initializing K Neighbors Regressor
2025-10-26 10:50:16,813:INFO:Total runtime is 0.09813001950581869 minutes
2025-10-26 10:50:16,816:INFO:SubProcess create_model() called ==================================
2025-10-26 10:50:16,817:INFO:Initializing create_model()
2025-10-26 10:50:16,817:INFO:create_model(self=<pycaret.regression.oop.RegressionExperiment object at 0x00000182D4FC0B90>, estimator=knn, fold=KFold(n_splits=10, random_state=None, shuffle=False), round=4, cross_validation=True, predict=True, fit_kwargs={}, groups=None, refit=False, probability_threshold=None, experiment_custom_tags=None, verbose=False, system=False, add_to_model_list=True, metrics=None, display=<pycaret.internal.display.display.CommonDisplay object at 0x00000182F61F04D0>, model_only=True, return_train_score=False, error_score=0.0, kwargs={})
2025-10-26 10:50:16,817:INFO:Checking exceptions
2025-10-26 10:50:16,817:INFO:Importing libraries
2025-10-26 10:50:16,817:INFO:Copying training dataset
2025-10-26 10:50:16,823:INFO:Defining folds
2025-10-26 10:50:16,823:INFO:Declaring metric variables
2025-10-26 10:50:16,826:INFO:Importing untrained model
2025-10-26 10:50:16,831:INFO:K Neighbors Regressor Imported successfully
2025-10-26 10:50:16,838:INFO:Starting cross validation
2025-10-26 10:50:16,839:INFO:Cross validating with KFold(n_splits=10, random_state=None, shuffle=False), n_jobs=1
2025-10-26 10:50:17,399:INFO:Calculating mean and std
2025-10-26 10:50:17,401:INFO:Creating metrics dataframe
2025-10-26 10:50:17,403:INFO:Uploading results into container
2025-10-26 10:50:17,403:INFO:Uploading model into container now
2025-10-26 10:50:17,404:INFO:_master_model_container: 11
2025-10-26 10:50:17,404:INFO:_display_container: 2
2025-10-26 10:50:17,404:INFO:KNeighborsRegressor(n_jobs=-1)
2025-10-26 10:50:17,404:INFO:create_model() successfully completed......................................
2025-10-26 10:50:17,538:INFO:SubProcess create_model() end ==================================
2025-10-26 10:50:17,539:INFO:Creating metrics dataframe
2025-10-26 10:50:17,548:INFO:Initializing Decision Tree Regressor
2025-10-26 10:50:17,548:INFO:Total runtime is 0.11039155721664429 minutes
2025-10-26 10:50:17,552:INFO:SubProcess create_model() called ==================================
2025-10-26 10:50:17,552:INFO:Initializing create_model()
2025-10-26 10:50:17,553:INFO:create_model(self=<pycaret.regression.oop.RegressionExperiment object at 0x00000182D4FC0B90>, estimator=dt, fold=KFold(n_splits=10, random_state=None, shuffle=False), round=4, cross_validation=True, predict=True, fit_kwargs={}, groups=None, refit=False, probability_threshold=None, experiment_custom_tags=None, verbose=False, system=False, add_to_model_list=True, metrics=None, display=<pycaret.internal.display.display.CommonDisplay object at 0x00000182F61F04D0>, model_only=True, return_train_score=False, error_score=0.0, kwargs={})
2025-10-26 10:50:17,553:INFO:Checking exceptions
2025-10-26 10:50:17,553:INFO:Importing libraries
2025-10-26 10:50:17,553:INFO:Copying training dataset
2025-10-26 10:50:17,558:INFO:Defining folds
2025-10-26 10:50:17,559:INFO:Declaring metric variables
2025-10-26 10:50:17,562:INFO:Importing untrained model
2025-10-26 10:50:17,566:INFO:Decision Tree Regressor Imported successfully
2025-10-26 10:50:17,576:INFO:Starting cross validation
2025-10-26 10:50:17,578:INFO:Cross validating with KFold(n_splits=10, random_state=None, shuffle=False), n_jobs=1
2025-10-26 10:50:17,972:INFO:Calculating mean and std
2025-10-26 10:50:17,973:INFO:Creating metrics dataframe
2025-10-26 10:50:17,974:INFO:Uploading results into container
2025-10-26 10:50:17,975:INFO:Uploading model into container now
2025-10-26 10:50:17,975:INFO:_master_model_container: 12
2025-10-26 10:50:17,975:INFO:_display_container: 2
2025-10-26 10:50:17,975:INFO:DecisionTreeRegressor(random_state=123)
2025-10-26 10:50:17,975:INFO:create_model() successfully completed......................................
2025-10-26 10:50:18,112:INFO:SubProcess create_model() end ==================================
2025-10-26 10:50:18,112:INFO:Creating metrics dataframe
2025-10-26 10:50:18,124:INFO:Initializing Random Forest Regressor
2025-10-26 10:50:18,124:INFO:Total runtime is 0.11999183495839437 minutes
2025-10-26 10:50:18,129:INFO:SubProcess create_model() called ==================================
2025-10-26 10:50:18,129:INFO:Initializing create_model()
2025-10-26 10:50:18,129:INFO:create_model(self=<pycaret.regression.oop.RegressionExperiment object at 0x00000182D4FC0B90>, estimator=rf, fold=KFold(n_splits=10, random_state=None, shuffle=False), round=4, cross_validation=True, predict=True, fit_kwargs={}, groups=None, refit=False, probability_threshold=None, experiment_custom_tags=None, verbose=False, system=False, add_to_model_list=True, metrics=None, display=<pycaret.internal.display.display.CommonDisplay object at 0x00000182F61F04D0>, model_only=True, return_train_score=False, error_score=0.0, kwargs={})
2025-10-26 10:50:18,129:INFO:Checking exceptions
2025-10-26 10:50:18,129:INFO:Importing libraries
2025-10-26 10:50:18,129:INFO:Copying training dataset
2025-10-26 10:50:18,135:INFO:Defining folds
2025-10-26 10:50:18,135:INFO:Declaring metric variables
2025-10-26 10:50:18,139:INFO:Importing untrained model
2025-10-26 10:50:18,144:INFO:Random Forest Regressor Imported successfully
2025-10-26 10:50:18,152:INFO:Starting cross validation
2025-10-26 10:50:18,153:INFO:Cross validating with KFold(n_splits=10, random_state=None, shuffle=False), n_jobs=1
2025-10-26 10:50:19,865:INFO:Calculating mean and std
2025-10-26 10:50:19,866:INFO:Creating metrics dataframe
2025-10-26 10:50:19,867:INFO:Uploading results into container
2025-10-26 10:50:19,868:INFO:Uploading model into container now
2025-10-26 10:50:19,868:INFO:_master_model_container: 13
2025-10-26 10:50:19,869:INFO:_display_container: 2
2025-10-26 10:50:19,869:INFO:RandomForestRegressor(n_jobs=-1, random_state=123)
2025-10-26 10:50:19,869:INFO:create_model() successfully completed......................................
2025-10-26 10:50:20,007:INFO:SubProcess create_model() end ==================================
2025-10-26 10:50:20,007:INFO:Creating metrics dataframe
2025-10-26 10:50:20,018:INFO:Initializing Extra Trees Regressor
2025-10-26 10:50:20,019:INFO:Total runtime is 0.1515653649965922 minutes
2025-10-26 10:50:20,022:INFO:SubProcess create_model() called ==================================
2025-10-26 10:50:20,022:INFO:Initializing create_model()
2025-10-26 10:50:20,023:INFO:create_model(self=<pycaret.regression.oop.RegressionExperiment object at 0x00000182D4FC0B90>, estimator=et, fold=KFold(n_splits=10, random_state=None, shuffle=False), round=4, cross_validation=True, predict=True, fit_kwargs={}, groups=None, refit=False, probability_threshold=None, experiment_custom_tags=None, verbose=False, system=False, add_to_model_list=True, metrics=None, display=<pycaret.internal.display.display.CommonDisplay object at 0x00000182F61F04D0>, model_only=True, return_train_score=False, error_score=0.0, kwargs={})
2025-10-26 10:50:20,023:INFO:Checking exceptions
2025-10-26 10:50:20,023:INFO:Importing libraries
2025-10-26 10:50:20,023:INFO:Copying training dataset
2025-10-26 10:50:20,030:INFO:Defining folds
2025-10-26 10:50:20,030:INFO:Declaring metric variables
2025-10-26 10:50:20,034:INFO:Importing untrained model
2025-10-26 10:50:20,042:INFO:Extra Trees Regressor Imported successfully
2025-10-26 10:50:20,054:INFO:Starting cross validation
2025-10-26 10:50:20,055:INFO:Cross validating with KFold(n_splits=10, random_state=None, shuffle=False), n_jobs=1
2025-10-26 10:50:21,612:INFO:Calculating mean and std
2025-10-26 10:50:21,613:INFO:Creating metrics dataframe
2025-10-26 10:50:21,615:INFO:Uploading results into container
2025-10-26 10:50:21,615:INFO:Uploading model into container now
2025-10-26 10:50:21,616:INFO:_master_model_container: 14
2025-10-26 10:50:21,616:INFO:_display_container: 2
2025-10-26 10:50:21,616:INFO:ExtraTreesRegressor(n_jobs=-1, random_state=123)
2025-10-26 10:50:21,616:INFO:create_model() successfully completed......................................
2025-10-26 10:50:21,752:INFO:SubProcess create_model() end ==================================
2025-10-26 10:50:21,752:INFO:Creating metrics dataframe
2025-10-26 10:50:21,764:INFO:Initializing AdaBoost Regressor
2025-10-26 10:50:21,765:INFO:Total runtime is 0.1806680957476298 minutes
2025-10-26 10:50:21,769:INFO:SubProcess create_model() called ==================================
2025-10-26 10:50:21,769:INFO:Initializing create_model()
2025-10-26 10:50:21,770:INFO:create_model(self=<pycaret.regression.oop.RegressionExperiment object at 0x00000182D4FC0B90>, estimator=ada, fold=KFold(n_splits=10, random_state=None, shuffle=False), round=4, cross_validation=True, predict=True, fit_kwargs={}, groups=None, refit=False, probability_threshold=None, experiment_custom_tags=None, verbose=False, system=False, add_to_model_list=True, metrics=None, display=<pycaret.internal.display.display.CommonDisplay object at 0x00000182F61F04D0>, model_only=True, return_train_score=False, error_score=0.0, kwargs={})
2025-10-26 10:50:21,770:INFO:Checking exceptions
2025-10-26 10:50:21,770:INFO:Importing libraries
2025-10-26 10:50:21,770:INFO:Copying training dataset
2025-10-26 10:50:21,775:INFO:Defining folds
2025-10-26 10:50:21,775:INFO:Declaring metric variables
2025-10-26 10:50:21,780:INFO:Importing untrained model
2025-10-26 10:50:21,783:INFO:AdaBoost Regressor Imported successfully
2025-10-26 10:50:21,797:INFO:Starting cross validation
2025-10-26 10:50:21,799:INFO:Cross validating with KFold(n_splits=10, random_state=None, shuffle=False), n_jobs=1
2025-10-26 10:50:22,901:INFO:Calculating mean and std
2025-10-26 10:50:22,902:INFO:Creating metrics dataframe
2025-10-26 10:50:22,903:INFO:Uploading results into container
2025-10-26 10:50:22,904:INFO:Uploading model into container now
2025-10-26 10:50:22,904:INFO:_master_model_container: 15
2025-10-26 10:50:22,904:INFO:_display_container: 2
2025-10-26 10:50:22,904:INFO:AdaBoostRegressor(random_state=123)
2025-10-26 10:50:22,904:INFO:create_model() successfully completed......................................
2025-10-26 10:50:23,040:INFO:SubProcess create_model() end ==================================
2025-10-26 10:50:23,040:INFO:Creating metrics dataframe
2025-10-26 10:50:23,053:INFO:Initializing Gradient Boosting Regressor
2025-10-26 10:50:23,053:INFO:Total runtime is 0.20213618675867714 minutes
2025-10-26 10:50:23,057:INFO:SubProcess create_model() called ==================================
2025-10-26 10:50:23,058:INFO:Initializing create_model()
2025-10-26 10:50:23,058:INFO:create_model(self=<pycaret.regression.oop.RegressionExperiment object at 0x00000182D4FC0B90>, estimator=gbr, fold=KFold(n_splits=10, random_state=None, shuffle=False), round=4, cross_validation=True, predict=True, fit_kwargs={}, groups=None, refit=False, probability_threshold=None, experiment_custom_tags=None, verbose=False, system=False, add_to_model_list=True, metrics=None, display=<pycaret.internal.display.display.CommonDisplay object at 0x00000182F61F04D0>, model_only=True, return_train_score=False, error_score=0.0, kwargs={})
2025-10-26 10:50:23,058:INFO:Checking exceptions
2025-10-26 10:50:23,058:INFO:Importing libraries
2025-10-26 10:50:23,058:INFO:Copying training dataset
2025-10-26 10:50:23,065:INFO:Defining folds
2025-10-26 10:50:23,065:INFO:Declaring metric variables
2025-10-26 10:50:23,069:INFO:Importing untrained model
2025-10-26 10:50:23,074:INFO:Gradient Boosting Regressor Imported successfully
2025-10-26 10:50:23,083:INFO:Starting cross validation
2025-10-26 10:50:23,083:INFO:Cross validating with KFold(n_splits=10, random_state=None, shuffle=False), n_jobs=1
2025-10-26 10:50:24,361:INFO:Calculating mean and std
2025-10-26 10:50:24,362:INFO:Creating metrics dataframe
2025-10-26 10:50:24,363:INFO:Uploading results into container
2025-10-26 10:50:24,363:INFO:Uploading model into container now
2025-10-26 10:50:24,364:INFO:_master_model_container: 16
2025-10-26 10:50:24,364:INFO:_display_container: 2
2025-10-26 10:50:24,364:INFO:GradientBoostingRegressor(random_state=123)
2025-10-26 10:50:24,364:INFO:create_model() successfully completed......................................
2025-10-26 10:50:24,501:INFO:SubProcess create_model() end ==================================
2025-10-26 10:50:24,501:INFO:Creating metrics dataframe
2025-10-26 10:50:24,511:INFO:Initializing Light Gradient Boosting Machine
2025-10-26 10:50:24,511:INFO:Total runtime is 0.22643690903981525 minutes
2025-10-26 10:50:24,514:INFO:SubProcess create_model() called ==================================
2025-10-26 10:50:24,515:INFO:Initializing create_model()
2025-10-26 10:50:24,515:INFO:create_model(self=<pycaret.regression.oop.RegressionExperiment object at 0x00000182D4FC0B90>, estimator=lightgbm, fold=KFold(n_splits=10, random_state=None, shuffle=False), round=4, cross_validation=True, predict=True, fit_kwargs={}, groups=None, refit=False, probability_threshold=None, experiment_custom_tags=None, verbose=False, system=False, add_to_model_list=True, metrics=None, display=<pycaret.internal.display.display.CommonDisplay object at 0x00000182F61F04D0>, model_only=True, return_train_score=False, error_score=0.0, kwargs={})
2025-10-26 10:50:24,515:INFO:Checking exceptions
2025-10-26 10:50:24,515:INFO:Importing libraries
2025-10-26 10:50:24,515:INFO:Copying training dataset
2025-10-26 10:50:24,521:INFO:Defining folds
2025-10-26 10:50:24,521:INFO:Declaring metric variables
2025-10-26 10:50:24,526:INFO:Importing untrained model
2025-10-26 10:50:24,531:INFO:Light Gradient Boosting Machine Imported successfully
2025-10-26 10:50:24,539:INFO:Starting cross validation
2025-10-26 10:50:24,540:INFO:Cross validating with KFold(n_splits=10, random_state=None, shuffle=False), n_jobs=1
2025-10-26 10:50:24,589:INFO:[LightGBM] [Info] This is the GPU trainer!!
2025-10-26 10:50:24,590:INFO:[LightGBM] [Info] Total Bins 558
2025-10-26 10:50:24,591:INFO:[LightGBM] [Info] Number of data points in the train set: 315, number of used features: 11
2025-10-26 10:50:24,592:INFO:[LightGBM] [Info] Using GPU Device: Intel(R) UHD Graphics, Vendor: Intel(R) Corporation
2025-10-26 10:50:24,592:INFO:[LightGBM] [Info] Compiling OpenCL Kernel with 256 bins...
2025-10-26 10:50:24,606:INFO:[LightGBM] [Info] GPU programs have been built
2025-10-26 10:50:24,612:INFO:[LightGBM] [Info] Size of histogram bin entry: 8
2025-10-26 10:50:24,617:INFO:[LightGBM] [Info] 11 dense feature groups (0.00 MB) transferred to GPU in 0.004368 secs. 0 sparse feature groups
2025-10-26 10:50:24,618:INFO:[LightGBM] [Info] Start training from score 583683.556448
2025-10-26 10:50:24,627:INFO:[LightGBM] [Warning] No further splits with positive gain, best gain: -inf
2025-10-26 10:50:24,630:INFO:[LightGBM] [Warning] No further splits with positive gain, best gain: -inf
2025-10-26 10:50:24,634:INFO:[LightGBM] [Warning] No further splits with positive gain, best gain: -inf
2025-10-26 10:50:24,638:INFO:[LightGBM] [Warning] No further splits with positive gain, best gain: -inf
2025-10-26 10:50:24,642:INFO:[LightGBM] [Warning] No further splits with positive gain, best gain: -inf
2025-10-26 10:50:24,646:INFO:[LightGBM] [Warning] No further splits with positive gain, best gain: -inf
2025-10-26 10:50:24,650:INFO:[LightGBM] [Warning] No further splits with positive gain, best gain: -inf
2025-10-26 10:50:24,654:INFO:[LightGBM] [Warning] No further splits with positive gain, best gain: -inf
2025-10-26 10:50:24,657:INFO:[LightGBM] [Warning] No further splits with positive gain, best gain: -inf
2025-10-26 10:50:24,662:INFO:[LightGBM] [Warning] No further splits with positive gain, best gain: -inf
2025-10-26 10:50:24,666:INFO:[LightGBM] [Warning] No further splits with positive gain, best gain: -inf
2025-10-26 10:50:24,670:INFO:[LightGBM] [Warning] No further splits with positive gain, best gain: -inf
2025-10-26 10:50:24,675:INFO:[LightGBM] [Warning] No further splits with positive gain, best gain: -inf
2025-10-26 10:50:24,680:INFO:[LightGBM] [Warning] No further splits with positive gain, best gain: -inf
2025-10-26 10:50:24,683:INFO:[LightGBM] [Warning] No further splits with positive gain, best gain: -inf
2025-10-26 10:50:24,687:INFO:[LightGBM] [Warning] No further splits with positive gain, best gain: -inf
2025-10-26 10:50:24,692:INFO:[LightGBM] [Warning] No further splits with positive gain, best gain: -inf
2025-10-26 10:50:24,696:INFO:[LightGBM] [Warning] No further splits with positive gain, best gain: -inf
2025-10-26 10:50:24,700:INFO:[LightGBM] [Warning] No further splits with positive gain, best gain: -inf
2025-10-26 10:50:24,704:INFO:[LightGBM] [Warning] No further splits with positive gain, best gain: -inf
2025-10-26 10:50:24,708:INFO:[LightGBM] [Warning] No further splits with positive gain, best gain: -inf
2025-10-26 10:50:24,712:INFO:[LightGBM] [Warning] No further splits with positive gain, best gain: -inf
2025-10-26 10:50:24,715:INFO:[LightGBM] [Warning] No further splits with positive gain, best gain: -inf
2025-10-26 10:50:24,719:INFO:[LightGBM] [Warning] No further splits with positive gain, best gain: -inf
2025-10-26 10:50:24,723:INFO:[LightGBM] [Warning] No further splits with positive gain, best gain: -inf
2025-10-26 10:50:24,727:INFO:[LightGBM] [Warning] No further splits with positive gain, best gain: -inf
2025-10-26 10:50:24,731:INFO:[LightGBM] [Warning] No further splits with positive gain, best gain: -inf
2025-10-26 10:50:24,735:INFO:[LightGBM] [Warning] No further splits with positive gain, best gain: -inf
2025-10-26 10:50:24,739:INFO:[LightGBM] [Warning] No further splits with positive gain, best gain: -inf
2025-10-26 10:50:24,743:INFO:[LightGBM] [Warning] No further splits with positive gain, best gain: -inf
2025-10-26 10:50:24,747:INFO:[LightGBM] [Warning] No further splits with positive gain, best gain: -inf
2025-10-26 10:50:24,751:INFO:[LightGBM] [Warning] No further splits with positive gain, best gain: -inf
2025-10-26 10:50:24,754:INFO:[LightGBM] [Warning] No further splits with positive gain, best gain: -inf
2025-10-26 10:50:24,759:INFO:[LightGBM] [Warning] No further splits with positive gain, best gain: -inf
2025-10-26 10:50:24,762:INFO:[LightGBM] [Warning] No further splits with positive gain, best gain: -inf
2025-10-26 10:50:24,766:INFO:[LightGBM] [Warning] No further splits with positive gain, best gain: -inf
2025-10-26 10:50:24,770:INFO:[LightGBM] [Warning] No further splits with positive gain, best gain: -inf
2025-10-26 10:50:24,774:INFO:[LightGBM] [Warning] No further splits with positive gain, best gain: -inf
2025-10-26 10:50:24,778:INFO:[LightGBM] [Warning] No further splits with positive gain, best gain: -inf
2025-10-26 10:50:24,781:INFO:[LightGBM] [Warning] No further splits with positive gain, best gain: -inf
2025-10-26 10:50:24,786:INFO:[LightGBM] [Warning] No further splits with positive gain, best gain: -inf
2025-10-26 10:50:24,790:INFO:[LightGBM] [Warning] No further splits with positive gain, best gain: -inf
2025-10-26 10:50:24,794:INFO:[LightGBM] [Warning] No further splits with positive gain, best gain: -inf
2025-10-26 10:50:24,797:INFO:[LightGBM] [Warning] No further splits with positive gain, best gain: -inf
2025-10-26 10:50:24,802:INFO:[LightGBM] [Warning] No further splits with positive gain, best gain: -inf
2025-10-26 10:50:24,806:INFO:[LightGBM] [Warning] No further splits with positive gain, best gain: -inf
2025-10-26 10:50:24,810:INFO:[LightGBM] [Warning] No further splits with positive gain, best gain: -inf
2025-10-26 10:50:24,813:INFO:[LightGBM] [Warning] No further splits with positive gain, best gain: -inf
2025-10-26 10:50:24,818:INFO:[LightGBM] [Warning] No further splits with positive gain, best gain: -inf
2025-10-26 10:50:24,822:INFO:[LightGBM] [Warning] No further splits with positive gain, best gain: -inf
2025-10-26 10:50:24,827:INFO:[LightGBM] [Warning] No further splits with positive gain, best gain: -inf
2025-10-26 10:50:24,832:INFO:[LightGBM] [Warning] No further splits with positive gain, best gain: -inf
2025-10-26 10:50:24,835:INFO:[LightGBM] [Warning] No further splits with positive gain, best gain: -inf
2025-10-26 10:50:24,840:INFO:[LightGBM] [Warning] No further splits with positive gain, best gain: -inf
2025-10-26 10:50:24,845:INFO:[LightGBM] [Warning] No further splits with positive gain, best gain: -inf
2025-10-26 10:50:24,848:INFO:[LightGBM] [Warning] No further splits with positive gain, best gain: -inf
2025-10-26 10:50:24,852:INFO:[LightGBM] [Warning] No further splits with positive gain, best gain: -inf
2025-10-26 10:50:24,858:INFO:[LightGBM] [Warning] No further splits with positive gain, best gain: -inf
2025-10-26 10:50:24,862:INFO:[LightGBM] [Warning] No further splits with positive gain, best gain: -inf
2025-10-26 10:50:24,865:INFO:[LightGBM] [Warning] No further splits with positive gain, best gain: -inf
2025-10-26 10:50:24,871:INFO:[LightGBM] [Warning] No further splits with positive gain, best gain: -inf
2025-10-26 10:50:24,876:INFO:[LightGBM] [Warning] No further splits with positive gain, best gain: -inf
2025-10-26 10:50:24,881:INFO:[LightGBM] [Warning] No further splits with positive gain, best gain: -inf
2025-10-26 10:50:24,885:INFO:[LightGBM] [Warning] No further splits with positive gain, best gain: -inf
2025-10-26 10:50:24,889:INFO:[LightGBM] [Warning] No further splits with positive gain, best gain: -inf
2025-10-26 10:50:24,894:INFO:[LightGBM] [Warning] No further splits with positive gain, best gain: -inf
2025-10-26 10:50:24,898:INFO:[LightGBM] [Warning] No further splits with positive gain, best gain: -inf
2025-10-26 10:50:24,903:INFO:[LightGBM] [Warning] No further splits with positive gain, best gain: -inf
2025-10-26 10:50:24,907:INFO:[LightGBM] [Warning] No further splits with positive gain, best gain: -inf
2025-10-26 10:50:24,912:INFO:[LightGBM] [Warning] No further splits with positive gain, best gain: -inf
2025-10-26 10:50:24,915:INFO:[LightGBM] [Warning] No further splits with positive gain, best gain: -inf
2025-10-26 10:50:24,921:INFO:[LightGBM] [Warning] No further splits with positive gain, best gain: -inf
2025-10-26 10:50:24,925:INFO:[LightGBM] [Warning] No further splits with positive gain, best gain: -inf
2025-10-26 10:50:24,930:INFO:[LightGBM] [Warning] No further splits with positive gain, best gain: -inf
2025-10-26 10:50:24,934:INFO:[LightGBM] [Warning] No further splits with positive gain, best gain: -inf
2025-10-26 10:50:24,938:INFO:[LightGBM] [Warning] No further splits with positive gain, best gain: -inf
2025-10-26 10:50:24,943:INFO:[LightGBM] [Warning] No further splits with positive gain, best gain: -inf
2025-10-26 10:50:24,947:INFO:[LightGBM] [Warning] No further splits with positive gain, best gain: -inf
2025-10-26 10:50:24,951:INFO:[LightGBM] [Warning] No further splits with positive gain, best gain: -inf
2025-10-26 10:50:24,955:INFO:[LightGBM] [Warning] No further splits with positive gain, best gain: -inf
2025-10-26 10:50:24,960:INFO:[LightGBM] [Warning] No further splits with positive gain, best gain: -inf
2025-10-26 10:50:24,964:INFO:[LightGBM] [Warning] No further splits with positive gain, best gain: -inf
2025-10-26 10:50:24,969:INFO:[LightGBM] [Warning] No further splits with positive gain, best gain: -inf
2025-10-26 10:50:24,973:INFO:[LightGBM] [Warning] No further splits with positive gain, best gain: -inf
2025-10-26 10:50:24,978:INFO:[LightGBM] [Warning] No further splits with positive gain, best gain: -inf
2025-10-26 10:50:24,982:INFO:[LightGBM] [Warning] No further splits with positive gain, best gain: -inf
2025-10-26 10:50:24,985:INFO:[LightGBM] [Warning] No further splits with positive gain, best gain: -inf
2025-10-26 10:50:24,989:INFO:[LightGBM] [Warning] No further splits with positive gain, best gain: -inf
2025-10-26 10:50:24,994:INFO:[LightGBM] [Warning] No further splits with positive gain, best gain: -inf
2025-10-26 10:50:24,998:INFO:[LightGBM] [Warning] No further splits with positive gain, best gain: -inf
2025-10-26 10:50:25,003:INFO:[LightGBM] [Warning] No further splits with positive gain, best gain: -inf
2025-10-26 10:50:25,007:INFO:[LightGBM] [Warning] No further splits with positive gain, best gain: -inf
2025-10-26 10:50:25,012:INFO:[LightGBM] [Warning] No further splits with positive gain, best gain: -inf
2025-10-26 10:50:25,016:INFO:[LightGBM] [Warning] No further splits with positive gain, best gain: -inf
2025-10-26 10:50:25,021:INFO:[LightGBM] [Warning] No further splits with positive gain, best gain: -inf
2025-10-26 10:50:25,026:INFO:[LightGBM] [Warning] No further splits with positive gain, best gain: -inf
2025-10-26 10:50:25,029:INFO:[LightGBM] [Warning] No further splits with positive gain, best gain: -inf
2025-10-26 10:50:25,034:INFO:[LightGBM] [Warning] No further splits with positive gain, best gain: -inf
2025-10-26 10:50:25,038:INFO:[LightGBM] [Warning] No further splits with positive gain, best gain: -inf
2025-10-26 10:50:25,043:INFO:[LightGBM] [Warning] No further splits with positive gain, best gain: -inf
2025-10-26 10:50:25,121:INFO:[LightGBM] [Info] This is the GPU trainer!!
2025-10-26 10:50:25,121:INFO:[LightGBM] [Info] Total Bins 558
2025-10-26 10:50:25,122:INFO:[LightGBM] [Info] Number of data points in the train set: 315, number of used features: 11
2025-10-26 10:50:25,122:INFO:[LightGBM] [Info] Using GPU Device: Intel(R) UHD Graphics, Vendor: Intel(R) Corporation
2025-10-26 10:50:25,122:INFO:[LightGBM] [Info] Compiling OpenCL Kernel with 256 bins...
2025-10-26 10:50:25,127:INFO:[LightGBM] [Info] GPU programs have been built
2025-10-26 10:50:25,129:INFO:[LightGBM] [Info] Size of histogram bin entry: 8
2025-10-26 10:50:25,131:INFO:[LightGBM] [Info] 11 dense feature groups (0.00 MB) transferred to GPU in 0.001005 secs. 0 sparse feature groups
2025-10-26 10:50:25,131:INFO:[LightGBM] [Info] Start training from score 586642.236508
2025-10-26 10:50:25,136:INFO:[LightGBM] [Warning] No further splits with positive gain, best gain: -inf
2025-10-26 10:50:25,139:INFO:[LightGBM] [Warning] No further splits with positive gain, best gain: -inf
2025-10-26 10:50:25,143:INFO:[LightGBM] [Warning] No further splits with positive gain, best gain: -inf
2025-10-26 10:50:25,147:INFO:[LightGBM] [Warning] No further splits with positive gain, best gain: -inf
2025-10-26 10:50:25,150:INFO:[LightGBM] [Warning] No further splits with positive gain, best gain: -inf
2025-10-26 10:50:25,154:INFO:[LightGBM] [Warning] No further splits with positive gain, best gain: -inf
2025-10-26 10:50:25,159:INFO:[LightGBM] [Warning] No further splits with positive gain, best gain: -inf
2025-10-26 10:50:25,163:INFO:[LightGBM] [Warning] No further splits with positive gain, best gain: -inf
2025-10-26 10:50:25,168:INFO:[LightGBM] [Warning] No further splits with positive gain, best gain: -inf
2025-10-26 10:50:25,173:INFO:[LightGBM] [Warning] No further splits with positive gain, best gain: -inf
2025-10-26 10:50:25,177:INFO:[LightGBM] [Warning] No further splits with positive gain, best gain: -inf
2025-10-26 10:50:25,181:INFO:[LightGBM] [Warning] No further splits with positive gain, best gain: -inf
2025-10-26 10:50:25,185:INFO:[LightGBM] [Warning] No further splits with positive gain, best gain: -inf
2025-10-26 10:50:25,190:INFO:[LightGBM] [Warning] No further splits with positive gain, best gain: -inf
2025-10-26 10:50:25,195:INFO:[LightGBM] [Warning] No further splits with positive gain, best gain: -inf
2025-10-26 10:50:25,199:INFO:[LightGBM] [Warning] No further splits with positive gain, best gain: -inf
2025-10-26 10:50:25,203:INFO:[LightGBM] [Warning] No further splits with positive gain, best gain: -inf
2025-10-26 10:50:25,207:INFO:[LightGBM] [Warning] No further splits with positive gain, best gain: -inf
2025-10-26 10:50:25,211:INFO:[LightGBM] [Warning] No further splits with positive gain, best gain: -inf
2025-10-26 10:50:25,215:INFO:[LightGBM] [Warning] No further splits with positive gain, best gain: -inf
2025-10-26 10:50:25,220:INFO:[LightGBM] [Warning] No further splits with positive gain, best gain: -inf
2025-10-26 10:50:25,226:INFO:[LightGBM] [Warning] No further splits with positive gain, best gain: -inf
2025-10-26 10:50:25,229:INFO:[LightGBM] [Warning] No further splits with positive gain, best gain: -inf
2025-10-26 10:50:25,233:INFO:[LightGBM] [Warning] No further splits with positive gain, best gain: -inf
2025-10-26 10:50:25,237:INFO:[LightGBM] [Warning] No further splits with positive gain, best gain: -inf
2025-10-26 10:50:25,241:INFO:[LightGBM] [Warning] No further splits with positive gain, best gain: -inf
2025-10-26 10:50:25,245:INFO:[LightGBM] [Warning] No further splits with positive gain, best gain: -inf
2025-10-26 10:50:25,249:INFO:[LightGBM] [Warning] No further splits with positive gain, best gain: -inf
2025-10-26 10:50:25,254:INFO:[LightGBM] [Warning] No further splits with positive gain, best gain: -inf
2025-10-26 10:50:25,258:INFO:[LightGBM] [Warning] No further splits with positive gain, best gain: -inf
2025-10-26 10:50:25,262:INFO:[LightGBM] [Warning] No further splits with positive gain, best gain: -inf
2025-10-26 10:50:25,265:INFO:[LightGBM] [Warning] No further splits with positive gain, best gain: -inf
2025-10-26 10:50:25,270:INFO:[LightGBM] [Warning] No further splits with positive gain, best gain: -inf
2025-10-26 10:50:25,274:INFO:[LightGBM] [Warning] No further splits with positive gain, best gain: -inf
2025-10-26 10:50:25,278:INFO:[LightGBM] [Warning] No further splits with positive gain, best gain: -inf
2025-10-26 10:50:25,282:INFO:[LightGBM] [Warning] No further splits with positive gain, best gain: -inf
2025-10-26 10:50:25,285:INFO:[LightGBM] [Warning] No further splits with positive gain, best gain: -inf
2025-10-26 10:50:25,289:INFO:[LightGBM] [Warning] No further splits with positive gain, best gain: -inf
2025-10-26 10:50:25,293:INFO:[LightGBM] [Warning] No further splits with positive gain, best gain: -inf
2025-10-26 10:50:25,297:INFO:[LightGBM] [Warning] No further splits with positive gain, best gain: -inf
2025-10-26 10:50:25,301:INFO:[LightGBM] [Warning] No further splits with positive gain, best gain: -inf
2025-10-26 10:50:25,305:INFO:[LightGBM] [Warning] No further splits with positive gain, best gain: -inf
2025-10-26 10:50:25,309:INFO:[LightGBM] [Warning] No further splits with positive gain, best gain: -inf
2025-10-26 10:50:25,313:INFO:[LightGBM] [Warning] No further splits with positive gain, best gain: -inf
2025-10-26 10:50:25,317:INFO:[LightGBM] [Warning] No further splits with positive gain, best gain: -inf
2025-10-26 10:50:25,320:INFO:[LightGBM] [Warning] No further splits with positive gain, best gain: -inf
2025-10-26 10:50:25,325:INFO:[LightGBM] [Warning] No further splits with positive gain, best gain: -inf
2025-10-26 10:50:25,329:INFO:[LightGBM] [Warning] No further splits with positive gain, best gain: -inf
2025-10-26 10:50:25,333:INFO:[LightGBM] [Warning] No further splits with positive gain, best gain: -inf
2025-10-26 10:50:25,337:INFO:[LightGBM] [Warning] No further splits with positive gain, best gain: -inf
2025-10-26 10:50:25,341:INFO:[LightGBM] [Warning] No further splits with positive gain, best gain: -inf
2025-10-26 10:50:25,346:INFO:[LightGBM] [Warning] No further splits with positive gain, best gain: -inf
2025-10-26 10:50:25,350:INFO:[LightGBM] [Warning] No further splits with positive gain, best gain: -inf
2025-10-26 10:50:25,354:INFO:[LightGBM] [Warning] No further splits with positive gain, best gain: -inf
2025-10-26 10:50:25,358:INFO:[LightGBM] [Warning] No further splits with positive gain, best gain: -inf
2025-10-26 10:50:25,362:INFO:[LightGBM] [Warning] No further splits with positive gain, best gain: -inf
2025-10-26 10:50:25,366:INFO:[LightGBM] [Warning] No further splits with positive gain, best gain: -inf
2025-10-26 10:50:25,371:INFO:[LightGBM] [Warning] No further splits with positive gain, best gain: -inf
2025-10-26 10:50:25,374:INFO:[LightGBM] [Warning] No further splits with positive gain, best gain: -inf
2025-10-26 10:50:25,378:INFO:[LightGBM] [Warning] No further splits with positive gain, best gain: -inf
2025-10-26 10:50:25,384:INFO:[LightGBM] [Warning] No further splits with positive gain, best gain: -inf
2025-10-26 10:50:25,387:INFO:[LightGBM] [Warning] No further splits with positive gain, best gain: -inf
2025-10-26 10:50:25,392:INFO:[LightGBM] [Warning] No further splits with positive gain, best gain: -inf
2025-10-26 10:50:25,397:INFO:[LightGBM] [Warning] No further splits with positive gain, best gain: -inf
2025-10-26 10:50:25,401:INFO:[LightGBM] [Warning] No further splits with positive gain, best gain: -inf
2025-10-26 10:50:25,405:INFO:[LightGBM] [Warning] No further splits with positive gain, best gain: -inf
2025-10-26 10:50:25,409:INFO:[LightGBM] [Warning] No further splits with positive gain, best gain: -inf
2025-10-26 10:50:25,414:INFO:[LightGBM] [Warning] No further splits with positive gain, best gain: -inf
2025-10-26 10:50:25,418:INFO:[LightGBM] [Warning] No further splits with positive gain, best gain: -inf
2025-10-26 10:50:25,423:INFO:[LightGBM] [Warning] No further splits with positive gain, best gain: -inf
2025-10-26 10:50:25,427:INFO:[LightGBM] [Warning] No further splits with positive gain, best gain: -inf
2025-10-26 10:50:25,431:INFO:[LightGBM] [Warning] No further splits with positive gain, best gain: -inf
2025-10-26 10:50:25,435:INFO:[LightGBM] [Warning] No further splits with positive gain, best gain: -inf
2025-10-26 10:50:25,440:INFO:[LightGBM] [Warning] No further splits with positive gain, best gain: -inf
2025-10-26 10:50:25,445:INFO:[LightGBM] [Warning] No further splits with positive gain, best gain: -inf
2025-10-26 10:50:25,449:INFO:[LightGBM] [Warning] No further splits with positive gain, best gain: -inf
2025-10-26 10:50:25,453:INFO:[LightGBM] [Warning] No further splits with positive gain, best gain: -inf
2025-10-26 10:50:25,457:INFO:[LightGBM] [Warning] No further splits with positive gain, best gain: -inf
2025-10-26 10:50:25,461:INFO:[LightGBM] [Warning] No further splits with positive gain, best gain: -inf
2025-10-26 10:50:25,465:INFO:[LightGBM] [Warning] No further splits with positive gain, best gain: -inf
2025-10-26 10:50:25,469:INFO:[LightGBM] [Warning] No further splits with positive gain, best gain: -inf
2025-10-26 10:50:25,474:INFO:[LightGBM] [Warning] No further splits with positive gain, best gain: -inf
2025-10-26 10:50:25,478:INFO:[LightGBM] [Warning] No further splits with positive gain, best gain: -inf
2025-10-26 10:50:25,481:INFO:[LightGBM] [Warning] No further splits with positive gain, best gain: -inf
2025-10-26 10:50:25,485:INFO:[LightGBM] [Warning] No further splits with positive gain, best gain: -inf
2025-10-26 10:50:25,489:INFO:[LightGBM] [Warning] No further splits with positive gain, best gain: -inf
2025-10-26 10:50:25,494:INFO:[LightGBM] [Warning] No further splits with positive gain, best gain: -inf
2025-10-26 10:50:25,498:INFO:[LightGBM] [Warning] No further splits with positive gain, best gain: -inf
2025-10-26 10:50:25,502:INFO:[LightGBM] [Warning] No further splits with positive gain, best gain: -inf
2025-10-26 10:50:25,505:INFO:[LightGBM] [Warning] No further splits with positive gain, best gain: -inf
2025-10-26 10:50:25,511:INFO:[LightGBM] [Warning] No further splits with positive gain, best gain: -inf
2025-10-26 10:50:25,514:INFO:[LightGBM] [Warning] No further splits with positive gain, best gain: -inf
2025-10-26 10:50:25,518:INFO:[LightGBM] [Warning] No further splits with positive gain, best gain: -inf
2025-10-26 10:50:25,523:INFO:[LightGBM] [Warning] No further splits with positive gain, best gain: -inf
2025-10-26 10:50:25,527:INFO:[LightGBM] [Warning] No further splits with positive gain, best gain: -inf
2025-10-26 10:50:25,531:INFO:[LightGBM] [Warning] No further splits with positive gain, best gain: -inf
2025-10-26 10:50:25,535:INFO:[LightGBM] [Warning] No further splits with positive gain, best gain: -inf
2025-10-26 10:50:25,539:INFO:[LightGBM] [Warning] No further splits with positive gain, best gain: -inf
2025-10-26 10:50:25,543:INFO:[LightGBM] [Warning] No further splits with positive gain, best gain: -inf
2025-10-26 10:50:25,547:INFO:[LightGBM] [Warning] No further splits with positive gain, best gain: -inf
2025-10-26 10:50:25,624:INFO:[LightGBM] [Info] This is the GPU trainer!!
2025-10-26 10:50:25,624:INFO:[LightGBM] [Info] Total Bins 557
2025-10-26 10:50:25,624:INFO:[LightGBM] [Info] Number of data points in the train set: 315, number of used features: 11
2025-10-26 10:50:25,625:INFO:[LightGBM] [Info] Using GPU Device: Intel(R) UHD Graphics, Vendor: Intel(R) Corporation
2025-10-26 10:50:25,625:INFO:[LightGBM] [Info] Compiling OpenCL Kernel with 256 bins...
2025-10-26 10:50:25,630:INFO:[LightGBM] [Info] GPU programs have been built
2025-10-26 10:50:25,632:INFO:[LightGBM] [Info] Size of histogram bin entry: 8
2025-10-26 10:50:25,634:INFO:[LightGBM] [Info] 11 dense feature groups (0.00 MB) transferred to GPU in 0.000772 secs. 0 sparse feature groups
2025-10-26 10:50:25,634:INFO:[LightGBM] [Info] Start training from score 585266.571825
2025-10-26 10:50:25,638:INFO:[LightGBM] [Warning] No further splits with positive gain, best gain: -inf
2025-10-26 10:50:25,642:INFO:[LightGBM] [Warning] No further splits with positive gain, best gain: -inf
2025-10-26 10:50:25,645:INFO:[LightGBM] [Warning] No further splits with positive gain, best gain: -inf
2025-10-26 10:50:25,649:INFO:[LightGBM] [Warning] No further splits with positive gain, best gain: -inf
2025-10-26 10:50:25,652:INFO:[LightGBM] [Warning] No further splits with positive gain, best gain: -inf
2025-10-26 10:50:25,656:INFO:[LightGBM] [Warning] No further splits with positive gain, best gain: -inf
2025-10-26 10:50:25,660:INFO:[LightGBM] [Warning] No further splits with positive gain, best gain: -inf
2025-10-26 10:50:25,664:INFO:[LightGBM] [Warning] No further splits with positive gain, best gain: -inf
2025-10-26 10:50:25,667:INFO:[LightGBM] [Warning] No further splits with positive gain, best gain: -inf
2025-10-26 10:50:25,672:INFO:[LightGBM] [Warning] No further splits with positive gain, best gain: -inf
2025-10-26 10:50:25,676:INFO:[LightGBM] [Warning] No further splits with positive gain, best gain: -inf
2025-10-26 10:50:25,681:INFO:[LightGBM] [Warning] No further splits with positive gain, best gain: -inf
2025-10-26 10:50:25,685:INFO:[LightGBM] [Warning] No further splits with positive gain, best gain: -inf
2025-10-26 10:50:25,689:INFO:[LightGBM] [Warning] No further splits with positive gain, best gain: -inf
2025-10-26 10:50:25,694:INFO:[LightGBM] [Warning] No further splits with positive gain, best gain: -inf
2025-10-26 10:50:25,698:INFO:[LightGBM] [Warning] No further splits with positive gain, best gain: -inf
2025-10-26 10:50:25,702:INFO:[LightGBM] [Warning] No further splits with positive gain, best gain: -inf
2025-10-26 10:50:25,706:INFO:[LightGBM] [Warning] No further splits with positive gain, best gain: -inf
2025-10-26 10:50:25,710:INFO:[LightGBM] [Warning] No further splits with positive gain, best gain: -inf
2025-10-26 10:50:25,714:INFO:[LightGBM] [Warning] No further splits with positive gain, best gain: -inf
2025-10-26 10:50:25,719:INFO:[LightGBM] [Warning] No further splits with positive gain, best gain: -inf
2025-10-26 10:50:25,723:INFO:[LightGBM] [Warning] No further splits with positive gain, best gain: -inf
2025-10-26 10:50:25,728:INFO:[LightGBM] [Warning] No further splits with positive gain, best gain: -inf
2025-10-26 10:50:25,733:INFO:[LightGBM] [Warning] No further splits with positive gain, best gain: -inf
2025-10-26 10:50:25,738:INFO:[LightGBM] [Warning] No further splits with positive gain, best gain: -inf
2025-10-26 10:50:25,743:INFO:[LightGBM] [Warning] No further splits with positive gain, best gain: -inf
2025-10-26 10:50:25,747:INFO:[LightGBM] [Warning] No further splits with positive gain, best gain: -inf
2025-10-26 10:50:25,752:INFO:[LightGBM] [Warning] No further splits with positive gain, best gain: -inf
2025-10-26 10:50:25,757:INFO:[LightGBM] [Warning] No further splits with positive gain, best gain: -inf
2025-10-26 10:50:25,762:INFO:[LightGBM] [Warning] No further splits with positive gain, best gain: -inf
2025-10-26 10:50:25,767:INFO:[LightGBM] [Warning] No further splits with positive gain, best gain: -inf
2025-10-26 10:50:25,772:INFO:[LightGBM] [Warning] No further splits with positive gain, best gain: -inf
2025-10-26 10:50:25,778:INFO:[LightGBM] [Warning] No further splits with positive gain, best gain: -inf
2025-10-26 10:50:25,782:INFO:[LightGBM] [Warning] No further splits with positive gain, best gain: -inf
2025-10-26 10:50:25,786:INFO:[LightGBM] [Warning] No further splits with positive gain, best gain: -inf
2025-10-26 10:50:25,791:INFO:[LightGBM] [Warning] No further splits with positive gain, best gain: -inf
2025-10-26 10:50:25,796:INFO:[LightGBM] [Warning] No further splits with positive gain, best gain: -inf
2025-10-26 10:50:25,801:INFO:[LightGBM] [Warning] No further splits with positive gain, best gain: -inf
2025-10-26 10:50:25,806:INFO:[LightGBM] [Warning] No further splits with positive gain, best gain: -inf
2025-10-26 10:50:25,811:INFO:[LightGBM] [Warning] No further splits with positive gain, best gain: -inf
2025-10-26 10:50:25,816:INFO:[LightGBM] [Warning] No further splits with positive gain, best gain: -inf
2025-10-26 10:50:25,821:INFO:[LightGBM] [Warning] No further splits with positive gain, best gain: -inf
2025-10-26 10:50:25,826:INFO:[LightGBM] [Warning] No further splits with positive gain, best gain: -inf
2025-10-26 10:50:25,831:INFO:[LightGBM] [Warning] No further splits with positive gain, best gain: -inf
2025-10-26 10:50:25,836:INFO:[LightGBM] [Warning] No further splits with positive gain, best gain: -inf
2025-10-26 10:50:25,841:INFO:[LightGBM] [Warning] No further splits with positive gain, best gain: -inf
2025-10-26 10:50:25,846:INFO:[LightGBM] [Warning] No further splits with positive gain, best gain: -inf
2025-10-26 10:50:25,851:INFO:[LightGBM] [Warning] No further splits with positive gain, best gain: -inf
2025-10-26 10:50:25,855:INFO:[LightGBM] [Warning] No further splits with positive gain, best gain: -inf
2025-10-26 10:50:25,859:INFO:[LightGBM] [Warning] No further splits with positive gain, best gain: -inf
2025-10-26 10:50:25,863:INFO:[LightGBM] [Warning] No further splits with positive gain, best gain: -inf
2025-10-26 10:50:25,869:INFO:[LightGBM] [Warning] No further splits with positive gain, best gain: -inf
2025-10-26 10:50:25,876:INFO:[LightGBM] [Warning] No further splits with positive gain, best gain: -inf
2025-10-26 10:50:25,880:INFO:[LightGBM] [Warning] No further splits with positive gain, best gain: -inf
2025-10-26 10:50:25,885:INFO:[LightGBM] [Warning] No further splits with positive gain, best gain: -inf
2025-10-26 10:50:25,889:INFO:[LightGBM] [Warning] No further splits with positive gain, best gain: -inf
2025-10-26 10:50:25,894:INFO:[LightGBM] [Warning] No further splits with positive gain, best gain: -inf
2025-10-26 10:50:25,898:INFO:[LightGBM] [Warning] No further splits with positive gain, best gain: -inf
2025-10-26 10:50:25,902:INFO:[LightGBM] [Warning] No further splits with positive gain, best gain: -inf
2025-10-26 10:50:25,907:INFO:[LightGBM] [Warning] No further splits with positive gain, best gain: -inf
2025-10-26 10:50:25,912:INFO:[LightGBM] [Warning] No further splits with positive gain, best gain: -inf
2025-10-26 10:50:25,916:INFO:[LightGBM] [Warning] No further splits with positive gain, best gain: -inf
2025-10-26 10:50:25,920:INFO:[LightGBM] [Warning] No further splits with positive gain, best gain: -inf
2025-10-26 10:50:25,925:INFO:[LightGBM] [Warning] No further splits with positive gain, best gain: -inf
2025-10-26 10:50:25,929:INFO:[LightGBM] [Warning] No further splits with positive gain, best gain: -inf
2025-10-26 10:50:25,934:INFO:[LightGBM] [Warning] No further splits with positive gain, best gain: -inf
2025-10-26 10:50:25,939:INFO:[LightGBM] [Warning] No further splits with positive gain, best gain: -inf
2025-10-26 10:50:25,944:INFO:[LightGBM] [Warning] No further splits with positive gain, best gain: -inf
2025-10-26 10:50:25,948:INFO:[LightGBM] [Warning] No further splits with positive gain, best gain: -inf
2025-10-26 10:50:25,952:INFO:[LightGBM] [Warning] No further splits with positive gain, best gain: -inf
2025-10-26 10:50:25,956:INFO:[LightGBM] [Warning] No further splits with positive gain, best gain: -inf
2025-10-26 10:50:25,961:INFO:[LightGBM] [Warning] No further splits with positive gain, best gain: -inf
2025-10-26 10:50:25,965:INFO:[LightGBM] [Warning] No further splits with positive gain, best gain: -inf
2025-10-26 10:50:25,970:INFO:[LightGBM] [Warning] No further splits with positive gain, best gain: -inf
2025-10-26 10:50:25,974:INFO:[LightGBM] [Warning] No further splits with positive gain, best gain: -inf
2025-10-26 10:50:25,978:INFO:[LightGBM] [Warning] No further splits with positive gain, best gain: -inf
2025-10-26 10:50:25,983:INFO:[LightGBM] [Warning] No further splits with positive gain, best gain: -inf
2025-10-26 10:50:25,987:INFO:[LightGBM] [Warning] No further splits with positive gain, best gain: -inf
2025-10-26 10:50:25,992:INFO:[LightGBM] [Warning] No further splits with positive gain, best gain: -inf
2025-10-26 10:50:25,996:INFO:[LightGBM] [Warning] No further splits with positive gain, best gain: -inf
2025-10-26 10:50:26,001:INFO:[LightGBM] [Warning] No further splits with positive gain, best gain: -inf
2025-10-26 10:50:26,005:INFO:[LightGBM] [Warning] No further splits with positive gain, best gain: -inf
2025-10-26 10:50:26,010:INFO:[LightGBM] [Warning] No further splits with positive gain, best gain: -inf
2025-10-26 10:50:26,014:INFO:[LightGBM] [Warning] No further splits with positive gain, best gain: -inf
2025-10-26 10:50:26,019:INFO:[LightGBM] [Warning] No further splits with positive gain, best gain: -inf
2025-10-26 10:50:26,024:INFO:[LightGBM] [Warning] No further splits with positive gain, best gain: -inf
2025-10-26 10:50:26,028:INFO:[LightGBM] [Warning] No further splits with positive gain, best gain: -inf
2025-10-26 10:50:26,033:INFO:[LightGBM] [Warning] No further splits with positive gain, best gain: -inf
2025-10-26 10:50:26,037:INFO:[LightGBM] [Warning] No further splits with positive gain, best gain: -inf
2025-10-26 10:50:26,042:INFO:[LightGBM] [Warning] No further splits with positive gain, best gain: -inf
2025-10-26 10:50:26,046:INFO:[LightGBM] [Warning] No further splits with positive gain, best gain: -inf
2025-10-26 10:50:26,051:INFO:[LightGBM] [Warning] No further splits with positive gain, best gain: -inf
2025-10-26 10:50:26,056:INFO:[LightGBM] [Warning] No further splits with positive gain, best gain: -inf
2025-10-26 10:50:26,061:INFO:[LightGBM] [Warning] No further splits with positive gain, best gain: -inf
2025-10-26 10:50:26,065:INFO:[LightGBM] [Warning] No further splits with positive gain, best gain: -inf
2025-10-26 10:50:26,070:INFO:[LightGBM] [Warning] No further splits with positive gain, best gain: -inf
2025-10-26 10:50:26,074:INFO:[LightGBM] [Warning] No further splits with positive gain, best gain: -inf
2025-10-26 10:50:26,078:INFO:[LightGBM] [Warning] No further splits with positive gain, best gain: -inf
2025-10-26 10:50:26,083:INFO:[LightGBM] [Warning] No further splits with positive gain, best gain: -inf
2025-10-26 10:50:26,087:INFO:[LightGBM] [Warning] No further splits with positive gain, best gain: -inf
2025-10-26 10:50:26,162:INFO:[LightGBM] [Info] This is the GPU trainer!!
2025-10-26 10:50:26,162:INFO:[LightGBM] [Info] Total Bins 556
2025-10-26 10:50:26,163:INFO:[LightGBM] [Info] Number of data points in the train set: 315, number of used features: 11
2025-10-26 10:50:26,163:INFO:[LightGBM] [Info] Using GPU Device: Intel(R) UHD Graphics, Vendor: Intel(R) Corporation
2025-10-26 10:50:26,163:INFO:[LightGBM] [Info] Compiling OpenCL Kernel with 256 bins...
2025-10-26 10:50:26,172:INFO:[LightGBM] [Info] GPU programs have been built
2025-10-26 10:50:26,174:INFO:[LightGBM] [Info] Size of histogram bin entry: 8
2025-10-26 10:50:26,176:INFO:[LightGBM] [Info] 11 dense feature groups (0.00 MB) transferred to GPU in 0.000877 secs. 0 sparse feature groups
2025-10-26 10:50:26,176:INFO:[LightGBM] [Info] Start training from score 584907.130853
2025-10-26 10:50:26,181:INFO:[LightGBM] [Warning] No further splits with positive gain, best gain: -inf
2025-10-26 10:50:26,185:INFO:[LightGBM] [Warning] No further splits with positive gain, best gain: -inf
2025-10-26 10:50:26,189:INFO:[LightGBM] [Warning] No further splits with positive gain, best gain: -inf
2025-10-26 10:50:26,193:INFO:[LightGBM] [Warning] No further splits with positive gain, best gain: -inf
2025-10-26 10:50:26,198:INFO:[LightGBM] [Warning] No further splits with positive gain, best gain: -inf
2025-10-26 10:50:26,203:INFO:[LightGBM] [Warning] No further splits with positive gain, best gain: -inf
2025-10-26 10:50:26,208:INFO:[LightGBM] [Warning] No further splits with positive gain, best gain: -inf
2025-10-26 10:50:26,212:INFO:[LightGBM] [Warning] No further splits with positive gain, best gain: -inf
2025-10-26 10:50:26,216:INFO:[LightGBM] [Warning] No further splits with positive gain, best gain: -inf
2025-10-26 10:50:26,220:INFO:[LightGBM] [Warning] No further splits with positive gain, best gain: -inf
2025-10-26 10:50:26,225:INFO:[LightGBM] [Warning] No further splits with positive gain, best gain: -inf
2025-10-26 10:50:26,230:INFO:[LightGBM] [Warning] No further splits with positive gain, best gain: -inf
2025-10-26 10:50:26,234:INFO:[LightGBM] [Warning] No further splits with positive gain, best gain: -inf
2025-10-26 10:50:26,238:INFO:[LightGBM] [Warning] No further splits with positive gain, best gain: -inf
2025-10-26 10:50:26,243:INFO:[LightGBM] [Warning] No further splits with positive gain, best gain: -inf
2025-10-26 10:50:26,248:INFO:[LightGBM] [Warning] No further splits with positive gain, best gain: -inf
2025-10-26 10:50:26,253:INFO:[LightGBM] [Warning] No further splits with positive gain, best gain: -inf
2025-10-26 10:50:26,258:INFO:[LightGBM] [Warning] No further splits with positive gain, best gain: -inf
2025-10-26 10:50:26,263:INFO:[LightGBM] [Warning] No further splits with positive gain, best gain: -inf
2025-10-26 10:50:26,267:INFO:[LightGBM] [Warning] No further splits with positive gain, best gain: -inf
2025-10-26 10:50:26,271:INFO:[LightGBM] [Warning] No further splits with positive gain, best gain: -inf
2025-10-26 10:50:26,275:INFO:[LightGBM] [Warning] No further splits with positive gain, best gain: -inf
2025-10-26 10:50:26,280:INFO:[LightGBM] [Warning] No further splits with positive gain, best gain: -inf
2025-10-26 10:50:26,284:INFO:[LightGBM] [Warning] No further splits with positive gain, best gain: -inf
2025-10-26 10:50:26,288:INFO:[LightGBM] [Warning] No further splits with positive gain, best gain: -inf
2025-10-26 10:50:26,293:INFO:[LightGBM] [Warning] No further splits with positive gain, best gain: -inf
2025-10-26 10:50:26,297:INFO:[LightGBM] [Warning] No further splits with positive gain, best gain: -inf
2025-10-26 10:50:26,301:INFO:[LightGBM] [Warning] No further splits with positive gain, best gain: -inf
2025-10-26 10:50:26,305:INFO:[LightGBM] [Warning] No further splits with positive gain, best gain: -inf
2025-10-26 10:50:26,310:INFO:[LightGBM] [Warning] No further splits with positive gain, best gain: -inf
2025-10-26 10:50:26,314:INFO:[LightGBM] [Warning] No further splits with positive gain, best gain: -inf
2025-10-26 10:50:26,320:INFO:[LightGBM] [Warning] No further splits with positive gain, best gain: -inf
2025-10-26 10:50:26,323:INFO:[LightGBM] [Warning] No further splits with positive gain, best gain: -inf
2025-10-26 10:50:26,329:INFO:[LightGBM] [Warning] No further splits with positive gain, best gain: -inf
2025-10-26 10:50:26,333:INFO:[LightGBM] [Warning] No further splits with positive gain, best gain: -inf
2025-10-26 10:50:26,337:INFO:[LightGBM] [Warning] No further splits with positive gain, best gain: -inf
2025-10-26 10:50:26,342:INFO:[LightGBM] [Warning] No further splits with positive gain, best gain: -inf
2025-10-26 10:50:26,346:INFO:[LightGBM] [Warning] No further splits with positive gain, best gain: -inf
2025-10-26 10:50:26,350:INFO:[LightGBM] [Warning] No further splits with positive gain, best gain: -inf
2025-10-26 10:50:26,355:INFO:[LightGBM] [Warning] No further splits with positive gain, best gain: -inf
2025-10-26 10:50:26,361:INFO:[LightGBM] [Warning] No further splits with positive gain, best gain: -inf
2025-10-26 10:50:26,365:INFO:[LightGBM] [Warning] No further splits with positive gain, best gain: -inf
2025-10-26 10:50:26,370:INFO:[LightGBM] [Warning] No further splits with positive gain, best gain: -inf
2025-10-26 10:50:26,374:INFO:[LightGBM] [Warning] No further splits with positive gain, best gain: -inf
2025-10-26 10:50:26,379:INFO:[LightGBM] [Warning] No further splits with positive gain, best gain: -inf
2025-10-26 10:50:26,384:INFO:[LightGBM] [Warning] No further splits with positive gain, best gain: -inf
2025-10-26 10:50:26,390:INFO:[LightGBM] [Warning] No further splits with positive gain, best gain: -inf
2025-10-26 10:50:26,395:INFO:[LightGBM] [Warning] No further splits with positive gain, best gain: -inf
2025-10-26 10:50:26,399:INFO:[LightGBM] [Warning] No further splits with positive gain, best gain: -inf
2025-10-26 10:50:26,403:INFO:[LightGBM] [Warning] No further splits with positive gain, best gain: -inf
2025-10-26 10:50:26,408:INFO:[LightGBM] [Warning] No further splits with positive gain, best gain: -inf
2025-10-26 10:50:26,412:INFO:[LightGBM] [Warning] No further splits with positive gain, best gain: -inf
2025-10-26 10:50:26,416:INFO:[LightGBM] [Warning] No further splits with positive gain, best gain: -inf
2025-10-26 10:50:26,421:INFO:[LightGBM] [Warning] No further splits with positive gain, best gain: -inf
2025-10-26 10:50:26,425:INFO:[LightGBM] [Warning] No further splits with positive gain, best gain: -inf
2025-10-26 10:50:26,430:INFO:[LightGBM] [Warning] No further splits with positive gain, best gain: -inf
2025-10-26 10:50:26,434:INFO:[LightGBM] [Warning] No further splits with positive gain, best gain: -inf
2025-10-26 10:50:26,439:INFO:[LightGBM] [Warning] No further splits with positive gain, best gain: -inf
2025-10-26 10:50:26,443:INFO:[LightGBM] [Warning] No further splits with positive gain, best gain: -inf
2025-10-26 10:50:26,448:INFO:[LightGBM] [Warning] No further splits with positive gain, best gain: -inf
2025-10-26 10:50:26,452:INFO:[LightGBM] [Warning] No further splits with positive gain, best gain: -inf
2025-10-26 10:50:26,457:INFO:[LightGBM] [Warning] No further splits with positive gain, best gain: -inf
2025-10-26 10:50:26,462:INFO:[LightGBM] [Warning] No further splits with positive gain, best gain: -inf
2025-10-26 10:50:26,467:INFO:[LightGBM] [Warning] No further splits with positive gain, best gain: -inf
2025-10-26 10:50:26,472:INFO:[LightGBM] [Warning] No further splits with positive gain, best gain: -inf
2025-10-26 10:50:26,477:INFO:[LightGBM] [Warning] No further splits with positive gain, best gain: -inf
2025-10-26 10:50:26,482:INFO:[LightGBM] [Warning] No further splits with positive gain, best gain: -inf
2025-10-26 10:50:26,487:INFO:[LightGBM] [Warning] No further splits with positive gain, best gain: -inf
2025-10-26 10:50:26,492:INFO:[LightGBM] [Warning] No further splits with positive gain, best gain: -inf
2025-10-26 10:50:26,496:INFO:[LightGBM] [Warning] No further splits with positive gain, best gain: -inf
2025-10-26 10:50:26,501:INFO:[LightGBM] [Warning] No further splits with positive gain, best gain: -inf
2025-10-26 10:50:26,505:INFO:[LightGBM] [Warning] No further splits with positive gain, best gain: -inf
2025-10-26 10:50:26,510:INFO:[LightGBM] [Warning] No further splits with positive gain, best gain: -inf
2025-10-26 10:50:26,514:INFO:[LightGBM] [Warning] No further splits with positive gain, best gain: -inf
2025-10-26 10:50:26,519:INFO:[LightGBM] [Warning] No further splits with positive gain, best gain: -inf
2025-10-26 10:50:26,524:INFO:[LightGBM] [Warning] No further splits with positive gain, best gain: -inf
2025-10-26 10:50:26,528:INFO:[LightGBM] [Warning] No further splits with positive gain, best gain: -inf
2025-10-26 10:50:26,533:INFO:[LightGBM] [Warning] No further splits with positive gain, best gain: -inf
2025-10-26 10:50:26,537:INFO:[LightGBM] [Warning] No further splits with positive gain, best gain: -inf
2025-10-26 10:50:26,542:INFO:[LightGBM] [Warning] No further splits with positive gain, best gain: -inf
2025-10-26 10:50:26,546:INFO:[LightGBM] [Warning] No further splits with positive gain, best gain: -inf
2025-10-26 10:50:26,550:INFO:[LightGBM] [Warning] No further splits with positive gain, best gain: -inf
2025-10-26 10:50:26,554:INFO:[LightGBM] [Warning] No further splits with positive gain, best gain: -inf
2025-10-26 10:50:26,559:INFO:[LightGBM] [Warning] No further splits with positive gain, best gain: -inf
2025-10-26 10:50:26,563:INFO:[LightGBM] [Warning] No further splits with positive gain, best gain: -inf
2025-10-26 10:50:26,568:INFO:[LightGBM] [Warning] No further splits with positive gain, best gain: -inf
2025-10-26 10:50:26,573:INFO:[LightGBM] [Warning] No further splits with positive gain, best gain: -inf
2025-10-26 10:50:26,578:INFO:[LightGBM] [Warning] No further splits with positive gain, best gain: -inf
2025-10-26 10:50:26,582:INFO:[LightGBM] [Warning] No further splits with positive gain, best gain: -inf
2025-10-26 10:50:26,587:INFO:[LightGBM] [Warning] No further splits with positive gain, best gain: -inf
2025-10-26 10:50:26,591:INFO:[LightGBM] [Warning] No further splits with positive gain, best gain: -inf
2025-10-26 10:50:26,595:INFO:[LightGBM] [Warning] No further splits with positive gain, best gain: -inf
2025-10-26 10:50:26,599:INFO:[LightGBM] [Warning] No further splits with positive gain, best gain: -inf
2025-10-26 10:50:26,603:INFO:[LightGBM] [Warning] No further splits with positive gain, best gain: -inf
2025-10-26 10:50:26,607:INFO:[LightGBM] [Warning] No further splits with positive gain, best gain: -inf
2025-10-26 10:50:26,611:INFO:[LightGBM] [Warning] No further splits with positive gain, best gain: -inf
2025-10-26 10:50:26,615:INFO:[LightGBM] [Warning] No further splits with positive gain, best gain: -inf
2025-10-26 10:50:26,619:INFO:[LightGBM] [Warning] No further splits with positive gain, best gain: -inf
2025-10-26 10:50:26,623:INFO:[LightGBM] [Warning] No further splits with positive gain, best gain: -inf
2025-10-26 10:50:26,628:INFO:[LightGBM] [Warning] No further splits with positive gain, best gain: -inf
2025-10-26 10:50:26,701:INFO:[LightGBM] [Info] This is the GPU trainer!!
2025-10-26 10:50:26,701:INFO:[LightGBM] [Info] Total Bins 558
2025-10-26 10:50:26,701:INFO:[LightGBM] [Info] Number of data points in the train set: 315, number of used features: 11
2025-10-26 10:50:26,702:INFO:[LightGBM] [Info] Using GPU Device: Intel(R) UHD Graphics, Vendor: Intel(R) Corporation
2025-10-26 10:50:26,702:INFO:[LightGBM] [Info] Compiling OpenCL Kernel with 256 bins...
2025-10-26 10:50:26,707:INFO:[LightGBM] [Info] GPU programs have been built
2025-10-26 10:50:26,709:INFO:[LightGBM] [Info] Size of histogram bin entry: 8
2025-10-26 10:50:26,710:INFO:[LightGBM] [Info] 11 dense feature groups (0.00 MB) transferred to GPU in 0.000717 secs. 0 sparse feature groups
2025-10-26 10:50:26,711:INFO:[LightGBM] [Info] Start training from score 585363.980357
2025-10-26 10:50:26,715:INFO:[LightGBM] [Warning] No further splits with positive gain, best gain: -inf
2025-10-26 10:50:26,718:INFO:[LightGBM] [Warning] No further splits with positive gain, best gain: -inf
2025-10-26 10:50:26,722:INFO:[LightGBM] [Warning] No further splits with positive gain, best gain: -inf
2025-10-26 10:50:26,725:INFO:[LightGBM] [Warning] No further splits with positive gain, best gain: -inf
2025-10-26 10:50:26,728:INFO:[LightGBM] [Warning] No further splits with positive gain, best gain: -inf
2025-10-26 10:50:26,731:INFO:[LightGBM] [Warning] No further splits with positive gain, best gain: -inf
2025-10-26 10:50:26,736:INFO:[LightGBM] [Warning] No further splits with positive gain, best gain: -inf
2025-10-26 10:50:26,740:INFO:[LightGBM] [Warning] No further splits with positive gain, best gain: -inf
2025-10-26 10:50:26,744:INFO:[LightGBM] [Warning] No further splits with positive gain, best gain: -inf
2025-10-26 10:50:26,748:INFO:[LightGBM] [Warning] No further splits with positive gain, best gain: -inf
2025-10-26 10:50:26,751:INFO:[LightGBM] [Warning] No further splits with positive gain, best gain: -inf
2025-10-26 10:50:26,755:INFO:[LightGBM] [Warning] No further splits with positive gain, best gain: -inf
2025-10-26 10:50:26,759:INFO:[LightGBM] [Warning] No further splits with positive gain, best gain: -inf
2025-10-26 10:50:26,762:INFO:[LightGBM] [Warning] No further splits with positive gain, best gain: -inf
2025-10-26 10:50:26,766:INFO:[LightGBM] [Warning] No further splits with positive gain, best gain: -inf
2025-10-26 10:50:26,770:INFO:[LightGBM] [Warning] No further splits with positive gain, best gain: -inf
2025-10-26 10:50:26,774:INFO:[LightGBM] [Warning] No further splits with positive gain, best gain: -inf
2025-10-26 10:50:26,778:INFO:[LightGBM] [Warning] No further splits with positive gain, best gain: -inf
2025-10-26 10:50:26,781:INFO:[LightGBM] [Warning] No further splits with positive gain, best gain: -inf
2025-10-26 10:50:26,785:INFO:[LightGBM] [Warning] No further splits with positive gain, best gain: -inf
2025-10-26 10:50:26,789:INFO:[LightGBM] [Warning] No further splits with positive gain, best gain: -inf
2025-10-26 10:50:26,793:INFO:[LightGBM] [Warning] No further splits with positive gain, best gain: -inf
2025-10-26 10:50:26,798:INFO:[LightGBM] [Warning] No further splits with positive gain, best gain: -inf
2025-10-26 10:50:26,802:INFO:[LightGBM] [Warning] No further splits with positive gain, best gain: -inf
2025-10-26 10:50:26,806:INFO:[LightGBM] [Warning] No further splits with positive gain, best gain: -inf
2025-10-26 10:50:26,809:INFO:[LightGBM] [Warning] No further splits with positive gain, best gain: -inf
2025-10-26 10:50:26,813:INFO:[LightGBM] [Warning] No further splits with positive gain, best gain: -inf
2025-10-26 10:50:26,817:INFO:[LightGBM] [Warning] No further splits with positive gain, best gain: -inf
2025-10-26 10:50:26,821:INFO:[LightGBM] [Warning] No further splits with positive gain, best gain: -inf
2025-10-26 10:50:26,826:INFO:[LightGBM] [Warning] No further splits with positive gain, best gain: -inf
2025-10-26 10:50:26,830:INFO:[LightGBM] [Warning] No further splits with positive gain, best gain: -inf
2025-10-26 10:50:26,833:INFO:[LightGBM] [Warning] No further splits with positive gain, best gain: -inf
2025-10-26 10:50:26,837:INFO:[LightGBM] [Warning] No further splits with positive gain, best gain: -inf
2025-10-26 10:50:26,842:INFO:[LightGBM] [Warning] No further splits with positive gain, best gain: -inf
2025-10-26 10:50:26,846:INFO:[LightGBM] [Warning] No further splits with positive gain, best gain: -inf
2025-10-26 10:50:26,849:INFO:[LightGBM] [Warning] No further splits with positive gain, best gain: -inf
2025-10-26 10:50:26,853:INFO:[LightGBM] [Warning] No further splits with positive gain, best gain: -inf
2025-10-26 10:50:26,857:INFO:[LightGBM] [Warning] No further splits with positive gain, best gain: -inf
2025-10-26 10:50:26,862:INFO:[LightGBM] [Warning] No further splits with positive gain, best gain: -inf
2025-10-26 10:50:26,867:INFO:[LightGBM] [Warning] No further splits with positive gain, best gain: -inf
2025-10-26 10:50:26,871:INFO:[LightGBM] [Warning] No further splits with positive gain, best gain: -inf
2025-10-26 10:50:26,874:INFO:[LightGBM] [Warning] No further splits with positive gain, best gain: -inf
2025-10-26 10:50:26,879:INFO:[LightGBM] [Warning] No further splits with positive gain, best gain: -inf
2025-10-26 10:50:26,884:INFO:[LightGBM] [Warning] No further splits with positive gain, best gain: -inf
2025-10-26 10:50:26,888:INFO:[LightGBM] [Warning] No further splits with positive gain, best gain: -inf
2025-10-26 10:50:26,892:INFO:[LightGBM] [Warning] No further splits with positive gain, best gain: -inf
2025-10-26 10:50:26,896:INFO:[LightGBM] [Warning] No further splits with positive gain, best gain: -inf
2025-10-26 10:50:26,901:INFO:[LightGBM] [Warning] No further splits with positive gain, best gain: -inf
2025-10-26 10:50:26,906:INFO:[LightGBM] [Warning] No further splits with positive gain, best gain: -inf
2025-10-26 10:50:26,910:INFO:[LightGBM] [Warning] No further splits with positive gain, best gain: -inf
2025-10-26 10:50:26,914:INFO:[LightGBM] [Warning] No further splits with positive gain, best gain: -inf
2025-10-26 10:50:26,918:INFO:[LightGBM] [Warning] No further splits with positive gain, best gain: -inf
2025-10-26 10:50:26,922:INFO:[LightGBM] [Warning] No further splits with positive gain, best gain: -inf
2025-10-26 10:50:26,927:INFO:[LightGBM] [Warning] No further splits with positive gain, best gain: -inf
2025-10-26 10:50:26,931:INFO:[LightGBM] [Warning] No further splits with positive gain, best gain: -inf
2025-10-26 10:50:26,935:INFO:[LightGBM] [Warning] No further splits with positive gain, best gain: -inf
2025-10-26 10:50:26,939:INFO:[LightGBM] [Warning] No further splits with positive gain, best gain: -inf
2025-10-26 10:50:26,944:INFO:[LightGBM] [Warning] No further splits with positive gain, best gain: -inf
2025-10-26 10:50:26,948:INFO:[LightGBM] [Warning] No further splits with positive gain, best gain: -inf
2025-10-26 10:50:26,952:INFO:[LightGBM] [Warning] No further splits with positive gain, best gain: -inf
2025-10-26 10:50:26,955:INFO:[LightGBM] [Warning] No further splits with positive gain, best gain: -inf
2025-10-26 10:50:26,960:INFO:[LightGBM] [Warning] No further splits with positive gain, best gain: -inf
2025-10-26 10:50:26,964:INFO:[LightGBM] [Warning] No further splits with positive gain, best gain: -inf
2025-10-26 10:50:26,969:INFO:[LightGBM] [Warning] No further splits with positive gain, best gain: -inf
2025-10-26 10:50:26,973:INFO:[LightGBM] [Warning] No further splits with positive gain, best gain: -inf
2025-10-26 10:50:26,976:INFO:[LightGBM] [Warning] No further splits with positive gain, best gain: -inf
2025-10-26 10:50:26,981:INFO:[LightGBM] [Warning] No further splits with positive gain, best gain: -inf
2025-10-26 10:50:26,985:INFO:[LightGBM] [Warning] No further splits with positive gain, best gain: -inf
2025-10-26 10:50:26,989:INFO:[LightGBM] [Warning] No further splits with positive gain, best gain: -inf
2025-10-26 10:50:26,993:INFO:[LightGBM] [Warning] No further splits with positive gain, best gain: -inf
2025-10-26 10:50:26,998:INFO:[LightGBM] [Warning] No further splits with positive gain, best gain: -inf
2025-10-26 10:50:27,003:INFO:[LightGBM] [Warning] No further splits with positive gain, best gain: -inf
2025-10-26 10:50:27,007:INFO:[LightGBM] [Warning] No further splits with positive gain, best gain: -inf
2025-10-26 10:50:27,011:INFO:[LightGBM] [Warning] No further splits with positive gain, best gain: -inf
2025-10-26 10:50:27,017:INFO:[LightGBM] [Warning] No further splits with positive gain, best gain: -inf
2025-10-26 10:50:27,021:INFO:[LightGBM] [Warning] No further splits with positive gain, best gain: -inf
2025-10-26 10:50:27,026:INFO:[LightGBM] [Warning] No further splits with positive gain, best gain: -inf
2025-10-26 10:50:27,030:INFO:[LightGBM] [Warning] No further splits with positive gain, best gain: -inf
2025-10-26 10:50:27,034:INFO:[LightGBM] [Warning] No further splits with positive gain, best gain: -inf
2025-10-26 10:50:27,039:INFO:[LightGBM] [Warning] No further splits with positive gain, best gain: -inf
2025-10-26 10:50:27,044:INFO:[LightGBM] [Warning] No further splits with positive gain, best gain: -inf
2025-10-26 10:50:27,048:INFO:[LightGBM] [Warning] No further splits with positive gain, best gain: -inf
2025-10-26 10:50:27,053:INFO:[LightGBM] [Warning] No further splits with positive gain, best gain: -inf
2025-10-26 10:50:27,057:INFO:[LightGBM] [Warning] No further splits with positive gain, best gain: -inf
2025-10-26 10:50:27,061:INFO:[LightGBM] [Warning] No further splits with positive gain, best gain: -inf
2025-10-26 10:50:27,065:INFO:[LightGBM] [Warning] No further splits with positive gain, best gain: -inf
2025-10-26 10:50:27,069:INFO:[LightGBM] [Warning] No further splits with positive gain, best gain: -inf
2025-10-26 10:50:27,073:INFO:[LightGBM] [Warning] No further splits with positive gain, best gain: -inf
2025-10-26 10:50:27,078:INFO:[LightGBM] [Warning] No further splits with positive gain, best gain: -inf
2025-10-26 10:50:27,082:INFO:[LightGBM] [Warning] No further splits with positive gain, best gain: -inf
2025-10-26 10:50:27,086:INFO:[LightGBM] [Warning] No further splits with positive gain, best gain: -inf
2025-10-26 10:50:27,090:INFO:[LightGBM] [Warning] No further splits with positive gain, best gain: -inf
2025-10-26 10:50:27,095:INFO:[LightGBM] [Warning] No further splits with positive gain, best gain: -inf
2025-10-26 10:50:27,099:INFO:[LightGBM] [Warning] No further splits with positive gain, best gain: -inf
2025-10-26 10:50:27,103:INFO:[LightGBM] [Warning] No further splits with positive gain, best gain: -inf
2025-10-26 10:50:27,108:INFO:[LightGBM] [Warning] No further splits with positive gain, best gain: -inf
2025-10-26 10:50:27,112:INFO:[LightGBM] [Warning] No further splits with positive gain, best gain: -inf
2025-10-26 10:50:27,116:INFO:[LightGBM] [Warning] No further splits with positive gain, best gain: -inf
2025-10-26 10:50:27,120:INFO:[LightGBM] [Warning] No further splits with positive gain, best gain: -inf
2025-10-26 10:50:27,125:INFO:[LightGBM] [Warning] No further splits with positive gain, best gain: -inf
2025-10-26 10:50:27,202:INFO:[LightGBM] [Info] This is the GPU trainer!!
2025-10-26 10:50:27,202:INFO:[LightGBM] [Info] Total Bins 558
2025-10-26 10:50:27,202:INFO:[LightGBM] [Info] Number of data points in the train set: 315, number of used features: 11
2025-10-26 10:50:27,202:INFO:[LightGBM] [Info] Using GPU Device: Intel(R) UHD Graphics, Vendor: Intel(R) Corporation
2025-10-26 10:50:27,202:INFO:[LightGBM] [Info] Compiling OpenCL Kernel with 256 bins...
2025-10-26 10:50:27,208:INFO:[LightGBM] [Info] GPU programs have been built
2025-10-26 10:50:27,210:INFO:[LightGBM] [Info] Size of histogram bin entry: 8
2025-10-26 10:50:27,211:INFO:[LightGBM] [Info] 11 dense feature groups (0.00 MB) transferred to GPU in 0.000758 secs. 0 sparse feature groups
2025-10-26 10:50:27,212:INFO:[LightGBM] [Info] Start training from score 586517.827083
2025-10-26 10:50:27,215:INFO:[LightGBM] [Warning] No further splits with positive gain, best gain: -inf
2025-10-26 10:50:27,219:INFO:[LightGBM] [Warning] No further splits with positive gain, best gain: -inf
2025-10-26 10:50:27,222:INFO:[LightGBM] [Warning] No further splits with positive gain, best gain: -inf
2025-10-26 10:50:27,225:INFO:[LightGBM] [Warning] No further splits with positive gain, best gain: -inf
2025-10-26 10:50:27,228:INFO:[LightGBM] [Warning] No further splits with positive gain, best gain: -inf
2025-10-26 10:50:27,232:INFO:[LightGBM] [Warning] No further splits with positive gain, best gain: -inf
2025-10-26 10:50:27,238:INFO:[LightGBM] [Warning] No further splits with positive gain, best gain: -inf
2025-10-26 10:50:27,242:INFO:[LightGBM] [Warning] No further splits with positive gain, best gain: -inf
2025-10-26 10:50:27,246:INFO:[LightGBM] [Warning] No further splits with positive gain, best gain: -inf
2025-10-26 10:50:27,250:INFO:[LightGBM] [Warning] No further splits with positive gain, best gain: -inf
2025-10-26 10:50:27,254:INFO:[LightGBM] [Warning] No further splits with positive gain, best gain: -inf
2025-10-26 10:50:27,258:INFO:[LightGBM] [Warning] No further splits with positive gain, best gain: -inf
2025-10-26 10:50:27,262:INFO:[LightGBM] [Warning] No further splits with positive gain, best gain: -inf
2025-10-26 10:50:27,267:INFO:[LightGBM] [Warning] No further splits with positive gain, best gain: -inf
2025-10-26 10:50:27,272:INFO:[LightGBM] [Warning] No further splits with positive gain, best gain: -inf
2025-10-26 10:50:27,276:INFO:[LightGBM] [Warning] No further splits with positive gain, best gain: -inf
2025-10-26 10:50:27,280:INFO:[LightGBM] [Warning] No further splits with positive gain, best gain: -inf
2025-10-26 10:50:27,284:INFO:[LightGBM] [Warning] No further splits with positive gain, best gain: -inf
2025-10-26 10:50:27,288:INFO:[LightGBM] [Warning] No further splits with positive gain, best gain: -inf
2025-10-26 10:50:27,293:INFO:[LightGBM] [Warning] No further splits with positive gain, best gain: -inf
2025-10-26 10:50:27,297:INFO:[LightGBM] [Warning] No further splits with positive gain, best gain: -inf
2025-10-26 10:50:27,301:INFO:[LightGBM] [Warning] No further splits with positive gain, best gain: -inf
2025-10-26 10:50:27,305:INFO:[LightGBM] [Warning] No further splits with positive gain, best gain: -inf
2025-10-26 10:50:27,309:INFO:[LightGBM] [Warning] No further splits with positive gain, best gain: -inf
2025-10-26 10:50:27,312:INFO:[LightGBM] [Warning] No further splits with positive gain, best gain: -inf
2025-10-26 10:50:27,317:INFO:[LightGBM] [Warning] No further splits with positive gain, best gain: -inf
2025-10-26 10:50:27,321:INFO:[LightGBM] [Warning] No further splits with positive gain, best gain: -inf
2025-10-26 10:50:27,325:INFO:[LightGBM] [Warning] No further splits with positive gain, best gain: -inf
2025-10-26 10:50:27,330:INFO:[LightGBM] [Warning] No further splits with positive gain, best gain: -inf
2025-10-26 10:50:27,334:INFO:[LightGBM] [Warning] No further splits with positive gain, best gain: -inf
2025-10-26 10:50:27,338:INFO:[LightGBM] [Warning] No further splits with positive gain, best gain: -inf
2025-10-26 10:50:27,342:INFO:[LightGBM] [Warning] No further splits with positive gain, best gain: -inf
2025-10-26 10:50:27,345:INFO:[LightGBM] [Warning] No further splits with positive gain, best gain: -inf
2025-10-26 10:50:27,350:INFO:[LightGBM] [Warning] No further splits with positive gain, best gain: -inf
2025-10-26 10:50:27,354:INFO:[LightGBM] [Warning] No further splits with positive gain, best gain: -inf
2025-10-26 10:50:27,357:INFO:[LightGBM] [Warning] No further splits with positive gain, best gain: -inf
2025-10-26 10:50:27,361:INFO:[LightGBM] [Warning] No further splits with positive gain, best gain: -inf
2025-10-26 10:50:27,365:INFO:[LightGBM] [Warning] No further splits with positive gain, best gain: -inf
2025-10-26 10:50:27,370:INFO:[LightGBM] [Warning] No further splits with positive gain, best gain: -inf
2025-10-26 10:50:27,374:INFO:[LightGBM] [Warning] No further splits with positive gain, best gain: -inf
2025-10-26 10:50:27,379:INFO:[LightGBM] [Warning] No further splits with positive gain, best gain: -inf
2025-10-26 10:50:27,383:INFO:[LightGBM] [Warning] No further splits with positive gain, best gain: -inf
2025-10-26 10:50:27,387:INFO:[LightGBM] [Warning] No further splits with positive gain, best gain: -inf
2025-10-26 10:50:27,391:INFO:[LightGBM] [Warning] No further splits with positive gain, best gain: -inf
2025-10-26 10:50:27,395:INFO:[LightGBM] [Warning] No further splits with positive gain, best gain: -inf
2025-10-26 10:50:27,400:INFO:[LightGBM] [Warning] No further splits with positive gain, best gain: -inf
2025-10-26 10:50:27,404:INFO:[LightGBM] [Warning] No further splits with positive gain, best gain: -inf
2025-10-26 10:50:27,409:INFO:[LightGBM] [Warning] No further splits with positive gain, best gain: -inf
2025-10-26 10:50:27,413:INFO:[LightGBM] [Warning] No further splits with positive gain, best gain: -inf
2025-10-26 10:50:27,418:INFO:[LightGBM] [Warning] No further splits with positive gain, best gain: -inf
2025-10-26 10:50:27,423:INFO:[LightGBM] [Warning] No further splits with positive gain, best gain: -inf
2025-10-26 10:50:27,427:INFO:[LightGBM] [Warning] No further splits with positive gain, best gain: -inf
2025-10-26 10:50:27,431:INFO:[LightGBM] [Warning] No further splits with positive gain, best gain: -inf
2025-10-26 10:50:27,435:INFO:[LightGBM] [Warning] No further splits with positive gain, best gain: -inf
2025-10-26 10:50:27,440:INFO:[LightGBM] [Warning] No further splits with positive gain, best gain: -inf
2025-10-26 10:50:27,445:INFO:[LightGBM] [Warning] No further splits with positive gain, best gain: -inf
2025-10-26 10:50:27,448:INFO:[LightGBM] [Warning] No further splits with positive gain, best gain: -inf
2025-10-26 10:50:27,453:INFO:[LightGBM] [Warning] No further splits with positive gain, best gain: -inf
2025-10-26 10:50:27,457:INFO:[LightGBM] [Warning] No further splits with positive gain, best gain: -inf
2025-10-26 10:50:27,462:INFO:[LightGBM] [Warning] No further splits with positive gain, best gain: -inf
2025-10-26 10:50:27,466:INFO:[LightGBM] [Warning] No further splits with positive gain, best gain: -inf
2025-10-26 10:50:27,471:INFO:[LightGBM] [Warning] No further splits with positive gain, best gain: -inf
2025-10-26 10:50:27,475:INFO:[LightGBM] [Warning] No further splits with positive gain, best gain: -inf
2025-10-26 10:50:27,479:INFO:[LightGBM] [Warning] No further splits with positive gain, best gain: -inf
2025-10-26 10:50:27,484:INFO:[LightGBM] [Warning] No further splits with positive gain, best gain: -inf
2025-10-26 10:50:27,489:INFO:[LightGBM] [Warning] No further splits with positive gain, best gain: -inf
2025-10-26 10:50:27,493:INFO:[LightGBM] [Warning] No further splits with positive gain, best gain: -inf
2025-10-26 10:50:27,497:INFO:[LightGBM] [Warning] No further splits with positive gain, best gain: -inf
2025-10-26 10:50:27,501:INFO:[LightGBM] [Warning] No further splits with positive gain, best gain: -inf
2025-10-26 10:50:27,506:INFO:[LightGBM] [Warning] No further splits with positive gain, best gain: -inf
2025-10-26 10:50:27,510:INFO:[LightGBM] [Warning] No further splits with positive gain, best gain: -inf
2025-10-26 10:50:27,514:INFO:[LightGBM] [Warning] No further splits with positive gain, best gain: -inf
2025-10-26 10:50:27,519:INFO:[LightGBM] [Warning] No further splits with positive gain, best gain: -inf
2025-10-26 10:50:27,523:INFO:[LightGBM] [Warning] No further splits with positive gain, best gain: -inf
2025-10-26 10:50:27,528:INFO:[LightGBM] [Warning] No further splits with positive gain, best gain: -inf
2025-10-26 10:50:27,533:INFO:[LightGBM] [Warning] No further splits with positive gain, best gain: -inf
2025-10-26 10:50:27,538:INFO:[LightGBM] [Warning] No further splits with positive gain, best gain: -inf
2025-10-26 10:50:27,543:INFO:[LightGBM] [Warning] No further splits with positive gain, best gain: -inf
2025-10-26 10:50:27,547:INFO:[LightGBM] [Warning] No further splits with positive gain, best gain: -inf
2025-10-26 10:50:27,552:INFO:[LightGBM] [Warning] No further splits with positive gain, best gain: -inf
2025-10-26 10:50:27,557:INFO:[LightGBM] [Warning] No further splits with positive gain, best gain: -inf
2025-10-26 10:50:27,561:INFO:[LightGBM] [Warning] No further splits with positive gain, best gain: -inf
2025-10-26 10:50:27,565:INFO:[LightGBM] [Warning] No further splits with positive gain, best gain: -inf
2025-10-26 10:50:27,571:INFO:[LightGBM] [Warning] No further splits with positive gain, best gain: -inf
2025-10-26 10:50:27,575:INFO:[LightGBM] [Warning] No further splits with positive gain, best gain: -inf
2025-10-26 10:50:27,579:INFO:[LightGBM] [Warning] No further splits with positive gain, best gain: -inf
2025-10-26 10:50:27,584:INFO:[LightGBM] [Warning] No further splits with positive gain, best gain: -inf
2025-10-26 10:50:27,588:INFO:[LightGBM] [Warning] No further splits with positive gain, best gain: -inf
2025-10-26 10:50:27,592:INFO:[LightGBM] [Warning] No further splits with positive gain, best gain: -inf
2025-10-26 10:50:27,597:INFO:[LightGBM] [Warning] No further splits with positive gain, best gain: -inf
2025-10-26 10:50:27,601:INFO:[LightGBM] [Warning] No further splits with positive gain, best gain: -inf
2025-10-26 10:50:27,605:INFO:[LightGBM] [Warning] No further splits with positive gain, best gain: -inf
2025-10-26 10:50:27,609:INFO:[LightGBM] [Warning] No further splits with positive gain, best gain: -inf
2025-10-26 10:50:27,614:INFO:[LightGBM] [Warning] No further splits with positive gain, best gain: -inf
2025-10-26 10:50:27,619:INFO:[LightGBM] [Warning] No further splits with positive gain, best gain: -inf
2025-10-26 10:50:27,623:INFO:[LightGBM] [Warning] No further splits with positive gain, best gain: -inf
2025-10-26 10:50:27,628:INFO:[LightGBM] [Warning] No further splits with positive gain, best gain: -inf
2025-10-26 10:50:27,633:INFO:[LightGBM] [Warning] No further splits with positive gain, best gain: -inf
2025-10-26 10:50:27,637:INFO:[LightGBM] [Warning] No further splits with positive gain, best gain: -inf
2025-10-26 10:50:27,641:INFO:[LightGBM] [Warning] No further splits with positive gain, best gain: -inf
2025-10-26 10:50:27,717:INFO:[LightGBM] [Info] This is the GPU trainer!!
2025-10-26 10:50:27,717:INFO:[LightGBM] [Info] Total Bins 555
2025-10-26 10:50:27,717:INFO:[LightGBM] [Info] Number of data points in the train set: 315, number of used features: 11
2025-10-26 10:50:27,718:INFO:[LightGBM] [Info] Using GPU Device: Intel(R) UHD Graphics, Vendor: Intel(R) Corporation
2025-10-26 10:50:27,718:INFO:[LightGBM] [Info] Compiling OpenCL Kernel with 256 bins...
2025-10-26 10:50:27,725:INFO:[LightGBM] [Info] GPU programs have been built
2025-10-26 10:50:27,728:INFO:[LightGBM] [Info] Size of histogram bin entry: 8
2025-10-26 10:50:27,729:INFO:[LightGBM] [Info] 11 dense feature groups (0.00 MB) transferred to GPU in 0.000841 secs. 0 sparse feature groups
2025-10-26 10:50:27,730:INFO:[LightGBM] [Info] Start training from score 586571.738988
2025-10-26 10:50:27,733:INFO:[LightGBM] [Warning] No further splits with positive gain, best gain: -inf
2025-10-26 10:50:27,736:INFO:[LightGBM] [Warning] No further splits with positive gain, best gain: -inf
2025-10-26 10:50:27,740:INFO:[LightGBM] [Warning] No further splits with positive gain, best gain: -inf
2025-10-26 10:50:27,743:INFO:[LightGBM] [Warning] No further splits with positive gain, best gain: -inf
2025-10-26 10:50:27,747:INFO:[LightGBM] [Warning] No further splits with positive gain, best gain: -inf
2025-10-26 10:50:27,750:INFO:[LightGBM] [Warning] No further splits with positive gain, best gain: -inf
2025-10-26 10:50:27,754:INFO:[LightGBM] [Warning] No further splits with positive gain, best gain: -inf
2025-10-26 10:50:27,758:INFO:[LightGBM] [Warning] No further splits with positive gain, best gain: -inf
2025-10-26 10:50:27,762:INFO:[LightGBM] [Warning] No further splits with positive gain, best gain: -inf
2025-10-26 10:50:27,766:INFO:[LightGBM] [Warning] No further splits with positive gain, best gain: -inf
2025-10-26 10:50:27,769:INFO:[LightGBM] [Warning] No further splits with positive gain, best gain: -inf
2025-10-26 10:50:27,773:INFO:[LightGBM] [Warning] No further splits with positive gain, best gain: -inf
2025-10-26 10:50:27,778:INFO:[LightGBM] [Warning] No further splits with positive gain, best gain: -inf
2025-10-26 10:50:27,782:INFO:[LightGBM] [Warning] No further splits with positive gain, best gain: -inf
2025-10-26 10:50:27,786:INFO:[LightGBM] [Warning] No further splits with positive gain, best gain: -inf
2025-10-26 10:50:27,789:INFO:[LightGBM] [Warning] No further splits with positive gain, best gain: -inf
2025-10-26 10:50:27,794:INFO:[LightGBM] [Warning] No further splits with positive gain, best gain: -inf
2025-10-26 10:50:27,798:INFO:[LightGBM] [Warning] No further splits with positive gain, best gain: -inf
2025-10-26 10:50:27,802:INFO:[LightGBM] [Warning] No further splits with positive gain, best gain: -inf
2025-10-26 10:50:27,805:INFO:[LightGBM] [Warning] No further splits with positive gain, best gain: -inf
2025-10-26 10:50:27,809:INFO:[LightGBM] [Warning] No further splits with positive gain, best gain: -inf
2025-10-26 10:50:27,813:INFO:[LightGBM] [Warning] No further splits with positive gain, best gain: -inf
2025-10-26 10:50:27,818:INFO:[LightGBM] [Warning] No further splits with positive gain, best gain: -inf
2025-10-26 10:50:27,822:INFO:[LightGBM] [Warning] No further splits with positive gain, best gain: -inf
2025-10-26 10:50:27,826:INFO:[LightGBM] [Warning] No further splits with positive gain, best gain: -inf
2025-10-26 10:50:27,830:INFO:[LightGBM] [Warning] No further splits with positive gain, best gain: -inf
2025-10-26 10:50:27,834:INFO:[LightGBM] [Warning] No further splits with positive gain, best gain: -inf
2025-10-26 10:50:27,838:INFO:[LightGBM] [Warning] No further splits with positive gain, best gain: -inf
2025-10-26 10:50:27,843:INFO:[LightGBM] [Warning] No further splits with positive gain, best gain: -inf
2025-10-26 10:50:27,847:INFO:[LightGBM] [Warning] No further splits with positive gain, best gain: -inf
2025-10-26 10:50:27,850:INFO:[LightGBM] [Warning] No further splits with positive gain, best gain: -inf
2025-10-26 10:50:27,855:INFO:[LightGBM] [Warning] No further splits with positive gain, best gain: -inf
2025-10-26 10:50:27,859:INFO:[LightGBM] [Warning] No further splits with positive gain, best gain: -inf
2025-10-26 10:50:27,862:INFO:[LightGBM] [Warning] No further splits with positive gain, best gain: -inf
2025-10-26 10:50:27,867:INFO:[LightGBM] [Warning] No further splits with positive gain, best gain: -inf
2025-10-26 10:50:27,871:INFO:[LightGBM] [Warning] No further splits with positive gain, best gain: -inf
2025-10-26 10:50:27,875:INFO:[LightGBM] [Warning] No further splits with positive gain, best gain: -inf
2025-10-26 10:50:27,879:INFO:[LightGBM] [Warning] No further splits with positive gain, best gain: -inf
2025-10-26 10:50:27,884:INFO:[LightGBM] [Warning] No further splits with positive gain, best gain: -inf
2025-10-26 10:50:27,889:INFO:[LightGBM] [Warning] No further splits with positive gain, best gain: -inf
2025-10-26 10:50:27,893:INFO:[LightGBM] [Warning] No further splits with positive gain, best gain: -inf
2025-10-26 10:50:27,897:INFO:[LightGBM] [Warning] No further splits with positive gain, best gain: -inf
2025-10-26 10:50:27,902:INFO:[LightGBM] [Warning] No further splits with positive gain, best gain: -inf
2025-10-26 10:50:27,906:INFO:[LightGBM] [Warning] No further splits with positive gain, best gain: -inf
2025-10-26 10:50:27,910:INFO:[LightGBM] [Warning] No further splits with positive gain, best gain: -inf
2025-10-26 10:50:27,914:INFO:[LightGBM] [Warning] No further splits with positive gain, best gain: -inf
2025-10-26 10:50:27,919:INFO:[LightGBM] [Warning] No further splits with positive gain, best gain: -inf
2025-10-26 10:50:27,924:INFO:[LightGBM] [Warning] No further splits with positive gain, best gain: -inf
2025-10-26 10:50:27,928:INFO:[LightGBM] [Warning] No further splits with positive gain, best gain: -inf
2025-10-26 10:50:27,932:INFO:[LightGBM] [Warning] No further splits with positive gain, best gain: -inf
2025-10-26 10:50:27,936:INFO:[LightGBM] [Warning] No further splits with positive gain, best gain: -inf
2025-10-26 10:50:27,940:INFO:[LightGBM] [Warning] No further splits with positive gain, best gain: -inf
2025-10-26 10:50:27,944:INFO:[LightGBM] [Warning] No further splits with positive gain, best gain: -inf
2025-10-26 10:50:27,948:INFO:[LightGBM] [Warning] No further splits with positive gain, best gain: -inf
2025-10-26 10:50:27,953:INFO:[LightGBM] [Warning] No further splits with positive gain, best gain: -inf
2025-10-26 10:50:27,957:INFO:[LightGBM] [Warning] No further splits with positive gain, best gain: -inf
2025-10-26 10:50:27,961:INFO:[LightGBM] [Warning] No further splits with positive gain, best gain: -inf
2025-10-26 10:50:27,966:INFO:[LightGBM] [Warning] No further splits with positive gain, best gain: -inf
2025-10-26 10:50:27,971:INFO:[LightGBM] [Warning] No further splits with positive gain, best gain: -inf
2025-10-26 10:50:27,975:INFO:[LightGBM] [Warning] No further splits with positive gain, best gain: -inf
2025-10-26 10:50:27,979:INFO:[LightGBM] [Warning] No further splits with positive gain, best gain: -inf
2025-10-26 10:50:27,984:INFO:[LightGBM] [Warning] No further splits with positive gain, best gain: -inf
2025-10-26 10:50:27,988:INFO:[LightGBM] [Warning] No further splits with positive gain, best gain: -inf
2025-10-26 10:50:27,993:INFO:[LightGBM] [Warning] No further splits with positive gain, best gain: -inf
2025-10-26 10:50:27,996:INFO:[LightGBM] [Warning] No further splits with positive gain, best gain: -inf
2025-10-26 10:50:28,000:INFO:[LightGBM] [Warning] No further splits with positive gain, best gain: -inf
2025-10-26 10:50:28,005:INFO:[LightGBM] [Warning] No further splits with positive gain, best gain: -inf
2025-10-26 10:50:28,009:INFO:[LightGBM] [Warning] No further splits with positive gain, best gain: -inf
2025-10-26 10:50:28,013:INFO:[LightGBM] [Warning] No further splits with positive gain, best gain: -inf
2025-10-26 10:50:28,018:INFO:[LightGBM] [Warning] No further splits with positive gain, best gain: -inf
2025-10-26 10:50:28,022:INFO:[LightGBM] [Warning] No further splits with positive gain, best gain: -inf
2025-10-26 10:50:28,026:INFO:[LightGBM] [Warning] No further splits with positive gain, best gain: -inf
2025-10-26 10:50:28,030:INFO:[LightGBM] [Warning] No further splits with positive gain, best gain: -inf
2025-10-26 10:50:28,034:INFO:[LightGBM] [Warning] No further splits with positive gain, best gain: -inf
2025-10-26 10:50:28,038:INFO:[LightGBM] [Warning] No further splits with positive gain, best gain: -inf
2025-10-26 10:50:28,043:INFO:[LightGBM] [Warning] No further splits with positive gain, best gain: -inf
2025-10-26 10:50:28,047:INFO:[LightGBM] [Warning] No further splits with positive gain, best gain: -inf
2025-10-26 10:50:28,052:INFO:[LightGBM] [Warning] No further splits with positive gain, best gain: -inf
2025-10-26 10:50:28,056:INFO:[LightGBM] [Warning] No further splits with positive gain, best gain: -inf
2025-10-26 10:50:28,061:INFO:[LightGBM] [Warning] No further splits with positive gain, best gain: -inf
2025-10-26 10:50:28,065:INFO:[LightGBM] [Warning] No further splits with positive gain, best gain: -inf
2025-10-26 10:50:28,070:INFO:[LightGBM] [Warning] No further splits with positive gain, best gain: -inf
2025-10-26 10:50:28,074:INFO:[LightGBM] [Warning] No further splits with positive gain, best gain: -inf
2025-10-26 10:50:28,078:INFO:[LightGBM] [Warning] No further splits with positive gain, best gain: -inf
2025-10-26 10:50:28,083:INFO:[LightGBM] [Warning] No further splits with positive gain, best gain: -inf
2025-10-26 10:50:28,086:INFO:[LightGBM] [Warning] No further splits with positive gain, best gain: -inf
2025-10-26 10:50:28,091:INFO:[LightGBM] [Warning] No further splits with positive gain, best gain: -inf
2025-10-26 10:50:28,095:INFO:[LightGBM] [Warning] No further splits with positive gain, best gain: -inf
2025-10-26 10:50:28,099:INFO:[LightGBM] [Warning] No further splits with positive gain, best gain: -inf
2025-10-26 10:50:28,103:INFO:[LightGBM] [Warning] No further splits with positive gain, best gain: -inf
2025-10-26 10:50:28,107:INFO:[LightGBM] [Warning] No further splits with positive gain, best gain: -inf
2025-10-26 10:50:28,111:INFO:[LightGBM] [Warning] No further splits with positive gain, best gain: -inf
2025-10-26 10:50:28,116:INFO:[LightGBM] [Warning] No further splits with positive gain, best gain: -inf
2025-10-26 10:50:28,121:INFO:[LightGBM] [Warning] No further splits with positive gain, best gain: -inf
2025-10-26 10:50:28,126:INFO:[LightGBM] [Warning] No further splits with positive gain, best gain: -inf
2025-10-26 10:50:28,130:INFO:[LightGBM] [Warning] No further splits with positive gain, best gain: -inf
2025-10-26 10:50:28,135:INFO:[LightGBM] [Warning] No further splits with positive gain, best gain: -inf
2025-10-26 10:50:28,139:INFO:[LightGBM] [Warning] No further splits with positive gain, best gain: -inf
2025-10-26 10:50:28,144:INFO:[LightGBM] [Warning] No further splits with positive gain, best gain: -inf
2025-10-26 10:50:28,148:INFO:[LightGBM] [Warning] No further splits with positive gain, best gain: -inf
2025-10-26 10:50:28,224:INFO:[LightGBM] [Info] This is the GPU trainer!!
2025-10-26 10:50:28,224:INFO:[LightGBM] [Info] Total Bins 557
2025-10-26 10:50:28,224:INFO:[LightGBM] [Info] Number of data points in the train set: 315, number of used features: 11
2025-10-26 10:50:28,225:INFO:[LightGBM] [Info] Using GPU Device: Intel(R) UHD Graphics, Vendor: Intel(R) Corporation
2025-10-26 10:50:28,225:INFO:[LightGBM] [Info] Compiling OpenCL Kernel with 256 bins...
2025-10-26 10:50:28,229:INFO:[LightGBM] [Info] GPU programs have been built
2025-10-26 10:50:28,231:INFO:[LightGBM] [Info] Size of histogram bin entry: 8
2025-10-26 10:50:28,233:INFO:[LightGBM] [Info] 11 dense feature groups (0.00 MB) transferred to GPU in 0.000856 secs. 0 sparse feature groups
2025-10-26 10:50:28,233:INFO:[LightGBM] [Info] Start training from score 582969.248710
2025-10-26 10:50:28,237:INFO:[LightGBM] [Warning] No further splits with positive gain, best gain: -inf
2025-10-26 10:50:28,241:INFO:[LightGBM] [Warning] No further splits with positive gain, best gain: -inf
2025-10-26 10:50:28,244:INFO:[LightGBM] [Warning] No further splits with positive gain, best gain: -inf
2025-10-26 10:50:28,248:INFO:[LightGBM] [Warning] No further splits with positive gain, best gain: -inf
2025-10-26 10:50:28,253:INFO:[LightGBM] [Warning] No further splits with positive gain, best gain: -inf
2025-10-26 10:50:28,257:INFO:[LightGBM] [Warning] No further splits with positive gain, best gain: -inf
2025-10-26 10:50:28,260:INFO:[LightGBM] [Warning] No further splits with positive gain, best gain: -inf
2025-10-26 10:50:28,264:INFO:[LightGBM] [Warning] No further splits with positive gain, best gain: -inf
2025-10-26 10:50:28,269:INFO:[LightGBM] [Warning] No further splits with positive gain, best gain: -inf
2025-10-26 10:50:28,273:INFO:[LightGBM] [Warning] No further splits with positive gain, best gain: -inf
2025-10-26 10:50:28,277:INFO:[LightGBM] [Warning] No further splits with positive gain, best gain: -inf
2025-10-26 10:50:28,281:INFO:[LightGBM] [Warning] No further splits with positive gain, best gain: -inf
2025-10-26 10:50:28,285:INFO:[LightGBM] [Warning] No further splits with positive gain, best gain: -inf
2025-10-26 10:50:28,289:INFO:[LightGBM] [Warning] No further splits with positive gain, best gain: -inf
2025-10-26 10:50:28,293:INFO:[LightGBM] [Warning] No further splits with positive gain, best gain: -inf
2025-10-26 10:50:28,297:INFO:[LightGBM] [Warning] No further splits with positive gain, best gain: -inf
2025-10-26 10:50:28,301:INFO:[LightGBM] [Warning] No further splits with positive gain, best gain: -inf
2025-10-26 10:50:28,305:INFO:[LightGBM] [Warning] No further splits with positive gain, best gain: -inf
2025-10-26 10:50:28,309:INFO:[LightGBM] [Warning] No further splits with positive gain, best gain: -inf
2025-10-26 10:50:28,312:INFO:[LightGBM] [Warning] No further splits with positive gain, best gain: -inf
2025-10-26 10:50:28,316:INFO:[LightGBM] [Warning] No further splits with positive gain, best gain: -inf
2025-10-26 10:50:28,320:INFO:[LightGBM] [Warning] No further splits with positive gain, best gain: -inf
2025-10-26 10:50:28,323:INFO:[LightGBM] [Warning] No further splits with positive gain, best gain: -inf
2025-10-26 10:50:28,327:INFO:[LightGBM] [Warning] No further splits with positive gain, best gain: -inf
2025-10-26 10:50:28,330:INFO:[LightGBM] [Warning] No further splits with positive gain, best gain: -inf
2025-10-26 10:50:28,335:INFO:[LightGBM] [Warning] No further splits with positive gain, best gain: -inf
2025-10-26 10:50:28,338:INFO:[LightGBM] [Warning] No further splits with positive gain, best gain: -inf
2025-10-26 10:50:28,342:INFO:[LightGBM] [Warning] No further splits with positive gain, best gain: -inf
2025-10-26 10:50:28,347:INFO:[LightGBM] [Warning] No further splits with positive gain, best gain: -inf
2025-10-26 10:50:28,351:INFO:[LightGBM] [Warning] No further splits with positive gain, best gain: -inf
2025-10-26 10:50:28,355:INFO:[LightGBM] [Warning] No further splits with positive gain, best gain: -inf
2025-10-26 10:50:28,360:INFO:[LightGBM] [Warning] No further splits with positive gain, best gain: -inf
2025-10-26 10:50:28,364:INFO:[LightGBM] [Warning] No further splits with positive gain, best gain: -inf
2025-10-26 10:50:28,369:INFO:[LightGBM] [Warning] No further splits with positive gain, best gain: -inf
2025-10-26 10:50:28,372:INFO:[LightGBM] [Warning] No further splits with positive gain, best gain: -inf
2025-10-26 10:50:28,377:INFO:[LightGBM] [Warning] No further splits with positive gain, best gain: -inf
2025-10-26 10:50:28,381:INFO:[LightGBM] [Warning] No further splits with positive gain, best gain: -inf
2025-10-26 10:50:28,385:INFO:[LightGBM] [Warning] No further splits with positive gain, best gain: -inf
2025-10-26 10:50:28,389:INFO:[LightGBM] [Warning] No further splits with positive gain, best gain: -inf
2025-10-26 10:50:28,393:INFO:[LightGBM] [Warning] No further splits with positive gain, best gain: -inf
2025-10-26 10:50:28,398:INFO:[LightGBM] [Warning] No further splits with positive gain, best gain: -inf
2025-10-26 10:50:28,402:INFO:[LightGBM] [Warning] No further splits with positive gain, best gain: -inf
2025-10-26 10:50:28,407:INFO:[LightGBM] [Warning] No further splits with positive gain, best gain: -inf
2025-10-26 10:50:28,411:INFO:[LightGBM] [Warning] No further splits with positive gain, best gain: -inf
2025-10-26 10:50:28,415:INFO:[LightGBM] [Warning] No further splits with positive gain, best gain: -inf
2025-10-26 10:50:28,419:INFO:[LightGBM] [Warning] No further splits with positive gain, best gain: -inf
2025-10-26 10:50:28,424:INFO:[LightGBM] [Warning] No further splits with positive gain, best gain: -inf
2025-10-26 10:50:28,428:INFO:[LightGBM] [Warning] No further splits with positive gain, best gain: -inf
2025-10-26 10:50:28,432:INFO:[LightGBM] [Warning] No further splits with positive gain, best gain: -inf
2025-10-26 10:50:28,436:INFO:[LightGBM] [Warning] No further splits with positive gain, best gain: -inf
2025-10-26 10:50:28,440:INFO:[LightGBM] [Warning] No further splits with positive gain, best gain: -inf
2025-10-26 10:50:28,445:INFO:[LightGBM] [Warning] No further splits with positive gain, best gain: -inf
2025-10-26 10:50:28,448:INFO:[LightGBM] [Warning] No further splits with positive gain, best gain: -inf
2025-10-26 10:50:28,452:INFO:[LightGBM] [Warning] No further splits with positive gain, best gain: -inf
2025-10-26 10:50:28,457:INFO:[LightGBM] [Warning] No further splits with positive gain, best gain: -inf
2025-10-26 10:50:28,460:INFO:[LightGBM] [Warning] No further splits with positive gain, best gain: -inf
2025-10-26 10:50:28,464:INFO:[LightGBM] [Warning] No further splits with positive gain, best gain: -inf
2025-10-26 10:50:28,470:INFO:[LightGBM] [Warning] No further splits with positive gain, best gain: -inf
2025-10-26 10:50:28,475:INFO:[LightGBM] [Warning] No further splits with positive gain, best gain: -inf
2025-10-26 10:50:28,479:INFO:[LightGBM] [Warning] No further splits with positive gain, best gain: -inf
2025-10-26 10:50:28,483:INFO:[LightGBM] [Warning] No further splits with positive gain, best gain: -inf
2025-10-26 10:50:28,487:INFO:[LightGBM] [Warning] No further splits with positive gain, best gain: -inf
2025-10-26 10:50:28,492:INFO:[LightGBM] [Warning] No further splits with positive gain, best gain: -inf
2025-10-26 10:50:28,495:INFO:[LightGBM] [Warning] No further splits with positive gain, best gain: -inf
2025-10-26 10:50:28,499:INFO:[LightGBM] [Warning] No further splits with positive gain, best gain: -inf
2025-10-26 10:50:28,503:INFO:[LightGBM] [Warning] No further splits with positive gain, best gain: -inf
2025-10-26 10:50:28,508:INFO:[LightGBM] [Warning] No further splits with positive gain, best gain: -inf
2025-10-26 10:50:28,511:INFO:[LightGBM] [Warning] No further splits with positive gain, best gain: -inf
2025-10-26 10:50:28,515:INFO:[LightGBM] [Warning] No further splits with positive gain, best gain: -inf
2025-10-26 10:50:28,520:INFO:[LightGBM] [Warning] No further splits with positive gain, best gain: -inf
2025-10-26 10:50:28,523:INFO:[LightGBM] [Warning] No further splits with positive gain, best gain: -inf
2025-10-26 10:50:28,527:INFO:[LightGBM] [Warning] No further splits with positive gain, best gain: -inf
2025-10-26 10:50:28,531:INFO:[LightGBM] [Warning] No further splits with positive gain, best gain: -inf
2025-10-26 10:50:28,536:INFO:[LightGBM] [Warning] No further splits with positive gain, best gain: -inf
2025-10-26 10:50:28,539:INFO:[LightGBM] [Warning] No further splits with positive gain, best gain: -inf
2025-10-26 10:50:28,544:INFO:[LightGBM] [Warning] No further splits with positive gain, best gain: -inf
2025-10-26 10:50:28,549:INFO:[LightGBM] [Warning] No further splits with positive gain, best gain: -inf
2025-10-26 10:50:28,553:INFO:[LightGBM] [Warning] No further splits with positive gain, best gain: -inf
2025-10-26 10:50:28,557:INFO:[LightGBM] [Warning] No further splits with positive gain, best gain: -inf
2025-10-26 10:50:28,561:INFO:[LightGBM] [Warning] No further splits with positive gain, best gain: -inf
2025-10-26 10:50:28,565:INFO:[LightGBM] [Warning] No further splits with positive gain, best gain: -inf
2025-10-26 10:50:28,569:INFO:[LightGBM] [Warning] No further splits with positive gain, best gain: -inf
2025-10-26 10:50:28,573:INFO:[LightGBM] [Warning] No further splits with positive gain, best gain: -inf
2025-10-26 10:50:28,578:INFO:[LightGBM] [Warning] No further splits with positive gain, best gain: -inf
2025-10-26 10:50:28,582:INFO:[LightGBM] [Warning] No further splits with positive gain, best gain: -inf
2025-10-26 10:50:28,586:INFO:[LightGBM] [Warning] No further splits with positive gain, best gain: -inf
2025-10-26 10:50:28,590:INFO:[LightGBM] [Warning] No further splits with positive gain, best gain: -inf
2025-10-26 10:50:28,595:INFO:[LightGBM] [Warning] No further splits with positive gain, best gain: -inf
2025-10-26 10:50:28,600:INFO:[LightGBM] [Warning] No further splits with positive gain, best gain: -inf
2025-10-26 10:50:28,604:INFO:[LightGBM] [Warning] No further splits with positive gain, best gain: -inf
2025-10-26 10:50:28,608:INFO:[LightGBM] [Warning] No further splits with positive gain, best gain: -inf
2025-10-26 10:50:28,612:INFO:[LightGBM] [Warning] No further splits with positive gain, best gain: -inf
2025-10-26 10:50:28,617:INFO:[LightGBM] [Warning] No further splits with positive gain, best gain: -inf
2025-10-26 10:50:28,621:INFO:[LightGBM] [Warning] No further splits with positive gain, best gain: -inf
2025-10-26 10:50:28,626:INFO:[LightGBM] [Warning] No further splits with positive gain, best gain: -inf
2025-10-26 10:50:28,630:INFO:[LightGBM] [Warning] No further splits with positive gain, best gain: -inf
2025-10-26 10:50:28,634:INFO:[LightGBM] [Warning] No further splits with positive gain, best gain: -inf
2025-10-26 10:50:28,639:INFO:[LightGBM] [Warning] No further splits with positive gain, best gain: -inf
2025-10-26 10:50:28,643:INFO:[LightGBM] [Warning] No further splits with positive gain, best gain: -inf
2025-10-26 10:50:28,648:INFO:[LightGBM] [Warning] No further splits with positive gain, best gain: -inf
2025-10-26 10:50:28,724:INFO:[LightGBM] [Info] This is the GPU trainer!!
2025-10-26 10:50:28,724:INFO:[LightGBM] [Info] Total Bins 552
2025-10-26 10:50:28,724:INFO:[LightGBM] [Info] Number of data points in the train set: 315, number of used features: 11
2025-10-26 10:50:28,724:INFO:[LightGBM] [Info] Using GPU Device: Intel(R) UHD Graphics, Vendor: Intel(R) Corporation
2025-10-26 10:50:28,724:INFO:[LightGBM] [Info] Compiling OpenCL Kernel with 256 bins...
2025-10-26 10:50:28,729:INFO:[LightGBM] [Info] GPU programs have been built
2025-10-26 10:50:28,731:INFO:[LightGBM] [Info] Size of histogram bin entry: 8
2025-10-26 10:50:28,732:INFO:[LightGBM] [Info] 11 dense feature groups (0.00 MB) transferred to GPU in 0.000862 secs. 0 sparse feature groups
2025-10-26 10:50:28,733:INFO:[LightGBM] [Info] Start training from score 586462.319147
2025-10-26 10:50:28,737:INFO:[LightGBM] [Warning] No further splits with positive gain, best gain: -inf
2025-10-26 10:50:28,741:INFO:[LightGBM] [Warning] No further splits with positive gain, best gain: -inf
2025-10-26 10:50:28,746:INFO:[LightGBM] [Warning] No further splits with positive gain, best gain: -inf
2025-10-26 10:50:28,749:INFO:[LightGBM] [Warning] No further splits with positive gain, best gain: -inf
2025-10-26 10:50:28,752:INFO:[LightGBM] [Warning] No further splits with positive gain, best gain: -inf
2025-10-26 10:50:28,755:INFO:[LightGBM] [Warning] No further splits with positive gain, best gain: -inf
2025-10-26 10:50:28,759:INFO:[LightGBM] [Warning] No further splits with positive gain, best gain: -inf
2025-10-26 10:50:28,763:INFO:[LightGBM] [Warning] No further splits with positive gain, best gain: -inf
2025-10-26 10:50:28,767:INFO:[LightGBM] [Warning] No further splits with positive gain, best gain: -inf
2025-10-26 10:50:28,770:INFO:[LightGBM] [Warning] No further splits with positive gain, best gain: -inf
2025-10-26 10:50:28,774:INFO:[LightGBM] [Warning] No further splits with positive gain, best gain: -inf
2025-10-26 10:50:28,778:INFO:[LightGBM] [Warning] No further splits with positive gain, best gain: -inf
2025-10-26 10:50:28,782:INFO:[LightGBM] [Warning] No further splits with positive gain, best gain: -inf
2025-10-26 10:50:28,785:INFO:[LightGBM] [Warning] No further splits with positive gain, best gain: -inf
2025-10-26 10:50:28,789:INFO:[LightGBM] [Warning] No further splits with positive gain, best gain: -inf
2025-10-26 10:50:28,793:INFO:[LightGBM] [Warning] No further splits with positive gain, best gain: -inf
2025-10-26 10:50:28,797:INFO:[LightGBM] [Warning] No further splits with positive gain, best gain: -inf
2025-10-26 10:50:28,801:INFO:[LightGBM] [Warning] No further splits with positive gain, best gain: -inf
2025-10-26 10:50:28,805:INFO:[LightGBM] [Warning] No further splits with positive gain, best gain: -inf
2025-10-26 10:50:28,809:INFO:[LightGBM] [Warning] No further splits with positive gain, best gain: -inf
2025-10-26 10:50:28,813:INFO:[LightGBM] [Warning] No further splits with positive gain, best gain: -inf
2025-10-26 10:50:28,817:INFO:[LightGBM] [Warning] No further splits with positive gain, best gain: -inf
2025-10-26 10:50:28,821:INFO:[LightGBM] [Warning] No further splits with positive gain, best gain: -inf
2025-10-26 10:50:28,825:INFO:[LightGBM] [Warning] No further splits with positive gain, best gain: -inf
2025-10-26 10:50:28,830:INFO:[LightGBM] [Warning] No further splits with positive gain, best gain: -inf
2025-10-26 10:50:28,834:INFO:[LightGBM] [Warning] No further splits with positive gain, best gain: -inf
2025-10-26 10:50:28,838:INFO:[LightGBM] [Warning] No further splits with positive gain, best gain: -inf
2025-10-26 10:50:28,842:INFO:[LightGBM] [Warning] No further splits with positive gain, best gain: -inf
2025-10-26 10:50:28,845:INFO:[LightGBM] [Warning] No further splits with positive gain, best gain: -inf
2025-10-26 10:50:28,848:INFO:[LightGBM] [Warning] No further splits with positive gain, best gain: -inf
2025-10-26 10:50:28,851:INFO:[LightGBM] [Warning] No further splits with positive gain, best gain: -inf
2025-10-26 10:50:28,855:INFO:[LightGBM] [Warning] No further splits with positive gain, best gain: -inf
2025-10-26 10:50:28,859:INFO:[LightGBM] [Warning] No further splits with positive gain, best gain: -inf
2025-10-26 10:50:28,864:INFO:[LightGBM] [Warning] No further splits with positive gain, best gain: -inf
2025-10-26 10:50:28,868:INFO:[LightGBM] [Warning] No further splits with positive gain, best gain: -inf
2025-10-26 10:50:28,873:INFO:[LightGBM] [Warning] No further splits with positive gain, best gain: -inf
2025-10-26 10:50:28,877:INFO:[LightGBM] [Warning] No further splits with positive gain, best gain: -inf
2025-10-26 10:50:28,881:INFO:[LightGBM] [Warning] No further splits with positive gain, best gain: -inf
2025-10-26 10:50:28,885:INFO:[LightGBM] [Warning] No further splits with positive gain, best gain: -inf
2025-10-26 10:50:28,889:INFO:[LightGBM] [Warning] No further splits with positive gain, best gain: -inf
2025-10-26 10:50:28,895:INFO:[LightGBM] [Warning] No further splits with positive gain, best gain: -inf
2025-10-26 10:50:28,899:INFO:[LightGBM] [Warning] No further splits with positive gain, best gain: -inf
2025-10-26 10:50:28,904:INFO:[LightGBM] [Warning] No further splits with positive gain, best gain: -inf
2025-10-26 10:50:28,907:INFO:[LightGBM] [Warning] No further splits with positive gain, best gain: -inf
2025-10-26 10:50:28,912:INFO:[LightGBM] [Warning] No further splits with positive gain, best gain: -inf
2025-10-26 10:50:28,916:INFO:[LightGBM] [Warning] No further splits with positive gain, best gain: -inf
2025-10-26 10:50:28,920:INFO:[LightGBM] [Warning] No further splits with positive gain, best gain: -inf
2025-10-26 10:50:28,925:INFO:[LightGBM] [Warning] No further splits with positive gain, best gain: -inf
2025-10-26 10:50:28,930:INFO:[LightGBM] [Warning] No further splits with positive gain, best gain: -inf
2025-10-26 10:50:28,934:INFO:[LightGBM] [Warning] No further splits with positive gain, best gain: -inf
2025-10-26 10:50:28,938:INFO:[LightGBM] [Warning] No further splits with positive gain, best gain: -inf
2025-10-26 10:50:28,943:INFO:[LightGBM] [Warning] No further splits with positive gain, best gain: -inf
2025-10-26 10:50:28,947:INFO:[LightGBM] [Warning] No further splits with positive gain, best gain: -inf
2025-10-26 10:50:28,951:INFO:[LightGBM] [Warning] No further splits with positive gain, best gain: -inf
2025-10-26 10:50:28,955:INFO:[LightGBM] [Warning] No further splits with positive gain, best gain: -inf
2025-10-26 10:50:28,959:INFO:[LightGBM] [Warning] No further splits with positive gain, best gain: -inf
2025-10-26 10:50:28,962:INFO:[LightGBM] [Warning] No further splits with positive gain, best gain: -inf
2025-10-26 10:50:28,967:INFO:[LightGBM] [Warning] No further splits with positive gain, best gain: -inf
2025-10-26 10:50:28,971:INFO:[LightGBM] [Warning] No further splits with positive gain, best gain: -inf
2025-10-26 10:50:28,975:INFO:[LightGBM] [Warning] No further splits with positive gain, best gain: -inf
2025-10-26 10:50:28,979:INFO:[LightGBM] [Warning] No further splits with positive gain, best gain: -inf
2025-10-26 10:50:28,982:INFO:[LightGBM] [Warning] No further splits with positive gain, best gain: -inf
2025-10-26 10:50:28,986:INFO:[LightGBM] [Warning] No further splits with positive gain, best gain: -inf
2025-10-26 10:50:28,990:INFO:[LightGBM] [Warning] No further splits with positive gain, best gain: -inf
2025-10-26 10:50:28,994:INFO:[LightGBM] [Warning] No further splits with positive gain, best gain: -inf
2025-10-26 10:50:28,997:INFO:[LightGBM] [Warning] No further splits with positive gain, best gain: -inf
2025-10-26 10:50:29,001:INFO:[LightGBM] [Warning] No further splits with positive gain, best gain: -inf
2025-10-26 10:50:29,006:INFO:[LightGBM] [Warning] No further splits with positive gain, best gain: -inf
2025-10-26 10:50:29,010:INFO:[LightGBM] [Warning] No further splits with positive gain, best gain: -inf
2025-10-26 10:50:29,013:INFO:[LightGBM] [Warning] No further splits with positive gain, best gain: -inf
2025-10-26 10:50:29,018:INFO:[LightGBM] [Warning] No further splits with positive gain, best gain: -inf
2025-10-26 10:50:29,022:INFO:[LightGBM] [Warning] No further splits with positive gain, best gain: -inf
2025-10-26 10:50:29,026:INFO:[LightGBM] [Warning] No further splits with positive gain, best gain: -inf
2025-10-26 10:50:29,030:INFO:[LightGBM] [Warning] No further splits with positive gain, best gain: -inf
2025-10-26 10:50:29,034:INFO:[LightGBM] [Warning] No further splits with positive gain, best gain: -inf
2025-10-26 10:50:29,038:INFO:[LightGBM] [Warning] No further splits with positive gain, best gain: -inf
2025-10-26 10:50:29,042:INFO:[LightGBM] [Warning] No further splits with positive gain, best gain: -inf
2025-10-26 10:50:29,046:INFO:[LightGBM] [Warning] No further splits with positive gain, best gain: -inf
2025-10-26 10:50:29,050:INFO:[LightGBM] [Warning] No further splits with positive gain, best gain: -inf
2025-10-26 10:50:29,054:INFO:[LightGBM] [Warning] No further splits with positive gain, best gain: -inf
2025-10-26 10:50:29,058:INFO:[LightGBM] [Warning] No further splits with positive gain, best gain: -inf
2025-10-26 10:50:29,061:INFO:[LightGBM] [Warning] No further splits with positive gain, best gain: -inf
2025-10-26 10:50:29,065:INFO:[LightGBM] [Warning] No further splits with positive gain, best gain: -inf
2025-10-26 10:50:29,069:INFO:[LightGBM] [Warning] No further splits with positive gain, best gain: -inf
2025-10-26 10:50:29,074:INFO:[LightGBM] [Warning] No further splits with positive gain, best gain: -inf
2025-10-26 10:50:29,077:INFO:[LightGBM] [Warning] No further splits with positive gain, best gain: -inf
2025-10-26 10:50:29,081:INFO:[LightGBM] [Warning] No further splits with positive gain, best gain: -inf
2025-10-26 10:50:29,085:INFO:[LightGBM] [Warning] No further splits with positive gain, best gain: -inf
2025-10-26 10:50:29,089:INFO:[LightGBM] [Warning] No further splits with positive gain, best gain: -inf
2025-10-26 10:50:29,094:INFO:[LightGBM] [Warning] No further splits with positive gain, best gain: -inf
2025-10-26 10:50:29,097:INFO:[LightGBM] [Warning] No further splits with positive gain, best gain: -inf
2025-10-26 10:50:29,102:INFO:[LightGBM] [Warning] No further splits with positive gain, best gain: -inf
2025-10-26 10:50:29,107:INFO:[LightGBM] [Warning] No further splits with positive gain, best gain: -inf
2025-10-26 10:50:29,111:INFO:[LightGBM] [Warning] No further splits with positive gain, best gain: -inf
2025-10-26 10:50:29,114:INFO:[LightGBM] [Warning] No further splits with positive gain, best gain: -inf
2025-10-26 10:50:29,118:INFO:[LightGBM] [Warning] No further splits with positive gain, best gain: -inf
2025-10-26 10:50:29,122:INFO:[LightGBM] [Warning] No further splits with positive gain, best gain: -inf
2025-10-26 10:50:29,126:INFO:[LightGBM] [Warning] No further splits with positive gain, best gain: -inf
2025-10-26 10:50:29,130:INFO:[LightGBM] [Warning] No further splits with positive gain, best gain: -inf
2025-10-26 10:50:29,134:INFO:[LightGBM] [Warning] No further splits with positive gain, best gain: -inf
2025-10-26 10:50:29,212:INFO:[LightGBM] [Info] This is the GPU trainer!!
2025-10-26 10:50:29,213:INFO:[LightGBM] [Info] Total Bins 558
2025-10-26 10:50:29,213:INFO:[LightGBM] [Info] Number of data points in the train set: 315, number of used features: 11
2025-10-26 10:50:29,213:INFO:[LightGBM] [Info] Using GPU Device: Intel(R) UHD Graphics, Vendor: Intel(R) Corporation
2025-10-26 10:50:29,213:INFO:[LightGBM] [Info] Compiling OpenCL Kernel with 256 bins...
2025-10-26 10:50:29,220:INFO:[LightGBM] [Info] GPU programs have been built
2025-10-26 10:50:29,222:INFO:[LightGBM] [Info] Size of histogram bin entry: 8
2025-10-26 10:50:29,223:INFO:[LightGBM] [Info] 11 dense feature groups (0.00 MB) transferred to GPU in 0.000745 secs. 0 sparse feature groups
2025-10-26 10:50:29,224:INFO:[LightGBM] [Info] Start training from score 589801.695437
2025-10-26 10:50:29,228:INFO:[LightGBM] [Warning] No further splits with positive gain, best gain: -inf
2025-10-26 10:50:29,232:INFO:[LightGBM] [Warning] No further splits with positive gain, best gain: -inf
2025-10-26 10:50:29,235:INFO:[LightGBM] [Warning] No further splits with positive gain, best gain: -inf
2025-10-26 10:50:29,239:INFO:[LightGBM] [Warning] No further splits with positive gain, best gain: -inf
2025-10-26 10:50:29,242:INFO:[LightGBM] [Warning] No further splits with positive gain, best gain: -inf
2025-10-26 10:50:29,245:INFO:[LightGBM] [Warning] No further splits with positive gain, best gain: -inf
2025-10-26 10:50:29,249:INFO:[LightGBM] [Warning] No further splits with positive gain, best gain: -inf
2025-10-26 10:50:29,253:INFO:[LightGBM] [Warning] No further splits with positive gain, best gain: -inf
2025-10-26 10:50:29,256:INFO:[LightGBM] [Warning] No further splits with positive gain, best gain: -inf
2025-10-26 10:50:29,260:INFO:[LightGBM] [Warning] No further splits with positive gain, best gain: -inf
2025-10-26 10:50:29,265:INFO:[LightGBM] [Warning] No further splits with positive gain, best gain: -inf
2025-10-26 10:50:29,270:INFO:[LightGBM] [Warning] No further splits with positive gain, best gain: -inf
2025-10-26 10:50:29,274:INFO:[LightGBM] [Warning] No further splits with positive gain, best gain: -inf
2025-10-26 10:50:29,278:INFO:[LightGBM] [Warning] No further splits with positive gain, best gain: -inf
2025-10-26 10:50:29,281:INFO:[LightGBM] [Warning] No further splits with positive gain, best gain: -inf
2025-10-26 10:50:29,285:INFO:[LightGBM] [Warning] No further splits with positive gain, best gain: -inf
2025-10-26 10:50:29,289:INFO:[LightGBM] [Warning] No further splits with positive gain, best gain: -inf
2025-10-26 10:50:29,293:INFO:[LightGBM] [Warning] No further splits with positive gain, best gain: -inf
2025-10-26 10:50:29,298:INFO:[LightGBM] [Warning] No further splits with positive gain, best gain: -inf
2025-10-26 10:50:29,302:INFO:[LightGBM] [Warning] No further splits with positive gain, best gain: -inf
2025-10-26 10:50:29,306:INFO:[LightGBM] [Warning] No further splits with positive gain, best gain: -inf
2025-10-26 10:50:29,310:INFO:[LightGBM] [Warning] No further splits with positive gain, best gain: -inf
2025-10-26 10:50:29,314:INFO:[LightGBM] [Warning] No further splits with positive gain, best gain: -inf
2025-10-26 10:50:29,319:INFO:[LightGBM] [Warning] No further splits with positive gain, best gain: -inf
2025-10-26 10:50:29,323:INFO:[LightGBM] [Warning] No further splits with positive gain, best gain: -inf
2025-10-26 10:50:29,328:INFO:[LightGBM] [Warning] No further splits with positive gain, best gain: -inf
2025-10-26 10:50:29,332:INFO:[LightGBM] [Warning] No further splits with positive gain, best gain: -inf
2025-10-26 10:50:29,337:INFO:[LightGBM] [Warning] No further splits with positive gain, best gain: -inf
2025-10-26 10:50:29,341:INFO:[LightGBM] [Warning] No further splits with positive gain, best gain: -inf
2025-10-26 10:50:29,345:INFO:[LightGBM] [Warning] No further splits with positive gain, best gain: -inf
2025-10-26 10:50:29,349:INFO:[LightGBM] [Warning] No further splits with positive gain, best gain: -inf
2025-10-26 10:50:29,353:INFO:[LightGBM] [Warning] No further splits with positive gain, best gain: -inf
2025-10-26 10:50:29,357:INFO:[LightGBM] [Warning] No further splits with positive gain, best gain: -inf
2025-10-26 10:50:29,362:INFO:[LightGBM] [Warning] No further splits with positive gain, best gain: -inf
2025-10-26 10:50:29,366:INFO:[LightGBM] [Warning] No further splits with positive gain, best gain: -inf
2025-10-26 10:50:29,369:INFO:[LightGBM] [Warning] No further splits with positive gain, best gain: -inf
2025-10-26 10:50:29,373:INFO:[LightGBM] [Warning] No further splits with positive gain, best gain: -inf
2025-10-26 10:50:29,377:INFO:[LightGBM] [Warning] No further splits with positive gain, best gain: -inf
2025-10-26 10:50:29,381:INFO:[LightGBM] [Warning] No further splits with positive gain, best gain: -inf
2025-10-26 10:50:29,386:INFO:[LightGBM] [Warning] No further splits with positive gain, best gain: -inf
2025-10-26 10:50:29,390:INFO:[LightGBM] [Warning] No further splits with positive gain, best gain: -inf
2025-10-26 10:50:29,395:INFO:[LightGBM] [Warning] No further splits with positive gain, best gain: -inf
2025-10-26 10:50:29,399:INFO:[LightGBM] [Warning] No further splits with positive gain, best gain: -inf
2025-10-26 10:50:29,403:INFO:[LightGBM] [Warning] No further splits with positive gain, best gain: -inf
2025-10-26 10:50:29,407:INFO:[LightGBM] [Warning] No further splits with positive gain, best gain: -inf
2025-10-26 10:50:29,411:INFO:[LightGBM] [Warning] No further splits with positive gain, best gain: -inf
2025-10-26 10:50:29,415:INFO:[LightGBM] [Warning] No further splits with positive gain, best gain: -inf
2025-10-26 10:50:29,419:INFO:[LightGBM] [Warning] No further splits with positive gain, best gain: -inf
2025-10-26 10:50:29,425:INFO:[LightGBM] [Warning] No further splits with positive gain, best gain: -inf
2025-10-26 10:50:29,429:INFO:[LightGBM] [Warning] No further splits with positive gain, best gain: -inf
2025-10-26 10:50:29,433:INFO:[LightGBM] [Warning] No further splits with positive gain, best gain: -inf
2025-10-26 10:50:29,438:INFO:[LightGBM] [Warning] No further splits with positive gain, best gain: -inf
2025-10-26 10:50:29,443:INFO:[LightGBM] [Warning] No further splits with positive gain, best gain: -inf
2025-10-26 10:50:29,447:INFO:[LightGBM] [Warning] No further splits with positive gain, best gain: -inf
2025-10-26 10:50:29,452:INFO:[LightGBM] [Warning] No further splits with positive gain, best gain: -inf
2025-10-26 10:50:29,457:INFO:[LightGBM] [Warning] No further splits with positive gain, best gain: -inf
2025-10-26 10:50:29,461:INFO:[LightGBM] [Warning] No further splits with positive gain, best gain: -inf
2025-10-26 10:50:29,465:INFO:[LightGBM] [Warning] No further splits with positive gain, best gain: -inf
2025-10-26 10:50:29,470:INFO:[LightGBM] [Warning] No further splits with positive gain, best gain: -inf
2025-10-26 10:50:29,475:INFO:[LightGBM] [Warning] No further splits with positive gain, best gain: -inf
2025-10-26 10:50:29,479:INFO:[LightGBM] [Warning] No further splits with positive gain, best gain: -inf
2025-10-26 10:50:29,484:INFO:[LightGBM] [Warning] No further splits with positive gain, best gain: -inf
2025-10-26 10:50:29,489:INFO:[LightGBM] [Warning] No further splits with positive gain, best gain: -inf
2025-10-26 10:50:29,493:INFO:[LightGBM] [Warning] No further splits with positive gain, best gain: -inf
2025-10-26 10:50:29,498:INFO:[LightGBM] [Warning] No further splits with positive gain, best gain: -inf
2025-10-26 10:50:29,503:INFO:[LightGBM] [Warning] No further splits with positive gain, best gain: -inf
2025-10-26 10:50:29,507:INFO:[LightGBM] [Warning] No further splits with positive gain, best gain: -inf
2025-10-26 10:50:29,511:INFO:[LightGBM] [Warning] No further splits with positive gain, best gain: -inf
2025-10-26 10:50:29,516:INFO:[LightGBM] [Warning] No further splits with positive gain, best gain: -inf
2025-10-26 10:50:29,521:INFO:[LightGBM] [Warning] No further splits with positive gain, best gain: -inf
2025-10-26 10:50:29,525:INFO:[LightGBM] [Warning] No further splits with positive gain, best gain: -inf
2025-10-26 10:50:29,529:INFO:[LightGBM] [Warning] No further splits with positive gain, best gain: -inf
2025-10-26 10:50:29,534:INFO:[LightGBM] [Warning] No further splits with positive gain, best gain: -inf
2025-10-26 10:50:29,538:INFO:[LightGBM] [Warning] No further splits with positive gain, best gain: -inf
2025-10-26 10:50:29,543:INFO:[LightGBM] [Warning] No further splits with positive gain, best gain: -inf
2025-10-26 10:50:29,547:INFO:[LightGBM] [Warning] No further splits with positive gain, best gain: -inf
2025-10-26 10:50:29,551:INFO:[LightGBM] [Warning] No further splits with positive gain, best gain: -inf
2025-10-26 10:50:29,555:INFO:[LightGBM] [Warning] No further splits with positive gain, best gain: -inf
2025-10-26 10:50:29,559:INFO:[LightGBM] [Warning] No further splits with positive gain, best gain: -inf
2025-10-26 10:50:29,563:INFO:[LightGBM] [Warning] No further splits with positive gain, best gain: -inf
2025-10-26 10:50:29,568:INFO:[LightGBM] [Warning] No further splits with positive gain, best gain: -inf
2025-10-26 10:50:29,573:INFO:[LightGBM] [Warning] No further splits with positive gain, best gain: -inf
2025-10-26 10:50:29,577:INFO:[LightGBM] [Warning] No further splits with positive gain, best gain: -inf
2025-10-26 10:50:29,581:INFO:[LightGBM] [Warning] No further splits with positive gain, best gain: -inf
2025-10-26 10:50:29,585:INFO:[LightGBM] [Warning] No further splits with positive gain, best gain: -inf
2025-10-26 10:50:29,590:INFO:[LightGBM] [Warning] No further splits with positive gain, best gain: -inf
2025-10-26 10:50:29,594:INFO:[LightGBM] [Warning] No further splits with positive gain, best gain: -inf
2025-10-26 10:50:29,598:INFO:[LightGBM] [Warning] No further splits with positive gain, best gain: -inf
2025-10-26 10:50:29,603:INFO:[LightGBM] [Warning] No further splits with positive gain, best gain: -inf
2025-10-26 10:50:29,608:INFO:[LightGBM] [Warning] No further splits with positive gain, best gain: -inf
2025-10-26 10:50:29,612:INFO:[LightGBM] [Warning] No further splits with positive gain, best gain: -inf
2025-10-26 10:50:29,617:INFO:[LightGBM] [Warning] No further splits with positive gain, best gain: -inf
2025-10-26 10:50:29,621:INFO:[LightGBM] [Warning] No further splits with positive gain, best gain: -inf
2025-10-26 10:50:29,626:INFO:[LightGBM] [Warning] No further splits with positive gain, best gain: -inf
2025-10-26 10:50:29,630:INFO:[LightGBM] [Warning] No further splits with positive gain, best gain: -inf
2025-10-26 10:50:29,635:INFO:[LightGBM] [Warning] No further splits with positive gain, best gain: -inf
2025-10-26 10:50:29,639:INFO:[LightGBM] [Warning] No further splits with positive gain, best gain: -inf
2025-10-26 10:50:29,643:INFO:[LightGBM] [Warning] No further splits with positive gain, best gain: -inf
2025-10-26 10:50:29,648:INFO:[LightGBM] [Warning] No further splits with positive gain, best gain: -inf
2025-10-26 10:50:29,652:INFO:[LightGBM] [Warning] No further splits with positive gain, best gain: -inf
2025-10-26 10:50:29,674:INFO:Calculating mean and std
2025-10-26 10:50:29,676:INFO:Creating metrics dataframe
2025-10-26 10:50:29,679:INFO:Uploading results into container
2025-10-26 10:50:29,680:INFO:Uploading model into container now
2025-10-26 10:50:29,681:INFO:_master_model_container: 17
2025-10-26 10:50:29,681:INFO:_display_container: 2
2025-10-26 10:50:29,681:INFO:LGBMRegressor(device='gpu', n_jobs=-1, random_state=123)
2025-10-26 10:50:29,681:INFO:create_model() successfully completed......................................
2025-10-26 10:50:29,849:INFO:SubProcess create_model() end ==================================
2025-10-26 10:50:29,849:INFO:Creating metrics dataframe
2025-10-26 10:50:29,862:INFO:Initializing CatBoost Regressor
2025-10-26 10:50:29,862:INFO:Total runtime is 0.31562120914459224 minutes
2025-10-26 10:50:29,866:INFO:SubProcess create_model() called ==================================
2025-10-26 10:50:29,867:INFO:Initializing create_model()
2025-10-26 10:50:29,867:INFO:create_model(self=<pycaret.regression.oop.RegressionExperiment object at 0x00000182D4FC0B90>, estimator=catboost, fold=KFold(n_splits=10, random_state=None, shuffle=False), round=4, cross_validation=True, predict=True, fit_kwargs={}, groups=None, refit=False, probability_threshold=None, experiment_custom_tags=None, verbose=False, system=False, add_to_model_list=True, metrics=None, display=<pycaret.internal.display.display.CommonDisplay object at 0x00000182F61F04D0>, model_only=True, return_train_score=False, error_score=0.0, kwargs={})
2025-10-26 10:50:29,867:INFO:Checking exceptions
2025-10-26 10:50:29,867:INFO:Importing libraries
2025-10-26 10:50:29,867:INFO:Copying training dataset
2025-10-26 10:50:29,873:INFO:Defining folds
2025-10-26 10:50:29,873:INFO:Declaring metric variables
2025-10-26 10:50:29,877:INFO:Importing untrained model
2025-10-26 10:50:29,886:INFO:CatBoost Regressor Imported successfully
2025-10-26 10:50:29,893:INFO:Starting cross validation
2025-10-26 10:50:29,894:INFO:Cross validating with KFold(n_splits=10, random_state=None, shuffle=False), n_jobs=1
2025-10-26 10:52:55,241:INFO:Calculating mean and std
2025-10-26 10:52:55,242:INFO:Creating metrics dataframe
2025-10-26 10:52:55,244:INFO:Uploading results into container
2025-10-26 10:52:55,245:INFO:Uploading model into container now
2025-10-26 10:52:55,245:INFO:_master_model_container: 18
2025-10-26 10:52:55,246:INFO:_display_container: 2
2025-10-26 10:52:55,246:INFO:<catboost.core.CatBoostRegressor object at 0x00000182F641F250>
2025-10-26 10:52:55,246:INFO:create_model() successfully completed......................................
2025-10-26 10:52:55,375:INFO:SubProcess create_model() end ==================================
2025-10-26 10:52:55,375:INFO:Creating metrics dataframe
2025-10-26 10:52:55,384:INFO:Initializing Dummy Regressor
2025-10-26 10:52:55,384:INFO:Total runtime is 2.7409810225168867 minutes
2025-10-26 10:52:55,386:INFO:SubProcess create_model() called ==================================
2025-10-26 10:52:55,387:INFO:Initializing create_model()
2025-10-26 10:52:55,387:INFO:create_model(self=<pycaret.regression.oop.RegressionExperiment object at 0x00000182D4FC0B90>, estimator=dummy, fold=KFold(n_splits=10, random_state=None, shuffle=False), round=4, cross_validation=True, predict=True, fit_kwargs={}, groups=None, refit=False, probability_threshold=None, experiment_custom_tags=None, verbose=False, system=False, add_to_model_list=True, metrics=None, display=<pycaret.internal.display.display.CommonDisplay object at 0x00000182F61F04D0>, model_only=True, return_train_score=False, error_score=0.0, kwargs={})
2025-10-26 10:52:55,387:INFO:Checking exceptions
2025-10-26 10:52:55,387:INFO:Importing libraries
2025-10-26 10:52:55,387:INFO:Copying training dataset
2025-10-26 10:52:55,391:INFO:Defining folds
2025-10-26 10:52:55,391:INFO:Declaring metric variables
2025-10-26 10:52:55,394:INFO:Importing untrained model
2025-10-26 10:52:55,398:INFO:Dummy Regressor Imported successfully
2025-10-26 10:52:55,405:INFO:Starting cross validation
2025-10-26 10:52:55,407:INFO:Cross validating with KFold(n_splits=10, random_state=None, shuffle=False), n_jobs=1
2025-10-26 10:52:55,842:INFO:Calculating mean and std
2025-10-26 10:52:55,843:INFO:Creating metrics dataframe
2025-10-26 10:52:55,845:INFO:Uploading results into container
2025-10-26 10:52:55,845:INFO:Uploading model into container now
2025-10-26 10:52:55,845:INFO:_master_model_container: 19
2025-10-26 10:52:55,845:INFO:_display_container: 2
2025-10-26 10:52:55,846:INFO:DummyRegressor()
2025-10-26 10:52:55,846:INFO:create_model() successfully completed......................................
2025-10-26 10:52:55,971:INFO:SubProcess create_model() end ==================================
2025-10-26 10:52:55,971:INFO:Creating metrics dataframe
2025-10-26 10:52:55,982:WARNING:C:\Users\dhadu\AppData\Roaming\Python\Python311\site-packages\pycaret\internal\pycaret_experiment\supervised_experiment.py:339: FutureWarning: Styler.applymap has been deprecated. Use Styler.map instead.

2025-10-26 10:52:55,991:INFO:Initializing create_model()
2025-10-26 10:52:55,991:INFO:create_model(self=<pycaret.regression.oop.RegressionExperiment object at 0x00000182D4FC0B90>, estimator=Ridge(random_state=123), fold=KFold(n_splits=10, random_state=None, shuffle=False), round=4, cross_validation=False, predict=False, fit_kwargs={}, groups=None, refit=True, probability_threshold=None, experiment_custom_tags=None, verbose=False, system=False, add_to_model_list=True, metrics=None, display=None, model_only=True, return_train_score=False, error_score=0.0, kwargs={})
2025-10-26 10:52:55,991:INFO:Checking exceptions
2025-10-26 10:52:55,993:INFO:Importing libraries
2025-10-26 10:52:55,993:INFO:Copying training dataset
2025-10-26 10:52:55,996:INFO:Defining folds
2025-10-26 10:52:55,996:INFO:Declaring metric variables
2025-10-26 10:52:55,996:INFO:Importing untrained model
2025-10-26 10:52:55,996:INFO:Declaring custom model
2025-10-26 10:52:55,997:INFO:Ridge Regression Imported successfully
2025-10-26 10:52:55,998:INFO:Cross validation set to False
2025-10-26 10:52:55,999:INFO:Fitting Model
2025-10-26 10:52:56,075:INFO:Ridge(random_state=123)
2025-10-26 10:52:56,075:INFO:create_model() successfully completed......................................
2025-10-26 10:52:56,241:INFO:_master_model_container: 19
2025-10-26 10:52:56,241:INFO:_display_container: 2
2025-10-26 10:52:56,242:INFO:Ridge(random_state=123)
2025-10-26 10:52:56,242:INFO:compare_models() successfully completed......................................
2025-10-26 10:52:56,278:INFO:Initializing evaluate_model()
2025-10-26 10:52:56,278:INFO:evaluate_model(self=<pycaret.regression.oop.RegressionExperiment object at 0x00000182D4FC0B90>, estimator=Ridge(random_state=123), fold=None, fit_kwargs=None, plot_kwargs=None, feature_name=None, groups=None)
2025-10-26 10:52:56,288:INFO:Initializing plot_model()
2025-10-26 10:52:56,288:INFO:plot_model(self=<pycaret.regression.oop.RegressionExperiment object at 0x00000182D4FC0B90>, estimator=Ridge(random_state=123), plot=pipeline, scale=1, save=False, fold=KFold(n_splits=10, random_state=None, shuffle=False), fit_kwargs={}, plot_kwargs=None, groups=None, feature_name=None, label=False, verbose=False, system=True, display=None, display_format=None)
2025-10-26 10:52:56,288:INFO:Checking exceptions
2025-10-26 10:52:56,291:INFO:Preloading libraries
2025-10-26 10:52:56,292:INFO:Copying training dataset
2025-10-26 10:52:56,292:INFO:Plot type: pipeline
2025-10-26 10:52:56,486:INFO:Visual Rendered Successfully
2025-10-26 10:52:56,623:INFO:plot_model() successfully completed......................................
2025-10-26 10:52:56,665:INFO:Initializing save_model()
2025-10-26 10:52:56,665:INFO:save_model(model=Ridge(random_state=123), model_name=best_price_model, prep_pipe_=Pipeline(memory=FastMemory(location=C:\Users\dhadu\AppData\Local\Temp\joblib),
         steps=[('numerical_imputer',
                 TransformerWrapper(include=['ID', 'Square_Feet',
                                             'Num_Bedrooms', 'Num_Bathrooms',
                                             'Num_Floors', 'Year_Built',
                                             'Has_Garden', 'Has_Pool',
                                             'Garage_Size', 'Location_Score',
                                             'Distance_to_Center'],
                                    transformer=SimpleImputer())),
                ('categorical_imputer',
                 TransformerWrapper(include=[],
                                    transformer=SimpleImputer(strategy='most_frequent'))),
                ('transformation',
                 TransformerWrapper(transformer=PowerTransformer(standardize=False))),
                ('normalize',
                 TransformerWrapper(transformer=StandardScaler()))]), verbose=True, use_case=MLUsecase.REGRESSION, kwargs={})
2025-10-26 10:52:56,665:INFO:Adding model into prep_pipe
2025-10-26 10:52:56,671:INFO:best_price_model.pkl saved in current working directory
2025-10-26 10:52:56,678:INFO:Pipeline(memory=Memory(location=None),
         steps=[('numerical_imputer',
                 TransformerWrapper(include=['ID', 'Square_Feet',
                                             'Num_Bedrooms', 'Num_Bathrooms',
                                             'Num_Floors', 'Year_Built',
                                             'Has_Garden', 'Has_Pool',
                                             'Garage_Size', 'Location_Score',
                                             'Distance_to_Center'],
                                    transformer=SimpleImputer())),
                ('categorical_imputer',
                 TransformerWrapper(include=[],
                                    transformer=SimpleImputer(strategy='most_frequent'))),
                ('transformation',
                 TransformerWrapper(transformer=PowerTransformer(standardize=False))),
                ('normalize', TransformerWrapper(transformer=StandardScaler())),
                ('trained_model', Ridge(random_state=123))])
2025-10-26 10:52:56,678:INFO:save_model() successfully completed......................................
2025-10-26 10:52:56,858:INFO:Initializing predict_model()
2025-10-26 10:52:56,858:INFO:predict_model(self=<pycaret.regression.oop.RegressionExperiment object at 0x00000182D4FC0B90>, estimator=Ridge(random_state=123), probability_threshold=None, encoded_labels=False, raw_score=False, round=4, verbose=True, ml_usecase=None, preprocess=True, encode_labels=<function _SupervisedExperiment.predict_model.<locals>.encode_labels at 0x00000182FF9E1800>)
2025-10-26 10:52:56,858:INFO:Checking exceptions
2025-10-26 10:52:56,858:INFO:Preloading libraries
2025-10-26 10:52:56,921:WARNING:C:\Users\dhadu\AppData\Roaming\Python\Python311\site-packages\sklearn\metrics\_regression.py:483: FutureWarning: 'squared' is deprecated in version 1.4 and will be removed in 1.6. To calculate the root mean squared error, use the function'root_mean_squared_error'.

2025-10-27 15:23:52,418:WARNING:
'cuml' is a soft dependency and not included in the pycaret installation. Please run: `pip install cuml` to install.
2025-10-27 15:23:52,516:WARNING:
'cuml' is a soft dependency and not included in the pycaret installation. Please run: `pip install cuml` to install.
2025-10-27 15:23:52,516:WARNING:
'cuml' is a soft dependency and not included in the pycaret installation. Please run: `pip install cuml` to install.
2025-10-27 15:23:52,516:WARNING:
'cuml' is a soft dependency and not included in the pycaret installation. Please run: `pip install cuml` to install.
2025-10-27 15:23:53,302:INFO:PyCaret RegressionExperiment
2025-10-27 15:23:53,302:INFO:Logging name: reg-default-name
2025-10-27 15:23:53,302:INFO:ML Usecase: MLUsecase.REGRESSION
2025-10-27 15:23:53,302:INFO:version 3.3.2
2025-10-27 15:23:53,302:INFO:Initializing setup()
2025-10-27 15:23:53,303:INFO:self.USI: 4abc
2025-10-27 15:23:53,303:INFO:self._variable_keys: {'idx', 'USI', 'gpu_n_jobs_param', 'y', '_ml_usecase', 'fold_generator', 'fold_groups_param', 'exp_id', 'n_jobs_param', 'html_param', 'fold_shuffle_param', 'y_train', 'target_param', 'pipeline', 'log_plots_param', 'transform_target_param', 'gpu_param', 'exp_name_log', 'data', 'X_train', 'logging_param', 'seed', 'X_test', 'y_test', 'X', 'memory', '_available_plots'}
2025-10-27 15:23:53,303:INFO:Checking environment
2025-10-27 15:23:53,303:INFO:python_version: 3.11.6
2025-10-27 15:23:53,303:INFO:python_build: ('tags/v3.11.6:8b6ee5b', 'Oct  2 2023 14:57:12')
2025-10-27 15:23:53,303:INFO:machine: AMD64
2025-10-27 15:23:53,304:INFO:platform: Windows-10-10.0.22631-SP0
2025-10-27 15:23:53,310:INFO:Memory: svmem(total=8373600256, available=416956416, percent=95.0, used=7956643840, free=416956416)
2025-10-27 15:23:53,311:INFO:Physical Core: 4
2025-10-27 15:23:53,311:INFO:Logical Core: 8
2025-10-27 15:23:53,311:INFO:Checking libraries
2025-10-27 15:23:53,311:INFO:System:
2025-10-27 15:23:53,311:INFO:    python: 3.11.6 (tags/v3.11.6:8b6ee5b, Oct  2 2023, 14:57:12) [MSC v.1935 64 bit (AMD64)]
2025-10-27 15:23:53,314:INFO:executable: c:\Users\dhadu\AppData\Local\Programs\Python\Python311\python.exe
2025-10-27 15:23:53,314:INFO:   machine: Windows-10-10.0.22631-SP0
2025-10-27 15:23:53,314:INFO:PyCaret required dependencies:
2025-10-27 15:23:53,317:WARNING:C:\Users\dhadu\AppData\Roaming\Python\Python311\site-packages\_distutils_hack\__init__.py:30: UserWarning: Setuptools is replacing distutils. Support for replacing an already imported distutils is deprecated. In the future, this condition will fail. Register concerns at https://github.com/pypa/setuptools/issues/new?template=distutils-deprecation.yml
  warnings.warn(

2025-10-27 15:23:55,824:INFO:                 pip: 25.3
2025-10-27 15:23:55,824:INFO:          setuptools: 65.5.0
2025-10-27 15:23:55,824:INFO:             pycaret: 3.3.2
2025-10-27 15:23:55,825:INFO:             IPython: 9.6.0
2025-10-27 15:23:55,825:INFO:          ipywidgets: 8.1.7
2025-10-27 15:23:55,825:INFO:                tqdm: 4.67.1
2025-10-27 15:23:55,826:INFO:               numpy: 1.26.4
2025-10-27 15:23:55,826:INFO:              pandas: 2.1.4
2025-10-27 15:23:55,826:INFO:              jinja2: 3.1.6
2025-10-27 15:23:55,826:INFO:               scipy: 1.11.4
2025-10-27 15:23:55,827:INFO:              joblib: 1.3.2
2025-10-27 15:23:55,827:INFO:             sklearn: 1.4.2
2025-10-27 15:23:55,827:INFO:                pyod: 2.0.5
2025-10-27 15:23:55,828:INFO:            imblearn: 0.14.0
2025-10-27 15:23:55,828:INFO:   category_encoders: 2.7.0
2025-10-27 15:23:55,828:INFO:            lightgbm: 4.6.0
2025-10-27 15:23:55,828:INFO:               numba: 0.61.0
2025-10-27 15:23:55,829:INFO:            requests: 2.32.5
2025-10-27 15:23:55,829:INFO:          matplotlib: 3.7.5
2025-10-27 15:23:55,829:INFO:          scikitplot: 0.3.7
2025-10-27 15:23:55,829:INFO:         yellowbrick: 1.5
2025-10-27 15:23:55,829:INFO:              plotly: 5.24.1
2025-10-27 15:23:55,829:INFO:    plotly-resampler: Not installed
2025-10-27 15:23:55,830:INFO:             kaleido: 1.1.0
2025-10-27 15:23:55,830:INFO:           schemdraw: 0.15
2025-10-27 15:23:55,830:INFO:         statsmodels: 0.14.5
2025-10-27 15:23:55,830:INFO:              sktime: 0.26.0
2025-10-27 15:23:55,830:INFO:               tbats: 1.1.3
2025-10-27 15:23:55,830:INFO:            pmdarima: 2.0.4
2025-10-27 15:23:55,831:INFO:              psutil: 7.1.2
2025-10-27 15:23:55,831:INFO:          markupsafe: 3.0.3
2025-10-27 15:23:55,831:INFO:             pickle5: Not installed
2025-10-27 15:23:55,831:INFO:         cloudpickle: 3.1.1
2025-10-27 15:23:55,831:INFO:         deprecation: 2.1.0
2025-10-27 15:23:55,831:INFO:              xxhash: 3.6.0
2025-10-27 15:23:55,832:INFO:           wurlitzer: Not installed
2025-10-27 15:23:55,832:INFO:PyCaret optional dependencies:
2025-10-27 15:24:11,918:INFO:PyCaret RegressionExperiment
2025-10-27 15:24:11,918:INFO:Logging name: reg-default-name
2025-10-27 15:24:11,918:INFO:ML Usecase: MLUsecase.REGRESSION
2025-10-27 15:24:11,918:INFO:version 3.3.2
2025-10-27 15:24:11,918:INFO:Initializing setup()
2025-10-27 15:24:11,919:INFO:self.USI: 55f3
2025-10-27 15:24:11,919:INFO:self._variable_keys: {'idx', 'USI', 'gpu_n_jobs_param', 'y', '_ml_usecase', 'fold_generator', 'fold_groups_param', 'exp_id', 'n_jobs_param', 'html_param', 'fold_shuffle_param', 'y_train', 'target_param', 'pipeline', 'log_plots_param', 'transform_target_param', 'gpu_param', 'exp_name_log', 'data', 'X_train', 'logging_param', 'seed', 'X_test', 'y_test', 'X', 'memory', '_available_plots'}
2025-10-27 15:24:11,919:INFO:Checking environment
2025-10-27 15:24:11,919:INFO:python_version: 3.11.6
2025-10-27 15:24:11,919:INFO:python_build: ('tags/v3.11.6:8b6ee5b', 'Oct  2 2023 14:57:12')
2025-10-27 15:24:11,919:INFO:machine: AMD64
2025-10-27 15:24:11,919:INFO:platform: Windows-10-10.0.22631-SP0
2025-10-27 15:24:11,926:INFO:Memory: svmem(total=8373600256, available=511664128, percent=93.9, used=7861936128, free=511664128)
2025-10-27 15:24:11,926:INFO:Physical Core: 4
2025-10-27 15:24:11,926:INFO:Logical Core: 8
2025-10-27 15:24:11,927:INFO:Checking libraries
2025-10-27 15:24:11,927:INFO:System:
2025-10-27 15:24:11,927:INFO:    python: 3.11.6 (tags/v3.11.6:8b6ee5b, Oct  2 2023, 14:57:12) [MSC v.1935 64 bit (AMD64)]
2025-10-27 15:24:11,927:INFO:executable: c:\Users\dhadu\AppData\Local\Programs\Python\Python311\python.exe
2025-10-27 15:24:11,927:INFO:   machine: Windows-10-10.0.22631-SP0
2025-10-27 15:24:11,927:INFO:PyCaret required dependencies:
2025-10-27 15:24:11,927:INFO:                 pip: 25.3
2025-10-27 15:24:11,928:INFO:          setuptools: 65.5.0
2025-10-27 15:24:11,928:INFO:             pycaret: 3.3.2
2025-10-27 15:24:11,928:INFO:             IPython: 9.6.0
2025-10-27 15:24:11,928:INFO:          ipywidgets: 8.1.7
2025-10-27 15:24:11,928:INFO:                tqdm: 4.67.1
2025-10-27 15:24:11,928:INFO:               numpy: 1.26.4
2025-10-27 15:24:11,928:INFO:              pandas: 2.1.4
2025-10-27 15:24:11,929:INFO:              jinja2: 3.1.6
2025-10-27 15:24:11,929:INFO:               scipy: 1.11.4
2025-10-27 15:24:11,929:INFO:              joblib: 1.3.2
2025-10-27 15:24:11,929:INFO:             sklearn: 1.4.2
2025-10-27 15:24:11,929:INFO:                pyod: 2.0.5
2025-10-27 15:24:11,929:INFO:            imblearn: 0.14.0
2025-10-27 15:24:11,929:INFO:   category_encoders: 2.7.0
2025-10-27 15:24:11,929:INFO:            lightgbm: 4.6.0
2025-10-27 15:24:11,930:INFO:               numba: 0.61.0
2025-10-27 15:24:11,930:INFO:            requests: 2.32.5
2025-10-27 15:24:11,930:INFO:          matplotlib: 3.7.5
2025-10-27 15:24:11,930:INFO:          scikitplot: 0.3.7
2025-10-27 15:24:11,930:INFO:         yellowbrick: 1.5
2025-10-27 15:24:11,930:INFO:              plotly: 5.24.1
2025-10-27 15:24:11,930:INFO:    plotly-resampler: Not installed
2025-10-27 15:24:11,931:INFO:             kaleido: 1.1.0
2025-10-27 15:24:11,931:INFO:           schemdraw: 0.15
2025-10-27 15:24:11,931:INFO:         statsmodels: 0.14.5
2025-10-27 15:24:11,931:INFO:              sktime: 0.26.0
2025-10-27 15:24:11,931:INFO:               tbats: 1.1.3
2025-10-27 15:24:11,931:INFO:            pmdarima: 2.0.4
2025-10-27 15:24:11,931:INFO:              psutil: 7.1.2
2025-10-27 15:24:11,931:INFO:          markupsafe: 3.0.3
2025-10-27 15:24:11,931:INFO:             pickle5: Not installed
2025-10-27 15:24:11,931:INFO:         cloudpickle: 3.1.1
2025-10-27 15:24:11,932:INFO:         deprecation: 2.1.0
2025-10-27 15:24:11,932:INFO:              xxhash: 3.6.0
2025-10-27 15:24:11,932:INFO:           wurlitzer: Not installed
2025-10-27 15:24:11,932:INFO:PyCaret optional dependencies:
2025-10-27 15:24:21,955:INFO:                shap: 0.44.1
2025-10-27 15:24:21,955:INFO:           interpret: 0.7.3
2025-10-27 15:24:21,955:INFO:                umap: 0.5.7
2025-10-27 15:24:21,955:INFO:     ydata_profiling: 4.17.0
2025-10-27 15:24:21,956:INFO:  explainerdashboard: 0.5.1
2025-10-27 15:24:21,956:INFO:             autoviz: Not installed
2025-10-27 15:24:21,956:INFO:           fairlearn: 0.7.0
2025-10-27 15:24:21,956:INFO:          deepchecks: Not installed
2025-10-27 15:24:21,956:INFO:             xgboost: Not installed
2025-10-27 15:24:21,956:INFO:            catboost: 1.2.8
2025-10-27 15:24:21,956:INFO:              kmodes: 0.12.2
2025-10-27 15:24:21,956:INFO:             mlxtend: 0.23.4
2025-10-27 15:24:21,956:INFO:       statsforecast: 1.5.0
2025-10-27 15:24:21,956:INFO:        tune_sklearn: Not installed
2025-10-27 15:24:21,956:INFO:                 ray: Not installed
2025-10-27 15:24:21,956:INFO:            hyperopt: 0.2.7
2025-10-27 15:24:21,956:INFO:              optuna: 4.5.0
2025-10-27 15:24:21,957:INFO:               skopt: 0.10.2
2025-10-27 15:24:21,957:INFO:              mlflow: 3.5.1
2025-10-27 15:24:21,957:INFO:              gradio: 5.49.1
2025-10-27 15:24:21,957:INFO:             fastapi: 0.120.0
2025-10-27 15:24:21,957:INFO:             uvicorn: 0.38.0
2025-10-27 15:24:21,957:INFO:              m2cgen: 0.10.0
2025-10-27 15:24:21,957:INFO:           evidently: 0.4.40
2025-10-27 15:24:21,957:INFO:               fugue: 0.8.7
2025-10-27 15:24:21,957:INFO:           streamlit: Not installed
2025-10-27 15:24:21,957:INFO:             prophet: Not installed
2025-10-27 15:24:21,957:INFO:None
2025-10-27 15:24:21,958:INFO:Set up GPU usage.
2025-10-27 15:24:21,958:WARNING:
'cuml' is a soft dependency and not included in the pycaret installation. Please run: `pip install cuml` to install.
2025-10-27 15:24:21,958:WARNING:cuML is outdated or not found. Required version is >=23.08.
                Please visit https://rapids.ai/install for installation instructions.
2025-10-27 15:24:21,958:INFO:Set up data.
2025-10-27 15:24:21,969:INFO:Set up folding strategy.
2025-10-27 15:24:21,969:INFO:Set up train/test split.
2025-10-27 15:24:21,976:INFO:Set up index.
2025-10-27 15:24:21,976:INFO:Assigning column types.
2025-10-27 15:24:21,983:INFO:Engine successfully changes for model 'lr' to 'sklearn'.
2025-10-27 15:24:21,983:WARNING:
'cuml' is a soft dependency and not included in the pycaret installation. Please run: `pip install cuml` to install.
2025-10-27 15:24:21,983:INFO:Engine for model 'lasso' has not been set explicitly, hence returning None.
2025-10-27 15:24:21,983:WARNING:
'cuml' is a soft dependency and not included in the pycaret installation. Please run: `pip install cuml` to install.
2025-10-27 15:24:21,992:INFO:Engine for model 'ridge' has not been set explicitly, hence returning None.
2025-10-27 15:24:21,992:WARNING:
'cuml' is a soft dependency and not included in the pycaret installation. Please run: `pip install cuml` to install.
2025-10-27 15:24:22,000:INFO:Engine for model 'en' has not been set explicitly, hence returning None.
2025-10-27 15:24:22,000:WARNING:
'cuml' is a soft dependency and not included in the pycaret installation. Please run: `pip install cuml` to install.
2025-10-27 15:24:22,089:INFO:Engine for model 'svm' has not been set explicitly, hence returning None.
2025-10-27 15:24:22,090:WARNING:
'cuml' is a soft dependency and not included in the pycaret installation. Please run: `pip install cuml` to install.
2025-10-27 15:24:22,153:INFO:Engine for model 'knn' has not been set explicitly, hence returning None.
2025-10-27 15:24:22,153:WARNING:
'cuml' is a soft dependency and not included in the pycaret installation. Please run: `pip install cuml` to install.
2025-10-27 15:24:22,153:WARNING:
'cuml' is a soft dependency and not included in the pycaret installation. Please run: `pip install cuml` to install.
2025-10-27 15:24:22,154:WARNING:
'xgboost' is a soft dependency and not included in the pycaret installation. Please run: `pip install xgboost` to install.
Alternately, you can install this by running `pip install pycaret[models]`
2025-10-27 15:24:23,674:INFO:Soft dependency imported: catboost: 1.2.8
2025-10-27 15:24:23,721:WARNING:
'cuml' is a soft dependency and not included in the pycaret installation. Please run: `pip install cuml` to install.
2025-10-27 15:24:23,721:INFO:Engine for model 'lasso' has not been set explicitly, hence returning None.
2025-10-27 15:24:23,721:WARNING:
'cuml' is a soft dependency and not included in the pycaret installation. Please run: `pip install cuml` to install.
2025-10-27 15:24:23,729:INFO:Engine for model 'ridge' has not been set explicitly, hence returning None.
2025-10-27 15:24:23,729:WARNING:
'cuml' is a soft dependency and not included in the pycaret installation. Please run: `pip install cuml` to install.
2025-10-27 15:24:23,737:INFO:Engine for model 'en' has not been set explicitly, hence returning None.
2025-10-27 15:24:23,737:WARNING:
'cuml' is a soft dependency and not included in the pycaret installation. Please run: `pip install cuml` to install.
2025-10-27 15:24:23,831:INFO:Engine for model 'svm' has not been set explicitly, hence returning None.
2025-10-27 15:24:23,832:WARNING:
'cuml' is a soft dependency and not included in the pycaret installation. Please run: `pip install cuml` to install.
2025-10-27 15:24:23,898:INFO:Engine for model 'knn' has not been set explicitly, hence returning None.
2025-10-27 15:24:23,899:WARNING:
'cuml' is a soft dependency and not included in the pycaret installation. Please run: `pip install cuml` to install.
2025-10-27 15:24:23,899:WARNING:
'cuml' is a soft dependency and not included in the pycaret installation. Please run: `pip install cuml` to install.
2025-10-27 15:24:23,900:WARNING:
'xgboost' is a soft dependency and not included in the pycaret installation. Please run: `pip install xgboost` to install.
Alternately, you can install this by running `pip install pycaret[models]`
2025-10-27 15:24:23,928:INFO:Soft dependency imported: catboost: 1.2.8
2025-10-27 15:24:23,929:INFO:Engine successfully changes for model 'lasso' to 'sklearn'.
2025-10-27 15:24:23,929:WARNING:
'cuml' is a soft dependency and not included in the pycaret installation. Please run: `pip install cuml` to install.
2025-10-27 15:24:23,930:WARNING:
'cuml' is a soft dependency and not included in the pycaret installation. Please run: `pip install cuml` to install.
2025-10-27 15:24:23,937:INFO:Engine for model 'ridge' has not been set explicitly, hence returning None.
2025-10-27 15:24:23,938:WARNING:
'cuml' is a soft dependency and not included in the pycaret installation. Please run: `pip install cuml` to install.
2025-10-27 15:24:23,948:INFO:Engine for model 'en' has not been set explicitly, hence returning None.
2025-10-27 15:24:23,948:WARNING:
'cuml' is a soft dependency and not included in the pycaret installation. Please run: `pip install cuml` to install.
2025-10-27 15:24:24,068:INFO:Engine for model 'svm' has not been set explicitly, hence returning None.
2025-10-27 15:24:24,068:WARNING:
'cuml' is a soft dependency and not included in the pycaret installation. Please run: `pip install cuml` to install.
2025-10-27 15:24:24,141:INFO:Engine for model 'knn' has not been set explicitly, hence returning None.
2025-10-27 15:24:24,142:WARNING:
'cuml' is a soft dependency and not included in the pycaret installation. Please run: `pip install cuml` to install.
2025-10-27 15:24:24,142:WARNING:
'cuml' is a soft dependency and not included in the pycaret installation. Please run: `pip install cuml` to install.
2025-10-27 15:24:24,142:WARNING:
'xgboost' is a soft dependency and not included in the pycaret installation. Please run: `pip install xgboost` to install.
Alternately, you can install this by running `pip install pycaret[models]`
2025-10-27 15:24:24,169:INFO:Soft dependency imported: catboost: 1.2.8
2025-10-27 15:24:24,171:WARNING:
'cuml' is a soft dependency and not included in the pycaret installation. Please run: `pip install cuml` to install.
2025-10-27 15:24:24,171:WARNING:
'cuml' is a soft dependency and not included in the pycaret installation. Please run: `pip install cuml` to install.
2025-10-27 15:24:24,180:INFO:Engine for model 'ridge' has not been set explicitly, hence returning None.
2025-10-27 15:24:24,180:WARNING:
'cuml' is a soft dependency and not included in the pycaret installation. Please run: `pip install cuml` to install.
2025-10-27 15:24:24,189:INFO:Engine for model 'en' has not been set explicitly, hence returning None.
2025-10-27 15:24:24,189:WARNING:
'cuml' is a soft dependency and not included in the pycaret installation. Please run: `pip install cuml` to install.
2025-10-27 15:24:24,299:INFO:Engine for model 'svm' has not been set explicitly, hence returning None.
2025-10-27 15:24:24,300:WARNING:
'cuml' is a soft dependency and not included in the pycaret installation. Please run: `pip install cuml` to install.
2025-10-27 15:24:24,378:INFO:Engine for model 'knn' has not been set explicitly, hence returning None.
2025-10-27 15:24:24,378:WARNING:
'cuml' is a soft dependency and not included in the pycaret installation. Please run: `pip install cuml` to install.
2025-10-27 15:24:24,378:WARNING:
'cuml' is a soft dependency and not included in the pycaret installation. Please run: `pip install cuml` to install.
2025-10-27 15:24:24,379:WARNING:
'xgboost' is a soft dependency and not included in the pycaret installation. Please run: `pip install xgboost` to install.
Alternately, you can install this by running `pip install pycaret[models]`
2025-10-27 15:24:24,408:INFO:Soft dependency imported: catboost: 1.2.8
2025-10-27 15:24:24,409:INFO:Engine successfully changes for model 'ridge' to 'sklearn'.
2025-10-27 15:24:24,409:WARNING:
'cuml' is a soft dependency and not included in the pycaret installation. Please run: `pip install cuml` to install.
2025-10-27 15:24:24,410:WARNING:
'cuml' is a soft dependency and not included in the pycaret installation. Please run: `pip install cuml` to install.
2025-10-27 15:24:24,422:WARNING:
'cuml' is a soft dependency and not included in the pycaret installation. Please run: `pip install cuml` to install.
2025-10-27 15:24:24,433:INFO:Engine for model 'en' has not been set explicitly, hence returning None.
2025-10-27 15:24:24,434:WARNING:
'cuml' is a soft dependency and not included in the pycaret installation. Please run: `pip install cuml` to install.
2025-10-27 15:24:24,552:INFO:Engine for model 'svm' has not been set explicitly, hence returning None.
2025-10-27 15:24:24,552:WARNING:
'cuml' is a soft dependency and not included in the pycaret installation. Please run: `pip install cuml` to install.
2025-10-27 15:24:24,625:INFO:Engine for model 'knn' has not been set explicitly, hence returning None.
2025-10-27 15:24:24,626:WARNING:
'cuml' is a soft dependency and not included in the pycaret installation. Please run: `pip install cuml` to install.
2025-10-27 15:24:24,626:WARNING:
'cuml' is a soft dependency and not included in the pycaret installation. Please run: `pip install cuml` to install.
2025-10-27 15:24:24,629:WARNING:
'xgboost' is a soft dependency and not included in the pycaret installation. Please run: `pip install xgboost` to install.
Alternately, you can install this by running `pip install pycaret[models]`
2025-10-27 15:24:24,658:INFO:Soft dependency imported: catboost: 1.2.8
2025-10-27 15:24:24,659:WARNING:
'cuml' is a soft dependency and not included in the pycaret installation. Please run: `pip install cuml` to install.
2025-10-27 15:24:24,659:WARNING:
'cuml' is a soft dependency and not included in the pycaret installation. Please run: `pip install cuml` to install.
2025-10-27 15:24:24,670:WARNING:
'cuml' is a soft dependency and not included in the pycaret installation. Please run: `pip install cuml` to install.
2025-10-27 15:24:24,678:INFO:Engine for model 'en' has not been set explicitly, hence returning None.
2025-10-27 15:24:24,678:WARNING:
'cuml' is a soft dependency and not included in the pycaret installation. Please run: `pip install cuml` to install.
2025-10-27 15:24:24,787:INFO:Engine for model 'svm' has not been set explicitly, hence returning None.
2025-10-27 15:24:24,787:WARNING:
'cuml' is a soft dependency and not included in the pycaret installation. Please run: `pip install cuml` to install.
2025-10-27 15:24:24,859:INFO:Engine for model 'knn' has not been set explicitly, hence returning None.
2025-10-27 15:24:24,860:WARNING:
'cuml' is a soft dependency and not included in the pycaret installation. Please run: `pip install cuml` to install.
2025-10-27 15:24:24,860:WARNING:
'cuml' is a soft dependency and not included in the pycaret installation. Please run: `pip install cuml` to install.
2025-10-27 15:24:24,861:WARNING:
'xgboost' is a soft dependency and not included in the pycaret installation. Please run: `pip install xgboost` to install.
Alternately, you can install this by running `pip install pycaret[models]`
2025-10-27 15:24:24,881:INFO:Soft dependency imported: catboost: 1.2.8
2025-10-27 15:24:24,882:INFO:Engine successfully changes for model 'en' to 'sklearn'.
2025-10-27 15:24:24,882:WARNING:
'cuml' is a soft dependency and not included in the pycaret installation. Please run: `pip install cuml` to install.
2025-10-27 15:24:24,882:WARNING:
'cuml' is a soft dependency and not included in the pycaret installation. Please run: `pip install cuml` to install.
2025-10-27 15:24:24,894:WARNING:
'cuml' is a soft dependency and not included in the pycaret installation. Please run: `pip install cuml` to install.
2025-10-27 15:24:24,905:WARNING:
'cuml' is a soft dependency and not included in the pycaret installation. Please run: `pip install cuml` to install.
2025-10-27 15:24:25,006:INFO:Engine for model 'svm' has not been set explicitly, hence returning None.
2025-10-27 15:24:25,006:WARNING:
'cuml' is a soft dependency and not included in the pycaret installation. Please run: `pip install cuml` to install.
2025-10-27 15:24:25,071:INFO:Engine for model 'knn' has not been set explicitly, hence returning None.
2025-10-27 15:24:25,071:WARNING:
'cuml' is a soft dependency and not included in the pycaret installation. Please run: `pip install cuml` to install.
2025-10-27 15:24:25,071:WARNING:
'cuml' is a soft dependency and not included in the pycaret installation. Please run: `pip install cuml` to install.
2025-10-27 15:24:25,072:WARNING:
'xgboost' is a soft dependency and not included in the pycaret installation. Please run: `pip install xgboost` to install.
Alternately, you can install this by running `pip install pycaret[models]`
2025-10-27 15:24:25,094:INFO:Soft dependency imported: catboost: 1.2.8
2025-10-27 15:24:25,095:WARNING:
'cuml' is a soft dependency and not included in the pycaret installation. Please run: `pip install cuml` to install.
2025-10-27 15:24:25,096:WARNING:
'cuml' is a soft dependency and not included in the pycaret installation. Please run: `pip install cuml` to install.
2025-10-27 15:24:25,105:WARNING:
'cuml' is a soft dependency and not included in the pycaret installation. Please run: `pip install cuml` to install.
2025-10-27 15:24:25,119:WARNING:
'cuml' is a soft dependency and not included in the pycaret installation. Please run: `pip install cuml` to install.
2025-10-27 15:24:25,230:INFO:Engine for model 'svm' has not been set explicitly, hence returning None.
2025-10-27 15:24:25,230:WARNING:
'cuml' is a soft dependency and not included in the pycaret installation. Please run: `pip install cuml` to install.
2025-10-27 15:24:25,384:INFO:Engine for model 'knn' has not been set explicitly, hence returning None.
2025-10-27 15:24:25,384:WARNING:
'cuml' is a soft dependency and not included in the pycaret installation. Please run: `pip install cuml` to install.
2025-10-27 15:24:25,384:WARNING:
'cuml' is a soft dependency and not included in the pycaret installation. Please run: `pip install cuml` to install.
2025-10-27 15:24:25,386:WARNING:
'xgboost' is a soft dependency and not included in the pycaret installation. Please run: `pip install xgboost` to install.
Alternately, you can install this by running `pip install pycaret[models]`
2025-10-27 15:24:25,440:INFO:Soft dependency imported: catboost: 1.2.8
2025-10-27 15:24:25,443:INFO:Engine successfully changes for model 'knn' to 'sklearn'.
2025-10-27 15:24:25,444:WARNING:
'cuml' is a soft dependency and not included in the pycaret installation. Please run: `pip install cuml` to install.
2025-10-27 15:24:25,445:WARNING:
'cuml' is a soft dependency and not included in the pycaret installation. Please run: `pip install cuml` to install.
2025-10-27 15:24:25,477:WARNING:
'cuml' is a soft dependency and not included in the pycaret installation. Please run: `pip install cuml` to install.
2025-10-27 15:24:25,504:WARNING:
'cuml' is a soft dependency and not included in the pycaret installation. Please run: `pip install cuml` to install.
2025-10-27 15:24:25,745:INFO:Engine for model 'svm' has not been set explicitly, hence returning None.
2025-10-27 15:24:25,746:WARNING:
'cuml' is a soft dependency and not included in the pycaret installation. Please run: `pip install cuml` to install.
2025-10-27 15:24:25,842:WARNING:
'cuml' is a soft dependency and not included in the pycaret installation. Please run: `pip install cuml` to install.
2025-10-27 15:24:25,843:WARNING:
'cuml' is a soft dependency and not included in the pycaret installation. Please run: `pip install cuml` to install.
2025-10-27 15:24:25,844:WARNING:
'xgboost' is a soft dependency and not included in the pycaret installation. Please run: `pip install xgboost` to install.
Alternately, you can install this by running `pip install pycaret[models]`
2025-10-27 15:24:25,867:INFO:Soft dependency imported: catboost: 1.2.8
2025-10-27 15:24:25,869:WARNING:
'cuml' is a soft dependency and not included in the pycaret installation. Please run: `pip install cuml` to install.
2025-10-27 15:24:25,869:WARNING:
'cuml' is a soft dependency and not included in the pycaret installation. Please run: `pip install cuml` to install.
2025-10-27 15:24:25,875:WARNING:
'cuml' is a soft dependency and not included in the pycaret installation. Please run: `pip install cuml` to install.
2025-10-27 15:24:25,882:WARNING:
'cuml' is a soft dependency and not included in the pycaret installation. Please run: `pip install cuml` to install.
2025-10-27 15:24:25,989:INFO:Engine for model 'svm' has not been set explicitly, hence returning None.
2025-10-27 15:24:25,989:WARNING:
'cuml' is a soft dependency and not included in the pycaret installation. Please run: `pip install cuml` to install.
2025-10-27 15:24:26,056:WARNING:
'cuml' is a soft dependency and not included in the pycaret installation. Please run: `pip install cuml` to install.
2025-10-27 15:24:26,056:WARNING:
'cuml' is a soft dependency and not included in the pycaret installation. Please run: `pip install cuml` to install.
2025-10-27 15:24:26,057:WARNING:
'xgboost' is a soft dependency and not included in the pycaret installation. Please run: `pip install xgboost` to install.
Alternately, you can install this by running `pip install pycaret[models]`
2025-10-27 15:24:26,085:INFO:Soft dependency imported: catboost: 1.2.8
2025-10-27 15:24:26,087:INFO:Engine successfully changes for model 'svm' to 'sklearn'.
2025-10-27 15:24:26,087:WARNING:
'cuml' is a soft dependency and not included in the pycaret installation. Please run: `pip install cuml` to install.
2025-10-27 15:24:26,087:WARNING:
'cuml' is a soft dependency and not included in the pycaret installation. Please run: `pip install cuml` to install.
2025-10-27 15:24:26,096:WARNING:
'cuml' is a soft dependency and not included in the pycaret installation. Please run: `pip install cuml` to install.
2025-10-27 15:24:26,108:WARNING:
'cuml' is a soft dependency and not included in the pycaret installation. Please run: `pip install cuml` to install.
2025-10-27 15:24:26,210:WARNING:
'cuml' is a soft dependency and not included in the pycaret installation. Please run: `pip install cuml` to install.
2025-10-27 15:24:26,272:WARNING:
'cuml' is a soft dependency and not included in the pycaret installation. Please run: `pip install cuml` to install.
2025-10-27 15:24:26,273:WARNING:
'cuml' is a soft dependency and not included in the pycaret installation. Please run: `pip install cuml` to install.
2025-10-27 15:24:26,273:WARNING:
'xgboost' is a soft dependency and not included in the pycaret installation. Please run: `pip install xgboost` to install.
Alternately, you can install this by running `pip install pycaret[models]`
2025-10-27 15:24:26,297:INFO:Soft dependency imported: catboost: 1.2.8
2025-10-27 15:24:26,299:WARNING:
'cuml' is a soft dependency and not included in the pycaret installation. Please run: `pip install cuml` to install.
2025-10-27 15:24:26,299:WARNING:
'cuml' is a soft dependency and not included in the pycaret installation. Please run: `pip install cuml` to install.
2025-10-27 15:24:26,310:WARNING:
'cuml' is a soft dependency and not included in the pycaret installation. Please run: `pip install cuml` to install.
2025-10-27 15:24:26,317:WARNING:
'cuml' is a soft dependency and not included in the pycaret installation. Please run: `pip install cuml` to install.
2025-10-27 15:24:26,416:WARNING:
'cuml' is a soft dependency and not included in the pycaret installation. Please run: `pip install cuml` to install.
2025-10-27 15:24:26,478:WARNING:
'cuml' is a soft dependency and not included in the pycaret installation. Please run: `pip install cuml` to install.
2025-10-27 15:24:26,478:WARNING:
'cuml' is a soft dependency and not included in the pycaret installation. Please run: `pip install cuml` to install.
2025-10-27 15:24:26,479:WARNING:
'xgboost' is a soft dependency and not included in the pycaret installation. Please run: `pip install xgboost` to install.
Alternately, you can install this by running `pip install pycaret[models]`
2025-10-27 15:24:26,499:INFO:Soft dependency imported: catboost: 1.2.8
2025-10-27 15:24:26,504:INFO:Preparing preprocessing pipeline...
2025-10-27 15:24:26,504:INFO:Set up simple imputation.
2025-10-27 15:24:26,504:INFO:Set up column transformation.
2025-10-27 15:24:26,504:INFO:Set up feature normalization.
2025-10-27 15:24:26,608:INFO:Finished creating preprocessing pipeline.
2025-10-27 15:24:26,618:INFO:Pipeline: Pipeline(memory=FastMemory(location=C:\Users\dhadu\AppData\Local\Temp\joblib),
         steps=[('numerical_imputer',
                 TransformerWrapper(include=['ID', 'Square_Feet',
                                             'Num_Bedrooms', 'Num_Bathrooms',
                                             'Num_Floors', 'Year_Built',
                                             'Has_Garden', 'Has_Pool',
                                             'Garage_Size', 'Location_Score',
                                             'Distance_to_Center'],
                                    transformer=SimpleImputer())),
                ('categorical_imputer',
                 TransformerWrapper(include=[],
                                    transformer=SimpleImputer(strategy='most_frequent'))),
                ('transformation',
                 TransformerWrapper(transformer=PowerTransformer(standardize=False))),
                ('normalize',
                 TransformerWrapper(transformer=StandardScaler()))])
2025-10-27 15:24:26,618:INFO:Creating final display dataframe.
2025-10-27 15:24:26,755:INFO:Setup _display_container:                     Description             Value
0                    Session id               123
1                        Target             Price
2                   Target type        Regression
3           Original data shape         (500, 12)
4        Transformed data shape         (500, 12)
5   Transformed train set shape         (350, 12)
6    Transformed test set shape         (150, 12)
7              Numeric features                11
8                    Preprocess              True
9               Imputation type            simple
10           Numeric imputation              mean
11       Categorical imputation              mode
12               Transformation              True
13        Transformation method       yeo-johnson
14                    Normalize              True
15             Normalize method            zscore
16               Fold Generator             KFold
17                  Fold Number                10
18                     CPU Jobs                -1
19                      Use GPU              True
20               Log Experiment             False
21              Experiment Name  reg-default-name
22                          USI              55f3
2025-10-27 15:24:26,763:WARNING:
'cuml' is a soft dependency and not included in the pycaret installation. Please run: `pip install cuml` to install.
2025-10-27 15:24:26,763:WARNING:
'cuml' is a soft dependency and not included in the pycaret installation. Please run: `pip install cuml` to install.
2025-10-27 15:24:26,770:WARNING:
'cuml' is a soft dependency and not included in the pycaret installation. Please run: `pip install cuml` to install.
2025-10-27 15:24:26,777:WARNING:
'cuml' is a soft dependency and not included in the pycaret installation. Please run: `pip install cuml` to install.
2025-10-27 15:24:26,870:WARNING:
'cuml' is a soft dependency and not included in the pycaret installation. Please run: `pip install cuml` to install.
2025-10-27 15:24:26,937:WARNING:
'cuml' is a soft dependency and not included in the pycaret installation. Please run: `pip install cuml` to install.
2025-10-27 15:24:26,937:WARNING:
'cuml' is a soft dependency and not included in the pycaret installation. Please run: `pip install cuml` to install.
2025-10-27 15:24:26,937:WARNING:
'xgboost' is a soft dependency and not included in the pycaret installation. Please run: `pip install xgboost` to install.
Alternately, you can install this by running `pip install pycaret[models]`
2025-10-27 15:24:26,961:INFO:Soft dependency imported: catboost: 1.2.8
2025-10-27 15:24:26,962:WARNING:
'cuml' is a soft dependency and not included in the pycaret installation. Please run: `pip install cuml` to install.
2025-10-27 15:24:26,962:WARNING:
'cuml' is a soft dependency and not included in the pycaret installation. Please run: `pip install cuml` to install.
2025-10-27 15:24:26,970:WARNING:
'cuml' is a soft dependency and not included in the pycaret installation. Please run: `pip install cuml` to install.
2025-10-27 15:24:26,985:WARNING:
'cuml' is a soft dependency and not included in the pycaret installation. Please run: `pip install cuml` to install.
2025-10-27 15:24:27,086:WARNING:
'cuml' is a soft dependency and not included in the pycaret installation. Please run: `pip install cuml` to install.
2025-10-27 15:24:27,154:WARNING:
'cuml' is a soft dependency and not included in the pycaret installation. Please run: `pip install cuml` to install.
2025-10-27 15:24:27,154:WARNING:
'cuml' is a soft dependency and not included in the pycaret installation. Please run: `pip install cuml` to install.
2025-10-27 15:24:27,154:WARNING:
'xgboost' is a soft dependency and not included in the pycaret installation. Please run: `pip install xgboost` to install.
Alternately, you can install this by running `pip install pycaret[models]`
2025-10-27 15:24:27,179:INFO:Soft dependency imported: catboost: 1.2.8
2025-10-27 15:24:27,180:INFO:setup() successfully completed in 15.28s...............
2025-10-27 15:24:27,210:INFO:Initializing compare_models()
2025-10-27 15:24:27,211:INFO:compare_models(self=<pycaret.regression.oop.RegressionExperiment object at 0x0000016CA93FF010>, include=None, exclude=None, fold=None, round=4, cross_validation=True, sort=R2, n_select=1, budget_time=None, turbo=True, errors=ignore, fit_kwargs=None, groups=None, experiment_custom_tags=None, probability_threshold=None, verbose=True, parallel=None, caller_params={'self': <pycaret.regression.oop.RegressionExperiment object at 0x0000016CA93FF010>, 'include': None, 'exclude': None, 'fold': None, 'round': 4, 'cross_validation': True, 'sort': 'R2', 'n_select': 1, 'budget_time': None, 'turbo': True, 'errors': 'ignore', 'fit_kwargs': None, 'groups': None, 'experiment_custom_tags': None, 'engine': None, 'verbose': True, 'parallel': None, '__class__': <class 'pycaret.regression.oop.RegressionExperiment'>})
2025-10-27 15:24:27,211:INFO:Checking exceptions
2025-10-27 15:24:27,215:INFO:Preparing display monitor
2025-10-27 15:24:27,267:INFO:Initializing Linear Regression
2025-10-27 15:24:27,268:INFO:Total runtime is 1.665353775024414e-05 minutes
2025-10-27 15:24:27,275:INFO:SubProcess create_model() called ==================================
2025-10-27 15:24:27,276:INFO:Initializing create_model()
2025-10-27 15:24:27,276:INFO:create_model(self=<pycaret.regression.oop.RegressionExperiment object at 0x0000016CA93FF010>, estimator=lr, fold=KFold(n_splits=10, random_state=None, shuffle=False), round=4, cross_validation=True, predict=True, fit_kwargs={}, groups=None, refit=False, probability_threshold=None, experiment_custom_tags=None, verbose=False, system=False, add_to_model_list=True, metrics=None, display=<pycaret.internal.display.display.CommonDisplay object at 0x0000016C9AE3FB10>, model_only=True, return_train_score=False, error_score=0.0, kwargs={})
2025-10-27 15:24:27,276:INFO:Checking exceptions
2025-10-27 15:24:27,277:INFO:Importing libraries
2025-10-27 15:24:27,277:INFO:Copying training dataset
2025-10-27 15:24:27,285:INFO:Defining folds
2025-10-27 15:24:27,285:INFO:Declaring metric variables
2025-10-27 15:24:27,291:INFO:Importing untrained model
2025-10-27 15:24:27,297:INFO:Linear Regression Imported successfully
2025-10-27 15:24:27,311:INFO:Starting cross validation
2025-10-27 15:24:27,325:INFO:Cross validating with KFold(n_splits=10, random_state=None, shuffle=False), n_jobs=1
2025-10-27 15:24:28,108:INFO:Calculating mean and std
2025-10-27 15:24:28,108:INFO:Creating metrics dataframe
2025-10-27 15:24:28,111:INFO:Uploading results into container
2025-10-27 15:24:28,111:INFO:Uploading model into container now
2025-10-27 15:24:28,112:INFO:_master_model_container: 1
2025-10-27 15:24:28,112:INFO:_display_container: 2
2025-10-27 15:24:28,112:INFO:LinearRegression(n_jobs=-1)
2025-10-27 15:24:28,112:INFO:create_model() successfully completed......................................
2025-10-27 15:24:28,372:INFO:SubProcess create_model() end ==================================
2025-10-27 15:24:28,372:INFO:Creating metrics dataframe
2025-10-27 15:24:28,387:INFO:Initializing Lasso Regression
2025-10-27 15:24:28,388:INFO:Total runtime is 0.018690550327301027 minutes
2025-10-27 15:24:28,395:INFO:SubProcess create_model() called ==================================
2025-10-27 15:24:28,396:INFO:Initializing create_model()
2025-10-27 15:24:28,396:INFO:create_model(self=<pycaret.regression.oop.RegressionExperiment object at 0x0000016CA93FF010>, estimator=lasso, fold=KFold(n_splits=10, random_state=None, shuffle=False), round=4, cross_validation=True, predict=True, fit_kwargs={}, groups=None, refit=False, probability_threshold=None, experiment_custom_tags=None, verbose=False, system=False, add_to_model_list=True, metrics=None, display=<pycaret.internal.display.display.CommonDisplay object at 0x0000016C9AE3FB10>, model_only=True, return_train_score=False, error_score=0.0, kwargs={})
2025-10-27 15:24:28,396:INFO:Checking exceptions
2025-10-27 15:24:28,396:INFO:Importing libraries
2025-10-27 15:24:28,396:INFO:Copying training dataset
2025-10-27 15:24:28,405:INFO:Defining folds
2025-10-27 15:24:28,405:INFO:Declaring metric variables
2025-10-27 15:24:28,411:INFO:Importing untrained model
2025-10-27 15:24:28,418:INFO:Lasso Regression Imported successfully
2025-10-27 15:24:28,430:INFO:Starting cross validation
2025-10-27 15:24:28,433:INFO:Cross validating with KFold(n_splits=10, random_state=None, shuffle=False), n_jobs=1
2025-10-27 15:24:29,025:INFO:Calculating mean and std
2025-10-27 15:24:29,027:INFO:Creating metrics dataframe
2025-10-27 15:24:29,029:INFO:Uploading results into container
2025-10-27 15:24:29,030:INFO:Uploading model into container now
2025-10-27 15:24:29,030:INFO:_master_model_container: 2
2025-10-27 15:24:29,030:INFO:_display_container: 2
2025-10-27 15:24:29,030:INFO:Lasso(random_state=123)
2025-10-27 15:24:29,031:INFO:create_model() successfully completed......................................
2025-10-27 15:24:29,299:INFO:SubProcess create_model() end ==================================
2025-10-27 15:24:29,299:INFO:Creating metrics dataframe
2025-10-27 15:24:29,319:INFO:Initializing Ridge Regression
2025-10-27 15:24:29,319:INFO:Total runtime is 0.03421127398808797 minutes
2025-10-27 15:24:29,327:INFO:SubProcess create_model() called ==================================
2025-10-27 15:24:29,327:INFO:Initializing create_model()
2025-10-27 15:24:29,328:INFO:create_model(self=<pycaret.regression.oop.RegressionExperiment object at 0x0000016CA93FF010>, estimator=ridge, fold=KFold(n_splits=10, random_state=None, shuffle=False), round=4, cross_validation=True, predict=True, fit_kwargs={}, groups=None, refit=False, probability_threshold=None, experiment_custom_tags=None, verbose=False, system=False, add_to_model_list=True, metrics=None, display=<pycaret.internal.display.display.CommonDisplay object at 0x0000016C9AE3FB10>, model_only=True, return_train_score=False, error_score=0.0, kwargs={})
2025-10-27 15:24:29,328:INFO:Checking exceptions
2025-10-27 15:24:29,328:INFO:Importing libraries
2025-10-27 15:24:29,328:INFO:Copying training dataset
2025-10-27 15:24:29,338:INFO:Defining folds
2025-10-27 15:24:29,339:INFO:Declaring metric variables
2025-10-27 15:24:29,345:INFO:Importing untrained model
2025-10-27 15:24:29,353:INFO:Ridge Regression Imported successfully
2025-10-27 15:24:29,365:INFO:Starting cross validation
2025-10-27 15:24:29,366:INFO:Cross validating with KFold(n_splits=10, random_state=None, shuffle=False), n_jobs=1
2025-10-27 15:24:29,960:INFO:Calculating mean and std
2025-10-27 15:24:29,963:INFO:Creating metrics dataframe
2025-10-27 15:24:29,968:INFO:Uploading results into container
2025-10-27 15:24:29,969:INFO:Uploading model into container now
2025-10-27 15:24:29,970:INFO:_master_model_container: 3
2025-10-27 15:24:29,971:INFO:_display_container: 2
2025-10-27 15:24:29,971:INFO:Ridge(random_state=123)
2025-10-27 15:24:29,972:INFO:create_model() successfully completed......................................
2025-10-27 15:24:30,266:INFO:SubProcess create_model() end ==================================
2025-10-27 15:24:30,269:INFO:Creating metrics dataframe
2025-10-27 15:24:30,289:INFO:Initializing Elastic Net
2025-10-27 15:24:30,289:INFO:Total runtime is 0.05037241776784261 minutes
2025-10-27 15:24:30,295:INFO:SubProcess create_model() called ==================================
2025-10-27 15:24:30,296:INFO:Initializing create_model()
2025-10-27 15:24:30,296:INFO:create_model(self=<pycaret.regression.oop.RegressionExperiment object at 0x0000016CA93FF010>, estimator=en, fold=KFold(n_splits=10, random_state=None, shuffle=False), round=4, cross_validation=True, predict=True, fit_kwargs={}, groups=None, refit=False, probability_threshold=None, experiment_custom_tags=None, verbose=False, system=False, add_to_model_list=True, metrics=None, display=<pycaret.internal.display.display.CommonDisplay object at 0x0000016C9AE3FB10>, model_only=True, return_train_score=False, error_score=0.0, kwargs={})
2025-10-27 15:24:30,296:INFO:Checking exceptions
2025-10-27 15:24:30,296:INFO:Importing libraries
2025-10-27 15:24:30,297:INFO:Copying training dataset
2025-10-27 15:24:30,307:INFO:Defining folds
2025-10-27 15:24:30,307:INFO:Declaring metric variables
2025-10-27 15:24:30,313:INFO:Importing untrained model
2025-10-27 15:24:30,321:INFO:Elastic Net Imported successfully
2025-10-27 15:24:30,333:INFO:Starting cross validation
2025-10-27 15:24:30,335:INFO:Cross validating with KFold(n_splits=10, random_state=None, shuffle=False), n_jobs=1
2025-10-27 15:24:30,956:INFO:Calculating mean and std
2025-10-27 15:24:30,957:INFO:Creating metrics dataframe
2025-10-27 15:24:30,959:INFO:Uploading results into container
2025-10-27 15:24:30,960:INFO:Uploading model into container now
2025-10-27 15:24:30,960:INFO:_master_model_container: 4
2025-10-27 15:24:30,960:INFO:_display_container: 2
2025-10-27 15:24:30,961:INFO:ElasticNet(random_state=123)
2025-10-27 15:24:30,961:INFO:create_model() successfully completed......................................
2025-10-27 15:24:31,234:INFO:SubProcess create_model() end ==================================
2025-10-27 15:24:31,235:INFO:Creating metrics dataframe
2025-10-27 15:24:31,260:INFO:Initializing Least Angle Regression
2025-10-27 15:24:31,261:INFO:Total runtime is 0.06657248735427856 minutes
2025-10-27 15:24:31,272:INFO:SubProcess create_model() called ==================================
2025-10-27 15:24:31,272:INFO:Initializing create_model()
2025-10-27 15:24:31,273:INFO:create_model(self=<pycaret.regression.oop.RegressionExperiment object at 0x0000016CA93FF010>, estimator=lar, fold=KFold(n_splits=10, random_state=None, shuffle=False), round=4, cross_validation=True, predict=True, fit_kwargs={}, groups=None, refit=False, probability_threshold=None, experiment_custom_tags=None, verbose=False, system=False, add_to_model_list=True, metrics=None, display=<pycaret.internal.display.display.CommonDisplay object at 0x0000016C9AE3FB10>, model_only=True, return_train_score=False, error_score=0.0, kwargs={})
2025-10-27 15:24:31,273:INFO:Checking exceptions
2025-10-27 15:24:31,273:INFO:Importing libraries
2025-10-27 15:24:31,273:INFO:Copying training dataset
2025-10-27 15:24:31,291:INFO:Defining folds
2025-10-27 15:24:31,292:INFO:Declaring metric variables
2025-10-27 15:24:31,305:INFO:Importing untrained model
2025-10-27 15:24:31,318:INFO:Least Angle Regression Imported successfully
2025-10-27 15:24:31,338:INFO:Starting cross validation
2025-10-27 15:24:31,341:INFO:Cross validating with KFold(n_splits=10, random_state=None, shuffle=False), n_jobs=1
2025-10-27 15:24:32,175:INFO:Calculating mean and std
2025-10-27 15:24:32,176:INFO:Creating metrics dataframe
2025-10-27 15:24:32,178:INFO:Uploading results into container
2025-10-27 15:24:32,178:INFO:Uploading model into container now
2025-10-27 15:24:32,179:INFO:_master_model_container: 5
2025-10-27 15:24:32,179:INFO:_display_container: 2
2025-10-27 15:24:32,179:INFO:Lars(random_state=123)
2025-10-27 15:24:32,179:INFO:create_model() successfully completed......................................
2025-10-27 15:24:32,437:INFO:SubProcess create_model() end ==================================
2025-10-27 15:24:32,437:INFO:Creating metrics dataframe
2025-10-27 15:24:32,457:INFO:Initializing Lasso Least Angle Regression
2025-10-27 15:24:32,457:INFO:Total runtime is 0.08649989763895671 minutes
2025-10-27 15:24:32,463:INFO:SubProcess create_model() called ==================================
2025-10-27 15:24:32,464:INFO:Initializing create_model()
2025-10-27 15:24:32,464:INFO:create_model(self=<pycaret.regression.oop.RegressionExperiment object at 0x0000016CA93FF010>, estimator=llar, fold=KFold(n_splits=10, random_state=None, shuffle=False), round=4, cross_validation=True, predict=True, fit_kwargs={}, groups=None, refit=False, probability_threshold=None, experiment_custom_tags=None, verbose=False, system=False, add_to_model_list=True, metrics=None, display=<pycaret.internal.display.display.CommonDisplay object at 0x0000016C9AE3FB10>, model_only=True, return_train_score=False, error_score=0.0, kwargs={})
2025-10-27 15:24:32,464:INFO:Checking exceptions
2025-10-27 15:24:32,464:INFO:Importing libraries
2025-10-27 15:24:32,465:INFO:Copying training dataset
2025-10-27 15:24:32,474:INFO:Defining folds
2025-10-27 15:24:32,474:INFO:Declaring metric variables
2025-10-27 15:24:32,479:INFO:Importing untrained model
2025-10-27 15:24:32,488:INFO:Lasso Least Angle Regression Imported successfully
2025-10-27 15:24:32,499:INFO:Starting cross validation
2025-10-27 15:24:32,501:INFO:Cross validating with KFold(n_splits=10, random_state=None, shuffle=False), n_jobs=1
2025-10-27 15:24:33,153:INFO:Calculating mean and std
2025-10-27 15:24:33,154:INFO:Creating metrics dataframe
2025-10-27 15:24:33,156:INFO:Uploading results into container
2025-10-27 15:24:33,157:INFO:Uploading model into container now
2025-10-27 15:24:33,157:INFO:_master_model_container: 6
2025-10-27 15:24:33,157:INFO:_display_container: 2
2025-10-27 15:24:33,158:INFO:LassoLars(random_state=123)
2025-10-27 15:24:33,158:INFO:create_model() successfully completed......................................
2025-10-27 15:24:33,424:INFO:SubProcess create_model() end ==================================
2025-10-27 15:24:33,424:INFO:Creating metrics dataframe
2025-10-27 15:24:33,445:INFO:Initializing Orthogonal Matching Pursuit
2025-10-27 15:24:33,446:INFO:Total runtime is 0.10298345486323039 minutes
2025-10-27 15:24:33,454:INFO:SubProcess create_model() called ==================================
2025-10-27 15:24:33,455:INFO:Initializing create_model()
2025-10-27 15:24:33,455:INFO:create_model(self=<pycaret.regression.oop.RegressionExperiment object at 0x0000016CA93FF010>, estimator=omp, fold=KFold(n_splits=10, random_state=None, shuffle=False), round=4, cross_validation=True, predict=True, fit_kwargs={}, groups=None, refit=False, probability_threshold=None, experiment_custom_tags=None, verbose=False, system=False, add_to_model_list=True, metrics=None, display=<pycaret.internal.display.display.CommonDisplay object at 0x0000016C9AE3FB10>, model_only=True, return_train_score=False, error_score=0.0, kwargs={})
2025-10-27 15:24:33,456:INFO:Checking exceptions
2025-10-27 15:24:33,456:INFO:Importing libraries
2025-10-27 15:24:33,456:INFO:Copying training dataset
2025-10-27 15:24:33,470:INFO:Defining folds
2025-10-27 15:24:33,471:INFO:Declaring metric variables
2025-10-27 15:24:33,480:INFO:Importing untrained model
2025-10-27 15:24:33,489:INFO:Orthogonal Matching Pursuit Imported successfully
2025-10-27 15:24:33,506:INFO:Starting cross validation
2025-10-27 15:24:33,509:INFO:Cross validating with KFold(n_splits=10, random_state=None, shuffle=False), n_jobs=1
2025-10-27 15:24:34,117:INFO:Calculating mean and std
2025-10-27 15:24:34,119:INFO:Creating metrics dataframe
2025-10-27 15:24:34,121:INFO:Uploading results into container
2025-10-27 15:24:34,121:INFO:Uploading model into container now
2025-10-27 15:24:34,122:INFO:_master_model_container: 7
2025-10-27 15:24:34,122:INFO:_display_container: 2
2025-10-27 15:24:34,122:INFO:OrthogonalMatchingPursuit()
2025-10-27 15:24:34,122:INFO:create_model() successfully completed......................................
2025-10-27 15:24:34,447:INFO:SubProcess create_model() end ==================================
2025-10-27 15:24:34,447:INFO:Creating metrics dataframe
2025-10-27 15:24:34,475:INFO:Initializing Bayesian Ridge
2025-10-27 15:24:34,476:INFO:Total runtime is 0.1201332449913025 minutes
2025-10-27 15:24:34,484:INFO:SubProcess create_model() called ==================================
2025-10-27 15:24:34,485:INFO:Initializing create_model()
2025-10-27 15:24:34,485:INFO:create_model(self=<pycaret.regression.oop.RegressionExperiment object at 0x0000016CA93FF010>, estimator=br, fold=KFold(n_splits=10, random_state=None, shuffle=False), round=4, cross_validation=True, predict=True, fit_kwargs={}, groups=None, refit=False, probability_threshold=None, experiment_custom_tags=None, verbose=False, system=False, add_to_model_list=True, metrics=None, display=<pycaret.internal.display.display.CommonDisplay object at 0x0000016C9AE3FB10>, model_only=True, return_train_score=False, error_score=0.0, kwargs={})
2025-10-27 15:24:34,485:INFO:Checking exceptions
2025-10-27 15:24:34,485:INFO:Importing libraries
2025-10-27 15:24:34,485:INFO:Copying training dataset
2025-10-27 15:24:34,495:INFO:Defining folds
2025-10-27 15:24:34,495:INFO:Declaring metric variables
2025-10-27 15:24:34,501:INFO:Importing untrained model
2025-10-27 15:24:34,507:INFO:Bayesian Ridge Imported successfully
2025-10-27 15:24:34,518:INFO:Starting cross validation
2025-10-27 15:24:34,520:INFO:Cross validating with KFold(n_splits=10, random_state=None, shuffle=False), n_jobs=1
2025-10-27 15:24:35,097:INFO:Calculating mean and std
2025-10-27 15:24:35,098:INFO:Creating metrics dataframe
2025-10-27 15:24:35,100:INFO:Uploading results into container
2025-10-27 15:24:35,101:INFO:Uploading model into container now
2025-10-27 15:24:35,101:INFO:_master_model_container: 8
2025-10-27 15:24:35,101:INFO:_display_container: 2
2025-10-27 15:24:35,102:INFO:BayesianRidge()
2025-10-27 15:24:35,102:INFO:create_model() successfully completed......................................
2025-10-27 15:24:35,373:INFO:SubProcess create_model() end ==================================
2025-10-27 15:24:35,374:INFO:Creating metrics dataframe
2025-10-27 15:24:35,402:INFO:Initializing Passive Aggressive Regressor
2025-10-27 15:24:35,403:INFO:Total runtime is 0.13558324972788494 minutes
2025-10-27 15:24:35,415:INFO:SubProcess create_model() called ==================================
2025-10-27 15:24:35,416:INFO:Initializing create_model()
2025-10-27 15:24:35,417:INFO:create_model(self=<pycaret.regression.oop.RegressionExperiment object at 0x0000016CA93FF010>, estimator=par, fold=KFold(n_splits=10, random_state=None, shuffle=False), round=4, cross_validation=True, predict=True, fit_kwargs={}, groups=None, refit=False, probability_threshold=None, experiment_custom_tags=None, verbose=False, system=False, add_to_model_list=True, metrics=None, display=<pycaret.internal.display.display.CommonDisplay object at 0x0000016C9AE3FB10>, model_only=True, return_train_score=False, error_score=0.0, kwargs={})
2025-10-27 15:24:35,417:INFO:Checking exceptions
2025-10-27 15:24:35,417:INFO:Importing libraries
2025-10-27 15:24:35,417:INFO:Copying training dataset
2025-10-27 15:24:35,437:INFO:Defining folds
2025-10-27 15:24:35,437:INFO:Declaring metric variables
2025-10-27 15:24:35,448:INFO:Importing untrained model
2025-10-27 15:24:35,461:INFO:Passive Aggressive Regressor Imported successfully
2025-10-27 15:24:35,481:INFO:Starting cross validation
2025-10-27 15:24:35,484:INFO:Cross validating with KFold(n_splits=10, random_state=None, shuffle=False), n_jobs=1
2025-10-27 15:24:35,730:WARNING:C:\Users\dhadu\AppData\Roaming\Python\Python311\site-packages\sklearn\linear_model\_stochastic_gradient.py:1575: ConvergenceWarning: Maximum number of iteration reached before convergence. Consider increasing max_iter to improve the fit.

2025-10-27 15:24:35,813:WARNING:C:\Users\dhadu\AppData\Roaming\Python\Python311\site-packages\sklearn\linear_model\_stochastic_gradient.py:1575: ConvergenceWarning: Maximum number of iteration reached before convergence. Consider increasing max_iter to improve the fit.

2025-10-27 15:24:35,894:WARNING:C:\Users\dhadu\AppData\Roaming\Python\Python311\site-packages\sklearn\linear_model\_stochastic_gradient.py:1575: ConvergenceWarning: Maximum number of iteration reached before convergence. Consider increasing max_iter to improve the fit.

2025-10-27 15:24:35,975:WARNING:C:\Users\dhadu\AppData\Roaming\Python\Python311\site-packages\sklearn\linear_model\_stochastic_gradient.py:1575: ConvergenceWarning: Maximum number of iteration reached before convergence. Consider increasing max_iter to improve the fit.

2025-10-27 15:24:36,135:WARNING:C:\Users\dhadu\AppData\Roaming\Python\Python311\site-packages\sklearn\linear_model\_stochastic_gradient.py:1575: ConvergenceWarning: Maximum number of iteration reached before convergence. Consider increasing max_iter to improve the fit.

2025-10-27 15:24:36,271:WARNING:C:\Users\dhadu\AppData\Roaming\Python\Python311\site-packages\sklearn\linear_model\_stochastic_gradient.py:1575: ConvergenceWarning: Maximum number of iteration reached before convergence. Consider increasing max_iter to improve the fit.

2025-10-27 15:24:36,384:WARNING:C:\Users\dhadu\AppData\Roaming\Python\Python311\site-packages\sklearn\linear_model\_stochastic_gradient.py:1575: ConvergenceWarning: Maximum number of iteration reached before convergence. Consider increasing max_iter to improve the fit.

2025-10-27 15:24:36,468:WARNING:C:\Users\dhadu\AppData\Roaming\Python\Python311\site-packages\sklearn\linear_model\_stochastic_gradient.py:1575: ConvergenceWarning: Maximum number of iteration reached before convergence. Consider increasing max_iter to improve the fit.

2025-10-27 15:24:36,550:WARNING:C:\Users\dhadu\AppData\Roaming\Python\Python311\site-packages\sklearn\linear_model\_stochastic_gradient.py:1575: ConvergenceWarning: Maximum number of iteration reached before convergence. Consider increasing max_iter to improve the fit.

2025-10-27 15:24:36,630:WARNING:C:\Users\dhadu\AppData\Roaming\Python\Python311\site-packages\sklearn\linear_model\_stochastic_gradient.py:1575: ConvergenceWarning: Maximum number of iteration reached before convergence. Consider increasing max_iter to improve the fit.

2025-10-27 15:24:36,643:INFO:Calculating mean and std
2025-10-27 15:24:36,644:INFO:Creating metrics dataframe
2025-10-27 15:24:36,646:INFO:Uploading results into container
2025-10-27 15:24:36,647:INFO:Uploading model into container now
2025-10-27 15:24:36,647:INFO:_master_model_container: 9
2025-10-27 15:24:36,647:INFO:_display_container: 2
2025-10-27 15:24:36,647:INFO:PassiveAggressiveRegressor(random_state=123)
2025-10-27 15:24:36,648:INFO:create_model() successfully completed......................................
2025-10-27 15:24:36,923:INFO:SubProcess create_model() end ==================================
2025-10-27 15:24:36,924:INFO:Creating metrics dataframe
2025-10-27 15:24:36,954:INFO:Initializing Huber Regressor
2025-10-27 15:24:36,954:INFO:Total runtime is 0.16145072380701703 minutes
2025-10-27 15:24:36,965:INFO:SubProcess create_model() called ==================================
2025-10-27 15:24:36,966:INFO:Initializing create_model()
2025-10-27 15:24:36,967:INFO:create_model(self=<pycaret.regression.oop.RegressionExperiment object at 0x0000016CA93FF010>, estimator=huber, fold=KFold(n_splits=10, random_state=None, shuffle=False), round=4, cross_validation=True, predict=True, fit_kwargs={}, groups=None, refit=False, probability_threshold=None, experiment_custom_tags=None, verbose=False, system=False, add_to_model_list=True, metrics=None, display=<pycaret.internal.display.display.CommonDisplay object at 0x0000016C9AE3FB10>, model_only=True, return_train_score=False, error_score=0.0, kwargs={})
2025-10-27 15:24:36,967:INFO:Checking exceptions
2025-10-27 15:24:36,967:INFO:Importing libraries
2025-10-27 15:24:36,968:INFO:Copying training dataset
2025-10-27 15:24:36,984:INFO:Defining folds
2025-10-27 15:24:36,985:INFO:Declaring metric variables
2025-10-27 15:24:36,996:INFO:Importing untrained model
2025-10-27 15:24:37,011:INFO:Huber Regressor Imported successfully
2025-10-27 15:24:37,034:INFO:Starting cross validation
2025-10-27 15:24:37,037:INFO:Cross validating with KFold(n_splits=10, random_state=None, shuffle=False), n_jobs=1
2025-10-27 15:24:37,818:INFO:Calculating mean and std
2025-10-27 15:24:37,819:INFO:Creating metrics dataframe
2025-10-27 15:24:37,822:INFO:Uploading results into container
2025-10-27 15:24:37,822:INFO:Uploading model into container now
2025-10-27 15:24:37,823:INFO:_master_model_container: 10
2025-10-27 15:24:37,823:INFO:_display_container: 2
2025-10-27 15:24:37,823:INFO:HuberRegressor()
2025-10-27 15:24:37,823:INFO:create_model() successfully completed......................................
2025-10-27 15:24:38,075:INFO:SubProcess create_model() end ==================================
2025-10-27 15:24:38,076:INFO:Creating metrics dataframe
2025-10-27 15:24:38,103:INFO:Initializing K Neighbors Regressor
2025-10-27 15:24:38,103:INFO:Total runtime is 0.18059998353322348 minutes
2025-10-27 15:24:38,113:INFO:SubProcess create_model() called ==================================
2025-10-27 15:24:38,114:INFO:Initializing create_model()
2025-10-27 15:24:38,114:INFO:create_model(self=<pycaret.regression.oop.RegressionExperiment object at 0x0000016CA93FF010>, estimator=knn, fold=KFold(n_splits=10, random_state=None, shuffle=False), round=4, cross_validation=True, predict=True, fit_kwargs={}, groups=None, refit=False, probability_threshold=None, experiment_custom_tags=None, verbose=False, system=False, add_to_model_list=True, metrics=None, display=<pycaret.internal.display.display.CommonDisplay object at 0x0000016C9AE3FB10>, model_only=True, return_train_score=False, error_score=0.0, kwargs={})
2025-10-27 15:24:38,114:INFO:Checking exceptions
2025-10-27 15:24:38,115:INFO:Importing libraries
2025-10-27 15:24:38,115:INFO:Copying training dataset
2025-10-27 15:24:38,130:INFO:Defining folds
2025-10-27 15:24:38,131:INFO:Declaring metric variables
2025-10-27 15:24:38,141:INFO:Importing untrained model
2025-10-27 15:24:38,151:INFO:K Neighbors Regressor Imported successfully
2025-10-27 15:24:38,170:INFO:Starting cross validation
2025-10-27 15:24:38,173:INFO:Cross validating with KFold(n_splits=10, random_state=None, shuffle=False), n_jobs=1
2025-10-27 15:24:39,161:INFO:Calculating mean and std
2025-10-27 15:24:39,163:INFO:Creating metrics dataframe
2025-10-27 15:24:39,165:INFO:Uploading results into container
2025-10-27 15:24:39,166:INFO:Uploading model into container now
2025-10-27 15:24:39,166:INFO:_master_model_container: 11
2025-10-27 15:24:39,166:INFO:_display_container: 2
2025-10-27 15:24:39,166:INFO:KNeighborsRegressor(n_jobs=-1)
2025-10-27 15:24:39,166:INFO:create_model() successfully completed......................................
2025-10-27 15:24:39,402:INFO:SubProcess create_model() end ==================================
2025-10-27 15:24:39,402:INFO:Creating metrics dataframe
2025-10-27 15:24:39,419:INFO:Initializing Decision Tree Regressor
2025-10-27 15:24:39,419:INFO:Total runtime is 0.20254398584365846 minutes
2025-10-27 15:24:39,425:INFO:SubProcess create_model() called ==================================
2025-10-27 15:24:39,425:INFO:Initializing create_model()
2025-10-27 15:24:39,425:INFO:create_model(self=<pycaret.regression.oop.RegressionExperiment object at 0x0000016CA93FF010>, estimator=dt, fold=KFold(n_splits=10, random_state=None, shuffle=False), round=4, cross_validation=True, predict=True, fit_kwargs={}, groups=None, refit=False, probability_threshold=None, experiment_custom_tags=None, verbose=False, system=False, add_to_model_list=True, metrics=None, display=<pycaret.internal.display.display.CommonDisplay object at 0x0000016C9AE3FB10>, model_only=True, return_train_score=False, error_score=0.0, kwargs={})
2025-10-27 15:24:39,425:INFO:Checking exceptions
2025-10-27 15:24:39,425:INFO:Importing libraries
2025-10-27 15:24:39,425:INFO:Copying training dataset
2025-10-27 15:24:39,432:INFO:Defining folds
2025-10-27 15:24:39,432:INFO:Declaring metric variables
2025-10-27 15:24:39,436:INFO:Importing untrained model
2025-10-27 15:24:39,443:INFO:Decision Tree Regressor Imported successfully
2025-10-27 15:24:39,452:INFO:Starting cross validation
2025-10-27 15:24:39,453:INFO:Cross validating with KFold(n_splits=10, random_state=None, shuffle=False), n_jobs=1
2025-10-27 15:24:40,056:INFO:Calculating mean and std
2025-10-27 15:24:40,057:INFO:Creating metrics dataframe
2025-10-27 15:24:40,059:INFO:Uploading results into container
2025-10-27 15:24:40,060:INFO:Uploading model into container now
2025-10-27 15:24:40,060:INFO:_master_model_container: 12
2025-10-27 15:24:40,061:INFO:_display_container: 2
2025-10-27 15:24:40,061:INFO:DecisionTreeRegressor(random_state=123)
2025-10-27 15:24:40,061:INFO:create_model() successfully completed......................................
2025-10-27 15:24:40,291:INFO:SubProcess create_model() end ==================================
2025-10-27 15:24:40,291:INFO:Creating metrics dataframe
2025-10-27 15:24:40,316:INFO:Initializing Random Forest Regressor
2025-10-27 15:24:40,317:INFO:Total runtime is 0.21751079559326172 minutes
2025-10-27 15:24:40,326:INFO:SubProcess create_model() called ==================================
2025-10-27 15:24:40,326:INFO:Initializing create_model()
2025-10-27 15:24:40,327:INFO:create_model(self=<pycaret.regression.oop.RegressionExperiment object at 0x0000016CA93FF010>, estimator=rf, fold=KFold(n_splits=10, random_state=None, shuffle=False), round=4, cross_validation=True, predict=True, fit_kwargs={}, groups=None, refit=False, probability_threshold=None, experiment_custom_tags=None, verbose=False, system=False, add_to_model_list=True, metrics=None, display=<pycaret.internal.display.display.CommonDisplay object at 0x0000016C9AE3FB10>, model_only=True, return_train_score=False, error_score=0.0, kwargs={})
2025-10-27 15:24:40,327:INFO:Checking exceptions
2025-10-27 15:24:40,327:INFO:Importing libraries
2025-10-27 15:24:40,327:INFO:Copying training dataset
2025-10-27 15:24:40,341:INFO:Defining folds
2025-10-27 15:24:40,341:INFO:Declaring metric variables
2025-10-27 15:24:40,350:INFO:Importing untrained model
2025-10-27 15:24:40,361:INFO:Random Forest Regressor Imported successfully
2025-10-27 15:24:40,379:INFO:Starting cross validation
2025-10-27 15:24:40,381:INFO:Cross validating with KFold(n_splits=10, random_state=None, shuffle=False), n_jobs=1
2025-10-27 15:24:43,081:INFO:Calculating mean and std
2025-10-27 15:24:43,083:INFO:Creating metrics dataframe
2025-10-27 15:24:43,086:INFO:Uploading results into container
2025-10-27 15:24:43,087:INFO:Uploading model into container now
2025-10-27 15:24:43,088:INFO:_master_model_container: 13
2025-10-27 15:24:43,088:INFO:_display_container: 2
2025-10-27 15:24:43,088:INFO:RandomForestRegressor(n_jobs=-1, random_state=123)
2025-10-27 15:24:43,088:INFO:create_model() successfully completed......................................
2025-10-27 15:24:43,318:INFO:SubProcess create_model() end ==================================
2025-10-27 15:24:43,318:INFO:Creating metrics dataframe
2025-10-27 15:24:43,343:INFO:Initializing Extra Trees Regressor
2025-10-27 15:24:43,343:INFO:Total runtime is 0.26794397830963135 minutes
2025-10-27 15:24:43,352:INFO:SubProcess create_model() called ==================================
2025-10-27 15:24:43,353:INFO:Initializing create_model()
2025-10-27 15:24:43,353:INFO:create_model(self=<pycaret.regression.oop.RegressionExperiment object at 0x0000016CA93FF010>, estimator=et, fold=KFold(n_splits=10, random_state=None, shuffle=False), round=4, cross_validation=True, predict=True, fit_kwargs={}, groups=None, refit=False, probability_threshold=None, experiment_custom_tags=None, verbose=False, system=False, add_to_model_list=True, metrics=None, display=<pycaret.internal.display.display.CommonDisplay object at 0x0000016C9AE3FB10>, model_only=True, return_train_score=False, error_score=0.0, kwargs={})
2025-10-27 15:24:43,353:INFO:Checking exceptions
2025-10-27 15:24:43,353:INFO:Importing libraries
2025-10-27 15:24:43,353:INFO:Copying training dataset
2025-10-27 15:24:43,366:INFO:Defining folds
2025-10-27 15:24:43,366:INFO:Declaring metric variables
2025-10-27 15:24:43,376:INFO:Importing untrained model
2025-10-27 15:24:43,386:INFO:Extra Trees Regressor Imported successfully
2025-10-27 15:24:43,406:INFO:Starting cross validation
2025-10-27 15:24:43,408:INFO:Cross validating with KFold(n_splits=10, random_state=None, shuffle=False), n_jobs=1
2025-10-27 15:24:45,480:INFO:Calculating mean and std
2025-10-27 15:24:45,482:INFO:Creating metrics dataframe
2025-10-27 15:24:45,484:INFO:Uploading results into container
2025-10-27 15:24:45,484:INFO:Uploading model into container now
2025-10-27 15:24:45,485:INFO:_master_model_container: 14
2025-10-27 15:24:45,485:INFO:_display_container: 2
2025-10-27 15:24:45,485:INFO:ExtraTreesRegressor(n_jobs=-1, random_state=123)
2025-10-27 15:24:45,485:INFO:create_model() successfully completed......................................
2025-10-27 15:24:45,716:INFO:SubProcess create_model() end ==================================
2025-10-27 15:24:45,717:INFO:Creating metrics dataframe
2025-10-27 15:24:45,739:INFO:Initializing AdaBoost Regressor
2025-10-27 15:24:45,740:INFO:Total runtime is 0.30788524945576984 minutes
2025-10-27 15:24:45,747:INFO:SubProcess create_model() called ==================================
2025-10-27 15:24:45,748:INFO:Initializing create_model()
2025-10-27 15:24:45,748:INFO:create_model(self=<pycaret.regression.oop.RegressionExperiment object at 0x0000016CA93FF010>, estimator=ada, fold=KFold(n_splits=10, random_state=None, shuffle=False), round=4, cross_validation=True, predict=True, fit_kwargs={}, groups=None, refit=False, probability_threshold=None, experiment_custom_tags=None, verbose=False, system=False, add_to_model_list=True, metrics=None, display=<pycaret.internal.display.display.CommonDisplay object at 0x0000016C9AE3FB10>, model_only=True, return_train_score=False, error_score=0.0, kwargs={})
2025-10-27 15:24:45,748:INFO:Checking exceptions
2025-10-27 15:24:45,748:INFO:Importing libraries
2025-10-27 15:24:45,748:INFO:Copying training dataset
2025-10-27 15:24:45,757:INFO:Defining folds
2025-10-27 15:24:45,757:INFO:Declaring metric variables
2025-10-27 15:24:45,763:INFO:Importing untrained model
2025-10-27 15:24:45,768:INFO:AdaBoost Regressor Imported successfully
2025-10-27 15:24:45,777:INFO:Starting cross validation
2025-10-27 15:24:45,778:INFO:Cross validating with KFold(n_splits=10, random_state=None, shuffle=False), n_jobs=1
2025-10-27 15:24:47,320:INFO:Calculating mean and std
2025-10-27 15:24:47,322:INFO:Creating metrics dataframe
2025-10-27 15:24:47,323:INFO:Uploading results into container
2025-10-27 15:24:47,324:INFO:Uploading model into container now
2025-10-27 15:24:47,324:INFO:_master_model_container: 15
2025-10-27 15:24:47,324:INFO:_display_container: 2
2025-10-27 15:24:47,324:INFO:AdaBoostRegressor(random_state=123)
2025-10-27 15:24:47,325:INFO:create_model() successfully completed......................................
2025-10-27 15:24:47,616:INFO:SubProcess create_model() end ==================================
2025-10-27 15:24:47,616:INFO:Creating metrics dataframe
2025-10-27 15:24:47,645:INFO:Initializing Gradient Boosting Regressor
2025-10-27 15:24:47,645:INFO:Total runtime is 0.33964645862579346 minutes
2025-10-27 15:24:47,654:INFO:SubProcess create_model() called ==================================
2025-10-27 15:24:47,655:INFO:Initializing create_model()
2025-10-27 15:24:47,656:INFO:create_model(self=<pycaret.regression.oop.RegressionExperiment object at 0x0000016CA93FF010>, estimator=gbr, fold=KFold(n_splits=10, random_state=None, shuffle=False), round=4, cross_validation=True, predict=True, fit_kwargs={}, groups=None, refit=False, probability_threshold=None, experiment_custom_tags=None, verbose=False, system=False, add_to_model_list=True, metrics=None, display=<pycaret.internal.display.display.CommonDisplay object at 0x0000016C9AE3FB10>, model_only=True, return_train_score=False, error_score=0.0, kwargs={})
2025-10-27 15:24:47,656:INFO:Checking exceptions
2025-10-27 15:24:47,656:INFO:Importing libraries
2025-10-27 15:24:47,656:INFO:Copying training dataset
2025-10-27 15:24:47,671:INFO:Defining folds
2025-10-27 15:24:47,672:INFO:Declaring metric variables
2025-10-27 15:24:47,682:INFO:Importing untrained model
2025-10-27 15:24:47,692:INFO:Gradient Boosting Regressor Imported successfully
2025-10-27 15:24:47,709:INFO:Starting cross validation
2025-10-27 15:24:47,712:INFO:Cross validating with KFold(n_splits=10, random_state=None, shuffle=False), n_jobs=1
2025-10-27 15:24:49,516:INFO:Calculating mean and std
2025-10-27 15:24:49,517:INFO:Creating metrics dataframe
2025-10-27 15:24:49,518:INFO:Uploading results into container
2025-10-27 15:24:49,519:INFO:Uploading model into container now
2025-10-27 15:24:49,519:INFO:_master_model_container: 16
2025-10-27 15:24:49,519:INFO:_display_container: 2
2025-10-27 15:24:49,520:INFO:GradientBoostingRegressor(random_state=123)
2025-10-27 15:24:49,520:INFO:create_model() successfully completed......................................
2025-10-27 15:24:49,733:INFO:SubProcess create_model() end ==================================
2025-10-27 15:24:49,734:INFO:Creating metrics dataframe
2025-10-27 15:24:49,754:INFO:Initializing Light Gradient Boosting Machine
2025-10-27 15:24:49,755:INFO:Total runtime is 0.3748027324676514 minutes
2025-10-27 15:24:49,762:INFO:SubProcess create_model() called ==================================
2025-10-27 15:24:49,762:INFO:Initializing create_model()
2025-10-27 15:24:49,762:INFO:create_model(self=<pycaret.regression.oop.RegressionExperiment object at 0x0000016CA93FF010>, estimator=lightgbm, fold=KFold(n_splits=10, random_state=None, shuffle=False), round=4, cross_validation=True, predict=True, fit_kwargs={}, groups=None, refit=False, probability_threshold=None, experiment_custom_tags=None, verbose=False, system=False, add_to_model_list=True, metrics=None, display=<pycaret.internal.display.display.CommonDisplay object at 0x0000016C9AE3FB10>, model_only=True, return_train_score=False, error_score=0.0, kwargs={})
2025-10-27 15:24:49,762:INFO:Checking exceptions
2025-10-27 15:24:49,763:INFO:Importing libraries
2025-10-27 15:24:49,763:INFO:Copying training dataset
2025-10-27 15:24:49,771:INFO:Defining folds
2025-10-27 15:24:49,771:INFO:Declaring metric variables
2025-10-27 15:24:49,776:INFO:Importing untrained model
2025-10-27 15:24:49,782:INFO:Light Gradient Boosting Machine Imported successfully
2025-10-27 15:24:49,791:INFO:Starting cross validation
2025-10-27 15:24:49,793:INFO:Cross validating with KFold(n_splits=10, random_state=None, shuffle=False), n_jobs=1
2025-10-27 15:24:49,846:INFO:[LightGBM] [Info] This is the GPU trainer!!
2025-10-27 15:24:49,847:INFO:[LightGBM] [Info] Total Bins 558
2025-10-27 15:24:49,847:INFO:[LightGBM] [Info] Number of data points in the train set: 315, number of used features: 11
2025-10-27 15:24:49,847:INFO:[LightGBM] [Info] Using GPU Device: Intel(R) UHD Graphics, Vendor: Intel(R) Corporation
2025-10-27 15:24:49,847:INFO:[LightGBM] [Info] Compiling OpenCL Kernel with 256 bins...
2025-10-27 15:24:49,954:INFO:[LightGBM] [Info] GPU programs have been built
2025-10-27 15:24:49,960:INFO:[LightGBM] [Info] Size of histogram bin entry: 8
2025-10-27 15:24:49,964:INFO:[LightGBM] [Info] 11 dense feature groups (0.00 MB) transferred to GPU in 0.003837 secs. 0 sparse feature groups
2025-10-27 15:24:49,965:INFO:[LightGBM] [Info] Start training from score 583683.556448
2025-10-27 15:24:49,973:INFO:[LightGBM] [Warning] No further splits with positive gain, best gain: -inf
2025-10-27 15:24:49,978:INFO:[LightGBM] [Warning] No further splits with positive gain, best gain: -inf
2025-10-27 15:24:49,984:INFO:[LightGBM] [Warning] No further splits with positive gain, best gain: -inf
2025-10-27 15:24:49,989:INFO:[LightGBM] [Warning] No further splits with positive gain, best gain: -inf
2025-10-27 15:24:49,993:INFO:[LightGBM] [Warning] No further splits with positive gain, best gain: -inf
2025-10-27 15:24:49,998:INFO:[LightGBM] [Warning] No further splits with positive gain, best gain: -inf
2025-10-27 15:24:50,004:INFO:[LightGBM] [Warning] No further splits with positive gain, best gain: -inf
2025-10-27 15:24:50,009:INFO:[LightGBM] [Warning] No further splits with positive gain, best gain: -inf
2025-10-27 15:24:50,014:INFO:[LightGBM] [Warning] No further splits with positive gain, best gain: -inf
2025-10-27 15:24:50,020:INFO:[LightGBM] [Warning] No further splits with positive gain, best gain: -inf
2025-10-27 15:24:50,024:INFO:[LightGBM] [Warning] No further splits with positive gain, best gain: -inf
2025-10-27 15:24:50,030:INFO:[LightGBM] [Warning] No further splits with positive gain, best gain: -inf
2025-10-27 15:24:50,035:INFO:[LightGBM] [Warning] No further splits with positive gain, best gain: -inf
2025-10-27 15:24:50,041:INFO:[LightGBM] [Warning] No further splits with positive gain, best gain: -inf
2025-10-27 15:24:50,045:INFO:[LightGBM] [Warning] No further splits with positive gain, best gain: -inf
2025-10-27 15:24:50,050:INFO:[LightGBM] [Warning] No further splits with positive gain, best gain: -inf
2025-10-27 15:24:50,056:INFO:[LightGBM] [Warning] No further splits with positive gain, best gain: -inf
2025-10-27 15:24:50,063:INFO:[LightGBM] [Warning] No further splits with positive gain, best gain: -inf
2025-10-27 15:24:50,068:INFO:[LightGBM] [Warning] No further splits with positive gain, best gain: -inf
2025-10-27 15:24:50,073:INFO:[LightGBM] [Warning] No further splits with positive gain, best gain: -inf
2025-10-27 15:24:50,078:INFO:[LightGBM] [Warning] No further splits with positive gain, best gain: -inf
2025-10-27 15:24:50,083:INFO:[LightGBM] [Warning] No further splits with positive gain, best gain: -inf
2025-10-27 15:24:50,087:INFO:[LightGBM] [Warning] No further splits with positive gain, best gain: -inf
2025-10-27 15:24:50,091:INFO:[LightGBM] [Warning] No further splits with positive gain, best gain: -inf
2025-10-27 15:24:50,097:INFO:[LightGBM] [Warning] No further splits with positive gain, best gain: -inf
2025-10-27 15:24:50,101:INFO:[LightGBM] [Warning] No further splits with positive gain, best gain: -inf
2025-10-27 15:24:50,106:INFO:[LightGBM] [Warning] No further splits with positive gain, best gain: -inf
2025-10-27 15:24:50,111:INFO:[LightGBM] [Warning] No further splits with positive gain, best gain: -inf
2025-10-27 15:24:50,116:INFO:[LightGBM] [Warning] No further splits with positive gain, best gain: -inf
2025-10-27 15:24:50,121:INFO:[LightGBM] [Warning] No further splits with positive gain, best gain: -inf
2025-10-27 15:24:50,126:INFO:[LightGBM] [Warning] No further splits with positive gain, best gain: -inf
2025-10-27 15:24:50,131:INFO:[LightGBM] [Warning] No further splits with positive gain, best gain: -inf
2025-10-27 15:24:50,135:INFO:[LightGBM] [Warning] No further splits with positive gain, best gain: -inf
2025-10-27 15:24:50,140:INFO:[LightGBM] [Warning] No further splits with positive gain, best gain: -inf
2025-10-27 15:24:50,145:INFO:[LightGBM] [Warning] No further splits with positive gain, best gain: -inf
2025-10-27 15:24:50,150:INFO:[LightGBM] [Warning] No further splits with positive gain, best gain: -inf
2025-10-27 15:24:50,155:INFO:[LightGBM] [Warning] No further splits with positive gain, best gain: -inf
2025-10-27 15:24:50,161:INFO:[LightGBM] [Warning] No further splits with positive gain, best gain: -inf
2025-10-27 15:24:50,165:INFO:[LightGBM] [Warning] No further splits with positive gain, best gain: -inf
2025-10-27 15:24:50,170:INFO:[LightGBM] [Warning] No further splits with positive gain, best gain: -inf
2025-10-27 15:24:50,176:INFO:[LightGBM] [Warning] No further splits with positive gain, best gain: -inf
2025-10-27 15:24:50,181:INFO:[LightGBM] [Warning] No further splits with positive gain, best gain: -inf
2025-10-27 15:24:50,185:INFO:[LightGBM] [Warning] No further splits with positive gain, best gain: -inf
2025-10-27 15:24:50,190:INFO:[LightGBM] [Warning] No further splits with positive gain, best gain: -inf
2025-10-27 15:24:50,195:INFO:[LightGBM] [Warning] No further splits with positive gain, best gain: -inf
2025-10-27 15:24:50,201:INFO:[LightGBM] [Warning] No further splits with positive gain, best gain: -inf
2025-10-27 15:24:50,206:INFO:[LightGBM] [Warning] No further splits with positive gain, best gain: -inf
2025-10-27 15:24:50,211:INFO:[LightGBM] [Warning] No further splits with positive gain, best gain: -inf
2025-10-27 15:24:50,216:INFO:[LightGBM] [Warning] No further splits with positive gain, best gain: -inf
2025-10-27 15:24:50,221:INFO:[LightGBM] [Warning] No further splits with positive gain, best gain: -inf
2025-10-27 15:24:50,227:INFO:[LightGBM] [Warning] No further splits with positive gain, best gain: -inf
2025-10-27 15:24:50,232:INFO:[LightGBM] [Warning] No further splits with positive gain, best gain: -inf
2025-10-27 15:24:50,237:INFO:[LightGBM] [Warning] No further splits with positive gain, best gain: -inf
2025-10-27 15:24:50,243:INFO:[LightGBM] [Warning] No further splits with positive gain, best gain: -inf
2025-10-27 15:24:50,248:INFO:[LightGBM] [Warning] No further splits with positive gain, best gain: -inf
2025-10-27 15:24:50,253:INFO:[LightGBM] [Warning] No further splits with positive gain, best gain: -inf
2025-10-27 15:24:50,259:INFO:[LightGBM] [Warning] No further splits with positive gain, best gain: -inf
2025-10-27 15:24:50,263:INFO:[LightGBM] [Warning] No further splits with positive gain, best gain: -inf
2025-10-27 15:24:50,268:INFO:[LightGBM] [Warning] No further splits with positive gain, best gain: -inf
2025-10-27 15:24:50,272:INFO:[LightGBM] [Warning] No further splits with positive gain, best gain: -inf
2025-10-27 15:24:50,278:INFO:[LightGBM] [Warning] No further splits with positive gain, best gain: -inf
2025-10-27 15:24:50,284:INFO:[LightGBM] [Warning] No further splits with positive gain, best gain: -inf
2025-10-27 15:24:50,290:INFO:[LightGBM] [Warning] No further splits with positive gain, best gain: -inf
2025-10-27 15:24:50,297:INFO:[LightGBM] [Warning] No further splits with positive gain, best gain: -inf
2025-10-27 15:24:50,302:INFO:[LightGBM] [Warning] No further splits with positive gain, best gain: -inf
2025-10-27 15:24:50,308:INFO:[LightGBM] [Warning] No further splits with positive gain, best gain: -inf
2025-10-27 15:24:50,314:INFO:[LightGBM] [Warning] No further splits with positive gain, best gain: -inf
2025-10-27 15:24:50,319:INFO:[LightGBM] [Warning] No further splits with positive gain, best gain: -inf
2025-10-27 15:24:50,326:INFO:[LightGBM] [Warning] No further splits with positive gain, best gain: -inf
2025-10-27 15:24:50,332:INFO:[LightGBM] [Warning] No further splits with positive gain, best gain: -inf
2025-10-27 15:24:50,337:INFO:[LightGBM] [Warning] No further splits with positive gain, best gain: -inf
2025-10-27 15:24:50,342:INFO:[LightGBM] [Warning] No further splits with positive gain, best gain: -inf
2025-10-27 15:24:50,347:INFO:[LightGBM] [Warning] No further splits with positive gain, best gain: -inf
2025-10-27 15:24:50,353:INFO:[LightGBM] [Warning] No further splits with positive gain, best gain: -inf
2025-10-27 15:24:50,359:INFO:[LightGBM] [Warning] No further splits with positive gain, best gain: -inf
2025-10-27 15:24:50,364:INFO:[LightGBM] [Warning] No further splits with positive gain, best gain: -inf
2025-10-27 15:24:50,369:INFO:[LightGBM] [Warning] No further splits with positive gain, best gain: -inf
2025-10-27 15:24:50,373:INFO:[LightGBM] [Warning] No further splits with positive gain, best gain: -inf
2025-10-27 15:24:50,379:INFO:[LightGBM] [Warning] No further splits with positive gain, best gain: -inf
2025-10-27 15:24:50,385:INFO:[LightGBM] [Warning] No further splits with positive gain, best gain: -inf
2025-10-27 15:24:50,391:INFO:[LightGBM] [Warning] No further splits with positive gain, best gain: -inf
2025-10-27 15:24:50,397:INFO:[LightGBM] [Warning] No further splits with positive gain, best gain: -inf
2025-10-27 15:24:50,402:INFO:[LightGBM] [Warning] No further splits with positive gain, best gain: -inf
2025-10-27 15:24:50,407:INFO:[LightGBM] [Warning] No further splits with positive gain, best gain: -inf
2025-10-27 15:24:50,413:INFO:[LightGBM] [Warning] No further splits with positive gain, best gain: -inf
2025-10-27 15:24:50,418:INFO:[LightGBM] [Warning] No further splits with positive gain, best gain: -inf
2025-10-27 15:24:50,423:INFO:[LightGBM] [Warning] No further splits with positive gain, best gain: -inf
2025-10-27 15:24:50,428:INFO:[LightGBM] [Warning] No further splits with positive gain, best gain: -inf
2025-10-27 15:24:50,433:INFO:[LightGBM] [Warning] No further splits with positive gain, best gain: -inf
2025-10-27 15:24:50,438:INFO:[LightGBM] [Warning] No further splits with positive gain, best gain: -inf
2025-10-27 15:24:50,444:INFO:[LightGBM] [Warning] No further splits with positive gain, best gain: -inf
2025-10-27 15:24:50,449:INFO:[LightGBM] [Warning] No further splits with positive gain, best gain: -inf
2025-10-27 15:24:50,454:INFO:[LightGBM] [Warning] No further splits with positive gain, best gain: -inf
2025-10-27 15:24:50,460:INFO:[LightGBM] [Warning] No further splits with positive gain, best gain: -inf
2025-10-27 15:24:50,465:INFO:[LightGBM] [Warning] No further splits with positive gain, best gain: -inf
2025-10-27 15:24:50,471:INFO:[LightGBM] [Warning] No further splits with positive gain, best gain: -inf
2025-10-27 15:24:50,475:INFO:[LightGBM] [Warning] No further splits with positive gain, best gain: -inf
2025-10-27 15:24:50,481:INFO:[LightGBM] [Warning] No further splits with positive gain, best gain: -inf
2025-10-27 15:24:50,487:INFO:[LightGBM] [Warning] No further splits with positive gain, best gain: -inf
2025-10-27 15:24:50,492:INFO:[LightGBM] [Warning] No further splits with positive gain, best gain: -inf
2025-10-27 15:24:50,596:INFO:[LightGBM] [Info] This is the GPU trainer!!
2025-10-27 15:24:50,596:INFO:[LightGBM] [Info] Total Bins 558
2025-10-27 15:24:50,596:INFO:[LightGBM] [Info] Number of data points in the train set: 315, number of used features: 11
2025-10-27 15:24:50,597:INFO:[LightGBM] [Info] Using GPU Device: Intel(R) UHD Graphics, Vendor: Intel(R) Corporation
2025-10-27 15:24:50,597:INFO:[LightGBM] [Info] Compiling OpenCL Kernel with 256 bins...
2025-10-27 15:24:50,604:INFO:[LightGBM] [Info] GPU programs have been built
2025-10-27 15:24:50,606:INFO:[LightGBM] [Info] Size of histogram bin entry: 8
2025-10-27 15:24:50,608:INFO:[LightGBM] [Info] 11 dense feature groups (0.00 MB) transferred to GPU in 0.001058 secs. 0 sparse feature groups
2025-10-27 15:24:50,609:INFO:[LightGBM] [Info] Start training from score 586642.236508
2025-10-27 15:24:50,614:INFO:[LightGBM] [Warning] No further splits with positive gain, best gain: -inf
2025-10-27 15:24:50,619:INFO:[LightGBM] [Warning] No further splits with positive gain, best gain: -inf
2025-10-27 15:24:50,624:INFO:[LightGBM] [Warning] No further splits with positive gain, best gain: -inf
2025-10-27 15:24:50,629:INFO:[LightGBM] [Warning] No further splits with positive gain, best gain: -inf
2025-10-27 15:24:50,633:INFO:[LightGBM] [Warning] No further splits with positive gain, best gain: -inf
2025-10-27 15:24:50,638:INFO:[LightGBM] [Warning] No further splits with positive gain, best gain: -inf
2025-10-27 15:24:50,643:INFO:[LightGBM] [Warning] No further splits with positive gain, best gain: -inf
2025-10-27 15:24:50,648:INFO:[LightGBM] [Warning] No further splits with positive gain, best gain: -inf
2025-10-27 15:24:50,657:INFO:[LightGBM] [Warning] No further splits with positive gain, best gain: -inf
2025-10-27 15:24:50,663:INFO:[LightGBM] [Warning] No further splits with positive gain, best gain: -inf
2025-10-27 15:24:50,669:INFO:[LightGBM] [Warning] No further splits with positive gain, best gain: -inf
2025-10-27 15:24:50,674:INFO:[LightGBM] [Warning] No further splits with positive gain, best gain: -inf
2025-10-27 15:24:50,680:INFO:[LightGBM] [Warning] No further splits with positive gain, best gain: -inf
2025-10-27 15:24:50,685:INFO:[LightGBM] [Warning] No further splits with positive gain, best gain: -inf
2025-10-27 15:24:50,691:INFO:[LightGBM] [Warning] No further splits with positive gain, best gain: -inf
2025-10-27 15:24:50,697:INFO:[LightGBM] [Warning] No further splits with positive gain, best gain: -inf
2025-10-27 15:24:50,704:INFO:[LightGBM] [Warning] No further splits with positive gain, best gain: -inf
2025-10-27 15:24:50,709:INFO:[LightGBM] [Warning] No further splits with positive gain, best gain: -inf
2025-10-27 15:24:50,714:INFO:[LightGBM] [Warning] No further splits with positive gain, best gain: -inf
2025-10-27 15:24:50,719:INFO:[LightGBM] [Warning] No further splits with positive gain, best gain: -inf
2025-10-27 15:24:50,725:INFO:[LightGBM] [Warning] No further splits with positive gain, best gain: -inf
2025-10-27 15:24:50,731:INFO:[LightGBM] [Warning] No further splits with positive gain, best gain: -inf
2025-10-27 15:24:50,736:INFO:[LightGBM] [Warning] No further splits with positive gain, best gain: -inf
2025-10-27 15:24:50,741:INFO:[LightGBM] [Warning] No further splits with positive gain, best gain: -inf
2025-10-27 15:24:50,746:INFO:[LightGBM] [Warning] No further splits with positive gain, best gain: -inf
2025-10-27 15:24:50,752:INFO:[LightGBM] [Warning] No further splits with positive gain, best gain: -inf
2025-10-27 15:24:50,758:INFO:[LightGBM] [Warning] No further splits with positive gain, best gain: -inf
2025-10-27 15:24:50,764:INFO:[LightGBM] [Warning] No further splits with positive gain, best gain: -inf
2025-10-27 15:24:50,771:INFO:[LightGBM] [Warning] No further splits with positive gain, best gain: -inf
2025-10-27 15:24:50,778:INFO:[LightGBM] [Warning] No further splits with positive gain, best gain: -inf
2025-10-27 15:24:50,784:INFO:[LightGBM] [Warning] No further splits with positive gain, best gain: -inf
2025-10-27 15:24:50,789:INFO:[LightGBM] [Warning] No further splits with positive gain, best gain: -inf
2025-10-27 15:24:50,795:INFO:[LightGBM] [Warning] No further splits with positive gain, best gain: -inf
2025-10-27 15:24:50,801:INFO:[LightGBM] [Warning] No further splits with positive gain, best gain: -inf
2025-10-27 15:24:50,806:INFO:[LightGBM] [Warning] No further splits with positive gain, best gain: -inf
2025-10-27 15:24:50,812:INFO:[LightGBM] [Warning] No further splits with positive gain, best gain: -inf
2025-10-27 15:24:50,817:INFO:[LightGBM] [Warning] No further splits with positive gain, best gain: -inf
2025-10-27 15:24:50,822:INFO:[LightGBM] [Warning] No further splits with positive gain, best gain: -inf
2025-10-27 15:24:50,827:INFO:[LightGBM] [Warning] No further splits with positive gain, best gain: -inf
2025-10-27 15:24:50,833:INFO:[LightGBM] [Warning] No further splits with positive gain, best gain: -inf
2025-10-27 15:24:50,839:INFO:[LightGBM] [Warning] No further splits with positive gain, best gain: -inf
2025-10-27 15:24:50,844:INFO:[LightGBM] [Warning] No further splits with positive gain, best gain: -inf
2025-10-27 15:24:50,849:INFO:[LightGBM] [Warning] No further splits with positive gain, best gain: -inf
2025-10-27 15:24:50,854:INFO:[LightGBM] [Warning] No further splits with positive gain, best gain: -inf
2025-10-27 15:24:50,859:INFO:[LightGBM] [Warning] No further splits with positive gain, best gain: -inf
2025-10-27 15:24:50,864:INFO:[LightGBM] [Warning] No further splits with positive gain, best gain: -inf
2025-10-27 15:24:50,871:INFO:[LightGBM] [Warning] No further splits with positive gain, best gain: -inf
2025-10-27 15:24:50,876:INFO:[LightGBM] [Warning] No further splits with positive gain, best gain: -inf
2025-10-27 15:24:50,882:INFO:[LightGBM] [Warning] No further splits with positive gain, best gain: -inf
2025-10-27 15:24:50,888:INFO:[LightGBM] [Warning] No further splits with positive gain, best gain: -inf
2025-10-27 15:24:50,893:INFO:[LightGBM] [Warning] No further splits with positive gain, best gain: -inf
2025-10-27 15:24:50,899:INFO:[LightGBM] [Warning] No further splits with positive gain, best gain: -inf
2025-10-27 15:24:50,905:INFO:[LightGBM] [Warning] No further splits with positive gain, best gain: -inf
2025-10-27 15:24:50,910:INFO:[LightGBM] [Warning] No further splits with positive gain, best gain: -inf
2025-10-27 15:24:50,915:INFO:[LightGBM] [Warning] No further splits with positive gain, best gain: -inf
2025-10-27 15:24:50,921:INFO:[LightGBM] [Warning] No further splits with positive gain, best gain: -inf
2025-10-27 15:24:50,926:INFO:[LightGBM] [Warning] No further splits with positive gain, best gain: -inf
2025-10-27 15:24:50,932:INFO:[LightGBM] [Warning] No further splits with positive gain, best gain: -inf
2025-10-27 15:24:50,937:INFO:[LightGBM] [Warning] No further splits with positive gain, best gain: -inf
2025-10-27 15:24:50,943:INFO:[LightGBM] [Warning] No further splits with positive gain, best gain: -inf
2025-10-27 15:24:50,948:INFO:[LightGBM] [Warning] No further splits with positive gain, best gain: -inf
2025-10-27 15:24:50,954:INFO:[LightGBM] [Warning] No further splits with positive gain, best gain: -inf
2025-10-27 15:24:50,960:INFO:[LightGBM] [Warning] No further splits with positive gain, best gain: -inf
2025-10-27 15:24:50,966:INFO:[LightGBM] [Warning] No further splits with positive gain, best gain: -inf
2025-10-27 15:24:50,971:INFO:[LightGBM] [Warning] No further splits with positive gain, best gain: -inf
2025-10-27 15:24:50,976:INFO:[LightGBM] [Warning] No further splits with positive gain, best gain: -inf
2025-10-27 15:24:50,982:INFO:[LightGBM] [Warning] No further splits with positive gain, best gain: -inf
2025-10-27 15:24:50,988:INFO:[LightGBM] [Warning] No further splits with positive gain, best gain: -inf
2025-10-27 15:24:50,994:INFO:[LightGBM] [Warning] No further splits with positive gain, best gain: -inf
2025-10-27 15:24:51,000:INFO:[LightGBM] [Warning] No further splits with positive gain, best gain: -inf
2025-10-27 15:24:51,005:INFO:[LightGBM] [Warning] No further splits with positive gain, best gain: -inf
2025-10-27 15:24:51,010:INFO:[LightGBM] [Warning] No further splits with positive gain, best gain: -inf
2025-10-27 15:24:51,015:INFO:[LightGBM] [Warning] No further splits with positive gain, best gain: -inf
2025-10-27 15:24:51,021:INFO:[LightGBM] [Warning] No further splits with positive gain, best gain: -inf
2025-10-27 15:24:51,027:INFO:[LightGBM] [Warning] No further splits with positive gain, best gain: -inf
2025-10-27 15:24:51,033:INFO:[LightGBM] [Warning] No further splits with positive gain, best gain: -inf
2025-10-27 15:24:51,038:INFO:[LightGBM] [Warning] No further splits with positive gain, best gain: -inf
2025-10-27 15:24:51,044:INFO:[LightGBM] [Warning] No further splits with positive gain, best gain: -inf
2025-10-27 15:24:51,050:INFO:[LightGBM] [Warning] No further splits with positive gain, best gain: -inf
2025-10-27 15:24:51,056:INFO:[LightGBM] [Warning] No further splits with positive gain, best gain: -inf
2025-10-27 15:24:51,061:INFO:[LightGBM] [Warning] No further splits with positive gain, best gain: -inf
2025-10-27 15:24:51,067:INFO:[LightGBM] [Warning] No further splits with positive gain, best gain: -inf
2025-10-27 15:24:51,073:INFO:[LightGBM] [Warning] No further splits with positive gain, best gain: -inf
2025-10-27 15:24:51,078:INFO:[LightGBM] [Warning] No further splits with positive gain, best gain: -inf
2025-10-27 15:24:51,083:INFO:[LightGBM] [Warning] No further splits with positive gain, best gain: -inf
2025-10-27 15:24:51,089:INFO:[LightGBM] [Warning] No further splits with positive gain, best gain: -inf
2025-10-27 15:24:51,094:INFO:[LightGBM] [Warning] No further splits with positive gain, best gain: -inf
2025-10-27 15:24:51,100:INFO:[LightGBM] [Warning] No further splits with positive gain, best gain: -inf
2025-10-27 15:24:51,105:INFO:[LightGBM] [Warning] No further splits with positive gain, best gain: -inf
2025-10-27 15:24:51,110:INFO:[LightGBM] [Warning] No further splits with positive gain, best gain: -inf
2025-10-27 15:24:51,117:INFO:[LightGBM] [Warning] No further splits with positive gain, best gain: -inf
2025-10-27 15:24:51,121:INFO:[LightGBM] [Warning] No further splits with positive gain, best gain: -inf
2025-10-27 15:24:51,127:INFO:[LightGBM] [Warning] No further splits with positive gain, best gain: -inf
2025-10-27 15:24:51,133:INFO:[LightGBM] [Warning] No further splits with positive gain, best gain: -inf
2025-10-27 15:24:51,138:INFO:[LightGBM] [Warning] No further splits with positive gain, best gain: -inf
2025-10-27 15:24:51,144:INFO:[LightGBM] [Warning] No further splits with positive gain, best gain: -inf
2025-10-27 15:24:51,148:INFO:[LightGBM] [Warning] No further splits with positive gain, best gain: -inf
2025-10-27 15:24:51,154:INFO:[LightGBM] [Warning] No further splits with positive gain, best gain: -inf
2025-10-27 15:24:51,159:INFO:[LightGBM] [Warning] No further splits with positive gain, best gain: -inf
2025-10-27 15:24:51,165:INFO:[LightGBM] [Warning] No further splits with positive gain, best gain: -inf
2025-10-27 15:24:51,264:INFO:[LightGBM] [Info] This is the GPU trainer!!
2025-10-27 15:24:51,265:INFO:[LightGBM] [Info] Total Bins 557
2025-10-27 15:24:51,265:INFO:[LightGBM] [Info] Number of data points in the train set: 315, number of used features: 11
2025-10-27 15:24:51,265:INFO:[LightGBM] [Info] Using GPU Device: Intel(R) UHD Graphics, Vendor: Intel(R) Corporation
2025-10-27 15:24:51,265:INFO:[LightGBM] [Info] Compiling OpenCL Kernel with 256 bins...
2025-10-27 15:24:51,271:INFO:[LightGBM] [Info] GPU programs have been built
2025-10-27 15:24:51,274:INFO:[LightGBM] [Info] Size of histogram bin entry: 8
2025-10-27 15:24:51,276:INFO:[LightGBM] [Info] 11 dense feature groups (0.00 MB) transferred to GPU in 0.001095 secs. 0 sparse feature groups
2025-10-27 15:24:51,276:INFO:[LightGBM] [Info] Start training from score 585266.571825
2025-10-27 15:24:51,283:INFO:[LightGBM] [Warning] No further splits with positive gain, best gain: -inf
2025-10-27 15:24:51,289:INFO:[LightGBM] [Warning] No further splits with positive gain, best gain: -inf
2025-10-27 15:24:51,295:INFO:[LightGBM] [Warning] No further splits with positive gain, best gain: -inf
2025-10-27 15:24:51,301:INFO:[LightGBM] [Warning] No further splits with positive gain, best gain: -inf
2025-10-27 15:24:51,307:INFO:[LightGBM] [Warning] No further splits with positive gain, best gain: -inf
2025-10-27 15:24:51,313:INFO:[LightGBM] [Warning] No further splits with positive gain, best gain: -inf
2025-10-27 15:24:51,319:INFO:[LightGBM] [Warning] No further splits with positive gain, best gain: -inf
2025-10-27 15:24:51,324:INFO:[LightGBM] [Warning] No further splits with positive gain, best gain: -inf
2025-10-27 15:24:51,331:INFO:[LightGBM] [Warning] No further splits with positive gain, best gain: -inf
2025-10-27 15:24:51,340:INFO:[LightGBM] [Warning] No further splits with positive gain, best gain: -inf
2025-10-27 15:24:51,345:INFO:[LightGBM] [Warning] No further splits with positive gain, best gain: -inf
2025-10-27 15:24:51,352:INFO:[LightGBM] [Warning] No further splits with positive gain, best gain: -inf
2025-10-27 15:24:51,357:INFO:[LightGBM] [Warning] No further splits with positive gain, best gain: -inf
2025-10-27 15:24:51,364:INFO:[LightGBM] [Warning] No further splits with positive gain, best gain: -inf
2025-10-27 15:24:51,369:INFO:[LightGBM] [Warning] No further splits with positive gain, best gain: -inf
2025-10-27 15:24:51,375:INFO:[LightGBM] [Warning] No further splits with positive gain, best gain: -inf
2025-10-27 15:24:51,380:INFO:[LightGBM] [Warning] No further splits with positive gain, best gain: -inf
2025-10-27 15:24:51,386:INFO:[LightGBM] [Warning] No further splits with positive gain, best gain: -inf
2025-10-27 15:24:51,391:INFO:[LightGBM] [Warning] No further splits with positive gain, best gain: -inf
2025-10-27 15:24:51,397:INFO:[LightGBM] [Warning] No further splits with positive gain, best gain: -inf
2025-10-27 15:24:51,402:INFO:[LightGBM] [Warning] No further splits with positive gain, best gain: -inf
2025-10-27 15:24:51,407:INFO:[LightGBM] [Warning] No further splits with positive gain, best gain: -inf
2025-10-27 15:24:51,412:INFO:[LightGBM] [Warning] No further splits with positive gain, best gain: -inf
2025-10-27 15:24:51,417:INFO:[LightGBM] [Warning] No further splits with positive gain, best gain: -inf
2025-10-27 15:24:51,423:INFO:[LightGBM] [Warning] No further splits with positive gain, best gain: -inf
2025-10-27 15:24:51,429:INFO:[LightGBM] [Warning] No further splits with positive gain, best gain: -inf
2025-10-27 15:24:51,435:INFO:[LightGBM] [Warning] No further splits with positive gain, best gain: -inf
2025-10-27 15:24:51,442:INFO:[LightGBM] [Warning] No further splits with positive gain, best gain: -inf
2025-10-27 15:24:51,447:INFO:[LightGBM] [Warning] No further splits with positive gain, best gain: -inf
2025-10-27 15:24:51,452:INFO:[LightGBM] [Warning] No further splits with positive gain, best gain: -inf
2025-10-27 15:24:51,458:INFO:[LightGBM] [Warning] No further splits with positive gain, best gain: -inf
2025-10-27 15:24:51,463:INFO:[LightGBM] [Warning] No further splits with positive gain, best gain: -inf
2025-10-27 15:24:51,469:INFO:[LightGBM] [Warning] No further splits with positive gain, best gain: -inf
2025-10-27 15:24:51,475:INFO:[LightGBM] [Warning] No further splits with positive gain, best gain: -inf
2025-10-27 15:24:51,480:INFO:[LightGBM] [Warning] No further splits with positive gain, best gain: -inf
2025-10-27 15:24:51,486:INFO:[LightGBM] [Warning] No further splits with positive gain, best gain: -inf
2025-10-27 15:24:51,492:INFO:[LightGBM] [Warning] No further splits with positive gain, best gain: -inf
2025-10-27 15:24:51,497:INFO:[LightGBM] [Warning] No further splits with positive gain, best gain: -inf
2025-10-27 15:24:51,503:INFO:[LightGBM] [Warning] No further splits with positive gain, best gain: -inf
2025-10-27 15:24:51,508:INFO:[LightGBM] [Warning] No further splits with positive gain, best gain: -inf
2025-10-27 15:24:51,513:INFO:[LightGBM] [Warning] No further splits with positive gain, best gain: -inf
2025-10-27 15:24:51,519:INFO:[LightGBM] [Warning] No further splits with positive gain, best gain: -inf
2025-10-27 15:24:51,524:INFO:[LightGBM] [Warning] No further splits with positive gain, best gain: -inf
2025-10-27 15:24:51,529:INFO:[LightGBM] [Warning] No further splits with positive gain, best gain: -inf
2025-10-27 15:24:51,535:INFO:[LightGBM] [Warning] No further splits with positive gain, best gain: -inf
2025-10-27 15:24:51,541:INFO:[LightGBM] [Warning] No further splits with positive gain, best gain: -inf
2025-10-27 15:24:51,546:INFO:[LightGBM] [Warning] No further splits with positive gain, best gain: -inf
2025-10-27 15:24:51,552:INFO:[LightGBM] [Warning] No further splits with positive gain, best gain: -inf
2025-10-27 15:24:51,558:INFO:[LightGBM] [Warning] No further splits with positive gain, best gain: -inf
2025-10-27 15:24:51,563:INFO:[LightGBM] [Warning] No further splits with positive gain, best gain: -inf
2025-10-27 15:24:51,569:INFO:[LightGBM] [Warning] No further splits with positive gain, best gain: -inf
2025-10-27 15:24:51,573:INFO:[LightGBM] [Warning] No further splits with positive gain, best gain: -inf
2025-10-27 15:24:51,579:INFO:[LightGBM] [Warning] No further splits with positive gain, best gain: -inf
2025-10-27 15:24:51,585:INFO:[LightGBM] [Warning] No further splits with positive gain, best gain: -inf
2025-10-27 15:24:51,591:INFO:[LightGBM] [Warning] No further splits with positive gain, best gain: -inf
2025-10-27 15:24:51,596:INFO:[LightGBM] [Warning] No further splits with positive gain, best gain: -inf
2025-10-27 15:24:51,602:INFO:[LightGBM] [Warning] No further splits with positive gain, best gain: -inf
2025-10-27 15:24:51,608:INFO:[LightGBM] [Warning] No further splits with positive gain, best gain: -inf
2025-10-27 15:24:51,614:INFO:[LightGBM] [Warning] No further splits with positive gain, best gain: -inf
2025-10-27 15:24:51,619:INFO:[LightGBM] [Warning] No further splits with positive gain, best gain: -inf
2025-10-27 15:24:51,624:INFO:[LightGBM] [Warning] No further splits with positive gain, best gain: -inf
2025-10-27 15:24:51,630:INFO:[LightGBM] [Warning] No further splits with positive gain, best gain: -inf
2025-10-27 15:24:51,635:INFO:[LightGBM] [Warning] No further splits with positive gain, best gain: -inf
2025-10-27 15:24:51,642:INFO:[LightGBM] [Warning] No further splits with positive gain, best gain: -inf
2025-10-27 15:24:51,647:INFO:[LightGBM] [Warning] No further splits with positive gain, best gain: -inf
2025-10-27 15:24:51,652:INFO:[LightGBM] [Warning] No further splits with positive gain, best gain: -inf
2025-10-27 15:24:51,658:INFO:[LightGBM] [Warning] No further splits with positive gain, best gain: -inf
2025-10-27 15:24:51,666:INFO:[LightGBM] [Warning] No further splits with positive gain, best gain: -inf
2025-10-27 15:24:51,671:INFO:[LightGBM] [Warning] No further splits with positive gain, best gain: -inf
2025-10-27 15:24:51,677:INFO:[LightGBM] [Warning] No further splits with positive gain, best gain: -inf
2025-10-27 15:24:51,682:INFO:[LightGBM] [Warning] No further splits with positive gain, best gain: -inf
2025-10-27 15:24:51,689:INFO:[LightGBM] [Warning] No further splits with positive gain, best gain: -inf
2025-10-27 15:24:51,694:INFO:[LightGBM] [Warning] No further splits with positive gain, best gain: -inf
2025-10-27 15:24:51,700:INFO:[LightGBM] [Warning] No further splits with positive gain, best gain: -inf
2025-10-27 15:24:51,705:INFO:[LightGBM] [Warning] No further splits with positive gain, best gain: -inf
2025-10-27 15:24:51,711:INFO:[LightGBM] [Warning] No further splits with positive gain, best gain: -inf
2025-10-27 15:24:51,717:INFO:[LightGBM] [Warning] No further splits with positive gain, best gain: -inf
2025-10-27 15:24:51,723:INFO:[LightGBM] [Warning] No further splits with positive gain, best gain: -inf
2025-10-27 15:24:51,728:INFO:[LightGBM] [Warning] No further splits with positive gain, best gain: -inf
2025-10-27 15:24:51,734:INFO:[LightGBM] [Warning] No further splits with positive gain, best gain: -inf
2025-10-27 15:24:51,740:INFO:[LightGBM] [Warning] No further splits with positive gain, best gain: -inf
2025-10-27 15:24:51,746:INFO:[LightGBM] [Warning] No further splits with positive gain, best gain: -inf
2025-10-27 15:24:51,751:INFO:[LightGBM] [Warning] No further splits with positive gain, best gain: -inf
2025-10-27 15:24:51,758:INFO:[LightGBM] [Warning] No further splits with positive gain, best gain: -inf
2025-10-27 15:24:51,764:INFO:[LightGBM] [Warning] No further splits with positive gain, best gain: -inf
2025-10-27 15:24:51,769:INFO:[LightGBM] [Warning] No further splits with positive gain, best gain: -inf
2025-10-27 15:24:51,775:INFO:[LightGBM] [Warning] No further splits with positive gain, best gain: -inf
2025-10-27 15:24:51,780:INFO:[LightGBM] [Warning] No further splits with positive gain, best gain: -inf
2025-10-27 15:24:51,786:INFO:[LightGBM] [Warning] No further splits with positive gain, best gain: -inf
2025-10-27 15:24:51,792:INFO:[LightGBM] [Warning] No further splits with positive gain, best gain: -inf
2025-10-27 15:24:51,798:INFO:[LightGBM] [Warning] No further splits with positive gain, best gain: -inf
2025-10-27 15:24:51,804:INFO:[LightGBM] [Warning] No further splits with positive gain, best gain: -inf
2025-10-27 15:24:51,810:INFO:[LightGBM] [Warning] No further splits with positive gain, best gain: -inf
2025-10-27 15:24:51,816:INFO:[LightGBM] [Warning] No further splits with positive gain, best gain: -inf
2025-10-27 15:24:51,822:INFO:[LightGBM] [Warning] No further splits with positive gain, best gain: -inf
2025-10-27 15:24:51,828:INFO:[LightGBM] [Warning] No further splits with positive gain, best gain: -inf
2025-10-27 15:24:51,834:INFO:[LightGBM] [Warning] No further splits with positive gain, best gain: -inf
2025-10-27 15:24:51,840:INFO:[LightGBM] [Warning] No further splits with positive gain, best gain: -inf
2025-10-27 15:24:51,845:INFO:[LightGBM] [Warning] No further splits with positive gain, best gain: -inf
2025-10-27 15:24:51,851:INFO:[LightGBM] [Warning] No further splits with positive gain, best gain: -inf
2025-10-27 15:24:51,952:INFO:[LightGBM] [Info] This is the GPU trainer!!
2025-10-27 15:24:51,952:INFO:[LightGBM] [Info] Total Bins 556
2025-10-27 15:24:51,953:INFO:[LightGBM] [Info] Number of data points in the train set: 315, number of used features: 11
2025-10-27 15:24:51,953:INFO:[LightGBM] [Info] Using GPU Device: Intel(R) UHD Graphics, Vendor: Intel(R) Corporation
2025-10-27 15:24:51,953:INFO:[LightGBM] [Info] Compiling OpenCL Kernel with 256 bins...
2025-10-27 15:24:51,959:INFO:[LightGBM] [Info] GPU programs have been built
2025-10-27 15:24:51,965:INFO:[LightGBM] [Info] Size of histogram bin entry: 8
2025-10-27 15:24:51,968:INFO:[LightGBM] [Info] 11 dense feature groups (0.00 MB) transferred to GPU in 0.000964 secs. 0 sparse feature groups
2025-10-27 15:24:51,968:INFO:[LightGBM] [Info] Start training from score 584907.130853
2025-10-27 15:24:51,974:INFO:[LightGBM] [Warning] No further splits with positive gain, best gain: -inf
2025-10-27 15:24:51,980:INFO:[LightGBM] [Warning] No further splits with positive gain, best gain: -inf
2025-10-27 15:24:51,984:INFO:[LightGBM] [Warning] No further splits with positive gain, best gain: -inf
2025-10-27 15:24:51,988:INFO:[LightGBM] [Warning] No further splits with positive gain, best gain: -inf
2025-10-27 15:24:51,993:INFO:[LightGBM] [Warning] No further splits with positive gain, best gain: -inf
2025-10-27 15:24:51,997:INFO:[LightGBM] [Warning] No further splits with positive gain, best gain: -inf
2025-10-27 15:24:52,002:INFO:[LightGBM] [Warning] No further splits with positive gain, best gain: -inf
2025-10-27 15:24:52,007:INFO:[LightGBM] [Warning] No further splits with positive gain, best gain: -inf
2025-10-27 15:24:52,013:INFO:[LightGBM] [Warning] No further splits with positive gain, best gain: -inf
2025-10-27 15:24:52,018:INFO:[LightGBM] [Warning] No further splits with positive gain, best gain: -inf
2025-10-27 15:24:52,022:INFO:[LightGBM] [Warning] No further splits with positive gain, best gain: -inf
2025-10-27 15:24:52,027:INFO:[LightGBM] [Warning] No further splits with positive gain, best gain: -inf
2025-10-27 15:24:52,032:INFO:[LightGBM] [Warning] No further splits with positive gain, best gain: -inf
2025-10-27 15:24:52,037:INFO:[LightGBM] [Warning] No further splits with positive gain, best gain: -inf
2025-10-27 15:24:52,042:INFO:[LightGBM] [Warning] No further splits with positive gain, best gain: -inf
2025-10-27 15:24:52,047:INFO:[LightGBM] [Warning] No further splits with positive gain, best gain: -inf
2025-10-27 15:24:52,052:INFO:[LightGBM] [Warning] No further splits with positive gain, best gain: -inf
2025-10-27 15:24:52,057:INFO:[LightGBM] [Warning] No further splits with positive gain, best gain: -inf
2025-10-27 15:24:52,063:INFO:[LightGBM] [Warning] No further splits with positive gain, best gain: -inf
2025-10-27 15:24:52,067:INFO:[LightGBM] [Warning] No further splits with positive gain, best gain: -inf
2025-10-27 15:24:52,072:INFO:[LightGBM] [Warning] No further splits with positive gain, best gain: -inf
2025-10-27 15:24:52,077:INFO:[LightGBM] [Warning] No further splits with positive gain, best gain: -inf
2025-10-27 15:24:52,082:INFO:[LightGBM] [Warning] No further splits with positive gain, best gain: -inf
2025-10-27 15:24:52,087:INFO:[LightGBM] [Warning] No further splits with positive gain, best gain: -inf
2025-10-27 15:24:52,092:INFO:[LightGBM] [Warning] No further splits with positive gain, best gain: -inf
2025-10-27 15:24:52,097:INFO:[LightGBM] [Warning] No further splits with positive gain, best gain: -inf
2025-10-27 15:24:52,102:INFO:[LightGBM] [Warning] No further splits with positive gain, best gain: -inf
2025-10-27 15:24:52,107:INFO:[LightGBM] [Warning] No further splits with positive gain, best gain: -inf
2025-10-27 15:24:52,112:INFO:[LightGBM] [Warning] No further splits with positive gain, best gain: -inf
2025-10-27 15:24:52,117:INFO:[LightGBM] [Warning] No further splits with positive gain, best gain: -inf
2025-10-27 15:24:52,122:INFO:[LightGBM] [Warning] No further splits with positive gain, best gain: -inf
2025-10-27 15:24:52,127:INFO:[LightGBM] [Warning] No further splits with positive gain, best gain: -inf
2025-10-27 15:24:52,133:INFO:[LightGBM] [Warning] No further splits with positive gain, best gain: -inf
2025-10-27 15:24:52,138:INFO:[LightGBM] [Warning] No further splits with positive gain, best gain: -inf
2025-10-27 15:24:52,144:INFO:[LightGBM] [Warning] No further splits with positive gain, best gain: -inf
2025-10-27 15:24:52,148:INFO:[LightGBM] [Warning] No further splits with positive gain, best gain: -inf
2025-10-27 15:24:52,154:INFO:[LightGBM] [Warning] No further splits with positive gain, best gain: -inf
2025-10-27 15:24:52,159:INFO:[LightGBM] [Warning] No further splits with positive gain, best gain: -inf
2025-10-27 15:24:52,164:INFO:[LightGBM] [Warning] No further splits with positive gain, best gain: -inf
2025-10-27 15:24:52,170:INFO:[LightGBM] [Warning] No further splits with positive gain, best gain: -inf
2025-10-27 15:24:52,174:INFO:[LightGBM] [Warning] No further splits with positive gain, best gain: -inf
2025-10-27 15:24:52,180:INFO:[LightGBM] [Warning] No further splits with positive gain, best gain: -inf
2025-10-27 15:24:52,186:INFO:[LightGBM] [Warning] No further splits with positive gain, best gain: -inf
2025-10-27 15:24:52,191:INFO:[LightGBM] [Warning] No further splits with positive gain, best gain: -inf
2025-10-27 15:24:52,197:INFO:[LightGBM] [Warning] No further splits with positive gain, best gain: -inf
2025-10-27 15:24:52,202:INFO:[LightGBM] [Warning] No further splits with positive gain, best gain: -inf
2025-10-27 15:24:52,208:INFO:[LightGBM] [Warning] No further splits with positive gain, best gain: -inf
2025-10-27 15:24:52,214:INFO:[LightGBM] [Warning] No further splits with positive gain, best gain: -inf
2025-10-27 15:24:52,219:INFO:[LightGBM] [Warning] No further splits with positive gain, best gain: -inf
2025-10-27 15:24:52,224:INFO:[LightGBM] [Warning] No further splits with positive gain, best gain: -inf
2025-10-27 15:24:52,230:INFO:[LightGBM] [Warning] No further splits with positive gain, best gain: -inf
2025-10-27 15:24:52,235:INFO:[LightGBM] [Warning] No further splits with positive gain, best gain: -inf
2025-10-27 15:24:52,240:INFO:[LightGBM] [Warning] No further splits with positive gain, best gain: -inf
2025-10-27 15:24:52,245:INFO:[LightGBM] [Warning] No further splits with positive gain, best gain: -inf
2025-10-27 15:24:52,251:INFO:[LightGBM] [Warning] No further splits with positive gain, best gain: -inf
2025-10-27 15:24:52,257:INFO:[LightGBM] [Warning] No further splits with positive gain, best gain: -inf
2025-10-27 15:24:52,262:INFO:[LightGBM] [Warning] No further splits with positive gain, best gain: -inf
2025-10-27 15:24:52,268:INFO:[LightGBM] [Warning] No further splits with positive gain, best gain: -inf
2025-10-27 15:24:52,274:INFO:[LightGBM] [Warning] No further splits with positive gain, best gain: -inf
2025-10-27 15:24:52,279:INFO:[LightGBM] [Warning] No further splits with positive gain, best gain: -inf
2025-10-27 15:24:52,284:INFO:[LightGBM] [Warning] No further splits with positive gain, best gain: -inf
2025-10-27 15:24:52,290:INFO:[LightGBM] [Warning] No further splits with positive gain, best gain: -inf
2025-10-27 15:24:52,296:INFO:[LightGBM] [Warning] No further splits with positive gain, best gain: -inf
2025-10-27 15:24:52,302:INFO:[LightGBM] [Warning] No further splits with positive gain, best gain: -inf
2025-10-27 15:24:52,308:INFO:[LightGBM] [Warning] No further splits with positive gain, best gain: -inf
2025-10-27 15:24:52,313:INFO:[LightGBM] [Warning] No further splits with positive gain, best gain: -inf
2025-10-27 15:24:52,319:INFO:[LightGBM] [Warning] No further splits with positive gain, best gain: -inf
2025-10-27 15:24:52,324:INFO:[LightGBM] [Warning] No further splits with positive gain, best gain: -inf
2025-10-27 15:24:52,330:INFO:[LightGBM] [Warning] No further splits with positive gain, best gain: -inf
2025-10-27 15:24:52,335:INFO:[LightGBM] [Warning] No further splits with positive gain, best gain: -inf
2025-10-27 15:24:52,343:INFO:[LightGBM] [Warning] No further splits with positive gain, best gain: -inf
2025-10-27 15:24:52,349:INFO:[LightGBM] [Warning] No further splits with positive gain, best gain: -inf
2025-10-27 15:24:52,355:INFO:[LightGBM] [Warning] No further splits with positive gain, best gain: -inf
2025-10-27 15:24:52,360:INFO:[LightGBM] [Warning] No further splits with positive gain, best gain: -inf
2025-10-27 15:24:52,366:INFO:[LightGBM] [Warning] No further splits with positive gain, best gain: -inf
2025-10-27 15:24:52,370:INFO:[LightGBM] [Warning] No further splits with positive gain, best gain: -inf
2025-10-27 15:24:52,376:INFO:[LightGBM] [Warning] No further splits with positive gain, best gain: -inf
2025-10-27 15:24:52,382:INFO:[LightGBM] [Warning] No further splits with positive gain, best gain: -inf
2025-10-27 15:24:52,388:INFO:[LightGBM] [Warning] No further splits with positive gain, best gain: -inf
2025-10-27 15:24:52,394:INFO:[LightGBM] [Warning] No further splits with positive gain, best gain: -inf
2025-10-27 15:24:52,398:INFO:[LightGBM] [Warning] No further splits with positive gain, best gain: -inf
2025-10-27 15:24:52,403:INFO:[LightGBM] [Warning] No further splits with positive gain, best gain: -inf
2025-10-27 15:24:52,409:INFO:[LightGBM] [Warning] No further splits with positive gain, best gain: -inf
2025-10-27 15:24:52,414:INFO:[LightGBM] [Warning] No further splits with positive gain, best gain: -inf
2025-10-27 15:24:52,420:INFO:[LightGBM] [Warning] No further splits with positive gain, best gain: -inf
2025-10-27 15:24:52,425:INFO:[LightGBM] [Warning] No further splits with positive gain, best gain: -inf
2025-10-27 15:24:52,430:INFO:[LightGBM] [Warning] No further splits with positive gain, best gain: -inf
2025-10-27 15:24:52,435:INFO:[LightGBM] [Warning] No further splits with positive gain, best gain: -inf
2025-10-27 15:24:52,440:INFO:[LightGBM] [Warning] No further splits with positive gain, best gain: -inf
2025-10-27 15:24:52,446:INFO:[LightGBM] [Warning] No further splits with positive gain, best gain: -inf
2025-10-27 15:24:52,451:INFO:[LightGBM] [Warning] No further splits with positive gain, best gain: -inf
2025-10-27 15:24:52,457:INFO:[LightGBM] [Warning] No further splits with positive gain, best gain: -inf
2025-10-27 15:24:52,462:INFO:[LightGBM] [Warning] No further splits with positive gain, best gain: -inf
2025-10-27 15:24:52,468:INFO:[LightGBM] [Warning] No further splits with positive gain, best gain: -inf
2025-10-27 15:24:52,474:INFO:[LightGBM] [Warning] No further splits with positive gain, best gain: -inf
2025-10-27 15:24:52,479:INFO:[LightGBM] [Warning] No further splits with positive gain, best gain: -inf
2025-10-27 15:24:52,484:INFO:[LightGBM] [Warning] No further splits with positive gain, best gain: -inf
2025-10-27 15:24:52,490:INFO:[LightGBM] [Warning] No further splits with positive gain, best gain: -inf
2025-10-27 15:24:52,495:INFO:[LightGBM] [Warning] No further splits with positive gain, best gain: -inf
2025-10-27 15:24:52,501:INFO:[LightGBM] [Warning] No further splits with positive gain, best gain: -inf
2025-10-27 15:24:52,599:INFO:[LightGBM] [Info] This is the GPU trainer!!
2025-10-27 15:24:52,599:INFO:[LightGBM] [Info] Total Bins 558
2025-10-27 15:24:52,599:INFO:[LightGBM] [Info] Number of data points in the train set: 315, number of used features: 11
2025-10-27 15:24:52,599:INFO:[LightGBM] [Info] Using GPU Device: Intel(R) UHD Graphics, Vendor: Intel(R) Corporation
2025-10-27 15:24:52,599:INFO:[LightGBM] [Info] Compiling OpenCL Kernel with 256 bins...
2025-10-27 15:24:52,607:INFO:[LightGBM] [Info] GPU programs have been built
2025-10-27 15:24:52,609:INFO:[LightGBM] [Info] Size of histogram bin entry: 8
2025-10-27 15:24:52,611:INFO:[LightGBM] [Info] 11 dense feature groups (0.00 MB) transferred to GPU in 0.000947 secs. 0 sparse feature groups
2025-10-27 15:24:52,612:INFO:[LightGBM] [Info] Start training from score 585363.980357
2025-10-27 15:24:52,617:INFO:[LightGBM] [Warning] No further splits with positive gain, best gain: -inf
2025-10-27 15:24:52,621:INFO:[LightGBM] [Warning] No further splits with positive gain, best gain: -inf
2025-10-27 15:24:52,625:INFO:[LightGBM] [Warning] No further splits with positive gain, best gain: -inf
2025-10-27 15:24:52,629:INFO:[LightGBM] [Warning] No further splits with positive gain, best gain: -inf
2025-10-27 15:24:52,633:INFO:[LightGBM] [Warning] No further splits with positive gain, best gain: -inf
2025-10-27 15:24:52,638:INFO:[LightGBM] [Warning] No further splits with positive gain, best gain: -inf
2025-10-27 15:24:52,643:INFO:[LightGBM] [Warning] No further splits with positive gain, best gain: -inf
2025-10-27 15:24:52,648:INFO:[LightGBM] [Warning] No further splits with positive gain, best gain: -inf
2025-10-27 15:24:52,652:INFO:[LightGBM] [Warning] No further splits with positive gain, best gain: -inf
2025-10-27 15:24:52,658:INFO:[LightGBM] [Warning] No further splits with positive gain, best gain: -inf
2025-10-27 15:24:52,663:INFO:[LightGBM] [Warning] No further splits with positive gain, best gain: -inf
2025-10-27 15:24:52,667:INFO:[LightGBM] [Warning] No further splits with positive gain, best gain: -inf
2025-10-27 15:24:52,674:INFO:[LightGBM] [Warning] No further splits with positive gain, best gain: -inf
2025-10-27 15:24:52,679:INFO:[LightGBM] [Warning] No further splits with positive gain, best gain: -inf
2025-10-27 15:24:52,684:INFO:[LightGBM] [Warning] No further splits with positive gain, best gain: -inf
2025-10-27 15:24:52,689:INFO:[LightGBM] [Warning] No further splits with positive gain, best gain: -inf
2025-10-27 15:24:52,695:INFO:[LightGBM] [Warning] No further splits with positive gain, best gain: -inf
2025-10-27 15:24:52,700:INFO:[LightGBM] [Warning] No further splits with positive gain, best gain: -inf
2025-10-27 15:24:52,704:INFO:[LightGBM] [Warning] No further splits with positive gain, best gain: -inf
2025-10-27 15:24:52,710:INFO:[LightGBM] [Warning] No further splits with positive gain, best gain: -inf
2025-10-27 15:24:52,715:INFO:[LightGBM] [Warning] No further splits with positive gain, best gain: -inf
2025-10-27 15:24:52,722:INFO:[LightGBM] [Warning] No further splits with positive gain, best gain: -inf
2025-10-27 15:24:52,726:INFO:[LightGBM] [Warning] No further splits with positive gain, best gain: -inf
2025-10-27 15:24:52,731:INFO:[LightGBM] [Warning] No further splits with positive gain, best gain: -inf
2025-10-27 15:24:52,736:INFO:[LightGBM] [Warning] No further splits with positive gain, best gain: -inf
2025-10-27 15:24:52,740:INFO:[LightGBM] [Warning] No further splits with positive gain, best gain: -inf
2025-10-27 15:24:52,745:INFO:[LightGBM] [Warning] No further splits with positive gain, best gain: -inf
2025-10-27 15:24:52,750:INFO:[LightGBM] [Warning] No further splits with positive gain, best gain: -inf
2025-10-27 15:24:52,755:INFO:[LightGBM] [Warning] No further splits with positive gain, best gain: -inf
2025-10-27 15:24:52,760:INFO:[LightGBM] [Warning] No further splits with positive gain, best gain: -inf
2025-10-27 15:24:52,766:INFO:[LightGBM] [Warning] No further splits with positive gain, best gain: -inf
2025-10-27 15:24:52,770:INFO:[LightGBM] [Warning] No further splits with positive gain, best gain: -inf
2025-10-27 15:24:52,774:INFO:[LightGBM] [Warning] No further splits with positive gain, best gain: -inf
2025-10-27 15:24:52,780:INFO:[LightGBM] [Warning] No further splits with positive gain, best gain: -inf
2025-10-27 15:24:52,784:INFO:[LightGBM] [Warning] No further splits with positive gain, best gain: -inf
2025-10-27 15:24:52,789:INFO:[LightGBM] [Warning] No further splits with positive gain, best gain: -inf
2025-10-27 15:24:52,794:INFO:[LightGBM] [Warning] No further splits with positive gain, best gain: -inf
2025-10-27 15:24:52,800:INFO:[LightGBM] [Warning] No further splits with positive gain, best gain: -inf
2025-10-27 15:24:52,805:INFO:[LightGBM] [Warning] No further splits with positive gain, best gain: -inf
2025-10-27 15:24:52,811:INFO:[LightGBM] [Warning] No further splits with positive gain, best gain: -inf
2025-10-27 15:24:52,816:INFO:[LightGBM] [Warning] No further splits with positive gain, best gain: -inf
2025-10-27 15:24:52,820:INFO:[LightGBM] [Warning] No further splits with positive gain, best gain: -inf
2025-10-27 15:24:52,825:INFO:[LightGBM] [Warning] No further splits with positive gain, best gain: -inf
2025-10-27 15:24:52,831:INFO:[LightGBM] [Warning] No further splits with positive gain, best gain: -inf
2025-10-27 15:24:52,836:INFO:[LightGBM] [Warning] No further splits with positive gain, best gain: -inf
2025-10-27 15:24:52,841:INFO:[LightGBM] [Warning] No further splits with positive gain, best gain: -inf
2025-10-27 15:24:52,847:INFO:[LightGBM] [Warning] No further splits with positive gain, best gain: -inf
2025-10-27 15:24:52,852:INFO:[LightGBM] [Warning] No further splits with positive gain, best gain: -inf
2025-10-27 15:24:52,859:INFO:[LightGBM] [Warning] No further splits with positive gain, best gain: -inf
2025-10-27 15:24:52,864:INFO:[LightGBM] [Warning] No further splits with positive gain, best gain: -inf
2025-10-27 15:24:52,869:INFO:[LightGBM] [Warning] No further splits with positive gain, best gain: -inf
2025-10-27 15:24:52,874:INFO:[LightGBM] [Warning] No further splits with positive gain, best gain: -inf
2025-10-27 15:24:52,879:INFO:[LightGBM] [Warning] No further splits with positive gain, best gain: -inf
2025-10-27 15:24:52,885:INFO:[LightGBM] [Warning] No further splits with positive gain, best gain: -inf
2025-10-27 15:24:52,891:INFO:[LightGBM] [Warning] No further splits with positive gain, best gain: -inf
2025-10-27 15:24:52,896:INFO:[LightGBM] [Warning] No further splits with positive gain, best gain: -inf
2025-10-27 15:24:52,902:INFO:[LightGBM] [Warning] No further splits with positive gain, best gain: -inf
2025-10-27 15:24:52,907:INFO:[LightGBM] [Warning] No further splits with positive gain, best gain: -inf
2025-10-27 15:24:52,913:INFO:[LightGBM] [Warning] No further splits with positive gain, best gain: -inf
2025-10-27 15:24:52,918:INFO:[LightGBM] [Warning] No further splits with positive gain, best gain: -inf
2025-10-27 15:24:52,923:INFO:[LightGBM] [Warning] No further splits with positive gain, best gain: -inf
2025-10-27 15:24:52,929:INFO:[LightGBM] [Warning] No further splits with positive gain, best gain: -inf
2025-10-27 15:24:52,934:INFO:[LightGBM] [Warning] No further splits with positive gain, best gain: -inf
2025-10-27 15:24:52,939:INFO:[LightGBM] [Warning] No further splits with positive gain, best gain: -inf
2025-10-27 15:24:52,945:INFO:[LightGBM] [Warning] No further splits with positive gain, best gain: -inf
2025-10-27 15:24:52,949:INFO:[LightGBM] [Warning] No further splits with positive gain, best gain: -inf
2025-10-27 15:24:52,956:INFO:[LightGBM] [Warning] No further splits with positive gain, best gain: -inf
2025-10-27 15:24:52,961:INFO:[LightGBM] [Warning] No further splits with positive gain, best gain: -inf
2025-10-27 15:24:52,965:INFO:[LightGBM] [Warning] No further splits with positive gain, best gain: -inf
2025-10-27 15:24:52,971:INFO:[LightGBM] [Warning] No further splits with positive gain, best gain: -inf
2025-10-27 15:24:52,976:INFO:[LightGBM] [Warning] No further splits with positive gain, best gain: -inf
2025-10-27 15:24:52,982:INFO:[LightGBM] [Warning] No further splits with positive gain, best gain: -inf
2025-10-27 15:24:52,988:INFO:[LightGBM] [Warning] No further splits with positive gain, best gain: -inf
2025-10-27 15:24:52,993:INFO:[LightGBM] [Warning] No further splits with positive gain, best gain: -inf
2025-10-27 15:24:52,999:INFO:[LightGBM] [Warning] No further splits with positive gain, best gain: -inf
2025-10-27 15:24:53,004:INFO:[LightGBM] [Warning] No further splits with positive gain, best gain: -inf
2025-10-27 15:24:53,010:INFO:[LightGBM] [Warning] No further splits with positive gain, best gain: -inf
2025-10-27 15:24:53,016:INFO:[LightGBM] [Warning] No further splits with positive gain, best gain: -inf
2025-10-27 15:24:53,021:INFO:[LightGBM] [Warning] No further splits with positive gain, best gain: -inf
2025-10-27 15:24:53,027:INFO:[LightGBM] [Warning] No further splits with positive gain, best gain: -inf
2025-10-27 15:24:53,033:INFO:[LightGBM] [Warning] No further splits with positive gain, best gain: -inf
2025-10-27 15:24:53,039:INFO:[LightGBM] [Warning] No further splits with positive gain, best gain: -inf
2025-10-27 15:24:53,044:INFO:[LightGBM] [Warning] No further splits with positive gain, best gain: -inf
2025-10-27 15:24:53,049:INFO:[LightGBM] [Warning] No further splits with positive gain, best gain: -inf
2025-10-27 15:24:53,055:INFO:[LightGBM] [Warning] No further splits with positive gain, best gain: -inf
2025-10-27 15:24:53,061:INFO:[LightGBM] [Warning] No further splits with positive gain, best gain: -inf
2025-10-27 15:24:53,066:INFO:[LightGBM] [Warning] No further splits with positive gain, best gain: -inf
2025-10-27 15:24:53,071:INFO:[LightGBM] [Warning] No further splits with positive gain, best gain: -inf
2025-10-27 15:24:53,077:INFO:[LightGBM] [Warning] No further splits with positive gain, best gain: -inf
2025-10-27 15:24:53,082:INFO:[LightGBM] [Warning] No further splits with positive gain, best gain: -inf
2025-10-27 15:24:53,087:INFO:[LightGBM] [Warning] No further splits with positive gain, best gain: -inf
2025-10-27 15:24:53,093:INFO:[LightGBM] [Warning] No further splits with positive gain, best gain: -inf
2025-10-27 15:24:53,099:INFO:[LightGBM] [Warning] No further splits with positive gain, best gain: -inf
2025-10-27 15:24:53,104:INFO:[LightGBM] [Warning] No further splits with positive gain, best gain: -inf
2025-10-27 15:24:53,110:INFO:[LightGBM] [Warning] No further splits with positive gain, best gain: -inf
2025-10-27 15:24:53,115:INFO:[LightGBM] [Warning] No further splits with positive gain, best gain: -inf
2025-10-27 15:24:53,121:INFO:[LightGBM] [Warning] No further splits with positive gain, best gain: -inf
2025-10-27 15:24:53,126:INFO:[LightGBM] [Warning] No further splits with positive gain, best gain: -inf
2025-10-27 15:24:53,131:INFO:[LightGBM] [Warning] No further splits with positive gain, best gain: -inf
2025-10-27 15:24:53,137:INFO:[LightGBM] [Warning] No further splits with positive gain, best gain: -inf
2025-10-27 15:24:53,242:INFO:[LightGBM] [Info] This is the GPU trainer!!
2025-10-27 15:24:53,242:INFO:[LightGBM] [Info] Total Bins 558
2025-10-27 15:24:53,243:INFO:[LightGBM] [Info] Number of data points in the train set: 315, number of used features: 11
2025-10-27 15:24:53,243:INFO:[LightGBM] [Info] Using GPU Device: Intel(R) UHD Graphics, Vendor: Intel(R) Corporation
2025-10-27 15:24:53,243:INFO:[LightGBM] [Info] Compiling OpenCL Kernel with 256 bins...
2025-10-27 15:24:53,249:INFO:[LightGBM] [Info] GPU programs have been built
2025-10-27 15:24:53,252:INFO:[LightGBM] [Info] Size of histogram bin entry: 8
2025-10-27 15:24:53,254:INFO:[LightGBM] [Info] 11 dense feature groups (0.00 MB) transferred to GPU in 0.000959 secs. 0 sparse feature groups
2025-10-27 15:24:53,254:INFO:[LightGBM] [Info] Start training from score 586517.827083
2025-10-27 15:24:53,259:INFO:[LightGBM] [Warning] No further splits with positive gain, best gain: -inf
2025-10-27 15:24:53,263:INFO:[LightGBM] [Warning] No further splits with positive gain, best gain: -inf
2025-10-27 15:24:53,267:INFO:[LightGBM] [Warning] No further splits with positive gain, best gain: -inf
2025-10-27 15:24:53,271:INFO:[LightGBM] [Warning] No further splits with positive gain, best gain: -inf
2025-10-27 15:24:53,275:INFO:[LightGBM] [Warning] No further splits with positive gain, best gain: -inf
2025-10-27 15:24:53,280:INFO:[LightGBM] [Warning] No further splits with positive gain, best gain: -inf
2025-10-27 15:24:53,285:INFO:[LightGBM] [Warning] No further splits with positive gain, best gain: -inf
2025-10-27 15:24:53,291:INFO:[LightGBM] [Warning] No further splits with positive gain, best gain: -inf
2025-10-27 15:24:53,296:INFO:[LightGBM] [Warning] No further splits with positive gain, best gain: -inf
2025-10-27 15:24:53,301:INFO:[LightGBM] [Warning] No further splits with positive gain, best gain: -inf
2025-10-27 15:24:53,307:INFO:[LightGBM] [Warning] No further splits with positive gain, best gain: -inf
2025-10-27 15:24:53,311:INFO:[LightGBM] [Warning] No further splits with positive gain, best gain: -inf
2025-10-27 15:24:53,317:INFO:[LightGBM] [Warning] No further splits with positive gain, best gain: -inf
2025-10-27 15:24:53,323:INFO:[LightGBM] [Warning] No further splits with positive gain, best gain: -inf
2025-10-27 15:24:53,328:INFO:[LightGBM] [Warning] No further splits with positive gain, best gain: -inf
2025-10-27 15:24:53,333:INFO:[LightGBM] [Warning] No further splits with positive gain, best gain: -inf
2025-10-27 15:24:53,339:INFO:[LightGBM] [Warning] No further splits with positive gain, best gain: -inf
2025-10-27 15:24:53,345:INFO:[LightGBM] [Warning] No further splits with positive gain, best gain: -inf
2025-10-27 15:24:53,350:INFO:[LightGBM] [Warning] No further splits with positive gain, best gain: -inf
2025-10-27 15:24:53,357:INFO:[LightGBM] [Warning] No further splits with positive gain, best gain: -inf
2025-10-27 15:24:53,362:INFO:[LightGBM] [Warning] No further splits with positive gain, best gain: -inf
2025-10-27 15:24:53,367:INFO:[LightGBM] [Warning] No further splits with positive gain, best gain: -inf
2025-10-27 15:24:53,372:INFO:[LightGBM] [Warning] No further splits with positive gain, best gain: -inf
2025-10-27 15:24:53,376:INFO:[LightGBM] [Warning] No further splits with positive gain, best gain: -inf
2025-10-27 15:24:53,381:INFO:[LightGBM] [Warning] No further splits with positive gain, best gain: -inf
2025-10-27 15:24:53,387:INFO:[LightGBM] [Warning] No further splits with positive gain, best gain: -inf
2025-10-27 15:24:53,393:INFO:[LightGBM] [Warning] No further splits with positive gain, best gain: -inf
2025-10-27 15:24:53,398:INFO:[LightGBM] [Warning] No further splits with positive gain, best gain: -inf
2025-10-27 15:24:53,403:INFO:[LightGBM] [Warning] No further splits with positive gain, best gain: -inf
2025-10-27 15:24:53,409:INFO:[LightGBM] [Warning] No further splits with positive gain, best gain: -inf
2025-10-27 15:24:53,414:INFO:[LightGBM] [Warning] No further splits with positive gain, best gain: -inf
2025-10-27 15:24:53,418:INFO:[LightGBM] [Warning] No further splits with positive gain, best gain: -inf
2025-10-27 15:24:53,423:INFO:[LightGBM] [Warning] No further splits with positive gain, best gain: -inf
2025-10-27 15:24:53,429:INFO:[LightGBM] [Warning] No further splits with positive gain, best gain: -inf
2025-10-27 15:24:53,434:INFO:[LightGBM] [Warning] No further splits with positive gain, best gain: -inf
2025-10-27 15:24:53,439:INFO:[LightGBM] [Warning] No further splits with positive gain, best gain: -inf
2025-10-27 15:24:53,444:INFO:[LightGBM] [Warning] No further splits with positive gain, best gain: -inf
2025-10-27 15:24:53,449:INFO:[LightGBM] [Warning] No further splits with positive gain, best gain: -inf
2025-10-27 15:24:53,455:INFO:[LightGBM] [Warning] No further splits with positive gain, best gain: -inf
2025-10-27 15:24:53,461:INFO:[LightGBM] [Warning] No further splits with positive gain, best gain: -inf
2025-10-27 15:24:53,466:INFO:[LightGBM] [Warning] No further splits with positive gain, best gain: -inf
2025-10-27 15:24:53,472:INFO:[LightGBM] [Warning] No further splits with positive gain, best gain: -inf
2025-10-27 15:24:53,477:INFO:[LightGBM] [Warning] No further splits with positive gain, best gain: -inf
2025-10-27 15:24:53,482:INFO:[LightGBM] [Warning] No further splits with positive gain, best gain: -inf
2025-10-27 15:24:53,487:INFO:[LightGBM] [Warning] No further splits with positive gain, best gain: -inf
2025-10-27 15:24:53,492:INFO:[LightGBM] [Warning] No further splits with positive gain, best gain: -inf
2025-10-27 15:24:53,498:INFO:[LightGBM] [Warning] No further splits with positive gain, best gain: -inf
2025-10-27 15:24:53,504:INFO:[LightGBM] [Warning] No further splits with positive gain, best gain: -inf
2025-10-27 15:24:53,509:INFO:[LightGBM] [Warning] No further splits with positive gain, best gain: -inf
2025-10-27 15:24:53,515:INFO:[LightGBM] [Warning] No further splits with positive gain, best gain: -inf
2025-10-27 15:24:53,520:INFO:[LightGBM] [Warning] No further splits with positive gain, best gain: -inf
2025-10-27 15:24:53,526:INFO:[LightGBM] [Warning] No further splits with positive gain, best gain: -inf
2025-10-27 15:24:53,531:INFO:[LightGBM] [Warning] No further splits with positive gain, best gain: -inf
2025-10-27 15:24:53,536:INFO:[LightGBM] [Warning] No further splits with positive gain, best gain: -inf
2025-10-27 15:24:53,542:INFO:[LightGBM] [Warning] No further splits with positive gain, best gain: -inf
2025-10-27 15:24:53,548:INFO:[LightGBM] [Warning] No further splits with positive gain, best gain: -inf
2025-10-27 15:24:53,553:INFO:[LightGBM] [Warning] No further splits with positive gain, best gain: -inf
2025-10-27 15:24:53,559:INFO:[LightGBM] [Warning] No further splits with positive gain, best gain: -inf
2025-10-27 15:24:53,565:INFO:[LightGBM] [Warning] No further splits with positive gain, best gain: -inf
2025-10-27 15:24:53,571:INFO:[LightGBM] [Warning] No further splits with positive gain, best gain: -inf
2025-10-27 15:24:53,576:INFO:[LightGBM] [Warning] No further splits with positive gain, best gain: -inf
2025-10-27 15:24:53,582:INFO:[LightGBM] [Warning] No further splits with positive gain, best gain: -inf
2025-10-27 15:24:53,587:INFO:[LightGBM] [Warning] No further splits with positive gain, best gain: -inf
2025-10-27 15:24:53,593:INFO:[LightGBM] [Warning] No further splits with positive gain, best gain: -inf
2025-10-27 15:24:53,599:INFO:[LightGBM] [Warning] No further splits with positive gain, best gain: -inf
2025-10-27 15:24:53,605:INFO:[LightGBM] [Warning] No further splits with positive gain, best gain: -inf
2025-10-27 15:24:53,610:INFO:[LightGBM] [Warning] No further splits with positive gain, best gain: -inf
2025-10-27 15:24:53,615:INFO:[LightGBM] [Warning] No further splits with positive gain, best gain: -inf
2025-10-27 15:24:53,621:INFO:[LightGBM] [Warning] No further splits with positive gain, best gain: -inf
2025-10-27 15:24:53,626:INFO:[LightGBM] [Warning] No further splits with positive gain, best gain: -inf
2025-10-27 15:24:53,631:INFO:[LightGBM] [Warning] No further splits with positive gain, best gain: -inf
2025-10-27 15:24:53,638:INFO:[LightGBM] [Warning] No further splits with positive gain, best gain: -inf
2025-10-27 15:24:53,643:INFO:[LightGBM] [Warning] No further splits with positive gain, best gain: -inf
2025-10-27 15:24:53,648:INFO:[LightGBM] [Warning] No further splits with positive gain, best gain: -inf
2025-10-27 15:24:53,654:INFO:[LightGBM] [Warning] No further splits with positive gain, best gain: -inf
2025-10-27 15:24:53,659:INFO:[LightGBM] [Warning] No further splits with positive gain, best gain: -inf
2025-10-27 15:24:53,665:INFO:[LightGBM] [Warning] No further splits with positive gain, best gain: -inf
2025-10-27 15:24:53,671:INFO:[LightGBM] [Warning] No further splits with positive gain, best gain: -inf
2025-10-27 15:24:53,677:INFO:[LightGBM] [Warning] No further splits with positive gain, best gain: -inf
2025-10-27 15:24:53,683:INFO:[LightGBM] [Warning] No further splits with positive gain, best gain: -inf
2025-10-27 15:24:53,692:INFO:[LightGBM] [Warning] No further splits with positive gain, best gain: -inf
2025-10-27 15:24:53,697:INFO:[LightGBM] [Warning] No further splits with positive gain, best gain: -inf
2025-10-27 15:24:53,703:INFO:[LightGBM] [Warning] No further splits with positive gain, best gain: -inf
2025-10-27 15:24:53,709:INFO:[LightGBM] [Warning] No further splits with positive gain, best gain: -inf
2025-10-27 15:24:53,714:INFO:[LightGBM] [Warning] No further splits with positive gain, best gain: -inf
2025-10-27 15:24:53,719:INFO:[LightGBM] [Warning] No further splits with positive gain, best gain: -inf
2025-10-27 15:24:53,725:INFO:[LightGBM] [Warning] No further splits with positive gain, best gain: -inf
2025-10-27 15:24:53,730:INFO:[LightGBM] [Warning] No further splits with positive gain, best gain: -inf
2025-10-27 15:24:53,737:INFO:[LightGBM] [Warning] No further splits with positive gain, best gain: -inf
2025-10-27 15:24:53,743:INFO:[LightGBM] [Warning] No further splits with positive gain, best gain: -inf
2025-10-27 15:24:53,748:INFO:[LightGBM] [Warning] No further splits with positive gain, best gain: -inf
2025-10-27 15:24:53,753:INFO:[LightGBM] [Warning] No further splits with positive gain, best gain: -inf
2025-10-27 15:24:53,759:INFO:[LightGBM] [Warning] No further splits with positive gain, best gain: -inf
2025-10-27 15:24:53,765:INFO:[LightGBM] [Warning] No further splits with positive gain, best gain: -inf
2025-10-27 15:24:53,771:INFO:[LightGBM] [Warning] No further splits with positive gain, best gain: -inf
2025-10-27 15:24:53,776:INFO:[LightGBM] [Warning] No further splits with positive gain, best gain: -inf
2025-10-27 15:24:53,782:INFO:[LightGBM] [Warning] No further splits with positive gain, best gain: -inf
2025-10-27 15:24:53,788:INFO:[LightGBM] [Warning] No further splits with positive gain, best gain: -inf
2025-10-27 15:24:53,793:INFO:[LightGBM] [Warning] No further splits with positive gain, best gain: -inf
2025-10-27 15:24:53,799:INFO:[LightGBM] [Warning] No further splits with positive gain, best gain: -inf
2025-10-27 15:24:53,901:INFO:[LightGBM] [Info] This is the GPU trainer!!
2025-10-27 15:24:53,902:INFO:[LightGBM] [Info] Total Bins 555
2025-10-27 15:24:53,902:INFO:[LightGBM] [Info] Number of data points in the train set: 315, number of used features: 11
2025-10-27 15:24:53,902:INFO:[LightGBM] [Info] Using GPU Device: Intel(R) UHD Graphics, Vendor: Intel(R) Corporation
2025-10-27 15:24:53,902:INFO:[LightGBM] [Info] Compiling OpenCL Kernel with 256 bins...
2025-10-27 15:24:53,912:INFO:[LightGBM] [Info] GPU programs have been built
2025-10-27 15:24:53,914:INFO:[LightGBM] [Info] Size of histogram bin entry: 8
2025-10-27 15:24:53,916:INFO:[LightGBM] [Info] 11 dense feature groups (0.00 MB) transferred to GPU in 0.000899 secs. 0 sparse feature groups
2025-10-27 15:24:53,917:INFO:[LightGBM] [Info] Start training from score 586571.738988
2025-10-27 15:24:53,921:INFO:[LightGBM] [Warning] No further splits with positive gain, best gain: -inf
2025-10-27 15:24:53,925:INFO:[LightGBM] [Warning] No further splits with positive gain, best gain: -inf
2025-10-27 15:24:53,929:INFO:[LightGBM] [Warning] No further splits with positive gain, best gain: -inf
2025-10-27 15:24:53,933:INFO:[LightGBM] [Warning] No further splits with positive gain, best gain: -inf
2025-10-27 15:24:53,937:INFO:[LightGBM] [Warning] No further splits with positive gain, best gain: -inf
2025-10-27 15:24:53,942:INFO:[LightGBM] [Warning] No further splits with positive gain, best gain: -inf
2025-10-27 15:24:53,947:INFO:[LightGBM] [Warning] No further splits with positive gain, best gain: -inf
2025-10-27 15:24:53,952:INFO:[LightGBM] [Warning] No further splits with positive gain, best gain: -inf
2025-10-27 15:24:53,957:INFO:[LightGBM] [Warning] No further splits with positive gain, best gain: -inf
2025-10-27 15:24:53,962:INFO:[LightGBM] [Warning] No further splits with positive gain, best gain: -inf
2025-10-27 15:24:53,967:INFO:[LightGBM] [Warning] No further splits with positive gain, best gain: -inf
2025-10-27 15:24:53,972:INFO:[LightGBM] [Warning] No further splits with positive gain, best gain: -inf
2025-10-27 15:24:53,977:INFO:[LightGBM] [Warning] No further splits with positive gain, best gain: -inf
2025-10-27 15:24:53,982:INFO:[LightGBM] [Warning] No further splits with positive gain, best gain: -inf
2025-10-27 15:24:53,987:INFO:[LightGBM] [Warning] No further splits with positive gain, best gain: -inf
2025-10-27 15:24:53,993:INFO:[LightGBM] [Warning] No further splits with positive gain, best gain: -inf
2025-10-27 15:24:53,998:INFO:[LightGBM] [Warning] No further splits with positive gain, best gain: -inf
2025-10-27 15:24:54,004:INFO:[LightGBM] [Warning] No further splits with positive gain, best gain: -inf
2025-10-27 15:24:54,008:INFO:[LightGBM] [Warning] No further splits with positive gain, best gain: -inf
2025-10-27 15:24:54,013:INFO:[LightGBM] [Warning] No further splits with positive gain, best gain: -inf
2025-10-27 15:24:54,018:INFO:[LightGBM] [Warning] No further splits with positive gain, best gain: -inf
2025-10-27 15:24:54,023:INFO:[LightGBM] [Warning] No further splits with positive gain, best gain: -inf
2025-10-27 15:24:54,028:INFO:[LightGBM] [Warning] No further splits with positive gain, best gain: -inf
2025-10-27 15:24:54,033:INFO:[LightGBM] [Warning] No further splits with positive gain, best gain: -inf
2025-10-27 15:24:54,039:INFO:[LightGBM] [Warning] No further splits with positive gain, best gain: -inf
2025-10-27 15:24:54,044:INFO:[LightGBM] [Warning] No further splits with positive gain, best gain: -inf
2025-10-27 15:24:54,049:INFO:[LightGBM] [Warning] No further splits with positive gain, best gain: -inf
2025-10-27 15:24:54,054:INFO:[LightGBM] [Warning] No further splits with positive gain, best gain: -inf
2025-10-27 15:24:54,059:INFO:[LightGBM] [Warning] No further splits with positive gain, best gain: -inf
2025-10-27 15:24:54,065:INFO:[LightGBM] [Warning] No further splits with positive gain, best gain: -inf
2025-10-27 15:24:54,069:INFO:[LightGBM] [Warning] No further splits with positive gain, best gain: -inf
2025-10-27 15:24:54,076:INFO:[LightGBM] [Warning] No further splits with positive gain, best gain: -inf
2025-10-27 15:24:54,081:INFO:[LightGBM] [Warning] No further splits with positive gain, best gain: -inf
2025-10-27 15:24:54,087:INFO:[LightGBM] [Warning] No further splits with positive gain, best gain: -inf
2025-10-27 15:24:54,093:INFO:[LightGBM] [Warning] No further splits with positive gain, best gain: -inf
2025-10-27 15:24:54,099:INFO:[LightGBM] [Warning] No further splits with positive gain, best gain: -inf
2025-10-27 15:24:54,105:INFO:[LightGBM] [Warning] No further splits with positive gain, best gain: -inf
2025-10-27 15:24:54,111:INFO:[LightGBM] [Warning] No further splits with positive gain, best gain: -inf
2025-10-27 15:24:54,117:INFO:[LightGBM] [Warning] No further splits with positive gain, best gain: -inf
2025-10-27 15:24:54,123:INFO:[LightGBM] [Warning] No further splits with positive gain, best gain: -inf
2025-10-27 15:24:54,129:INFO:[LightGBM] [Warning] No further splits with positive gain, best gain: -inf
2025-10-27 15:24:54,135:INFO:[LightGBM] [Warning] No further splits with positive gain, best gain: -inf
2025-10-27 15:24:54,141:INFO:[LightGBM] [Warning] No further splits with positive gain, best gain: -inf
2025-10-27 15:24:54,147:INFO:[LightGBM] [Warning] No further splits with positive gain, best gain: -inf
2025-10-27 15:24:54,152:INFO:[LightGBM] [Warning] No further splits with positive gain, best gain: -inf
2025-10-27 15:24:54,157:INFO:[LightGBM] [Warning] No further splits with positive gain, best gain: -inf
2025-10-27 15:24:54,163:INFO:[LightGBM] [Warning] No further splits with positive gain, best gain: -inf
2025-10-27 15:24:54,170:INFO:[LightGBM] [Warning] No further splits with positive gain, best gain: -inf
2025-10-27 15:24:54,175:INFO:[LightGBM] [Warning] No further splits with positive gain, best gain: -inf
2025-10-27 15:24:54,182:INFO:[LightGBM] [Warning] No further splits with positive gain, best gain: -inf
2025-10-27 15:24:54,188:INFO:[LightGBM] [Warning] No further splits with positive gain, best gain: -inf
2025-10-27 15:24:54,194:INFO:[LightGBM] [Warning] No further splits with positive gain, best gain: -inf
2025-10-27 15:24:54,200:INFO:[LightGBM] [Warning] No further splits with positive gain, best gain: -inf
2025-10-27 15:24:54,205:INFO:[LightGBM] [Warning] No further splits with positive gain, best gain: -inf
2025-10-27 15:24:54,211:INFO:[LightGBM] [Warning] No further splits with positive gain, best gain: -inf
2025-10-27 15:24:54,218:INFO:[LightGBM] [Warning] No further splits with positive gain, best gain: -inf
2025-10-27 15:24:54,224:INFO:[LightGBM] [Warning] No further splits with positive gain, best gain: -inf
2025-10-27 15:24:54,231:INFO:[LightGBM] [Warning] No further splits with positive gain, best gain: -inf
2025-10-27 15:24:54,237:INFO:[LightGBM] [Warning] No further splits with positive gain, best gain: -inf
2025-10-27 15:24:54,243:INFO:[LightGBM] [Warning] No further splits with positive gain, best gain: -inf
2025-10-27 15:24:54,248:INFO:[LightGBM] [Warning] No further splits with positive gain, best gain: -inf
2025-10-27 15:24:54,256:INFO:[LightGBM] [Warning] No further splits with positive gain, best gain: -inf
2025-10-27 15:24:54,263:INFO:[LightGBM] [Warning] No further splits with positive gain, best gain: -inf
2025-10-27 15:24:54,269:INFO:[LightGBM] [Warning] No further splits with positive gain, best gain: -inf
2025-10-27 15:24:54,274:INFO:[LightGBM] [Warning] No further splits with positive gain, best gain: -inf
2025-10-27 15:24:54,280:INFO:[LightGBM] [Warning] No further splits with positive gain, best gain: -inf
2025-10-27 15:24:54,286:INFO:[LightGBM] [Warning] No further splits with positive gain, best gain: -inf
2025-10-27 15:24:54,293:INFO:[LightGBM] [Warning] No further splits with positive gain, best gain: -inf
2025-10-27 15:24:54,299:INFO:[LightGBM] [Warning] No further splits with positive gain, best gain: -inf
2025-10-27 15:24:54,305:INFO:[LightGBM] [Warning] No further splits with positive gain, best gain: -inf
2025-10-27 15:24:54,311:INFO:[LightGBM] [Warning] No further splits with positive gain, best gain: -inf
2025-10-27 15:24:54,317:INFO:[LightGBM] [Warning] No further splits with positive gain, best gain: -inf
2025-10-27 15:24:54,322:INFO:[LightGBM] [Warning] No further splits with positive gain, best gain: -inf
2025-10-27 15:24:54,329:INFO:[LightGBM] [Warning] No further splits with positive gain, best gain: -inf
2025-10-27 15:24:54,335:INFO:[LightGBM] [Warning] No further splits with positive gain, best gain: -inf
2025-10-27 15:24:54,342:INFO:[LightGBM] [Warning] No further splits with positive gain, best gain: -inf
2025-10-27 15:24:54,348:INFO:[LightGBM] [Warning] No further splits with positive gain, best gain: -inf
2025-10-27 15:24:54,353:INFO:[LightGBM] [Warning] No further splits with positive gain, best gain: -inf
2025-10-27 15:24:54,359:INFO:[LightGBM] [Warning] No further splits with positive gain, best gain: -inf
2025-10-27 15:24:54,367:INFO:[LightGBM] [Warning] No further splits with positive gain, best gain: -inf
2025-10-27 15:24:54,374:INFO:[LightGBM] [Warning] No further splits with positive gain, best gain: -inf
2025-10-27 15:24:54,381:INFO:[LightGBM] [Warning] No further splits with positive gain, best gain: -inf
2025-10-27 15:24:54,388:INFO:[LightGBM] [Warning] No further splits with positive gain, best gain: -inf
2025-10-27 15:24:54,394:INFO:[LightGBM] [Warning] No further splits with positive gain, best gain: -inf
2025-10-27 15:24:54,400:INFO:[LightGBM] [Warning] No further splits with positive gain, best gain: -inf
2025-10-27 15:24:54,406:INFO:[LightGBM] [Warning] No further splits with positive gain, best gain: -inf
2025-10-27 15:24:54,412:INFO:[LightGBM] [Warning] No further splits with positive gain, best gain: -inf
2025-10-27 15:24:54,418:INFO:[LightGBM] [Warning] No further splits with positive gain, best gain: -inf
2025-10-27 15:24:54,424:INFO:[LightGBM] [Warning] No further splits with positive gain, best gain: -inf
2025-10-27 15:24:54,430:INFO:[LightGBM] [Warning] No further splits with positive gain, best gain: -inf
2025-10-27 15:24:54,437:INFO:[LightGBM] [Warning] No further splits with positive gain, best gain: -inf
2025-10-27 15:24:54,443:INFO:[LightGBM] [Warning] No further splits with positive gain, best gain: -inf
2025-10-27 15:24:54,449:INFO:[LightGBM] [Warning] No further splits with positive gain, best gain: -inf
2025-10-27 15:24:54,456:INFO:[LightGBM] [Warning] No further splits with positive gain, best gain: -inf
2025-10-27 15:24:54,463:INFO:[LightGBM] [Warning] No further splits with positive gain, best gain: -inf
2025-10-27 15:24:54,468:INFO:[LightGBM] [Warning] No further splits with positive gain, best gain: -inf
2025-10-27 15:24:54,476:INFO:[LightGBM] [Warning] No further splits with positive gain, best gain: -inf
2025-10-27 15:24:54,482:INFO:[LightGBM] [Warning] No further splits with positive gain, best gain: -inf
2025-10-27 15:24:54,488:INFO:[LightGBM] [Warning] No further splits with positive gain, best gain: -inf
2025-10-27 15:24:54,494:INFO:[LightGBM] [Warning] No further splits with positive gain, best gain: -inf
2025-10-27 15:24:54,609:INFO:[LightGBM] [Info] This is the GPU trainer!!
2025-10-27 15:24:54,609:INFO:[LightGBM] [Info] Total Bins 557
2025-10-27 15:24:54,609:INFO:[LightGBM] [Info] Number of data points in the train set: 315, number of used features: 11
2025-10-27 15:24:54,610:INFO:[LightGBM] [Info] Using GPU Device: Intel(R) UHD Graphics, Vendor: Intel(R) Corporation
2025-10-27 15:24:54,610:INFO:[LightGBM] [Info] Compiling OpenCL Kernel with 256 bins...
2025-10-27 15:24:54,617:INFO:[LightGBM] [Info] GPU programs have been built
2025-10-27 15:24:54,619:INFO:[LightGBM] [Info] Size of histogram bin entry: 8
2025-10-27 15:24:54,621:INFO:[LightGBM] [Info] 11 dense feature groups (0.00 MB) transferred to GPU in 0.000976 secs. 0 sparse feature groups
2025-10-27 15:24:54,621:INFO:[LightGBM] [Info] Start training from score 582969.248710
2025-10-27 15:24:54,627:INFO:[LightGBM] [Warning] No further splits with positive gain, best gain: -inf
2025-10-27 15:24:54,631:INFO:[LightGBM] [Warning] No further splits with positive gain, best gain: -inf
2025-10-27 15:24:54,637:INFO:[LightGBM] [Warning] No further splits with positive gain, best gain: -inf
2025-10-27 15:24:54,641:INFO:[LightGBM] [Warning] No further splits with positive gain, best gain: -inf
2025-10-27 15:24:54,646:INFO:[LightGBM] [Warning] No further splits with positive gain, best gain: -inf
2025-10-27 15:24:54,652:INFO:[LightGBM] [Warning] No further splits with positive gain, best gain: -inf
2025-10-27 15:24:54,657:INFO:[LightGBM] [Warning] No further splits with positive gain, best gain: -inf
2025-10-27 15:24:54,662:INFO:[LightGBM] [Warning] No further splits with positive gain, best gain: -inf
2025-10-27 15:24:54,667:INFO:[LightGBM] [Warning] No further splits with positive gain, best gain: -inf
2025-10-27 15:24:54,672:INFO:[LightGBM] [Warning] No further splits with positive gain, best gain: -inf
2025-10-27 15:24:54,677:INFO:[LightGBM] [Warning] No further splits with positive gain, best gain: -inf
2025-10-27 15:24:54,682:INFO:[LightGBM] [Warning] No further splits with positive gain, best gain: -inf
2025-10-27 15:24:54,688:INFO:[LightGBM] [Warning] No further splits with positive gain, best gain: -inf
2025-10-27 15:24:54,695:INFO:[LightGBM] [Warning] No further splits with positive gain, best gain: -inf
2025-10-27 15:24:54,700:INFO:[LightGBM] [Warning] No further splits with positive gain, best gain: -inf
2025-10-27 15:24:54,705:INFO:[LightGBM] [Warning] No further splits with positive gain, best gain: -inf
2025-10-27 15:24:54,711:INFO:[LightGBM] [Warning] No further splits with positive gain, best gain: -inf
2025-10-27 15:24:54,715:INFO:[LightGBM] [Warning] No further splits with positive gain, best gain: -inf
2025-10-27 15:24:54,720:INFO:[LightGBM] [Warning] No further splits with positive gain, best gain: -inf
2025-10-27 15:24:54,725:INFO:[LightGBM] [Warning] No further splits with positive gain, best gain: -inf
2025-10-27 15:24:54,731:INFO:[LightGBM] [Warning] No further splits with positive gain, best gain: -inf
2025-10-27 15:24:54,736:INFO:[LightGBM] [Warning] No further splits with positive gain, best gain: -inf
2025-10-27 15:24:54,740:INFO:[LightGBM] [Warning] No further splits with positive gain, best gain: -inf
2025-10-27 15:24:54,748:INFO:[LightGBM] [Warning] No further splits with positive gain, best gain: -inf
2025-10-27 15:24:54,752:INFO:[LightGBM] [Warning] No further splits with positive gain, best gain: -inf
2025-10-27 15:24:54,758:INFO:[LightGBM] [Warning] No further splits with positive gain, best gain: -inf
2025-10-27 15:24:54,763:INFO:[LightGBM] [Warning] No further splits with positive gain, best gain: -inf
2025-10-27 15:24:54,768:INFO:[LightGBM] [Warning] No further splits with positive gain, best gain: -inf
2025-10-27 15:24:54,773:INFO:[LightGBM] [Warning] No further splits with positive gain, best gain: -inf
2025-10-27 15:24:54,779:INFO:[LightGBM] [Warning] No further splits with positive gain, best gain: -inf
2025-10-27 15:24:54,785:INFO:[LightGBM] [Warning] No further splits with positive gain, best gain: -inf
2025-10-27 15:24:54,791:INFO:[LightGBM] [Warning] No further splits with positive gain, best gain: -inf
2025-10-27 15:24:54,797:INFO:[LightGBM] [Warning] No further splits with positive gain, best gain: -inf
2025-10-27 15:24:54,802:INFO:[LightGBM] [Warning] No further splits with positive gain, best gain: -inf
2025-10-27 15:24:54,806:INFO:[LightGBM] [Warning] No further splits with positive gain, best gain: -inf
2025-10-27 15:24:54,812:INFO:[LightGBM] [Warning] No further splits with positive gain, best gain: -inf
2025-10-27 15:24:54,818:INFO:[LightGBM] [Warning] No further splits with positive gain, best gain: -inf
2025-10-27 15:24:54,824:INFO:[LightGBM] [Warning] No further splits with positive gain, best gain: -inf
2025-10-27 15:24:54,829:INFO:[LightGBM] [Warning] No further splits with positive gain, best gain: -inf
2025-10-27 15:24:54,834:INFO:[LightGBM] [Warning] No further splits with positive gain, best gain: -inf
2025-10-27 15:24:54,841:INFO:[LightGBM] [Warning] No further splits with positive gain, best gain: -inf
2025-10-27 15:24:54,846:INFO:[LightGBM] [Warning] No further splits with positive gain, best gain: -inf
2025-10-27 15:24:54,852:INFO:[LightGBM] [Warning] No further splits with positive gain, best gain: -inf
2025-10-27 15:24:54,857:INFO:[LightGBM] [Warning] No further splits with positive gain, best gain: -inf
2025-10-27 15:24:54,862:INFO:[LightGBM] [Warning] No further splits with positive gain, best gain: -inf
2025-10-27 15:24:54,867:INFO:[LightGBM] [Warning] No further splits with positive gain, best gain: -inf
2025-10-27 15:24:54,873:INFO:[LightGBM] [Warning] No further splits with positive gain, best gain: -inf
2025-10-27 15:24:54,878:INFO:[LightGBM] [Warning] No further splits with positive gain, best gain: -inf
2025-10-27 15:24:54,884:INFO:[LightGBM] [Warning] No further splits with positive gain, best gain: -inf
2025-10-27 15:24:54,890:INFO:[LightGBM] [Warning] No further splits with positive gain, best gain: -inf
2025-10-27 15:24:54,896:INFO:[LightGBM] [Warning] No further splits with positive gain, best gain: -inf
2025-10-27 15:24:54,901:INFO:[LightGBM] [Warning] No further splits with positive gain, best gain: -inf
2025-10-27 15:24:54,907:INFO:[LightGBM] [Warning] No further splits with positive gain, best gain: -inf
2025-10-27 15:24:54,912:INFO:[LightGBM] [Warning] No further splits with positive gain, best gain: -inf
2025-10-27 15:24:54,919:INFO:[LightGBM] [Warning] No further splits with positive gain, best gain: -inf
2025-10-27 15:24:54,924:INFO:[LightGBM] [Warning] No further splits with positive gain, best gain: -inf
2025-10-27 15:24:54,929:INFO:[LightGBM] [Warning] No further splits with positive gain, best gain: -inf
2025-10-27 15:24:54,935:INFO:[LightGBM] [Warning] No further splits with positive gain, best gain: -inf
2025-10-27 15:24:54,941:INFO:[LightGBM] [Warning] No further splits with positive gain, best gain: -inf
2025-10-27 15:24:54,946:INFO:[LightGBM] [Warning] No further splits with positive gain, best gain: -inf
2025-10-27 15:24:54,952:INFO:[LightGBM] [Warning] No further splits with positive gain, best gain: -inf
2025-10-27 15:24:54,957:INFO:[LightGBM] [Warning] No further splits with positive gain, best gain: -inf
2025-10-27 15:24:54,962:INFO:[LightGBM] [Warning] No further splits with positive gain, best gain: -inf
2025-10-27 15:24:54,967:INFO:[LightGBM] [Warning] No further splits with positive gain, best gain: -inf
2025-10-27 15:24:54,972:INFO:[LightGBM] [Warning] No further splits with positive gain, best gain: -inf
2025-10-27 15:24:54,977:INFO:[LightGBM] [Warning] No further splits with positive gain, best gain: -inf
2025-10-27 15:24:54,984:INFO:[LightGBM] [Warning] No further splits with positive gain, best gain: -inf
2025-10-27 15:24:54,988:INFO:[LightGBM] [Warning] No further splits with positive gain, best gain: -inf
2025-10-27 15:24:54,994:INFO:[LightGBM] [Warning] No further splits with positive gain, best gain: -inf
2025-10-27 15:24:54,999:INFO:[LightGBM] [Warning] No further splits with positive gain, best gain: -inf
2025-10-27 15:24:55,004:INFO:[LightGBM] [Warning] No further splits with positive gain, best gain: -inf
2025-10-27 15:24:55,009:INFO:[LightGBM] [Warning] No further splits with positive gain, best gain: -inf
2025-10-27 15:24:55,015:INFO:[LightGBM] [Warning] No further splits with positive gain, best gain: -inf
2025-10-27 15:24:55,021:INFO:[LightGBM] [Warning] No further splits with positive gain, best gain: -inf
2025-10-27 15:24:55,026:INFO:[LightGBM] [Warning] No further splits with positive gain, best gain: -inf
2025-10-27 15:24:55,032:INFO:[LightGBM] [Warning] No further splits with positive gain, best gain: -inf
2025-10-27 15:24:55,037:INFO:[LightGBM] [Warning] No further splits with positive gain, best gain: -inf
2025-10-27 15:24:55,043:INFO:[LightGBM] [Warning] No further splits with positive gain, best gain: -inf
2025-10-27 15:24:55,048:INFO:[LightGBM] [Warning] No further splits with positive gain, best gain: -inf
2025-10-27 15:24:55,054:INFO:[LightGBM] [Warning] No further splits with positive gain, best gain: -inf
2025-10-27 15:24:55,059:INFO:[LightGBM] [Warning] No further splits with positive gain, best gain: -inf
2025-10-27 15:24:55,064:INFO:[LightGBM] [Warning] No further splits with positive gain, best gain: -inf
2025-10-27 15:24:55,069:INFO:[LightGBM] [Warning] No further splits with positive gain, best gain: -inf
2025-10-27 15:24:55,074:INFO:[LightGBM] [Warning] No further splits with positive gain, best gain: -inf
2025-10-27 15:24:55,079:INFO:[LightGBM] [Warning] No further splits with positive gain, best gain: -inf
2025-10-27 15:24:55,085:INFO:[LightGBM] [Warning] No further splits with positive gain, best gain: -inf
2025-10-27 15:24:55,090:INFO:[LightGBM] [Warning] No further splits with positive gain, best gain: -inf
2025-10-27 15:24:55,095:INFO:[LightGBM] [Warning] No further splits with positive gain, best gain: -inf
2025-10-27 15:24:55,102:INFO:[LightGBM] [Warning] No further splits with positive gain, best gain: -inf
2025-10-27 15:24:55,108:INFO:[LightGBM] [Warning] No further splits with positive gain, best gain: -inf
2025-10-27 15:24:55,113:INFO:[LightGBM] [Warning] No further splits with positive gain, best gain: -inf
2025-10-27 15:24:55,118:INFO:[LightGBM] [Warning] No further splits with positive gain, best gain: -inf
2025-10-27 15:24:55,124:INFO:[LightGBM] [Warning] No further splits with positive gain, best gain: -inf
2025-10-27 15:24:55,129:INFO:[LightGBM] [Warning] No further splits with positive gain, best gain: -inf
2025-10-27 15:24:55,135:INFO:[LightGBM] [Warning] No further splits with positive gain, best gain: -inf
2025-10-27 15:24:55,140:INFO:[LightGBM] [Warning] No further splits with positive gain, best gain: -inf
2025-10-27 15:24:55,147:INFO:[LightGBM] [Warning] No further splits with positive gain, best gain: -inf
2025-10-27 15:24:55,153:INFO:[LightGBM] [Warning] No further splits with positive gain, best gain: -inf
2025-10-27 15:24:55,157:INFO:[LightGBM] [Warning] No further splits with positive gain, best gain: -inf
2025-10-27 15:24:55,163:INFO:[LightGBM] [Warning] No further splits with positive gain, best gain: -inf
2025-10-27 15:24:55,265:INFO:[LightGBM] [Info] This is the GPU trainer!!
2025-10-27 15:24:55,265:INFO:[LightGBM] [Info] Total Bins 552
2025-10-27 15:24:55,265:INFO:[LightGBM] [Info] Number of data points in the train set: 315, number of used features: 11
2025-10-27 15:24:55,266:INFO:[LightGBM] [Info] Using GPU Device: Intel(R) UHD Graphics, Vendor: Intel(R) Corporation
2025-10-27 15:24:55,266:INFO:[LightGBM] [Info] Compiling OpenCL Kernel with 256 bins...
2025-10-27 15:24:55,272:INFO:[LightGBM] [Info] GPU programs have been built
2025-10-27 15:24:55,274:INFO:[LightGBM] [Info] Size of histogram bin entry: 8
2025-10-27 15:24:55,276:INFO:[LightGBM] [Info] 11 dense feature groups (0.00 MB) transferred to GPU in 0.000919 secs. 0 sparse feature groups
2025-10-27 15:24:55,277:INFO:[LightGBM] [Info] Start training from score 586462.319147
2025-10-27 15:24:55,282:INFO:[LightGBM] [Warning] No further splits with positive gain, best gain: -inf
2025-10-27 15:24:55,287:INFO:[LightGBM] [Warning] No further splits with positive gain, best gain: -inf
2025-10-27 15:24:55,294:INFO:[LightGBM] [Warning] No further splits with positive gain, best gain: -inf
2025-10-27 15:24:55,298:INFO:[LightGBM] [Warning] No further splits with positive gain, best gain: -inf
2025-10-27 15:24:55,302:INFO:[LightGBM] [Warning] No further splits with positive gain, best gain: -inf
2025-10-27 15:24:55,306:INFO:[LightGBM] [Warning] No further splits with positive gain, best gain: -inf
2025-10-27 15:24:55,311:INFO:[LightGBM] [Warning] No further splits with positive gain, best gain: -inf
2025-10-27 15:24:55,315:INFO:[LightGBM] [Warning] No further splits with positive gain, best gain: -inf
2025-10-27 15:24:55,319:INFO:[LightGBM] [Warning] No further splits with positive gain, best gain: -inf
2025-10-27 15:24:55,324:INFO:[LightGBM] [Warning] No further splits with positive gain, best gain: -inf
2025-10-27 15:24:55,329:INFO:[LightGBM] [Warning] No further splits with positive gain, best gain: -inf
2025-10-27 15:24:55,334:INFO:[LightGBM] [Warning] No further splits with positive gain, best gain: -inf
2025-10-27 15:24:55,339:INFO:[LightGBM] [Warning] No further splits with positive gain, best gain: -inf
2025-10-27 15:24:55,343:INFO:[LightGBM] [Warning] No further splits with positive gain, best gain: -inf
2025-10-27 15:24:55,348:INFO:[LightGBM] [Warning] No further splits with positive gain, best gain: -inf
2025-10-27 15:24:55,353:INFO:[LightGBM] [Warning] No further splits with positive gain, best gain: -inf
2025-10-27 15:24:55,358:INFO:[LightGBM] [Warning] No further splits with positive gain, best gain: -inf
2025-10-27 15:24:55,363:INFO:[LightGBM] [Warning] No further splits with positive gain, best gain: -inf
2025-10-27 15:24:55,367:INFO:[LightGBM] [Warning] No further splits with positive gain, best gain: -inf
2025-10-27 15:24:55,374:INFO:[LightGBM] [Warning] No further splits with positive gain, best gain: -inf
2025-10-27 15:24:55,380:INFO:[LightGBM] [Warning] No further splits with positive gain, best gain: -inf
2025-10-27 15:24:55,384:INFO:[LightGBM] [Warning] No further splits with positive gain, best gain: -inf
2025-10-27 15:24:55,389:INFO:[LightGBM] [Warning] No further splits with positive gain, best gain: -inf
2025-10-27 15:24:55,395:INFO:[LightGBM] [Warning] No further splits with positive gain, best gain: -inf
2025-10-27 15:24:55,400:INFO:[LightGBM] [Warning] No further splits with positive gain, best gain: -inf
2025-10-27 15:24:55,406:INFO:[LightGBM] [Warning] No further splits with positive gain, best gain: -inf
2025-10-27 15:24:55,410:INFO:[LightGBM] [Warning] No further splits with positive gain, best gain: -inf
2025-10-27 15:24:55,415:INFO:[LightGBM] [Warning] No further splits with positive gain, best gain: -inf
2025-10-27 15:24:55,419:INFO:[LightGBM] [Warning] No further splits with positive gain, best gain: -inf
2025-10-27 15:24:55,423:INFO:[LightGBM] [Warning] No further splits with positive gain, best gain: -inf
2025-10-27 15:24:55,427:INFO:[LightGBM] [Warning] No further splits with positive gain, best gain: -inf
2025-10-27 15:24:55,432:INFO:[LightGBM] [Warning] No further splits with positive gain, best gain: -inf
2025-10-27 15:24:55,437:INFO:[LightGBM] [Warning] No further splits with positive gain, best gain: -inf
2025-10-27 15:24:55,443:INFO:[LightGBM] [Warning] No further splits with positive gain, best gain: -inf
2025-10-27 15:24:55,448:INFO:[LightGBM] [Warning] No further splits with positive gain, best gain: -inf
2025-10-27 15:24:55,453:INFO:[LightGBM] [Warning] No further splits with positive gain, best gain: -inf
2025-10-27 15:24:55,458:INFO:[LightGBM] [Warning] No further splits with positive gain, best gain: -inf
2025-10-27 15:24:55,463:INFO:[LightGBM] [Warning] No further splits with positive gain, best gain: -inf
2025-10-27 15:24:55,469:INFO:[LightGBM] [Warning] No further splits with positive gain, best gain: -inf
2025-10-27 15:24:55,474:INFO:[LightGBM] [Warning] No further splits with positive gain, best gain: -inf
2025-10-27 15:24:55,481:INFO:[LightGBM] [Warning] No further splits with positive gain, best gain: -inf
2025-10-27 15:24:55,486:INFO:[LightGBM] [Warning] No further splits with positive gain, best gain: -inf
2025-10-27 15:24:55,491:INFO:[LightGBM] [Warning] No further splits with positive gain, best gain: -inf
2025-10-27 15:24:55,496:INFO:[LightGBM] [Warning] No further splits with positive gain, best gain: -inf
2025-10-27 15:24:55,501:INFO:[LightGBM] [Warning] No further splits with positive gain, best gain: -inf
2025-10-27 15:24:55,506:INFO:[LightGBM] [Warning] No further splits with positive gain, best gain: -inf
2025-10-27 15:24:55,511:INFO:[LightGBM] [Warning] No further splits with positive gain, best gain: -inf
2025-10-27 15:24:55,518:INFO:[LightGBM] [Warning] No further splits with positive gain, best gain: -inf
2025-10-27 15:24:55,524:INFO:[LightGBM] [Warning] No further splits with positive gain, best gain: -inf
2025-10-27 15:24:55,529:INFO:[LightGBM] [Warning] No further splits with positive gain, best gain: -inf
2025-10-27 15:24:55,534:INFO:[LightGBM] [Warning] No further splits with positive gain, best gain: -inf
2025-10-27 15:24:55,540:INFO:[LightGBM] [Warning] No further splits with positive gain, best gain: -inf
2025-10-27 15:24:55,545:INFO:[LightGBM] [Warning] No further splits with positive gain, best gain: -inf
2025-10-27 15:24:55,551:INFO:[LightGBM] [Warning] No further splits with positive gain, best gain: -inf
2025-10-27 15:24:55,556:INFO:[LightGBM] [Warning] No further splits with positive gain, best gain: -inf
2025-10-27 15:24:55,561:INFO:[LightGBM] [Warning] No further splits with positive gain, best gain: -inf
2025-10-27 15:24:55,565:INFO:[LightGBM] [Warning] No further splits with positive gain, best gain: -inf
2025-10-27 15:24:55,570:INFO:[LightGBM] [Warning] No further splits with positive gain, best gain: -inf
2025-10-27 15:24:55,576:INFO:[LightGBM] [Warning] No further splits with positive gain, best gain: -inf
2025-10-27 15:24:55,580:INFO:[LightGBM] [Warning] No further splits with positive gain, best gain: -inf
2025-10-27 15:24:55,585:INFO:[LightGBM] [Warning] No further splits with positive gain, best gain: -inf
2025-10-27 15:24:55,590:INFO:[LightGBM] [Warning] No further splits with positive gain, best gain: -inf
2025-10-27 15:24:55,595:INFO:[LightGBM] [Warning] No further splits with positive gain, best gain: -inf
2025-10-27 15:24:55,601:INFO:[LightGBM] [Warning] No further splits with positive gain, best gain: -inf
2025-10-27 15:24:55,605:INFO:[LightGBM] [Warning] No further splits with positive gain, best gain: -inf
2025-10-27 15:24:55,610:INFO:[LightGBM] [Warning] No further splits with positive gain, best gain: -inf
2025-10-27 15:24:55,615:INFO:[LightGBM] [Warning] No further splits with positive gain, best gain: -inf
2025-10-27 15:24:55,620:INFO:[LightGBM] [Warning] No further splits with positive gain, best gain: -inf
2025-10-27 15:24:55,625:INFO:[LightGBM] [Warning] No further splits with positive gain, best gain: -inf
2025-10-27 15:24:55,629:INFO:[LightGBM] [Warning] No further splits with positive gain, best gain: -inf
2025-10-27 15:24:55,635:INFO:[LightGBM] [Warning] No further splits with positive gain, best gain: -inf
2025-10-27 15:24:55,640:INFO:[LightGBM] [Warning] No further splits with positive gain, best gain: -inf
2025-10-27 15:24:55,645:INFO:[LightGBM] [Warning] No further splits with positive gain, best gain: -inf
2025-10-27 15:24:55,650:INFO:[LightGBM] [Warning] No further splits with positive gain, best gain: -inf
2025-10-27 15:24:55,656:INFO:[LightGBM] [Warning] No further splits with positive gain, best gain: -inf
2025-10-27 15:24:55,662:INFO:[LightGBM] [Warning] No further splits with positive gain, best gain: -inf
2025-10-27 15:24:55,666:INFO:[LightGBM] [Warning] No further splits with positive gain, best gain: -inf
2025-10-27 15:24:55,671:INFO:[LightGBM] [Warning] No further splits with positive gain, best gain: -inf
2025-10-27 15:24:55,675:INFO:[LightGBM] [Warning] No further splits with positive gain, best gain: -inf
2025-10-27 15:24:55,680:INFO:[LightGBM] [Warning] No further splits with positive gain, best gain: -inf
2025-10-27 15:24:55,686:INFO:[LightGBM] [Warning] No further splits with positive gain, best gain: -inf
2025-10-27 15:24:55,690:INFO:[LightGBM] [Warning] No further splits with positive gain, best gain: -inf
2025-10-27 15:24:55,696:INFO:[LightGBM] [Warning] No further splits with positive gain, best gain: -inf
2025-10-27 15:24:55,701:INFO:[LightGBM] [Warning] No further splits with positive gain, best gain: -inf
2025-10-27 15:24:55,708:INFO:[LightGBM] [Warning] No further splits with positive gain, best gain: -inf
2025-10-27 15:24:55,712:INFO:[LightGBM] [Warning] No further splits with positive gain, best gain: -inf
2025-10-27 15:24:55,718:INFO:[LightGBM] [Warning] No further splits with positive gain, best gain: -inf
2025-10-27 15:24:55,723:INFO:[LightGBM] [Warning] No further splits with positive gain, best gain: -inf
2025-10-27 15:24:55,728:INFO:[LightGBM] [Warning] No further splits with positive gain, best gain: -inf
2025-10-27 15:24:55,734:INFO:[LightGBM] [Warning] No further splits with positive gain, best gain: -inf
2025-10-27 15:24:55,739:INFO:[LightGBM] [Warning] No further splits with positive gain, best gain: -inf
2025-10-27 15:24:55,745:INFO:[LightGBM] [Warning] No further splits with positive gain, best gain: -inf
2025-10-27 15:24:55,751:INFO:[LightGBM] [Warning] No further splits with positive gain, best gain: -inf
2025-10-27 15:24:55,759:INFO:[LightGBM] [Warning] No further splits with positive gain, best gain: -inf
2025-10-27 15:24:55,815:INFO:[LightGBM] [Warning] No further splits with positive gain, best gain: -inf
2025-10-27 15:24:55,820:INFO:[LightGBM] [Warning] No further splits with positive gain, best gain: -inf
2025-10-27 15:24:55,826:INFO:[LightGBM] [Warning] No further splits with positive gain, best gain: -inf
2025-10-27 15:24:55,830:INFO:[LightGBM] [Warning] No further splits with positive gain, best gain: -inf
2025-10-27 15:24:55,836:INFO:[LightGBM] [Warning] No further splits with positive gain, best gain: -inf
2025-10-27 15:24:55,840:INFO:[LightGBM] [Warning] No further splits with positive gain, best gain: -inf
2025-10-27 15:24:55,944:INFO:[LightGBM] [Info] This is the GPU trainer!!
2025-10-27 15:24:55,944:INFO:[LightGBM] [Info] Total Bins 558
2025-10-27 15:24:55,944:INFO:[LightGBM] [Info] Number of data points in the train set: 315, number of used features: 11
2025-10-27 15:24:55,944:INFO:[LightGBM] [Info] Using GPU Device: Intel(R) UHD Graphics, Vendor: Intel(R) Corporation
2025-10-27 15:24:55,945:INFO:[LightGBM] [Info] Compiling OpenCL Kernel with 256 bins...
2025-10-27 15:24:55,951:INFO:[LightGBM] [Info] GPU programs have been built
2025-10-27 15:24:55,953:INFO:[LightGBM] [Info] Size of histogram bin entry: 8
2025-10-27 15:24:55,956:INFO:[LightGBM] [Info] 11 dense feature groups (0.00 MB) transferred to GPU in 0.000985 secs. 0 sparse feature groups
2025-10-27 15:24:55,956:INFO:[LightGBM] [Info] Start training from score 589801.695437
2025-10-27 15:24:55,962:INFO:[LightGBM] [Warning] No further splits with positive gain, best gain: -inf
2025-10-27 15:24:55,967:INFO:[LightGBM] [Warning] No further splits with positive gain, best gain: -inf
2025-10-27 15:24:55,971:INFO:[LightGBM] [Warning] No further splits with positive gain, best gain: -inf
2025-10-27 15:24:55,975:INFO:[LightGBM] [Warning] No further splits with positive gain, best gain: -inf
2025-10-27 15:24:55,980:INFO:[LightGBM] [Warning] No further splits with positive gain, best gain: -inf
2025-10-27 15:24:55,983:INFO:[LightGBM] [Warning] No further splits with positive gain, best gain: -inf
2025-10-27 15:24:55,988:INFO:[LightGBM] [Warning] No further splits with positive gain, best gain: -inf
2025-10-27 15:24:55,993:INFO:[LightGBM] [Warning] No further splits with positive gain, best gain: -inf
2025-10-27 15:24:55,997:INFO:[LightGBM] [Warning] No further splits with positive gain, best gain: -inf
2025-10-27 15:24:56,003:INFO:[LightGBM] [Warning] No further splits with positive gain, best gain: -inf
2025-10-27 15:24:56,007:INFO:[LightGBM] [Warning] No further splits with positive gain, best gain: -inf
2025-10-27 15:24:56,013:INFO:[LightGBM] [Warning] No further splits with positive gain, best gain: -inf
2025-10-27 15:24:56,018:INFO:[LightGBM] [Warning] No further splits with positive gain, best gain: -inf
2025-10-27 15:24:56,022:INFO:[LightGBM] [Warning] No further splits with positive gain, best gain: -inf
2025-10-27 15:24:56,027:INFO:[LightGBM] [Warning] No further splits with positive gain, best gain: -inf
2025-10-27 15:24:56,032:INFO:[LightGBM] [Warning] No further splits with positive gain, best gain: -inf
2025-10-27 15:24:56,038:INFO:[LightGBM] [Warning] No further splits with positive gain, best gain: -inf
2025-10-27 15:24:56,042:INFO:[LightGBM] [Warning] No further splits with positive gain, best gain: -inf
2025-10-27 15:24:56,047:INFO:[LightGBM] [Warning] No further splits with positive gain, best gain: -inf
2025-10-27 15:24:56,052:INFO:[LightGBM] [Warning] No further splits with positive gain, best gain: -inf
2025-10-27 15:24:56,058:INFO:[LightGBM] [Warning] No further splits with positive gain, best gain: -inf
2025-10-27 15:24:56,063:INFO:[LightGBM] [Warning] No further splits with positive gain, best gain: -inf
2025-10-27 15:24:56,068:INFO:[LightGBM] [Warning] No further splits with positive gain, best gain: -inf
2025-10-27 15:24:56,073:INFO:[LightGBM] [Warning] No further splits with positive gain, best gain: -inf
2025-10-27 15:24:56,079:INFO:[LightGBM] [Warning] No further splits with positive gain, best gain: -inf
2025-10-27 15:24:56,085:INFO:[LightGBM] [Warning] No further splits with positive gain, best gain: -inf
2025-10-27 15:24:56,091:INFO:[LightGBM] [Warning] No further splits with positive gain, best gain: -inf
2025-10-27 15:24:56,097:INFO:[LightGBM] [Warning] No further splits with positive gain, best gain: -inf
2025-10-27 15:24:56,102:INFO:[LightGBM] [Warning] No further splits with positive gain, best gain: -inf
2025-10-27 15:24:56,107:INFO:[LightGBM] [Warning] No further splits with positive gain, best gain: -inf
2025-10-27 15:24:56,113:INFO:[LightGBM] [Warning] No further splits with positive gain, best gain: -inf
2025-10-27 15:24:56,119:INFO:[LightGBM] [Warning] No further splits with positive gain, best gain: -inf
2025-10-27 15:24:56,124:INFO:[LightGBM] [Warning] No further splits with positive gain, best gain: -inf
2025-10-27 15:24:56,130:INFO:[LightGBM] [Warning] No further splits with positive gain, best gain: -inf
2025-10-27 15:24:56,135:INFO:[LightGBM] [Warning] No further splits with positive gain, best gain: -inf
2025-10-27 15:24:56,139:INFO:[LightGBM] [Warning] No further splits with positive gain, best gain: -inf
2025-10-27 15:24:56,145:INFO:[LightGBM] [Warning] No further splits with positive gain, best gain: -inf
2025-10-27 15:24:56,149:INFO:[LightGBM] [Warning] No further splits with positive gain, best gain: -inf
2025-10-27 15:24:56,155:INFO:[LightGBM] [Warning] No further splits with positive gain, best gain: -inf
2025-10-27 15:24:56,161:INFO:[LightGBM] [Warning] No further splits with positive gain, best gain: -inf
2025-10-27 15:24:56,166:INFO:[LightGBM] [Warning] No further splits with positive gain, best gain: -inf
2025-10-27 15:24:56,172:INFO:[LightGBM] [Warning] No further splits with positive gain, best gain: -inf
2025-10-27 15:24:56,178:INFO:[LightGBM] [Warning] No further splits with positive gain, best gain: -inf
2025-10-27 15:24:56,183:INFO:[LightGBM] [Warning] No further splits with positive gain, best gain: -inf
2025-10-27 15:24:56,188:INFO:[LightGBM] [Warning] No further splits with positive gain, best gain: -inf
2025-10-27 15:24:56,193:INFO:[LightGBM] [Warning] No further splits with positive gain, best gain: -inf
2025-10-27 15:24:56,199:INFO:[LightGBM] [Warning] No further splits with positive gain, best gain: -inf
2025-10-27 15:24:56,204:INFO:[LightGBM] [Warning] No further splits with positive gain, best gain: -inf
2025-10-27 15:24:56,210:INFO:[LightGBM] [Warning] No further splits with positive gain, best gain: -inf
2025-10-27 15:24:56,216:INFO:[LightGBM] [Warning] No further splits with positive gain, best gain: -inf
2025-10-27 15:24:56,220:INFO:[LightGBM] [Warning] No further splits with positive gain, best gain: -inf
2025-10-27 15:24:56,226:INFO:[LightGBM] [Warning] No further splits with positive gain, best gain: -inf
2025-10-27 15:24:56,232:INFO:[LightGBM] [Warning] No further splits with positive gain, best gain: -inf
2025-10-27 15:24:56,238:INFO:[LightGBM] [Warning] No further splits with positive gain, best gain: -inf
2025-10-27 15:24:56,244:INFO:[LightGBM] [Warning] No further splits with positive gain, best gain: -inf
2025-10-27 15:24:56,250:INFO:[LightGBM] [Warning] No further splits with positive gain, best gain: -inf
2025-10-27 15:24:56,256:INFO:[LightGBM] [Warning] No further splits with positive gain, best gain: -inf
2025-10-27 15:24:56,262:INFO:[LightGBM] [Warning] No further splits with positive gain, best gain: -inf
2025-10-27 15:24:56,267:INFO:[LightGBM] [Warning] No further splits with positive gain, best gain: -inf
2025-10-27 15:24:56,273:INFO:[LightGBM] [Warning] No further splits with positive gain, best gain: -inf
2025-10-27 15:24:56,279:INFO:[LightGBM] [Warning] No further splits with positive gain, best gain: -inf
2025-10-27 15:24:56,285:INFO:[LightGBM] [Warning] No further splits with positive gain, best gain: -inf
2025-10-27 15:24:56,292:INFO:[LightGBM] [Warning] No further splits with positive gain, best gain: -inf
2025-10-27 15:24:56,297:INFO:[LightGBM] [Warning] No further splits with positive gain, best gain: -inf
2025-10-27 15:24:56,303:INFO:[LightGBM] [Warning] No further splits with positive gain, best gain: -inf
2025-10-27 15:24:56,309:INFO:[LightGBM] [Warning] No further splits with positive gain, best gain: -inf
2025-10-27 15:24:56,314:INFO:[LightGBM] [Warning] No further splits with positive gain, best gain: -inf
2025-10-27 15:24:56,319:INFO:[LightGBM] [Warning] No further splits with positive gain, best gain: -inf
2025-10-27 15:24:56,326:INFO:[LightGBM] [Warning] No further splits with positive gain, best gain: -inf
2025-10-27 15:24:56,332:INFO:[LightGBM] [Warning] No further splits with positive gain, best gain: -inf
2025-10-27 15:24:56,338:INFO:[LightGBM] [Warning] No further splits with positive gain, best gain: -inf
2025-10-27 15:24:56,343:INFO:[LightGBM] [Warning] No further splits with positive gain, best gain: -inf
2025-10-27 15:24:56,349:INFO:[LightGBM] [Warning] No further splits with positive gain, best gain: -inf
2025-10-27 15:24:56,355:INFO:[LightGBM] [Warning] No further splits with positive gain, best gain: -inf
2025-10-27 15:24:56,360:INFO:[LightGBM] [Warning] No further splits with positive gain, best gain: -inf
2025-10-27 15:24:56,366:INFO:[LightGBM] [Warning] No further splits with positive gain, best gain: -inf
2025-10-27 15:24:56,371:INFO:[LightGBM] [Warning] No further splits with positive gain, best gain: -inf
2025-10-27 15:24:56,376:INFO:[LightGBM] [Warning] No further splits with positive gain, best gain: -inf
2025-10-27 15:24:56,382:INFO:[LightGBM] [Warning] No further splits with positive gain, best gain: -inf
2025-10-27 15:24:56,390:INFO:[LightGBM] [Warning] No further splits with positive gain, best gain: -inf
2025-10-27 15:24:56,397:INFO:[LightGBM] [Warning] No further splits with positive gain, best gain: -inf
2025-10-27 15:24:56,403:INFO:[LightGBM] [Warning] No further splits with positive gain, best gain: -inf
2025-10-27 15:24:56,408:INFO:[LightGBM] [Warning] No further splits with positive gain, best gain: -inf
2025-10-27 15:24:56,413:INFO:[LightGBM] [Warning] No further splits with positive gain, best gain: -inf
2025-10-27 15:24:56,418:INFO:[LightGBM] [Warning] No further splits with positive gain, best gain: -inf
2025-10-27 15:24:56,425:INFO:[LightGBM] [Warning] No further splits with positive gain, best gain: -inf
2025-10-27 15:24:56,430:INFO:[LightGBM] [Warning] No further splits with positive gain, best gain: -inf
2025-10-27 15:24:56,435:INFO:[LightGBM] [Warning] No further splits with positive gain, best gain: -inf
2025-10-27 15:24:56,441:INFO:[LightGBM] [Warning] No further splits with positive gain, best gain: -inf
2025-10-27 15:24:56,447:INFO:[LightGBM] [Warning] No further splits with positive gain, best gain: -inf
2025-10-27 15:24:56,453:INFO:[LightGBM] [Warning] No further splits with positive gain, best gain: -inf
2025-10-27 15:24:56,459:INFO:[LightGBM] [Warning] No further splits with positive gain, best gain: -inf
2025-10-27 15:24:56,464:INFO:[LightGBM] [Warning] No further splits with positive gain, best gain: -inf
2025-10-27 15:24:56,469:INFO:[LightGBM] [Warning] No further splits with positive gain, best gain: -inf
2025-10-27 15:24:56,475:INFO:[LightGBM] [Warning] No further splits with positive gain, best gain: -inf
2025-10-27 15:24:56,481:INFO:[LightGBM] [Warning] No further splits with positive gain, best gain: -inf
2025-10-27 15:24:56,486:INFO:[LightGBM] [Warning] No further splits with positive gain, best gain: -inf
2025-10-27 15:24:56,491:INFO:[LightGBM] [Warning] No further splits with positive gain, best gain: -inf
2025-10-27 15:24:56,497:INFO:[LightGBM] [Warning] No further splits with positive gain, best gain: -inf
2025-10-27 15:24:56,503:INFO:[LightGBM] [Warning] No further splits with positive gain, best gain: -inf
2025-10-27 15:24:56,534:INFO:Calculating mean and std
2025-10-27 15:24:56,536:INFO:Creating metrics dataframe
2025-10-27 15:24:56,540:INFO:Uploading results into container
2025-10-27 15:24:56,541:INFO:Uploading model into container now
2025-10-27 15:24:56,542:INFO:_master_model_container: 17
2025-10-27 15:24:56,542:INFO:_display_container: 2
2025-10-27 15:24:56,543:INFO:LGBMRegressor(device='gpu', n_jobs=-1, random_state=123)
2025-10-27 15:24:56,543:INFO:create_model() successfully completed......................................
2025-10-27 15:24:56,791:INFO:SubProcess create_model() end ==================================
2025-10-27 15:24:56,791:INFO:Creating metrics dataframe
2025-10-27 15:24:56,814:INFO:Initializing CatBoost Regressor
2025-10-27 15:24:56,814:INFO:Total runtime is 0.49245396455128987 minutes
2025-10-27 15:24:56,821:INFO:SubProcess create_model() called ==================================
2025-10-27 15:24:56,821:INFO:Initializing create_model()
2025-10-27 15:24:56,821:INFO:create_model(self=<pycaret.regression.oop.RegressionExperiment object at 0x0000016CA93FF010>, estimator=catboost, fold=KFold(n_splits=10, random_state=None, shuffle=False), round=4, cross_validation=True, predict=True, fit_kwargs={}, groups=None, refit=False, probability_threshold=None, experiment_custom_tags=None, verbose=False, system=False, add_to_model_list=True, metrics=None, display=<pycaret.internal.display.display.CommonDisplay object at 0x0000016C9AE3FB10>, model_only=True, return_train_score=False, error_score=0.0, kwargs={})
2025-10-27 15:24:56,821:INFO:Checking exceptions
2025-10-27 15:24:56,822:INFO:Importing libraries
2025-10-27 15:24:56,822:INFO:Copying training dataset
2025-10-27 15:24:56,831:INFO:Defining folds
2025-10-27 15:24:56,831:INFO:Declaring metric variables
2025-10-27 15:24:56,838:INFO:Importing untrained model
2025-10-27 15:24:56,845:INFO:CatBoost Regressor Imported successfully
2025-10-27 15:24:56,857:INFO:Starting cross validation
2025-10-27 15:24:56,859:INFO:Cross validating with KFold(n_splits=10, random_state=None, shuffle=False), n_jobs=1
2025-10-27 15:28:08,656:INFO:Calculating mean and std
2025-10-27 15:28:08,658:INFO:Creating metrics dataframe
2025-10-27 15:28:08,660:INFO:Uploading results into container
2025-10-27 15:28:08,661:INFO:Uploading model into container now
2025-10-27 15:28:08,661:INFO:_master_model_container: 18
2025-10-27 15:28:08,661:INFO:_display_container: 2
2025-10-27 15:28:08,661:INFO:<catboost.core.CatBoostRegressor object at 0x0000016CB4083310>
2025-10-27 15:28:08,661:INFO:create_model() successfully completed......................................
2025-10-27 15:28:08,866:INFO:SubProcess create_model() end ==================================
2025-10-27 15:28:08,866:INFO:Creating metrics dataframe
2025-10-27 15:28:08,882:INFO:Initializing Dummy Regressor
2025-10-27 15:28:08,883:INFO:Total runtime is 3.6936128536860147 minutes
2025-10-27 15:28:08,889:INFO:SubProcess create_model() called ==================================
2025-10-27 15:28:08,889:INFO:Initializing create_model()
2025-10-27 15:28:08,889:INFO:create_model(self=<pycaret.regression.oop.RegressionExperiment object at 0x0000016CA93FF010>, estimator=dummy, fold=KFold(n_splits=10, random_state=None, shuffle=False), round=4, cross_validation=True, predict=True, fit_kwargs={}, groups=None, refit=False, probability_threshold=None, experiment_custom_tags=None, verbose=False, system=False, add_to_model_list=True, metrics=None, display=<pycaret.internal.display.display.CommonDisplay object at 0x0000016C9AE3FB10>, model_only=True, return_train_score=False, error_score=0.0, kwargs={})
2025-10-27 15:28:08,889:INFO:Checking exceptions
2025-10-27 15:28:08,890:INFO:Importing libraries
2025-10-27 15:28:08,890:INFO:Copying training dataset
2025-10-27 15:28:08,898:INFO:Defining folds
2025-10-27 15:28:08,898:INFO:Declaring metric variables
2025-10-27 15:28:08,902:INFO:Importing untrained model
2025-10-27 15:28:08,908:INFO:Dummy Regressor Imported successfully
2025-10-27 15:28:08,919:INFO:Starting cross validation
2025-10-27 15:28:08,920:INFO:Cross validating with KFold(n_splits=10, random_state=None, shuffle=False), n_jobs=1
2025-10-27 15:28:09,488:INFO:Calculating mean and std
2025-10-27 15:28:09,489:INFO:Creating metrics dataframe
2025-10-27 15:28:09,491:INFO:Uploading results into container
2025-10-27 15:28:09,491:INFO:Uploading model into container now
2025-10-27 15:28:09,492:INFO:_master_model_container: 19
2025-10-27 15:28:09,492:INFO:_display_container: 2
2025-10-27 15:28:09,493:INFO:DummyRegressor()
2025-10-27 15:28:09,493:INFO:create_model() successfully completed......................................
2025-10-27 15:28:09,699:INFO:SubProcess create_model() end ==================================
2025-10-27 15:28:09,699:INFO:Creating metrics dataframe
2025-10-27 15:28:09,731:WARNING:C:\Users\dhadu\AppData\Roaming\Python\Python311\site-packages\pycaret\internal\pycaret_experiment\supervised_experiment.py:339: FutureWarning: Styler.applymap has been deprecated. Use Styler.map instead.

2025-10-27 15:28:09,761:INFO:Initializing create_model()
2025-10-27 15:28:09,762:INFO:create_model(self=<pycaret.regression.oop.RegressionExperiment object at 0x0000016CA93FF010>, estimator=Ridge(random_state=123), fold=KFold(n_splits=10, random_state=None, shuffle=False), round=4, cross_validation=False, predict=False, fit_kwargs={}, groups=None, refit=True, probability_threshold=None, experiment_custom_tags=None, verbose=False, system=False, add_to_model_list=True, metrics=None, display=None, model_only=True, return_train_score=False, error_score=0.0, kwargs={})
2025-10-27 15:28:09,762:INFO:Checking exceptions
2025-10-27 15:28:09,768:INFO:Importing libraries
2025-10-27 15:28:09,769:INFO:Copying training dataset
2025-10-27 15:28:09,795:INFO:Defining folds
2025-10-27 15:28:09,795:INFO:Declaring metric variables
2025-10-27 15:28:09,796:INFO:Importing untrained model
2025-10-27 15:28:09,796:INFO:Declaring custom model
2025-10-27 15:28:09,798:INFO:Ridge Regression Imported successfully
2025-10-27 15:28:09,802:INFO:Cross validation set to False
2025-10-27 15:28:09,802:INFO:Fitting Model
2025-10-27 15:28:09,946:INFO:Ridge(random_state=123)
2025-10-27 15:28:09,946:INFO:create_model() successfully completed......................................
2025-10-27 15:28:10,313:INFO:_master_model_container: 19
2025-10-27 15:28:10,313:INFO:_display_container: 2
2025-10-27 15:28:10,314:INFO:Ridge(random_state=123)
2025-10-27 15:28:10,315:INFO:compare_models() successfully completed......................................
2025-10-27 15:28:10,394:INFO:Initializing evaluate_model()
2025-10-27 15:28:10,394:INFO:evaluate_model(self=<pycaret.regression.oop.RegressionExperiment object at 0x0000016CA93FF010>, estimator=Ridge(random_state=123), fold=None, fit_kwargs=None, plot_kwargs=None, feature_name=None, groups=None)
2025-10-27 15:28:10,411:INFO:Initializing plot_model()
2025-10-27 15:28:10,412:INFO:plot_model(self=<pycaret.regression.oop.RegressionExperiment object at 0x0000016CA93FF010>, estimator=Ridge(random_state=123), plot=pipeline, scale=1, save=False, fold=KFold(n_splits=10, random_state=None, shuffle=False), fit_kwargs={}, plot_kwargs=None, groups=None, feature_name=None, label=False, verbose=False, system=True, display=None, display_format=None)
2025-10-27 15:28:10,412:INFO:Checking exceptions
2025-10-27 15:28:10,417:INFO:Preloading libraries
2025-10-27 15:28:10,417:INFO:Copying training dataset
2025-10-27 15:28:10,417:INFO:Plot type: pipeline
2025-10-27 15:28:10,735:INFO:Visual Rendered Successfully
2025-10-27 15:28:11,115:INFO:plot_model() successfully completed......................................
2025-10-27 15:28:11,224:INFO:Initializing save_model()
2025-10-27 15:28:11,225:INFO:save_model(model=Ridge(random_state=123), model_name=best_price_model, prep_pipe_=Pipeline(memory=FastMemory(location=C:\Users\dhadu\AppData\Local\Temp\joblib),
         steps=[('numerical_imputer',
                 TransformerWrapper(include=['ID', 'Square_Feet',
                                             'Num_Bedrooms', 'Num_Bathrooms',
                                             'Num_Floors', 'Year_Built',
                                             'Has_Garden', 'Has_Pool',
                                             'Garage_Size', 'Location_Score',
                                             'Distance_to_Center'],
                                    transformer=SimpleImputer())),
                ('categorical_imputer',
                 TransformerWrapper(include=[],
                                    transformer=SimpleImputer(strategy='most_frequent'))),
                ('transformation',
                 TransformerWrapper(transformer=PowerTransformer(standardize=False))),
                ('normalize',
                 TransformerWrapper(transformer=StandardScaler()))]), verbose=True, use_case=MLUsecase.REGRESSION, kwargs={})
2025-10-27 15:28:11,225:INFO:Adding model into prep_pipe
2025-10-27 15:28:11,241:INFO:best_price_model.pkl saved in current working directory
2025-10-27 15:28:11,267:INFO:Pipeline(memory=Memory(location=None),
         steps=[('numerical_imputer',
                 TransformerWrapper(include=['ID', 'Square_Feet',
                                             'Num_Bedrooms', 'Num_Bathrooms',
                                             'Num_Floors', 'Year_Built',
                                             'Has_Garden', 'Has_Pool',
                                             'Garage_Size', 'Location_Score',
                                             'Distance_to_Center'],
                                    transformer=SimpleImputer())),
                ('categorical_imputer',
                 TransformerWrapper(include=[],
                                    transformer=SimpleImputer(strategy='most_frequent'))),
                ('transformation',
                 TransformerWrapper(transformer=PowerTransformer(standardize=False))),
                ('normalize', TransformerWrapper(transformer=StandardScaler())),
                ('trained_model', Ridge(random_state=123))])
2025-10-27 15:28:11,267:INFO:save_model() successfully completed......................................
2025-10-27 15:28:11,551:INFO:Initializing predict_model()
2025-10-27 15:28:11,552:INFO:predict_model(self=<pycaret.regression.oop.RegressionExperiment object at 0x0000016CA93FF010>, estimator=Ridge(random_state=123), probability_threshold=None, encoded_labels=False, raw_score=False, round=4, verbose=True, ml_usecase=None, preprocess=True, encode_labels=<function _SupervisedExperiment.predict_model.<locals>.encode_labels at 0x0000016CB45D4F40>)
2025-10-27 15:28:11,552:INFO:Checking exceptions
2025-10-27 15:28:11,552:INFO:Preloading libraries
2025-10-27 15:28:11,688:WARNING:C:\Users\dhadu\AppData\Roaming\Python\Python311\site-packages\sklearn\metrics\_regression.py:483: FutureWarning: 'squared' is deprecated in version 1.4 and will be removed in 1.6. To calculate the root mean squared error, use the function'root_mean_squared_error'.

2025-10-27 15:28:12,085:INFO:Initializing create_model()
2025-10-27 15:28:12,085:INFO:create_model(self=<pycaret.regression.oop.RegressionExperiment object at 0x0000016CA93FF010>, estimator=gbr, fold=None, round=4, cross_validation=True, predict=True, fit_kwargs=None, groups=None, refit=True, probability_threshold=None, experiment_custom_tags=None, verbose=True, system=True, add_to_model_list=True, metrics=None, display=None, model_only=True, return_train_score=False, error_score=0.0, kwargs={})
2025-10-27 15:28:12,086:INFO:Checking exceptions
2025-10-27 15:28:12,136:INFO:Importing libraries
2025-10-27 15:28:12,136:INFO:Copying training dataset
2025-10-27 15:28:12,155:INFO:Defining folds
2025-10-27 15:28:12,155:INFO:Declaring metric variables
2025-10-27 15:28:12,164:INFO:Importing untrained model
2025-10-27 15:28:12,173:INFO:Gradient Boosting Regressor Imported successfully
2025-10-27 15:28:12,186:INFO:Starting cross validation
2025-10-27 15:28:12,189:INFO:Cross validating with KFold(n_splits=10, random_state=None, shuffle=False), n_jobs=1
2025-10-27 15:28:14,614:INFO:Calculating mean and std
2025-10-27 15:28:14,615:INFO:Creating metrics dataframe
2025-10-27 15:28:14,622:INFO:Finalizing model
2025-10-27 15:28:14,840:INFO:Uploading results into container
2025-10-27 15:28:14,841:INFO:Uploading model into container now
2025-10-27 15:28:14,854:INFO:_master_model_container: 20
2025-10-27 15:28:14,854:INFO:_display_container: 4
2025-10-27 15:28:14,855:INFO:GradientBoostingRegressor(random_state=123)
2025-10-27 15:28:14,855:INFO:create_model() successfully completed......................................
2025-10-27 15:28:15,233:INFO:Soft dependency imported: gradio: 5.49.1
