2025-10-26 10:03:19,682:WARNING:
'cuml' is a soft dependency and not included in the pycaret installation. Please run: `pip install cuml` to install.
2025-10-26 10:03:19,682:WARNING:
'cuml' is a soft dependency and not included in the pycaret installation. Please run: `pip install cuml` to install.
2025-10-26 10:03:19,682:WARNING:
'cuml' is a soft dependency and not included in the pycaret installation. Please run: `pip install cuml` to install.
2025-10-26 10:03:19,682:WARNING:
'cuml' is a soft dependency and not included in the pycaret installation. Please run: `pip install cuml` to install.
2025-10-26 10:03:24,692:INFO:PyCaret ClassificationExperiment
2025-10-26 10:03:24,692:INFO:Logging name: clf-default-name
2025-10-26 10:03:24,710:INFO:ML Usecase: MLUsecase.CLASSIFICATION
2025-10-26 10:03:24,710:INFO:version 3.3.2
2025-10-26 10:03:24,710:INFO:Initializing setup()
2025-10-26 10:03:24,710:INFO:self.USI: 0b40
2025-10-26 10:03:24,710:INFO:self._variable_keys: {'memory', 'is_multiclass', 'data', 'gpu_param', 'exp_id', 'X_train', 'gpu_n_jobs_param', 'target_param', '_ml_usecase', 'USI', 'y_train', 'n_jobs_param', 'html_param', '_available_plots', 'fix_imbalance', 'logging_param', 'X', 'y', 'fold_shuffle_param', 'log_plots_param', 'fold_groups_param', 'X_test', 'idx', 'pipeline', 'exp_name_log', 'seed', 'fold_generator', 'y_test'}
2025-10-26 10:03:24,710:INFO:Checking environment
2025-10-26 10:03:24,710:INFO:python_version: 3.11.6
2025-10-26 10:03:24,710:INFO:python_build: ('tags/v3.11.6:8b6ee5b', 'Oct  2 2023 14:57:12')
2025-10-26 10:03:24,710:INFO:machine: AMD64
2025-10-26 10:03:24,710:INFO:platform: Windows-10-10.0.22631-SP0
2025-10-26 10:03:24,714:INFO:Memory: svmem(total=8373600256, available=1332129792, percent=84.1, used=7041470464, free=1332129792)
2025-10-26 10:03:24,714:INFO:Physical Core: 4
2025-10-26 10:03:24,714:INFO:Logical Core: 8
2025-10-26 10:03:24,714:INFO:Checking libraries
2025-10-26 10:03:24,714:INFO:System:
2025-10-26 10:03:24,714:INFO:    python: 3.11.6 (tags/v3.11.6:8b6ee5b, Oct  2 2023, 14:57:12) [MSC v.1935 64 bit (AMD64)]
2025-10-26 10:03:24,714:INFO:executable: c:\Users\dhadu\AppData\Local\Programs\Python\Python311\python.exe
2025-10-26 10:03:24,714:INFO:   machine: Windows-10-10.0.22631-SP0
2025-10-26 10:03:24,714:INFO:PyCaret required dependencies:
2025-10-26 10:03:26,644:INFO:                 pip: 23.2.1
2025-10-26 10:03:26,644:INFO:          setuptools: 65.5.0
2025-10-26 10:03:26,644:INFO:             pycaret: 3.3.2
2025-10-26 10:03:26,644:INFO:             IPython: 9.6.0
2025-10-26 10:03:26,644:INFO:          ipywidgets: 8.1.7
2025-10-26 10:03:26,644:INFO:                tqdm: 4.67.1
2025-10-26 10:03:26,644:INFO:               numpy: 1.26.4
2025-10-26 10:03:26,644:INFO:              pandas: 2.1.4
2025-10-26 10:03:26,644:INFO:              jinja2: 3.1.6
2025-10-26 10:03:26,644:INFO:               scipy: 1.11.4
2025-10-26 10:03:26,644:INFO:              joblib: 1.3.2
2025-10-26 10:03:26,644:INFO:             sklearn: 1.4.2
2025-10-26 10:03:26,644:INFO:                pyod: 2.0.5
2025-10-26 10:03:26,644:INFO:            imblearn: 0.14.0
2025-10-26 10:03:26,644:INFO:   category_encoders: 2.7.0
2025-10-26 10:03:26,644:INFO:            lightgbm: 4.6.0
2025-10-26 10:03:26,644:INFO:               numba: 0.61.0
2025-10-26 10:03:26,644:INFO:            requests: 2.32.5
2025-10-26 10:03:26,644:INFO:          matplotlib: 3.7.5
2025-10-26 10:03:26,644:INFO:          scikitplot: 0.3.7
2025-10-26 10:03:26,645:INFO:         yellowbrick: 1.5
2025-10-26 10:03:26,645:INFO:              plotly: 5.24.1
2025-10-26 10:03:26,645:INFO:    plotly-resampler: Not installed
2025-10-26 10:03:26,645:INFO:             kaleido: 1.1.0
2025-10-26 10:03:26,645:INFO:           schemdraw: 0.15
2025-10-26 10:03:26,645:INFO:         statsmodels: 0.14.5
2025-10-26 10:03:26,645:INFO:              sktime: 0.26.0
2025-10-26 10:03:26,645:INFO:               tbats: 1.1.3
2025-10-26 10:03:26,645:INFO:            pmdarima: 2.0.4
2025-10-26 10:03:26,645:INFO:              psutil: 7.1.2
2025-10-26 10:03:26,647:INFO:          markupsafe: 3.0.3
2025-10-26 10:03:26,647:INFO:             pickle5: Not installed
2025-10-26 10:03:26,647:INFO:         cloudpickle: 3.1.1
2025-10-26 10:03:26,647:INFO:         deprecation: 2.1.0
2025-10-26 10:03:26,647:INFO:              xxhash: 3.6.0
2025-10-26 10:03:26,647:INFO:           wurlitzer: Not installed
2025-10-26 10:03:26,647:INFO:PyCaret optional dependencies:
2025-10-26 10:03:34,810:INFO:                shap: 0.44.1
2025-10-26 10:03:34,810:INFO:           interpret: 0.7.3
2025-10-26 10:03:34,810:INFO:                umap: 0.5.7
2025-10-26 10:03:34,810:INFO:     ydata_profiling: 4.17.0
2025-10-26 10:03:34,810:INFO:  explainerdashboard: 0.5.1
2025-10-26 10:03:34,810:INFO:             autoviz: Not installed
2025-10-26 10:03:34,810:INFO:           fairlearn: 0.7.0
2025-10-26 10:03:34,810:INFO:          deepchecks: Not installed
2025-10-26 10:03:34,810:INFO:             xgboost: Not installed
2025-10-26 10:03:34,810:INFO:            catboost: 1.2.8
2025-10-26 10:03:34,810:INFO:              kmodes: 0.12.2
2025-10-26 10:03:34,810:INFO:             mlxtend: 0.23.4
2025-10-26 10:03:34,810:INFO:       statsforecast: 1.5.0
2025-10-26 10:03:34,810:INFO:        tune_sklearn: Not installed
2025-10-26 10:03:34,810:INFO:                 ray: Not installed
2025-10-26 10:03:34,810:INFO:            hyperopt: 0.2.7
2025-10-26 10:03:34,811:INFO:              optuna: 4.5.0
2025-10-26 10:03:34,811:INFO:               skopt: 0.10.2
2025-10-26 10:03:34,811:INFO:              mlflow: 3.5.1
2025-10-26 10:03:34,811:INFO:              gradio: 5.49.1
2025-10-26 10:03:34,811:INFO:             fastapi: 0.120.0
2025-10-26 10:03:34,811:INFO:             uvicorn: 0.38.0
2025-10-26 10:03:34,811:INFO:              m2cgen: 0.10.0
2025-10-26 10:03:34,811:INFO:           evidently: 0.4.40
2025-10-26 10:03:34,811:INFO:               fugue: 0.8.7
2025-10-26 10:03:34,811:INFO:           streamlit: Not installed
2025-10-26 10:03:34,811:INFO:             prophet: Not installed
2025-10-26 10:03:34,811:INFO:None
2025-10-26 10:03:34,811:INFO:Set up data.
2025-10-26 10:03:34,818:INFO:Set up folding strategy.
2025-10-26 10:03:34,818:INFO:Set up train/test split.
2025-10-26 10:03:34,823:INFO:Set up index.
2025-10-26 10:03:34,824:INFO:Assigning column types.
2025-10-26 10:03:34,828:INFO:Engine successfully changes for model 'lr' to 'sklearn'.
2025-10-26 10:03:34,866:INFO:Engine for model 'knn' has not been set explicitly, hence returning None.
2025-10-26 10:03:34,870:INFO:Engine for model 'rbfsvm' has not been set explicitly, hence returning None.
2025-10-26 10:03:34,903:WARNING:
'xgboost' is a soft dependency and not included in the pycaret installation. Please run: `pip install xgboost` to install.
Alternately, you can install this by running `pip install pycaret[models]`
2025-10-26 10:03:34,904:INFO:Soft dependency imported: catboost: 1.2.8
2025-10-26 10:03:36,563:INFO:Engine for model 'knn' has not been set explicitly, hence returning None.
2025-10-26 10:03:36,563:INFO:Engine for model 'rbfsvm' has not been set explicitly, hence returning None.
2025-10-26 10:03:36,587:WARNING:
'xgboost' is a soft dependency and not included in the pycaret installation. Please run: `pip install xgboost` to install.
Alternately, you can install this by running `pip install pycaret[models]`
2025-10-26 10:03:36,587:INFO:Soft dependency imported: catboost: 1.2.8
2025-10-26 10:03:36,588:INFO:Engine successfully changes for model 'knn' to 'sklearn'.
2025-10-26 10:03:36,626:INFO:Engine for model 'rbfsvm' has not been set explicitly, hence returning None.
2025-10-26 10:03:36,650:WARNING:
'xgboost' is a soft dependency and not included in the pycaret installation. Please run: `pip install xgboost` to install.
Alternately, you can install this by running `pip install pycaret[models]`
2025-10-26 10:03:36,650:INFO:Soft dependency imported: catboost: 1.2.8
2025-10-26 10:03:36,688:INFO:Engine for model 'rbfsvm' has not been set explicitly, hence returning None.
2025-10-26 10:03:36,711:WARNING:
'xgboost' is a soft dependency and not included in the pycaret installation. Please run: `pip install xgboost` to install.
Alternately, you can install this by running `pip install pycaret[models]`
2025-10-26 10:03:36,712:INFO:Soft dependency imported: catboost: 1.2.8
2025-10-26 10:03:36,712:INFO:Engine successfully changes for model 'rbfsvm' to 'sklearn'.
2025-10-26 10:03:36,774:WARNING:
'xgboost' is a soft dependency and not included in the pycaret installation. Please run: `pip install xgboost` to install.
Alternately, you can install this by running `pip install pycaret[models]`
2025-10-26 10:03:36,775:INFO:Soft dependency imported: catboost: 1.2.8
2025-10-26 10:03:36,838:WARNING:
'xgboost' is a soft dependency and not included in the pycaret installation. Please run: `pip install xgboost` to install.
Alternately, you can install this by running `pip install pycaret[models]`
2025-10-26 10:03:36,838:INFO:Soft dependency imported: catboost: 1.2.8
2025-10-26 10:03:36,859:INFO:Preparing preprocessing pipeline...
2025-10-26 10:03:36,860:INFO:Set up simple imputation.
2025-10-26 10:03:36,860:INFO:Set up column transformation.
2025-10-26 10:03:36,860:INFO:Set up feature normalization.
2025-10-26 10:03:36,959:INFO:Finished creating preprocessing pipeline.
2025-10-26 10:03:36,965:INFO:Pipeline: Pipeline(memory=FastMemory(location=C:\Users\dhadu\AppData\Local\Temp\joblib),
         steps=[('numerical_imputer',
                 TransformerWrapper(exclude=None,
                                    include=['battery_power', 'bluetooth',
                                             'clock_speed', 'dual_sim',
                                             'fc_megapixel', 'four_g',
                                             'int_memory', 'm_depth',
                                             'mobile_wt', 'n_cores',
                                             'pc_megapixel', 'px_height',
                                             'px_width', 'ram', 'screen_height',
                                             'screen_width', 'talk_...
                                                              keep_empty_features=False,
                                                              missing_values=nan,
                                                              strategy='most_frequent'))),
                ('transformation',
                 TransformerWrapper(exclude=None, include=None,
                                    transformer=PowerTransformer(copy=True,
                                                                 method='yeo-johnson',
                                                                 standardize=False))),
                ('normalize',
                 TransformerWrapper(exclude=None, include=None,
                                    transformer=StandardScaler(copy=True,
                                                               with_mean=True,
                                                               with_std=True)))],
         verbose=False)
2025-10-26 10:03:36,965:INFO:Creating final display dataframe.
2025-10-26 10:03:37,075:INFO:Setup _display_container:                     Description             Value
0                    Session id               123
1                        Target       price_range
2                   Target type        Multiclass
3           Original data shape        (2000, 21)
4        Transformed data shape        (2000, 21)
5   Transformed train set shape        (1400, 21)
6    Transformed test set shape         (600, 21)
7              Numeric features                20
8                    Preprocess              True
9               Imputation type            simple
10           Numeric imputation              mean
11       Categorical imputation              mode
12               Transformation              True
13        Transformation method       yeo-johnson
14                    Normalize              True
15             Normalize method            zscore
16               Fold Generator   StratifiedKFold
17                  Fold Number                10
18                     CPU Jobs                -1
19                      Use GPU             False
20               Log Experiment             False
21              Experiment Name  clf-default-name
22                          USI              0b40
2025-10-26 10:03:37,141:WARNING:
'xgboost' is a soft dependency and not included in the pycaret installation. Please run: `pip install xgboost` to install.
Alternately, you can install this by running `pip install pycaret[models]`
2025-10-26 10:03:37,142:INFO:Soft dependency imported: catboost: 1.2.8
2025-10-26 10:03:37,205:WARNING:
'xgboost' is a soft dependency and not included in the pycaret installation. Please run: `pip install xgboost` to install.
Alternately, you can install this by running `pip install pycaret[models]`
2025-10-26 10:03:37,205:INFO:Soft dependency imported: catboost: 1.2.8
2025-10-26 10:03:37,206:INFO:setup() successfully completed in 12.52s...............
2025-10-26 10:03:37,220:INFO:Initializing compare_models()
2025-10-26 10:03:37,220:INFO:compare_models(self=<pycaret.classification.oop.ClassificationExperiment object at 0x00000144DA40A150>, include=None, exclude=None, fold=None, round=4, cross_validation=True, sort=Accuracy, n_select=1, budget_time=None, turbo=True, errors=ignore, fit_kwargs=None, groups=None, experiment_custom_tags=None, probability_threshold=None, verbose=True, parallel=None, caller_params={'self': <pycaret.classification.oop.ClassificationExperiment object at 0x00000144DA40A150>, 'include': None, 'exclude': None, 'fold': None, 'round': 4, 'cross_validation': True, 'sort': 'Accuracy', 'n_select': 1, 'budget_time': None, 'turbo': True, 'errors': 'ignore', 'fit_kwargs': None, 'groups': None, 'experiment_custom_tags': None, 'probability_threshold': None, 'engine': None, 'verbose': True, 'parallel': None, '__class__': <class 'pycaret.classification.oop.ClassificationExperiment'>})
2025-10-26 10:03:37,220:INFO:Checking exceptions
2025-10-26 10:03:37,227:INFO:Preparing display monitor
2025-10-26 10:03:37,249:INFO:Initializing Logistic Regression
2025-10-26 10:03:37,249:INFO:Total runtime is 0.0 minutes
2025-10-26 10:03:37,251:INFO:SubProcess create_model() called ==================================
2025-10-26 10:03:37,252:INFO:Initializing create_model()
2025-10-26 10:03:37,252:INFO:create_model(self=<pycaret.classification.oop.ClassificationExperiment object at 0x00000144DA40A150>, estimator=lr, fold=StratifiedKFold(n_splits=10, random_state=None, shuffle=False), round=4, cross_validation=True, predict=True, fit_kwargs={}, groups=None, refit=False, probability_threshold=None, experiment_custom_tags=None, verbose=False, system=False, add_to_model_list=True, metrics=None, display=<pycaret.internal.display.display.CommonDisplay object at 0x00000144F03EF050>, model_only=True, return_train_score=False, error_score=0.0, kwargs={})
2025-10-26 10:03:37,252:INFO:Checking exceptions
2025-10-26 10:03:37,252:INFO:Importing libraries
2025-10-26 10:03:37,252:INFO:Copying training dataset
2025-10-26 10:03:37,258:INFO:Defining folds
2025-10-26 10:03:37,258:INFO:Declaring metric variables
2025-10-26 10:03:37,261:INFO:Importing untrained model
2025-10-26 10:03:37,264:INFO:Logistic Regression Imported successfully
2025-10-26 10:03:37,269:INFO:Starting cross validation
2025-10-26 10:03:37,270:INFO:Cross validating with StratifiedKFold(n_splits=10, random_state=None, shuffle=False), n_jobs=-1
2025-10-26 10:03:46,064:WARNING:C:\Users\dhadu\AppData\Roaming\Python\Python311\site-packages\pycaret\internal\metrics.py:204: FitFailedWarning: Metric 'make_scorer(roc_auc_score, response_method=('decision_function', 'predict_proba'), average=weighted, multi_class=ovr)' failed and error score 0.0 has been returned instead. If this is a custom metric, this usually means that the error is in the metric code. Full exception below:
Traceback (most recent call last):
  File "C:\Users\dhadu\AppData\Roaming\Python\Python311\site-packages\pycaret\internal\metrics.py", line 196, in _score
    return super()._score(
           ^^^^^^^^^^^^^^^
  File "C:\Users\dhadu\AppData\Roaming\Python\Python311\site-packages\sklearn\metrics\_scorer.py", line 350, in _score
    return self._sign * self._score_func(y_true, y_pred, **scoring_kwargs)
                        ^^^^^^^^^^^^^^^^^^^^^^^^^^^^^^^^^^^^^^^^^^^^^^^^^^
  File "C:\Users\dhadu\AppData\Roaming\Python\Python311\site-packages\pycaret\internal\metrics.py", line 144, in __call__
    return self.score_func(y_true, y_pred, **kwargs)
           ^^^^^^^^^^^^^^^^^^^^^^^^^^^^^^^^^^^^^^^^^
  File "C:\Users\dhadu\AppData\Roaming\Python\Python311\site-packages\sklearn\utils\_param_validation.py", line 213, in wrapper
    return func(*args, **kwargs)
           ^^^^^^^^^^^^^^^^^^^^^
  File "C:\Users\dhadu\AppData\Roaming\Python\Python311\site-packages\sklearn\metrics\_ranking.py", line 634, in roc_auc_score
    return _multiclass_roc_auc_score(
           ^^^^^^^^^^^^^^^^^^^^^^^^^^
  File "C:\Users\dhadu\AppData\Roaming\Python\Python311\site-packages\sklearn\metrics\_ranking.py", line 707, in _multiclass_roc_auc_score
    raise ValueError(
ValueError: Target scores need to be probabilities for multiclass roc_auc, i.e. they should sum up to 1.0 over classes

  warnings.warn(

2025-10-26 10:03:46,064:WARNING:C:\Users\dhadu\AppData\Roaming\Python\Python311\site-packages\pycaret\internal\metrics.py:204: FitFailedWarning: Metric 'make_scorer(roc_auc_score, response_method=('decision_function', 'predict_proba'), average=weighted, multi_class=ovr)' failed and error score 0.0 has been returned instead. If this is a custom metric, this usually means that the error is in the metric code. Full exception below:
Traceback (most recent call last):
  File "C:\Users\dhadu\AppData\Roaming\Python\Python311\site-packages\pycaret\internal\metrics.py", line 196, in _score
    return super()._score(
           ^^^^^^^^^^^^^^^
  File "C:\Users\dhadu\AppData\Roaming\Python\Python311\site-packages\sklearn\metrics\_scorer.py", line 350, in _score
    return self._sign * self._score_func(y_true, y_pred, **scoring_kwargs)
                        ^^^^^^^^^^^^^^^^^^^^^^^^^^^^^^^^^^^^^^^^^^^^^^^^^^
  File "C:\Users\dhadu\AppData\Roaming\Python\Python311\site-packages\pycaret\internal\metrics.py", line 144, in __call__
    return self.score_func(y_true, y_pred, **kwargs)
           ^^^^^^^^^^^^^^^^^^^^^^^^^^^^^^^^^^^^^^^^^
  File "C:\Users\dhadu\AppData\Roaming\Python\Python311\site-packages\sklearn\utils\_param_validation.py", line 213, in wrapper
    return func(*args, **kwargs)
           ^^^^^^^^^^^^^^^^^^^^^
  File "C:\Users\dhadu\AppData\Roaming\Python\Python311\site-packages\sklearn\metrics\_ranking.py", line 634, in roc_auc_score
    return _multiclass_roc_auc_score(
           ^^^^^^^^^^^^^^^^^^^^^^^^^^
  File "C:\Users\dhadu\AppData\Roaming\Python\Python311\site-packages\sklearn\metrics\_ranking.py", line 707, in _multiclass_roc_auc_score
    raise ValueError(
ValueError: Target scores need to be probabilities for multiclass roc_auc, i.e. they should sum up to 1.0 over classes

  warnings.warn(

2025-10-26 10:03:46,065:WARNING:C:\Users\dhadu\AppData\Roaming\Python\Python311\site-packages\pycaret\internal\metrics.py:204: FitFailedWarning: Metric 'make_scorer(roc_auc_score, response_method=('decision_function', 'predict_proba'), average=weighted, multi_class=ovr)' failed and error score 0.0 has been returned instead. If this is a custom metric, this usually means that the error is in the metric code. Full exception below:
Traceback (most recent call last):
  File "C:\Users\dhadu\AppData\Roaming\Python\Python311\site-packages\pycaret\internal\metrics.py", line 196, in _score
    return super()._score(
           ^^^^^^^^^^^^^^^
  File "C:\Users\dhadu\AppData\Roaming\Python\Python311\site-packages\sklearn\metrics\_scorer.py", line 350, in _score
    return self._sign * self._score_func(y_true, y_pred, **scoring_kwargs)
                        ^^^^^^^^^^^^^^^^^^^^^^^^^^^^^^^^^^^^^^^^^^^^^^^^^^
  File "C:\Users\dhadu\AppData\Roaming\Python\Python311\site-packages\pycaret\internal\metrics.py", line 144, in __call__
    return self.score_func(y_true, y_pred, **kwargs)
           ^^^^^^^^^^^^^^^^^^^^^^^^^^^^^^^^^^^^^^^^^
  File "C:\Users\dhadu\AppData\Roaming\Python\Python311\site-packages\sklearn\utils\_param_validation.py", line 213, in wrapper
    return func(*args, **kwargs)
           ^^^^^^^^^^^^^^^^^^^^^
  File "C:\Users\dhadu\AppData\Roaming\Python\Python311\site-packages\sklearn\metrics\_ranking.py", line 634, in roc_auc_score
    return _multiclass_roc_auc_score(
           ^^^^^^^^^^^^^^^^^^^^^^^^^^
  File "C:\Users\dhadu\AppData\Roaming\Python\Python311\site-packages\sklearn\metrics\_ranking.py", line 707, in _multiclass_roc_auc_score
    raise ValueError(
ValueError: Target scores need to be probabilities for multiclass roc_auc, i.e. they should sum up to 1.0 over classes

  warnings.warn(

2025-10-26 10:03:46,065:WARNING:C:\Users\dhadu\AppData\Roaming\Python\Python311\site-packages\pycaret\internal\metrics.py:204: FitFailedWarning: Metric 'make_scorer(roc_auc_score, response_method=('decision_function', 'predict_proba'), average=weighted, multi_class=ovr)' failed and error score 0.0 has been returned instead. If this is a custom metric, this usually means that the error is in the metric code. Full exception below:
Traceback (most recent call last):
  File "C:\Users\dhadu\AppData\Roaming\Python\Python311\site-packages\pycaret\internal\metrics.py", line 196, in _score
    return super()._score(
           ^^^^^^^^^^^^^^^
  File "C:\Users\dhadu\AppData\Roaming\Python\Python311\site-packages\sklearn\metrics\_scorer.py", line 350, in _score
    return self._sign * self._score_func(y_true, y_pred, **scoring_kwargs)
                        ^^^^^^^^^^^^^^^^^^^^^^^^^^^^^^^^^^^^^^^^^^^^^^^^^^
  File "C:\Users\dhadu\AppData\Roaming\Python\Python311\site-packages\pycaret\internal\metrics.py", line 144, in __call__
    return self.score_func(y_true, y_pred, **kwargs)
           ^^^^^^^^^^^^^^^^^^^^^^^^^^^^^^^^^^^^^^^^^
  File "C:\Users\dhadu\AppData\Roaming\Python\Python311\site-packages\sklearn\utils\_param_validation.py", line 213, in wrapper
    return func(*args, **kwargs)
           ^^^^^^^^^^^^^^^^^^^^^
  File "C:\Users\dhadu\AppData\Roaming\Python\Python311\site-packages\sklearn\metrics\_ranking.py", line 634, in roc_auc_score
    return _multiclass_roc_auc_score(
           ^^^^^^^^^^^^^^^^^^^^^^^^^^
  File "C:\Users\dhadu\AppData\Roaming\Python\Python311\site-packages\sklearn\metrics\_ranking.py", line 707, in _multiclass_roc_auc_score
    raise ValueError(
ValueError: Target scores need to be probabilities for multiclass roc_auc, i.e. they should sum up to 1.0 over classes

  warnings.warn(

2025-10-26 10:03:46,066:WARNING:C:\Users\dhadu\AppData\Roaming\Python\Python311\site-packages\pycaret\internal\metrics.py:204: FitFailedWarning: Metric 'make_scorer(roc_auc_score, response_method=('decision_function', 'predict_proba'), average=weighted, multi_class=ovr)' failed and error score 0.0 has been returned instead. If this is a custom metric, this usually means that the error is in the metric code. Full exception below:
Traceback (most recent call last):
  File "C:\Users\dhadu\AppData\Roaming\Python\Python311\site-packages\pycaret\internal\metrics.py", line 196, in _score
    return super()._score(
           ^^^^^^^^^^^^^^^
  File "C:\Users\dhadu\AppData\Roaming\Python\Python311\site-packages\sklearn\metrics\_scorer.py", line 350, in _score
    return self._sign * self._score_func(y_true, y_pred, **scoring_kwargs)
                        ^^^^^^^^^^^^^^^^^^^^^^^^^^^^^^^^^^^^^^^^^^^^^^^^^^
  File "C:\Users\dhadu\AppData\Roaming\Python\Python311\site-packages\pycaret\internal\metrics.py", line 144, in __call__
    return self.score_func(y_true, y_pred, **kwargs)
           ^^^^^^^^^^^^^^^^^^^^^^^^^^^^^^^^^^^^^^^^^
  File "C:\Users\dhadu\AppData\Roaming\Python\Python311\site-packages\sklearn\utils\_param_validation.py", line 213, in wrapper
    return func(*args, **kwargs)
           ^^^^^^^^^^^^^^^^^^^^^
  File "C:\Users\dhadu\AppData\Roaming\Python\Python311\site-packages\sklearn\metrics\_ranking.py", line 634, in roc_auc_score
    return _multiclass_roc_auc_score(
           ^^^^^^^^^^^^^^^^^^^^^^^^^^
  File "C:\Users\dhadu\AppData\Roaming\Python\Python311\site-packages\sklearn\metrics\_ranking.py", line 707, in _multiclass_roc_auc_score
    raise ValueError(
ValueError: Target scores need to be probabilities for multiclass roc_auc, i.e. they should sum up to 1.0 over classes

  warnings.warn(

2025-10-26 10:03:46,066:WARNING:C:\Users\dhadu\AppData\Roaming\Python\Python311\site-packages\pycaret\internal\metrics.py:204: FitFailedWarning: Metric 'make_scorer(roc_auc_score, response_method=('decision_function', 'predict_proba'), average=weighted, multi_class=ovr)' failed and error score 0.0 has been returned instead. If this is a custom metric, this usually means that the error is in the metric code. Full exception below:
Traceback (most recent call last):
  File "C:\Users\dhadu\AppData\Roaming\Python\Python311\site-packages\pycaret\internal\metrics.py", line 196, in _score
    return super()._score(
           ^^^^^^^^^^^^^^^
  File "C:\Users\dhadu\AppData\Roaming\Python\Python311\site-packages\sklearn\metrics\_scorer.py", line 350, in _score
    return self._sign * self._score_func(y_true, y_pred, **scoring_kwargs)
                        ^^^^^^^^^^^^^^^^^^^^^^^^^^^^^^^^^^^^^^^^^^^^^^^^^^
  File "C:\Users\dhadu\AppData\Roaming\Python\Python311\site-packages\pycaret\internal\metrics.py", line 144, in __call__
    return self.score_func(y_true, y_pred, **kwargs)
           ^^^^^^^^^^^^^^^^^^^^^^^^^^^^^^^^^^^^^^^^^
  File "C:\Users\dhadu\AppData\Roaming\Python\Python311\site-packages\sklearn\utils\_param_validation.py", line 213, in wrapper
    return func(*args, **kwargs)
           ^^^^^^^^^^^^^^^^^^^^^
  File "C:\Users\dhadu\AppData\Roaming\Python\Python311\site-packages\sklearn\metrics\_ranking.py", line 634, in roc_auc_score
    return _multiclass_roc_auc_score(
           ^^^^^^^^^^^^^^^^^^^^^^^^^^
  File "C:\Users\dhadu\AppData\Roaming\Python\Python311\site-packages\sklearn\metrics\_ranking.py", line 707, in _multiclass_roc_auc_score
    raise ValueError(
ValueError: Target scores need to be probabilities for multiclass roc_auc, i.e. they should sum up to 1.0 over classes

  warnings.warn(

2025-10-26 10:03:46,112:WARNING:C:\Users\dhadu\AppData\Roaming\Python\Python311\site-packages\pycaret\internal\metrics.py:204: FitFailedWarning: Metric 'make_scorer(roc_auc_score, response_method=('decision_function', 'predict_proba'), average=weighted, multi_class=ovr)' failed and error score 0.0 has been returned instead. If this is a custom metric, this usually means that the error is in the metric code. Full exception below:
Traceback (most recent call last):
  File "C:\Users\dhadu\AppData\Roaming\Python\Python311\site-packages\pycaret\internal\metrics.py", line 196, in _score
    return super()._score(
           ^^^^^^^^^^^^^^^
  File "C:\Users\dhadu\AppData\Roaming\Python\Python311\site-packages\sklearn\metrics\_scorer.py", line 350, in _score
    return self._sign * self._score_func(y_true, y_pred, **scoring_kwargs)
                        ^^^^^^^^^^^^^^^^^^^^^^^^^^^^^^^^^^^^^^^^^^^^^^^^^^
  File "C:\Users\dhadu\AppData\Roaming\Python\Python311\site-packages\pycaret\internal\metrics.py", line 144, in __call__
    return self.score_func(y_true, y_pred, **kwargs)
           ^^^^^^^^^^^^^^^^^^^^^^^^^^^^^^^^^^^^^^^^^
  File "C:\Users\dhadu\AppData\Roaming\Python\Python311\site-packages\sklearn\utils\_param_validation.py", line 213, in wrapper
    return func(*args, **kwargs)
           ^^^^^^^^^^^^^^^^^^^^^
  File "C:\Users\dhadu\AppData\Roaming\Python\Python311\site-packages\sklearn\metrics\_ranking.py", line 634, in roc_auc_score
    return _multiclass_roc_auc_score(
           ^^^^^^^^^^^^^^^^^^^^^^^^^^
  File "C:\Users\dhadu\AppData\Roaming\Python\Python311\site-packages\sklearn\metrics\_ranking.py", line 707, in _multiclass_roc_auc_score
    raise ValueError(
ValueError: Target scores need to be probabilities for multiclass roc_auc, i.e. they should sum up to 1.0 over classes

  warnings.warn(

2025-10-26 10:03:46,379:WARNING:C:\Users\dhadu\AppData\Roaming\Python\Python311\site-packages\pycaret\internal\metrics.py:204: FitFailedWarning: Metric 'make_scorer(roc_auc_score, response_method=('decision_function', 'predict_proba'), average=weighted, multi_class=ovr)' failed and error score 0.0 has been returned instead. If this is a custom metric, this usually means that the error is in the metric code. Full exception below:
Traceback (most recent call last):
  File "C:\Users\dhadu\AppData\Roaming\Python\Python311\site-packages\pycaret\internal\metrics.py", line 196, in _score
    return super()._score(
           ^^^^^^^^^^^^^^^
  File "C:\Users\dhadu\AppData\Roaming\Python\Python311\site-packages\sklearn\metrics\_scorer.py", line 350, in _score
    return self._sign * self._score_func(y_true, y_pred, **scoring_kwargs)
                        ^^^^^^^^^^^^^^^^^^^^^^^^^^^^^^^^^^^^^^^^^^^^^^^^^^
  File "C:\Users\dhadu\AppData\Roaming\Python\Python311\site-packages\pycaret\internal\metrics.py", line 144, in __call__
    return self.score_func(y_true, y_pred, **kwargs)
           ^^^^^^^^^^^^^^^^^^^^^^^^^^^^^^^^^^^^^^^^^
  File "C:\Users\dhadu\AppData\Roaming\Python\Python311\site-packages\sklearn\utils\_param_validation.py", line 213, in wrapper
    return func(*args, **kwargs)
           ^^^^^^^^^^^^^^^^^^^^^
  File "C:\Users\dhadu\AppData\Roaming\Python\Python311\site-packages\sklearn\metrics\_ranking.py", line 634, in roc_auc_score
    return _multiclass_roc_auc_score(
           ^^^^^^^^^^^^^^^^^^^^^^^^^^
  File "C:\Users\dhadu\AppData\Roaming\Python\Python311\site-packages\sklearn\metrics\_ranking.py", line 707, in _multiclass_roc_auc_score
    raise ValueError(
ValueError: Target scores need to be probabilities for multiclass roc_auc, i.e. they should sum up to 1.0 over classes

  warnings.warn(

2025-10-26 10:03:46,387:WARNING:C:\Users\dhadu\AppData\Roaming\Python\Python311\site-packages\pycaret\internal\metrics.py:204: FitFailedWarning: Metric 'make_scorer(roc_auc_score, response_method=('decision_function', 'predict_proba'), average=weighted, multi_class=ovr)' failed and error score 0.0 has been returned instead. If this is a custom metric, this usually means that the error is in the metric code. Full exception below:
Traceback (most recent call last):
  File "C:\Users\dhadu\AppData\Roaming\Python\Python311\site-packages\pycaret\internal\metrics.py", line 196, in _score
    return super()._score(
           ^^^^^^^^^^^^^^^
  File "C:\Users\dhadu\AppData\Roaming\Python\Python311\site-packages\sklearn\metrics\_scorer.py", line 350, in _score
    return self._sign * self._score_func(y_true, y_pred, **scoring_kwargs)
                        ^^^^^^^^^^^^^^^^^^^^^^^^^^^^^^^^^^^^^^^^^^^^^^^^^^
  File "C:\Users\dhadu\AppData\Roaming\Python\Python311\site-packages\pycaret\internal\metrics.py", line 144, in __call__
    return self.score_func(y_true, y_pred, **kwargs)
           ^^^^^^^^^^^^^^^^^^^^^^^^^^^^^^^^^^^^^^^^^
  File "C:\Users\dhadu\AppData\Roaming\Python\Python311\site-packages\sklearn\utils\_param_validation.py", line 213, in wrapper
    return func(*args, **kwargs)
           ^^^^^^^^^^^^^^^^^^^^^
  File "C:\Users\dhadu\AppData\Roaming\Python\Python311\site-packages\sklearn\metrics\_ranking.py", line 634, in roc_auc_score
    return _multiclass_roc_auc_score(
           ^^^^^^^^^^^^^^^^^^^^^^^^^^
  File "C:\Users\dhadu\AppData\Roaming\Python\Python311\site-packages\sklearn\metrics\_ranking.py", line 707, in _multiclass_roc_auc_score
    raise ValueError(
ValueError: Target scores need to be probabilities for multiclass roc_auc, i.e. they should sum up to 1.0 over classes

  warnings.warn(

2025-10-26 10:03:46,396:INFO:Calculating mean and std
2025-10-26 10:03:46,397:INFO:Creating metrics dataframe
2025-10-26 10:03:46,400:INFO:Uploading results into container
2025-10-26 10:03:46,400:INFO:Uploading model into container now
2025-10-26 10:03:46,401:INFO:_master_model_container: 1
2025-10-26 10:03:46,401:INFO:_display_container: 2
2025-10-26 10:03:46,402:INFO:LogisticRegression(C=1.0, class_weight=None, dual=False, fit_intercept=True,
                   intercept_scaling=1, l1_ratio=None, max_iter=1000,
                   multi_class='auto', n_jobs=None, penalty='l2',
                   random_state=123, solver='lbfgs', tol=0.0001, verbose=0,
                   warm_start=False)
2025-10-26 10:03:46,402:INFO:create_model() successfully completed......................................
2025-10-26 10:03:46,554:INFO:SubProcess create_model() end ==================================
2025-10-26 10:03:46,554:INFO:Creating metrics dataframe
2025-10-26 10:03:46,573:INFO:Initializing K Neighbors Classifier
2025-10-26 10:03:46,573:INFO:Total runtime is 0.15540583928426108 minutes
2025-10-26 10:03:46,579:INFO:SubProcess create_model() called ==================================
2025-10-26 10:03:46,579:INFO:Initializing create_model()
2025-10-26 10:03:46,579:INFO:create_model(self=<pycaret.classification.oop.ClassificationExperiment object at 0x00000144DA40A150>, estimator=knn, fold=StratifiedKFold(n_splits=10, random_state=None, shuffle=False), round=4, cross_validation=True, predict=True, fit_kwargs={}, groups=None, refit=False, probability_threshold=None, experiment_custom_tags=None, verbose=False, system=False, add_to_model_list=True, metrics=None, display=<pycaret.internal.display.display.CommonDisplay object at 0x00000144F03EF050>, model_only=True, return_train_score=False, error_score=0.0, kwargs={})
2025-10-26 10:03:46,579:INFO:Checking exceptions
2025-10-26 10:03:46,579:INFO:Importing libraries
2025-10-26 10:03:46,580:INFO:Copying training dataset
2025-10-26 10:03:46,588:INFO:Defining folds
2025-10-26 10:03:46,588:INFO:Declaring metric variables
2025-10-26 10:03:46,591:INFO:Importing untrained model
2025-10-26 10:03:46,596:INFO:K Neighbors Classifier Imported successfully
2025-10-26 10:03:46,606:INFO:Starting cross validation
2025-10-26 10:03:46,607:INFO:Cross validating with StratifiedKFold(n_splits=10, random_state=None, shuffle=False), n_jobs=-1
2025-10-26 10:03:46,923:INFO:Calculating mean and std
2025-10-26 10:03:46,924:INFO:Creating metrics dataframe
2025-10-26 10:03:46,926:INFO:Uploading results into container
2025-10-26 10:03:46,927:INFO:Uploading model into container now
2025-10-26 10:03:46,927:INFO:_master_model_container: 2
2025-10-26 10:03:46,927:INFO:_display_container: 2
2025-10-26 10:03:46,928:INFO:KNeighborsClassifier(algorithm='auto', leaf_size=30, metric='minkowski',
                     metric_params=None, n_jobs=-1, n_neighbors=5, p=2,
                     weights='uniform')
2025-10-26 10:03:46,928:INFO:create_model() successfully completed......................................
2025-10-26 10:03:47,066:INFO:SubProcess create_model() end ==================================
2025-10-26 10:03:47,066:INFO:Creating metrics dataframe
2025-10-26 10:03:47,078:INFO:Initializing Naive Bayes
2025-10-26 10:03:47,078:INFO:Total runtime is 0.16381598711013795 minutes
2025-10-26 10:03:47,081:INFO:SubProcess create_model() called ==================================
2025-10-26 10:03:47,081:INFO:Initializing create_model()
2025-10-26 10:03:47,081:INFO:create_model(self=<pycaret.classification.oop.ClassificationExperiment object at 0x00000144DA40A150>, estimator=nb, fold=StratifiedKFold(n_splits=10, random_state=None, shuffle=False), round=4, cross_validation=True, predict=True, fit_kwargs={}, groups=None, refit=False, probability_threshold=None, experiment_custom_tags=None, verbose=False, system=False, add_to_model_list=True, metrics=None, display=<pycaret.internal.display.display.CommonDisplay object at 0x00000144F03EF050>, model_only=True, return_train_score=False, error_score=0.0, kwargs={})
2025-10-26 10:03:47,081:INFO:Checking exceptions
2025-10-26 10:03:47,082:INFO:Importing libraries
2025-10-26 10:03:47,082:INFO:Copying training dataset
2025-10-26 10:03:47,089:INFO:Defining folds
2025-10-26 10:03:47,089:INFO:Declaring metric variables
2025-10-26 10:03:47,092:INFO:Importing untrained model
2025-10-26 10:03:47,098:INFO:Naive Bayes Imported successfully
2025-10-26 10:03:47,107:INFO:Starting cross validation
2025-10-26 10:03:47,108:INFO:Cross validating with StratifiedKFold(n_splits=10, random_state=None, shuffle=False), n_jobs=-1
2025-10-26 10:03:47,414:INFO:Calculating mean and std
2025-10-26 10:03:47,415:INFO:Creating metrics dataframe
2025-10-26 10:03:47,417:INFO:Uploading results into container
2025-10-26 10:03:47,418:INFO:Uploading model into container now
2025-10-26 10:03:47,419:INFO:_master_model_container: 3
2025-10-26 10:03:47,419:INFO:_display_container: 2
2025-10-26 10:03:47,419:INFO:GaussianNB(priors=None, var_smoothing=1e-09)
2025-10-26 10:03:47,420:INFO:create_model() successfully completed......................................
2025-10-26 10:03:47,576:INFO:SubProcess create_model() end ==================================
2025-10-26 10:03:47,576:INFO:Creating metrics dataframe
2025-10-26 10:03:47,585:INFO:Initializing Decision Tree Classifier
2025-10-26 10:03:47,585:INFO:Total runtime is 0.17227117220560711 minutes
2025-10-26 10:03:47,588:INFO:SubProcess create_model() called ==================================
2025-10-26 10:03:47,589:INFO:Initializing create_model()
2025-10-26 10:03:47,589:INFO:create_model(self=<pycaret.classification.oop.ClassificationExperiment object at 0x00000144DA40A150>, estimator=dt, fold=StratifiedKFold(n_splits=10, random_state=None, shuffle=False), round=4, cross_validation=True, predict=True, fit_kwargs={}, groups=None, refit=False, probability_threshold=None, experiment_custom_tags=None, verbose=False, system=False, add_to_model_list=True, metrics=None, display=<pycaret.internal.display.display.CommonDisplay object at 0x00000144F03EF050>, model_only=True, return_train_score=False, error_score=0.0, kwargs={})
2025-10-26 10:03:47,589:INFO:Checking exceptions
2025-10-26 10:03:47,589:INFO:Importing libraries
2025-10-26 10:03:47,589:INFO:Copying training dataset
2025-10-26 10:03:47,598:INFO:Defining folds
2025-10-26 10:03:47,598:INFO:Declaring metric variables
2025-10-26 10:03:47,602:INFO:Importing untrained model
2025-10-26 10:03:47,606:INFO:Decision Tree Classifier Imported successfully
2025-10-26 10:03:47,615:INFO:Starting cross validation
2025-10-26 10:03:47,617:INFO:Cross validating with StratifiedKFold(n_splits=10, random_state=None, shuffle=False), n_jobs=-1
2025-10-26 10:03:47,955:INFO:Calculating mean and std
2025-10-26 10:03:47,956:INFO:Creating metrics dataframe
2025-10-26 10:03:47,958:INFO:Uploading results into container
2025-10-26 10:03:47,959:INFO:Uploading model into container now
2025-10-26 10:03:47,959:INFO:_master_model_container: 4
2025-10-26 10:03:47,959:INFO:_display_container: 2
2025-10-26 10:03:47,960:INFO:DecisionTreeClassifier(ccp_alpha=0.0, class_weight=None, criterion='gini',
                       max_depth=None, max_features=None, max_leaf_nodes=None,
                       min_impurity_decrease=0.0, min_samples_leaf=1,
                       min_samples_split=2, min_weight_fraction_leaf=0.0,
                       monotonic_cst=None, random_state=123, splitter='best')
2025-10-26 10:03:47,960:INFO:create_model() successfully completed......................................
2025-10-26 10:03:48,106:INFO:SubProcess create_model() end ==================================
2025-10-26 10:03:48,107:INFO:Creating metrics dataframe
2025-10-26 10:03:48,117:INFO:Initializing SVM - Linear Kernel
2025-10-26 10:03:48,117:INFO:Total runtime is 0.1811422944068909 minutes
2025-10-26 10:03:48,121:INFO:SubProcess create_model() called ==================================
2025-10-26 10:03:48,121:INFO:Initializing create_model()
2025-10-26 10:03:48,121:INFO:create_model(self=<pycaret.classification.oop.ClassificationExperiment object at 0x00000144DA40A150>, estimator=svm, fold=StratifiedKFold(n_splits=10, random_state=None, shuffle=False), round=4, cross_validation=True, predict=True, fit_kwargs={}, groups=None, refit=False, probability_threshold=None, experiment_custom_tags=None, verbose=False, system=False, add_to_model_list=True, metrics=None, display=<pycaret.internal.display.display.CommonDisplay object at 0x00000144F03EF050>, model_only=True, return_train_score=False, error_score=0.0, kwargs={})
2025-10-26 10:03:48,121:INFO:Checking exceptions
2025-10-26 10:03:48,121:INFO:Importing libraries
2025-10-26 10:03:48,121:INFO:Copying training dataset
2025-10-26 10:03:48,129:INFO:Defining folds
2025-10-26 10:03:48,129:INFO:Declaring metric variables
2025-10-26 10:03:48,132:INFO:Importing untrained model
2025-10-26 10:03:48,137:INFO:SVM - Linear Kernel Imported successfully
2025-10-26 10:03:48,145:INFO:Starting cross validation
2025-10-26 10:03:48,146:INFO:Cross validating with StratifiedKFold(n_splits=10, random_state=None, shuffle=False), n_jobs=-1
2025-10-26 10:03:48,347:WARNING:C:\Users\dhadu\AppData\Roaming\Python\Python311\site-packages\pycaret\internal\metrics.py:204: FitFailedWarning: Metric 'make_scorer(roc_auc_score, response_method=('decision_function', 'predict_proba'), average=weighted, multi_class=ovr)' failed and error score 0.0 has been returned instead. If this is a custom metric, this usually means that the error is in the metric code. Full exception below:
Traceback (most recent call last):
  File "C:\Users\dhadu\AppData\Roaming\Python\Python311\site-packages\pycaret\internal\metrics.py", line 196, in _score
    return super()._score(
           ^^^^^^^^^^^^^^^
  File "C:\Users\dhadu\AppData\Roaming\Python\Python311\site-packages\sklearn\metrics\_scorer.py", line 350, in _score
    return self._sign * self._score_func(y_true, y_pred, **scoring_kwargs)
                        ^^^^^^^^^^^^^^^^^^^^^^^^^^^^^^^^^^^^^^^^^^^^^^^^^^
  File "C:\Users\dhadu\AppData\Roaming\Python\Python311\site-packages\pycaret\internal\metrics.py", line 144, in __call__
    return self.score_func(y_true, y_pred, **kwargs)
           ^^^^^^^^^^^^^^^^^^^^^^^^^^^^^^^^^^^^^^^^^
  File "C:\Users\dhadu\AppData\Roaming\Python\Python311\site-packages\sklearn\utils\_param_validation.py", line 213, in wrapper
    return func(*args, **kwargs)
           ^^^^^^^^^^^^^^^^^^^^^
  File "C:\Users\dhadu\AppData\Roaming\Python\Python311\site-packages\sklearn\metrics\_ranking.py", line 634, in roc_auc_score
    return _multiclass_roc_auc_score(
           ^^^^^^^^^^^^^^^^^^^^^^^^^^
  File "C:\Users\dhadu\AppData\Roaming\Python\Python311\site-packages\sklearn\metrics\_ranking.py", line 707, in _multiclass_roc_auc_score
    raise ValueError(
ValueError: Target scores need to be probabilities for multiclass roc_auc, i.e. they should sum up to 1.0 over classes

  warnings.warn(

2025-10-26 10:03:48,353:WARNING:C:\Users\dhadu\AppData\Roaming\Python\Python311\site-packages\pycaret\internal\metrics.py:204: FitFailedWarning: Metric 'make_scorer(roc_auc_score, response_method=('decision_function', 'predict_proba'), average=weighted, multi_class=ovr)' failed and error score 0.0 has been returned instead. If this is a custom metric, this usually means that the error is in the metric code. Full exception below:
Traceback (most recent call last):
  File "C:\Users\dhadu\AppData\Roaming\Python\Python311\site-packages\pycaret\internal\metrics.py", line 196, in _score
    return super()._score(
           ^^^^^^^^^^^^^^^
  File "C:\Users\dhadu\AppData\Roaming\Python\Python311\site-packages\sklearn\metrics\_scorer.py", line 350, in _score
    return self._sign * self._score_func(y_true, y_pred, **scoring_kwargs)
                        ^^^^^^^^^^^^^^^^^^^^^^^^^^^^^^^^^^^^^^^^^^^^^^^^^^
  File "C:\Users\dhadu\AppData\Roaming\Python\Python311\site-packages\pycaret\internal\metrics.py", line 144, in __call__
    return self.score_func(y_true, y_pred, **kwargs)
           ^^^^^^^^^^^^^^^^^^^^^^^^^^^^^^^^^^^^^^^^^
  File "C:\Users\dhadu\AppData\Roaming\Python\Python311\site-packages\sklearn\utils\_param_validation.py", line 213, in wrapper
    return func(*args, **kwargs)
           ^^^^^^^^^^^^^^^^^^^^^
  File "C:\Users\dhadu\AppData\Roaming\Python\Python311\site-packages\sklearn\metrics\_ranking.py", line 634, in roc_auc_score
    return _multiclass_roc_auc_score(
           ^^^^^^^^^^^^^^^^^^^^^^^^^^
  File "C:\Users\dhadu\AppData\Roaming\Python\Python311\site-packages\sklearn\metrics\_ranking.py", line 707, in _multiclass_roc_auc_score
    raise ValueError(
ValueError: Target scores need to be probabilities for multiclass roc_auc, i.e. they should sum up to 1.0 over classes

  warnings.warn(

2025-10-26 10:03:48,354:WARNING:C:\Users\dhadu\AppData\Roaming\Python\Python311\site-packages\pycaret\internal\metrics.py:204: FitFailedWarning: Metric 'make_scorer(roc_auc_score, response_method=('decision_function', 'predict_proba'), average=weighted, multi_class=ovr)' failed and error score 0.0 has been returned instead. If this is a custom metric, this usually means that the error is in the metric code. Full exception below:
Traceback (most recent call last):
  File "C:\Users\dhadu\AppData\Roaming\Python\Python311\site-packages\pycaret\internal\metrics.py", line 196, in _score
    return super()._score(
           ^^^^^^^^^^^^^^^
  File "C:\Users\dhadu\AppData\Roaming\Python\Python311\site-packages\sklearn\metrics\_scorer.py", line 350, in _score
    return self._sign * self._score_func(y_true, y_pred, **scoring_kwargs)
                        ^^^^^^^^^^^^^^^^^^^^^^^^^^^^^^^^^^^^^^^^^^^^^^^^^^
  File "C:\Users\dhadu\AppData\Roaming\Python\Python311\site-packages\pycaret\internal\metrics.py", line 144, in __call__
    return self.score_func(y_true, y_pred, **kwargs)
           ^^^^^^^^^^^^^^^^^^^^^^^^^^^^^^^^^^^^^^^^^
  File "C:\Users\dhadu\AppData\Roaming\Python\Python311\site-packages\sklearn\utils\_param_validation.py", line 213, in wrapper
    return func(*args, **kwargs)
           ^^^^^^^^^^^^^^^^^^^^^
  File "C:\Users\dhadu\AppData\Roaming\Python\Python311\site-packages\sklearn\metrics\_ranking.py", line 634, in roc_auc_score
    return _multiclass_roc_auc_score(
           ^^^^^^^^^^^^^^^^^^^^^^^^^^
  File "C:\Users\dhadu\AppData\Roaming\Python\Python311\site-packages\sklearn\metrics\_ranking.py", line 707, in _multiclass_roc_auc_score
    raise ValueError(
ValueError: Target scores need to be probabilities for multiclass roc_auc, i.e. they should sum up to 1.0 over classes

  warnings.warn(

2025-10-26 10:03:48,355:WARNING:C:\Users\dhadu\AppData\Roaming\Python\Python311\site-packages\pycaret\internal\metrics.py:204: FitFailedWarning: Metric 'make_scorer(roc_auc_score, response_method=('decision_function', 'predict_proba'), average=weighted, multi_class=ovr)' failed and error score 0.0 has been returned instead. If this is a custom metric, this usually means that the error is in the metric code. Full exception below:
Traceback (most recent call last):
  File "C:\Users\dhadu\AppData\Roaming\Python\Python311\site-packages\pycaret\internal\metrics.py", line 196, in _score
    return super()._score(
           ^^^^^^^^^^^^^^^
  File "C:\Users\dhadu\AppData\Roaming\Python\Python311\site-packages\sklearn\metrics\_scorer.py", line 350, in _score
    return self._sign * self._score_func(y_true, y_pred, **scoring_kwargs)
                        ^^^^^^^^^^^^^^^^^^^^^^^^^^^^^^^^^^^^^^^^^^^^^^^^^^
  File "C:\Users\dhadu\AppData\Roaming\Python\Python311\site-packages\pycaret\internal\metrics.py", line 144, in __call__
    return self.score_func(y_true, y_pred, **kwargs)
           ^^^^^^^^^^^^^^^^^^^^^^^^^^^^^^^^^^^^^^^^^
  File "C:\Users\dhadu\AppData\Roaming\Python\Python311\site-packages\sklearn\utils\_param_validation.py", line 213, in wrapper
    return func(*args, **kwargs)
           ^^^^^^^^^^^^^^^^^^^^^
  File "C:\Users\dhadu\AppData\Roaming\Python\Python311\site-packages\sklearn\metrics\_ranking.py", line 634, in roc_auc_score
    return _multiclass_roc_auc_score(
           ^^^^^^^^^^^^^^^^^^^^^^^^^^
  File "C:\Users\dhadu\AppData\Roaming\Python\Python311\site-packages\sklearn\metrics\_ranking.py", line 707, in _multiclass_roc_auc_score
    raise ValueError(
ValueError: Target scores need to be probabilities for multiclass roc_auc, i.e. they should sum up to 1.0 over classes

  warnings.warn(

2025-10-26 10:03:48,363:WARNING:C:\Users\dhadu\AppData\Roaming\Python\Python311\site-packages\pycaret\internal\metrics.py:204: FitFailedWarning: Metric 'make_scorer(roc_auc_score, response_method=('decision_function', 'predict_proba'), average=weighted, multi_class=ovr)' failed and error score 0.0 has been returned instead. If this is a custom metric, this usually means that the error is in the metric code. Full exception below:
Traceback (most recent call last):
  File "C:\Users\dhadu\AppData\Roaming\Python\Python311\site-packages\pycaret\internal\metrics.py", line 196, in _score
    return super()._score(
           ^^^^^^^^^^^^^^^
  File "C:\Users\dhadu\AppData\Roaming\Python\Python311\site-packages\sklearn\metrics\_scorer.py", line 350, in _score
    return self._sign * self._score_func(y_true, y_pred, **scoring_kwargs)
                        ^^^^^^^^^^^^^^^^^^^^^^^^^^^^^^^^^^^^^^^^^^^^^^^^^^
  File "C:\Users\dhadu\AppData\Roaming\Python\Python311\site-packages\pycaret\internal\metrics.py", line 144, in __call__
    return self.score_func(y_true, y_pred, **kwargs)
           ^^^^^^^^^^^^^^^^^^^^^^^^^^^^^^^^^^^^^^^^^
  File "C:\Users\dhadu\AppData\Roaming\Python\Python311\site-packages\sklearn\utils\_param_validation.py", line 213, in wrapper
    return func(*args, **kwargs)
           ^^^^^^^^^^^^^^^^^^^^^
  File "C:\Users\dhadu\AppData\Roaming\Python\Python311\site-packages\sklearn\metrics\_ranking.py", line 634, in roc_auc_score
    return _multiclass_roc_auc_score(
           ^^^^^^^^^^^^^^^^^^^^^^^^^^
  File "C:\Users\dhadu\AppData\Roaming\Python\Python311\site-packages\sklearn\metrics\_ranking.py", line 707, in _multiclass_roc_auc_score
    raise ValueError(
ValueError: Target scores need to be probabilities for multiclass roc_auc, i.e. they should sum up to 1.0 over classes

  warnings.warn(

2025-10-26 10:03:48,365:WARNING:C:\Users\dhadu\AppData\Roaming\Python\Python311\site-packages\pycaret\internal\metrics.py:204: FitFailedWarning: Metric 'make_scorer(roc_auc_score, response_method=('decision_function', 'predict_proba'), average=weighted, multi_class=ovr)' failed and error score 0.0 has been returned instead. If this is a custom metric, this usually means that the error is in the metric code. Full exception below:
Traceback (most recent call last):
  File "C:\Users\dhadu\AppData\Roaming\Python\Python311\site-packages\pycaret\internal\metrics.py", line 196, in _score
    return super()._score(
           ^^^^^^^^^^^^^^^
  File "C:\Users\dhadu\AppData\Roaming\Python\Python311\site-packages\sklearn\metrics\_scorer.py", line 350, in _score
    return self._sign * self._score_func(y_true, y_pred, **scoring_kwargs)
                        ^^^^^^^^^^^^^^^^^^^^^^^^^^^^^^^^^^^^^^^^^^^^^^^^^^
  File "C:\Users\dhadu\AppData\Roaming\Python\Python311\site-packages\pycaret\internal\metrics.py", line 144, in __call__
    return self.score_func(y_true, y_pred, **kwargs)
           ^^^^^^^^^^^^^^^^^^^^^^^^^^^^^^^^^^^^^^^^^
  File "C:\Users\dhadu\AppData\Roaming\Python\Python311\site-packages\sklearn\utils\_param_validation.py", line 213, in wrapper
    return func(*args, **kwargs)
           ^^^^^^^^^^^^^^^^^^^^^
  File "C:\Users\dhadu\AppData\Roaming\Python\Python311\site-packages\sklearn\metrics\_ranking.py", line 634, in roc_auc_score
    return _multiclass_roc_auc_score(
           ^^^^^^^^^^^^^^^^^^^^^^^^^^
  File "C:\Users\dhadu\AppData\Roaming\Python\Python311\site-packages\sklearn\metrics\_ranking.py", line 707, in _multiclass_roc_auc_score
    raise ValueError(
ValueError: Target scores need to be probabilities for multiclass roc_auc, i.e. they should sum up to 1.0 over classes

  warnings.warn(

2025-10-26 10:03:48,374:WARNING:C:\Users\dhadu\AppData\Roaming\Python\Python311\site-packages\pycaret\internal\metrics.py:204: FitFailedWarning: Metric 'make_scorer(roc_auc_score, response_method=('decision_function', 'predict_proba'), average=weighted, multi_class=ovr)' failed and error score 0.0 has been returned instead. If this is a custom metric, this usually means that the error is in the metric code. Full exception below:
Traceback (most recent call last):
  File "C:\Users\dhadu\AppData\Roaming\Python\Python311\site-packages\pycaret\internal\metrics.py", line 196, in _score
    return super()._score(
           ^^^^^^^^^^^^^^^
  File "C:\Users\dhadu\AppData\Roaming\Python\Python311\site-packages\sklearn\metrics\_scorer.py", line 350, in _score
    return self._sign * self._score_func(y_true, y_pred, **scoring_kwargs)
                        ^^^^^^^^^^^^^^^^^^^^^^^^^^^^^^^^^^^^^^^^^^^^^^^^^^
  File "C:\Users\dhadu\AppData\Roaming\Python\Python311\site-packages\pycaret\internal\metrics.py", line 144, in __call__
    return self.score_func(y_true, y_pred, **kwargs)
           ^^^^^^^^^^^^^^^^^^^^^^^^^^^^^^^^^^^^^^^^^
  File "C:\Users\dhadu\AppData\Roaming\Python\Python311\site-packages\sklearn\utils\_param_validation.py", line 213, in wrapper
    return func(*args, **kwargs)
           ^^^^^^^^^^^^^^^^^^^^^
  File "C:\Users\dhadu\AppData\Roaming\Python\Python311\site-packages\sklearn\metrics\_ranking.py", line 634, in roc_auc_score
    return _multiclass_roc_auc_score(
           ^^^^^^^^^^^^^^^^^^^^^^^^^^
  File "C:\Users\dhadu\AppData\Roaming\Python\Python311\site-packages\sklearn\metrics\_ranking.py", line 707, in _multiclass_roc_auc_score
    raise ValueError(
ValueError: Target scores need to be probabilities for multiclass roc_auc, i.e. they should sum up to 1.0 over classes

  warnings.warn(

2025-10-26 10:03:48,384:WARNING:C:\Users\dhadu\AppData\Roaming\Python\Python311\site-packages\pycaret\internal\metrics.py:204: FitFailedWarning: Metric 'make_scorer(roc_auc_score, response_method=('decision_function', 'predict_proba'), average=weighted, multi_class=ovr)' failed and error score 0.0 has been returned instead. If this is a custom metric, this usually means that the error is in the metric code. Full exception below:
Traceback (most recent call last):
  File "C:\Users\dhadu\AppData\Roaming\Python\Python311\site-packages\pycaret\internal\metrics.py", line 196, in _score
    return super()._score(
           ^^^^^^^^^^^^^^^
  File "C:\Users\dhadu\AppData\Roaming\Python\Python311\site-packages\sklearn\metrics\_scorer.py", line 350, in _score
    return self._sign * self._score_func(y_true, y_pred, **scoring_kwargs)
                        ^^^^^^^^^^^^^^^^^^^^^^^^^^^^^^^^^^^^^^^^^^^^^^^^^^
  File "C:\Users\dhadu\AppData\Roaming\Python\Python311\site-packages\pycaret\internal\metrics.py", line 144, in __call__
    return self.score_func(y_true, y_pred, **kwargs)
           ^^^^^^^^^^^^^^^^^^^^^^^^^^^^^^^^^^^^^^^^^
  File "C:\Users\dhadu\AppData\Roaming\Python\Python311\site-packages\sklearn\utils\_param_validation.py", line 213, in wrapper
    return func(*args, **kwargs)
           ^^^^^^^^^^^^^^^^^^^^^
  File "C:\Users\dhadu\AppData\Roaming\Python\Python311\site-packages\sklearn\metrics\_ranking.py", line 634, in roc_auc_score
    return _multiclass_roc_auc_score(
           ^^^^^^^^^^^^^^^^^^^^^^^^^^
  File "C:\Users\dhadu\AppData\Roaming\Python\Python311\site-packages\sklearn\metrics\_ranking.py", line 707, in _multiclass_roc_auc_score
    raise ValueError(
ValueError: Target scores need to be probabilities for multiclass roc_auc, i.e. they should sum up to 1.0 over classes

  warnings.warn(

2025-10-26 10:03:48,492:WARNING:C:\Users\dhadu\AppData\Roaming\Python\Python311\site-packages\pycaret\internal\metrics.py:204: FitFailedWarning: Metric 'make_scorer(roc_auc_score, response_method=('decision_function', 'predict_proba'), average=weighted, multi_class=ovr)' failed and error score 0.0 has been returned instead. If this is a custom metric, this usually means that the error is in the metric code. Full exception below:
Traceback (most recent call last):
  File "C:\Users\dhadu\AppData\Roaming\Python\Python311\site-packages\pycaret\internal\metrics.py", line 196, in _score
    return super()._score(
           ^^^^^^^^^^^^^^^
  File "C:\Users\dhadu\AppData\Roaming\Python\Python311\site-packages\sklearn\metrics\_scorer.py", line 350, in _score
    return self._sign * self._score_func(y_true, y_pred, **scoring_kwargs)
                        ^^^^^^^^^^^^^^^^^^^^^^^^^^^^^^^^^^^^^^^^^^^^^^^^^^
  File "C:\Users\dhadu\AppData\Roaming\Python\Python311\site-packages\pycaret\internal\metrics.py", line 144, in __call__
    return self.score_func(y_true, y_pred, **kwargs)
           ^^^^^^^^^^^^^^^^^^^^^^^^^^^^^^^^^^^^^^^^^
  File "C:\Users\dhadu\AppData\Roaming\Python\Python311\site-packages\sklearn\utils\_param_validation.py", line 213, in wrapper
    return func(*args, **kwargs)
           ^^^^^^^^^^^^^^^^^^^^^
  File "C:\Users\dhadu\AppData\Roaming\Python\Python311\site-packages\sklearn\metrics\_ranking.py", line 634, in roc_auc_score
    return _multiclass_roc_auc_score(
           ^^^^^^^^^^^^^^^^^^^^^^^^^^
  File "C:\Users\dhadu\AppData\Roaming\Python\Python311\site-packages\sklearn\metrics\_ranking.py", line 707, in _multiclass_roc_auc_score
    raise ValueError(
ValueError: Target scores need to be probabilities for multiclass roc_auc, i.e. they should sum up to 1.0 over classes

  warnings.warn(

2025-10-26 10:03:48,512:WARNING:C:\Users\dhadu\AppData\Roaming\Python\Python311\site-packages\pycaret\internal\metrics.py:204: FitFailedWarning: Metric 'make_scorer(roc_auc_score, response_method=('decision_function', 'predict_proba'), average=weighted, multi_class=ovr)' failed and error score 0.0 has been returned instead. If this is a custom metric, this usually means that the error is in the metric code. Full exception below:
Traceback (most recent call last):
  File "C:\Users\dhadu\AppData\Roaming\Python\Python311\site-packages\pycaret\internal\metrics.py", line 196, in _score
    return super()._score(
           ^^^^^^^^^^^^^^^
  File "C:\Users\dhadu\AppData\Roaming\Python\Python311\site-packages\sklearn\metrics\_scorer.py", line 350, in _score
    return self._sign * self._score_func(y_true, y_pred, **scoring_kwargs)
                        ^^^^^^^^^^^^^^^^^^^^^^^^^^^^^^^^^^^^^^^^^^^^^^^^^^
  File "C:\Users\dhadu\AppData\Roaming\Python\Python311\site-packages\pycaret\internal\metrics.py", line 144, in __call__
    return self.score_func(y_true, y_pred, **kwargs)
           ^^^^^^^^^^^^^^^^^^^^^^^^^^^^^^^^^^^^^^^^^
  File "C:\Users\dhadu\AppData\Roaming\Python\Python311\site-packages\sklearn\utils\_param_validation.py", line 213, in wrapper
    return func(*args, **kwargs)
           ^^^^^^^^^^^^^^^^^^^^^
  File "C:\Users\dhadu\AppData\Roaming\Python\Python311\site-packages\sklearn\metrics\_ranking.py", line 634, in roc_auc_score
    return _multiclass_roc_auc_score(
           ^^^^^^^^^^^^^^^^^^^^^^^^^^
  File "C:\Users\dhadu\AppData\Roaming\Python\Python311\site-packages\sklearn\metrics\_ranking.py", line 707, in _multiclass_roc_auc_score
    raise ValueError(
ValueError: Target scores need to be probabilities for multiclass roc_auc, i.e. they should sum up to 1.0 over classes

  warnings.warn(

2025-10-26 10:03:48,520:INFO:Calculating mean and std
2025-10-26 10:03:48,520:INFO:Creating metrics dataframe
2025-10-26 10:03:48,522:INFO:Uploading results into container
2025-10-26 10:03:48,522:INFO:Uploading model into container now
2025-10-26 10:03:48,522:INFO:_master_model_container: 5
2025-10-26 10:03:48,522:INFO:_display_container: 2
2025-10-26 10:03:48,523:INFO:SGDClassifier(alpha=0.0001, average=False, class_weight=None,
              early_stopping=False, epsilon=0.1, eta0=0.001, fit_intercept=True,
              l1_ratio=0.15, learning_rate='optimal', loss='hinge',
              max_iter=1000, n_iter_no_change=5, n_jobs=-1, penalty='l2',
              power_t=0.5, random_state=123, shuffle=True, tol=0.001,
              validation_fraction=0.1, verbose=0, warm_start=False)
2025-10-26 10:03:48,523:INFO:create_model() successfully completed......................................
2025-10-26 10:03:48,657:INFO:SubProcess create_model() end ==================================
2025-10-26 10:03:48,657:INFO:Creating metrics dataframe
2025-10-26 10:03:48,667:INFO:Initializing Ridge Classifier
2025-10-26 10:03:48,668:INFO:Total runtime is 0.19032384157180787 minutes
2025-10-26 10:03:48,671:INFO:SubProcess create_model() called ==================================
2025-10-26 10:03:48,672:INFO:Initializing create_model()
2025-10-26 10:03:48,672:INFO:create_model(self=<pycaret.classification.oop.ClassificationExperiment object at 0x00000144DA40A150>, estimator=ridge, fold=StratifiedKFold(n_splits=10, random_state=None, shuffle=False), round=4, cross_validation=True, predict=True, fit_kwargs={}, groups=None, refit=False, probability_threshold=None, experiment_custom_tags=None, verbose=False, system=False, add_to_model_list=True, metrics=None, display=<pycaret.internal.display.display.CommonDisplay object at 0x00000144F03EF050>, model_only=True, return_train_score=False, error_score=0.0, kwargs={})
2025-10-26 10:03:48,672:INFO:Checking exceptions
2025-10-26 10:03:48,672:INFO:Importing libraries
2025-10-26 10:03:48,672:INFO:Copying training dataset
2025-10-26 10:03:48,680:INFO:Defining folds
2025-10-26 10:03:48,680:INFO:Declaring metric variables
2025-10-26 10:03:48,684:INFO:Importing untrained model
2025-10-26 10:03:48,688:INFO:Ridge Classifier Imported successfully
2025-10-26 10:03:48,696:INFO:Starting cross validation
2025-10-26 10:03:48,698:INFO:Cross validating with StratifiedKFold(n_splits=10, random_state=None, shuffle=False), n_jobs=-1
2025-10-26 10:03:48,861:WARNING:C:\Users\dhadu\AppData\Roaming\Python\Python311\site-packages\pycaret\internal\metrics.py:204: FitFailedWarning: Metric 'make_scorer(roc_auc_score, response_method=('decision_function', 'predict_proba'), average=weighted, multi_class=ovr)' failed and error score 0.0 has been returned instead. If this is a custom metric, this usually means that the error is in the metric code. Full exception below:
Traceback (most recent call last):
  File "C:\Users\dhadu\AppData\Roaming\Python\Python311\site-packages\pycaret\internal\metrics.py", line 196, in _score
    return super()._score(
           ^^^^^^^^^^^^^^^
  File "C:\Users\dhadu\AppData\Roaming\Python\Python311\site-packages\sklearn\metrics\_scorer.py", line 350, in _score
    return self._sign * self._score_func(y_true, y_pred, **scoring_kwargs)
                        ^^^^^^^^^^^^^^^^^^^^^^^^^^^^^^^^^^^^^^^^^^^^^^^^^^
  File "C:\Users\dhadu\AppData\Roaming\Python\Python311\site-packages\pycaret\internal\metrics.py", line 144, in __call__
    return self.score_func(y_true, y_pred, **kwargs)
           ^^^^^^^^^^^^^^^^^^^^^^^^^^^^^^^^^^^^^^^^^
  File "C:\Users\dhadu\AppData\Roaming\Python\Python311\site-packages\sklearn\utils\_param_validation.py", line 213, in wrapper
    return func(*args, **kwargs)
           ^^^^^^^^^^^^^^^^^^^^^
  File "C:\Users\dhadu\AppData\Roaming\Python\Python311\site-packages\sklearn\metrics\_ranking.py", line 634, in roc_auc_score
    return _multiclass_roc_auc_score(
           ^^^^^^^^^^^^^^^^^^^^^^^^^^
  File "C:\Users\dhadu\AppData\Roaming\Python\Python311\site-packages\sklearn\metrics\_ranking.py", line 707, in _multiclass_roc_auc_score
    raise ValueError(
ValueError: Target scores need to be probabilities for multiclass roc_auc, i.e. they should sum up to 1.0 over classes

  warnings.warn(

2025-10-26 10:03:48,861:WARNING:C:\Users\dhadu\AppData\Roaming\Python\Python311\site-packages\pycaret\internal\metrics.py:204: FitFailedWarning: Metric 'make_scorer(roc_auc_score, response_method=('decision_function', 'predict_proba'), average=weighted, multi_class=ovr)' failed and error score 0.0 has been returned instead. If this is a custom metric, this usually means that the error is in the metric code. Full exception below:
Traceback (most recent call last):
  File "C:\Users\dhadu\AppData\Roaming\Python\Python311\site-packages\pycaret\internal\metrics.py", line 196, in _score
    return super()._score(
           ^^^^^^^^^^^^^^^
  File "C:\Users\dhadu\AppData\Roaming\Python\Python311\site-packages\sklearn\metrics\_scorer.py", line 350, in _score
    return self._sign * self._score_func(y_true, y_pred, **scoring_kwargs)
                        ^^^^^^^^^^^^^^^^^^^^^^^^^^^^^^^^^^^^^^^^^^^^^^^^^^
  File "C:\Users\dhadu\AppData\Roaming\Python\Python311\site-packages\pycaret\internal\metrics.py", line 144, in __call__
    return self.score_func(y_true, y_pred, **kwargs)
           ^^^^^^^^^^^^^^^^^^^^^^^^^^^^^^^^^^^^^^^^^
  File "C:\Users\dhadu\AppData\Roaming\Python\Python311\site-packages\sklearn\utils\_param_validation.py", line 213, in wrapper
    return func(*args, **kwargs)
           ^^^^^^^^^^^^^^^^^^^^^
  File "C:\Users\dhadu\AppData\Roaming\Python\Python311\site-packages\sklearn\metrics\_ranking.py", line 634, in roc_auc_score
    return _multiclass_roc_auc_score(
           ^^^^^^^^^^^^^^^^^^^^^^^^^^
  File "C:\Users\dhadu\AppData\Roaming\Python\Python311\site-packages\sklearn\metrics\_ranking.py", line 707, in _multiclass_roc_auc_score
    raise ValueError(
ValueError: Target scores need to be probabilities for multiclass roc_auc, i.e. they should sum up to 1.0 over classes

  warnings.warn(

2025-10-26 10:03:48,862:WARNING:C:\Users\dhadu\AppData\Roaming\Python\Python311\site-packages\pycaret\internal\metrics.py:204: FitFailedWarning: Metric 'make_scorer(roc_auc_score, response_method=('decision_function', 'predict_proba'), average=weighted, multi_class=ovr)' failed and error score 0.0 has been returned instead. If this is a custom metric, this usually means that the error is in the metric code. Full exception below:
Traceback (most recent call last):
  File "C:\Users\dhadu\AppData\Roaming\Python\Python311\site-packages\pycaret\internal\metrics.py", line 196, in _score
    return super()._score(
           ^^^^^^^^^^^^^^^
  File "C:\Users\dhadu\AppData\Roaming\Python\Python311\site-packages\sklearn\metrics\_scorer.py", line 350, in _score
    return self._sign * self._score_func(y_true, y_pred, **scoring_kwargs)
                        ^^^^^^^^^^^^^^^^^^^^^^^^^^^^^^^^^^^^^^^^^^^^^^^^^^
  File "C:\Users\dhadu\AppData\Roaming\Python\Python311\site-packages\pycaret\internal\metrics.py", line 144, in __call__
    return self.score_func(y_true, y_pred, **kwargs)
           ^^^^^^^^^^^^^^^^^^^^^^^^^^^^^^^^^^^^^^^^^
  File "C:\Users\dhadu\AppData\Roaming\Python\Python311\site-packages\sklearn\utils\_param_validation.py", line 213, in wrapper
    return func(*args, **kwargs)
           ^^^^^^^^^^^^^^^^^^^^^
  File "C:\Users\dhadu\AppData\Roaming\Python\Python311\site-packages\sklearn\metrics\_ranking.py", line 634, in roc_auc_score
    return _multiclass_roc_auc_score(
           ^^^^^^^^^^^^^^^^^^^^^^^^^^
  File "C:\Users\dhadu\AppData\Roaming\Python\Python311\site-packages\sklearn\metrics\_ranking.py", line 707, in _multiclass_roc_auc_score
    raise ValueError(
ValueError: Target scores need to be probabilities for multiclass roc_auc, i.e. they should sum up to 1.0 over classes

  warnings.warn(

2025-10-26 10:03:48,862:WARNING:C:\Users\dhadu\AppData\Roaming\Python\Python311\site-packages\pycaret\internal\metrics.py:204: FitFailedWarning: Metric 'make_scorer(roc_auc_score, response_method=('decision_function', 'predict_proba'), average=weighted, multi_class=ovr)' failed and error score 0.0 has been returned instead. If this is a custom metric, this usually means that the error is in the metric code. Full exception below:
Traceback (most recent call last):
  File "C:\Users\dhadu\AppData\Roaming\Python\Python311\site-packages\pycaret\internal\metrics.py", line 196, in _score
    return super()._score(
           ^^^^^^^^^^^^^^^
  File "C:\Users\dhadu\AppData\Roaming\Python\Python311\site-packages\sklearn\metrics\_scorer.py", line 350, in _score
    return self._sign * self._score_func(y_true, y_pred, **scoring_kwargs)
                        ^^^^^^^^^^^^^^^^^^^^^^^^^^^^^^^^^^^^^^^^^^^^^^^^^^
  File "C:\Users\dhadu\AppData\Roaming\Python\Python311\site-packages\pycaret\internal\metrics.py", line 144, in __call__
    return self.score_func(y_true, y_pred, **kwargs)
           ^^^^^^^^^^^^^^^^^^^^^^^^^^^^^^^^^^^^^^^^^
  File "C:\Users\dhadu\AppData\Roaming\Python\Python311\site-packages\sklearn\utils\_param_validation.py", line 213, in wrapper
    return func(*args, **kwargs)
           ^^^^^^^^^^^^^^^^^^^^^
  File "C:\Users\dhadu\AppData\Roaming\Python\Python311\site-packages\sklearn\metrics\_ranking.py", line 634, in roc_auc_score
    return _multiclass_roc_auc_score(
           ^^^^^^^^^^^^^^^^^^^^^^^^^^
  File "C:\Users\dhadu\AppData\Roaming\Python\Python311\site-packages\sklearn\metrics\_ranking.py", line 707, in _multiclass_roc_auc_score
    raise ValueError(
ValueError: Target scores need to be probabilities for multiclass roc_auc, i.e. they should sum up to 1.0 over classes

  warnings.warn(

2025-10-26 10:03:48,862:WARNING:C:\Users\dhadu\AppData\Roaming\Python\Python311\site-packages\pycaret\internal\metrics.py:204: FitFailedWarning: Metric 'make_scorer(roc_auc_score, response_method=('decision_function', 'predict_proba'), average=weighted, multi_class=ovr)' failed and error score 0.0 has been returned instead. If this is a custom metric, this usually means that the error is in the metric code. Full exception below:
Traceback (most recent call last):
  File "C:\Users\dhadu\AppData\Roaming\Python\Python311\site-packages\pycaret\internal\metrics.py", line 196, in _score
    return super()._score(
           ^^^^^^^^^^^^^^^
  File "C:\Users\dhadu\AppData\Roaming\Python\Python311\site-packages\sklearn\metrics\_scorer.py", line 350, in _score
    return self._sign * self._score_func(y_true, y_pred, **scoring_kwargs)
                        ^^^^^^^^^^^^^^^^^^^^^^^^^^^^^^^^^^^^^^^^^^^^^^^^^^
  File "C:\Users\dhadu\AppData\Roaming\Python\Python311\site-packages\pycaret\internal\metrics.py", line 144, in __call__
    return self.score_func(y_true, y_pred, **kwargs)
           ^^^^^^^^^^^^^^^^^^^^^^^^^^^^^^^^^^^^^^^^^
  File "C:\Users\dhadu\AppData\Roaming\Python\Python311\site-packages\sklearn\utils\_param_validation.py", line 213, in wrapper
    return func(*args, **kwargs)
           ^^^^^^^^^^^^^^^^^^^^^
  File "C:\Users\dhadu\AppData\Roaming\Python\Python311\site-packages\sklearn\metrics\_ranking.py", line 634, in roc_auc_score
    return _multiclass_roc_auc_score(
           ^^^^^^^^^^^^^^^^^^^^^^^^^^
  File "C:\Users\dhadu\AppData\Roaming\Python\Python311\site-packages\sklearn\metrics\_ranking.py", line 707, in _multiclass_roc_auc_score
    raise ValueError(
ValueError: Target scores need to be probabilities for multiclass roc_auc, i.e. they should sum up to 1.0 over classes

  warnings.warn(

2025-10-26 10:03:48,865:WARNING:C:\Users\dhadu\AppData\Roaming\Python\Python311\site-packages\pycaret\internal\metrics.py:204: FitFailedWarning: Metric 'make_scorer(roc_auc_score, response_method=('decision_function', 'predict_proba'), average=weighted, multi_class=ovr)' failed and error score 0.0 has been returned instead. If this is a custom metric, this usually means that the error is in the metric code. Full exception below:
Traceback (most recent call last):
  File "C:\Users\dhadu\AppData\Roaming\Python\Python311\site-packages\pycaret\internal\metrics.py", line 196, in _score
    return super()._score(
           ^^^^^^^^^^^^^^^
  File "C:\Users\dhadu\AppData\Roaming\Python\Python311\site-packages\sklearn\metrics\_scorer.py", line 350, in _score
    return self._sign * self._score_func(y_true, y_pred, **scoring_kwargs)
                        ^^^^^^^^^^^^^^^^^^^^^^^^^^^^^^^^^^^^^^^^^^^^^^^^^^
  File "C:\Users\dhadu\AppData\Roaming\Python\Python311\site-packages\pycaret\internal\metrics.py", line 144, in __call__
    return self.score_func(y_true, y_pred, **kwargs)
           ^^^^^^^^^^^^^^^^^^^^^^^^^^^^^^^^^^^^^^^^^
  File "C:\Users\dhadu\AppData\Roaming\Python\Python311\site-packages\sklearn\utils\_param_validation.py", line 213, in wrapper
    return func(*args, **kwargs)
           ^^^^^^^^^^^^^^^^^^^^^
  File "C:\Users\dhadu\AppData\Roaming\Python\Python311\site-packages\sklearn\metrics\_ranking.py", line 634, in roc_auc_score
    return _multiclass_roc_auc_score(
           ^^^^^^^^^^^^^^^^^^^^^^^^^^
  File "C:\Users\dhadu\AppData\Roaming\Python\Python311\site-packages\sklearn\metrics\_ranking.py", line 707, in _multiclass_roc_auc_score
    raise ValueError(
ValueError: Target scores need to be probabilities for multiclass roc_auc, i.e. they should sum up to 1.0 over classes

  warnings.warn(

2025-10-26 10:03:48,869:WARNING:C:\Users\dhadu\AppData\Roaming\Python\Python311\site-packages\pycaret\internal\metrics.py:204: FitFailedWarning: Metric 'make_scorer(roc_auc_score, response_method=('decision_function', 'predict_proba'), average=weighted, multi_class=ovr)' failed and error score 0.0 has been returned instead. If this is a custom metric, this usually means that the error is in the metric code. Full exception below:
Traceback (most recent call last):
  File "C:\Users\dhadu\AppData\Roaming\Python\Python311\site-packages\pycaret\internal\metrics.py", line 196, in _score
    return super()._score(
           ^^^^^^^^^^^^^^^
  File "C:\Users\dhadu\AppData\Roaming\Python\Python311\site-packages\sklearn\metrics\_scorer.py", line 350, in _score
    return self._sign * self._score_func(y_true, y_pred, **scoring_kwargs)
                        ^^^^^^^^^^^^^^^^^^^^^^^^^^^^^^^^^^^^^^^^^^^^^^^^^^
  File "C:\Users\dhadu\AppData\Roaming\Python\Python311\site-packages\pycaret\internal\metrics.py", line 144, in __call__
    return self.score_func(y_true, y_pred, **kwargs)
           ^^^^^^^^^^^^^^^^^^^^^^^^^^^^^^^^^^^^^^^^^
  File "C:\Users\dhadu\AppData\Roaming\Python\Python311\site-packages\sklearn\utils\_param_validation.py", line 213, in wrapper
    return func(*args, **kwargs)
           ^^^^^^^^^^^^^^^^^^^^^
  File "C:\Users\dhadu\AppData\Roaming\Python\Python311\site-packages\sklearn\metrics\_ranking.py", line 634, in roc_auc_score
    return _multiclass_roc_auc_score(
           ^^^^^^^^^^^^^^^^^^^^^^^^^^
  File "C:\Users\dhadu\AppData\Roaming\Python\Python311\site-packages\sklearn\metrics\_ranking.py", line 707, in _multiclass_roc_auc_score
    raise ValueError(
ValueError: Target scores need to be probabilities for multiclass roc_auc, i.e. they should sum up to 1.0 over classes

  warnings.warn(

2025-10-26 10:03:48,870:WARNING:C:\Users\dhadu\AppData\Roaming\Python\Python311\site-packages\pycaret\internal\metrics.py:204: FitFailedWarning: Metric 'make_scorer(roc_auc_score, response_method=('decision_function', 'predict_proba'), average=weighted, multi_class=ovr)' failed and error score 0.0 has been returned instead. If this is a custom metric, this usually means that the error is in the metric code. Full exception below:
Traceback (most recent call last):
  File "C:\Users\dhadu\AppData\Roaming\Python\Python311\site-packages\pycaret\internal\metrics.py", line 196, in _score
    return super()._score(
           ^^^^^^^^^^^^^^^
  File "C:\Users\dhadu\AppData\Roaming\Python\Python311\site-packages\sklearn\metrics\_scorer.py", line 350, in _score
    return self._sign * self._score_func(y_true, y_pred, **scoring_kwargs)
                        ^^^^^^^^^^^^^^^^^^^^^^^^^^^^^^^^^^^^^^^^^^^^^^^^^^
  File "C:\Users\dhadu\AppData\Roaming\Python\Python311\site-packages\pycaret\internal\metrics.py", line 144, in __call__
    return self.score_func(y_true, y_pred, **kwargs)
           ^^^^^^^^^^^^^^^^^^^^^^^^^^^^^^^^^^^^^^^^^
  File "C:\Users\dhadu\AppData\Roaming\Python\Python311\site-packages\sklearn\utils\_param_validation.py", line 213, in wrapper
    return func(*args, **kwargs)
           ^^^^^^^^^^^^^^^^^^^^^
  File "C:\Users\dhadu\AppData\Roaming\Python\Python311\site-packages\sklearn\metrics\_ranking.py", line 634, in roc_auc_score
    return _multiclass_roc_auc_score(
           ^^^^^^^^^^^^^^^^^^^^^^^^^^
  File "C:\Users\dhadu\AppData\Roaming\Python\Python311\site-packages\sklearn\metrics\_ranking.py", line 707, in _multiclass_roc_auc_score
    raise ValueError(
ValueError: Target scores need to be probabilities for multiclass roc_auc, i.e. they should sum up to 1.0 over classes

  warnings.warn(

2025-10-26 10:03:48,947:WARNING:C:\Users\dhadu\AppData\Roaming\Python\Python311\site-packages\pycaret\internal\metrics.py:204: FitFailedWarning: Metric 'make_scorer(roc_auc_score, response_method=('decision_function', 'predict_proba'), average=weighted, multi_class=ovr)' failed and error score 0.0 has been returned instead. If this is a custom metric, this usually means that the error is in the metric code. Full exception below:
Traceback (most recent call last):
  File "C:\Users\dhadu\AppData\Roaming\Python\Python311\site-packages\pycaret\internal\metrics.py", line 196, in _score
    return super()._score(
           ^^^^^^^^^^^^^^^
  File "C:\Users\dhadu\AppData\Roaming\Python\Python311\site-packages\sklearn\metrics\_scorer.py", line 350, in _score
    return self._sign * self._score_func(y_true, y_pred, **scoring_kwargs)
                        ^^^^^^^^^^^^^^^^^^^^^^^^^^^^^^^^^^^^^^^^^^^^^^^^^^
  File "C:\Users\dhadu\AppData\Roaming\Python\Python311\site-packages\pycaret\internal\metrics.py", line 144, in __call__
    return self.score_func(y_true, y_pred, **kwargs)
           ^^^^^^^^^^^^^^^^^^^^^^^^^^^^^^^^^^^^^^^^^
  File "C:\Users\dhadu\AppData\Roaming\Python\Python311\site-packages\sklearn\utils\_param_validation.py", line 213, in wrapper
    return func(*args, **kwargs)
           ^^^^^^^^^^^^^^^^^^^^^
  File "C:\Users\dhadu\AppData\Roaming\Python\Python311\site-packages\sklearn\metrics\_ranking.py", line 634, in roc_auc_score
    return _multiclass_roc_auc_score(
           ^^^^^^^^^^^^^^^^^^^^^^^^^^
  File "C:\Users\dhadu\AppData\Roaming\Python\Python311\site-packages\sklearn\metrics\_ranking.py", line 707, in _multiclass_roc_auc_score
    raise ValueError(
ValueError: Target scores need to be probabilities for multiclass roc_auc, i.e. they should sum up to 1.0 over classes

  warnings.warn(

2025-10-26 10:03:48,958:WARNING:C:\Users\dhadu\AppData\Roaming\Python\Python311\site-packages\pycaret\internal\metrics.py:204: FitFailedWarning: Metric 'make_scorer(roc_auc_score, response_method=('decision_function', 'predict_proba'), average=weighted, multi_class=ovr)' failed and error score 0.0 has been returned instead. If this is a custom metric, this usually means that the error is in the metric code. Full exception below:
Traceback (most recent call last):
  File "C:\Users\dhadu\AppData\Roaming\Python\Python311\site-packages\pycaret\internal\metrics.py", line 196, in _score
    return super()._score(
           ^^^^^^^^^^^^^^^
  File "C:\Users\dhadu\AppData\Roaming\Python\Python311\site-packages\sklearn\metrics\_scorer.py", line 350, in _score
    return self._sign * self._score_func(y_true, y_pred, **scoring_kwargs)
                        ^^^^^^^^^^^^^^^^^^^^^^^^^^^^^^^^^^^^^^^^^^^^^^^^^^
  File "C:\Users\dhadu\AppData\Roaming\Python\Python311\site-packages\pycaret\internal\metrics.py", line 144, in __call__
    return self.score_func(y_true, y_pred, **kwargs)
           ^^^^^^^^^^^^^^^^^^^^^^^^^^^^^^^^^^^^^^^^^
  File "C:\Users\dhadu\AppData\Roaming\Python\Python311\site-packages\sklearn\utils\_param_validation.py", line 213, in wrapper
    return func(*args, **kwargs)
           ^^^^^^^^^^^^^^^^^^^^^
  File "C:\Users\dhadu\AppData\Roaming\Python\Python311\site-packages\sklearn\metrics\_ranking.py", line 634, in roc_auc_score
    return _multiclass_roc_auc_score(
           ^^^^^^^^^^^^^^^^^^^^^^^^^^
  File "C:\Users\dhadu\AppData\Roaming\Python\Python311\site-packages\sklearn\metrics\_ranking.py", line 707, in _multiclass_roc_auc_score
    raise ValueError(
ValueError: Target scores need to be probabilities for multiclass roc_auc, i.e. they should sum up to 1.0 over classes

  warnings.warn(

2025-10-26 10:03:48,970:INFO:Calculating mean and std
2025-10-26 10:03:48,971:INFO:Creating metrics dataframe
2025-10-26 10:03:48,973:INFO:Uploading results into container
2025-10-26 10:03:48,974:INFO:Uploading model into container now
2025-10-26 10:03:48,974:INFO:_master_model_container: 6
2025-10-26 10:03:48,974:INFO:_display_container: 2
2025-10-26 10:03:48,975:INFO:RidgeClassifier(alpha=1.0, class_weight=None, copy_X=True, fit_intercept=True,
                max_iter=None, positive=False, random_state=123, solver='auto',
                tol=0.0001)
2025-10-26 10:03:48,975:INFO:create_model() successfully completed......................................
2025-10-26 10:03:49,115:INFO:SubProcess create_model() end ==================================
2025-10-26 10:03:49,116:INFO:Creating metrics dataframe
2025-10-26 10:03:49,126:INFO:Initializing Random Forest Classifier
2025-10-26 10:03:49,126:INFO:Total runtime is 0.1979574998219808 minutes
2025-10-26 10:03:49,129:INFO:SubProcess create_model() called ==================================
2025-10-26 10:03:49,129:INFO:Initializing create_model()
2025-10-26 10:03:49,129:INFO:create_model(self=<pycaret.classification.oop.ClassificationExperiment object at 0x00000144DA40A150>, estimator=rf, fold=StratifiedKFold(n_splits=10, random_state=None, shuffle=False), round=4, cross_validation=True, predict=True, fit_kwargs={}, groups=None, refit=False, probability_threshold=None, experiment_custom_tags=None, verbose=False, system=False, add_to_model_list=True, metrics=None, display=<pycaret.internal.display.display.CommonDisplay object at 0x00000144F03EF050>, model_only=True, return_train_score=False, error_score=0.0, kwargs={})
2025-10-26 10:03:49,129:INFO:Checking exceptions
2025-10-26 10:03:49,130:INFO:Importing libraries
2025-10-26 10:03:49,130:INFO:Copying training dataset
2025-10-26 10:03:49,137:INFO:Defining folds
2025-10-26 10:03:49,137:INFO:Declaring metric variables
2025-10-26 10:03:49,140:INFO:Importing untrained model
2025-10-26 10:03:49,146:INFO:Random Forest Classifier Imported successfully
2025-10-26 10:03:49,154:INFO:Starting cross validation
2025-10-26 10:03:49,155:INFO:Cross validating with StratifiedKFold(n_splits=10, random_state=None, shuffle=False), n_jobs=-1
2025-10-26 10:03:50,239:INFO:Calculating mean and std
2025-10-26 10:03:50,240:INFO:Creating metrics dataframe
2025-10-26 10:03:50,241:INFO:Uploading results into container
2025-10-26 10:03:50,242:INFO:Uploading model into container now
2025-10-26 10:03:50,242:INFO:_master_model_container: 7
2025-10-26 10:03:50,242:INFO:_display_container: 2
2025-10-26 10:03:50,243:INFO:RandomForestClassifier(bootstrap=True, ccp_alpha=0.0, class_weight=None,
                       criterion='gini', max_depth=None, max_features='sqrt',
                       max_leaf_nodes=None, max_samples=None,
                       min_impurity_decrease=0.0, min_samples_leaf=1,
                       min_samples_split=2, min_weight_fraction_leaf=0.0,
                       monotonic_cst=None, n_estimators=100, n_jobs=-1,
                       oob_score=False, random_state=123, verbose=0,
                       warm_start=False)
2025-10-26 10:03:50,243:INFO:create_model() successfully completed......................................
2025-10-26 10:03:50,380:INFO:SubProcess create_model() end ==================================
2025-10-26 10:03:50,381:INFO:Creating metrics dataframe
2025-10-26 10:03:50,391:INFO:Initializing Quadratic Discriminant Analysis
2025-10-26 10:03:50,391:INFO:Total runtime is 0.21903923749923707 minutes
2025-10-26 10:03:50,396:INFO:SubProcess create_model() called ==================================
2025-10-26 10:03:50,396:INFO:Initializing create_model()
2025-10-26 10:03:50,396:INFO:create_model(self=<pycaret.classification.oop.ClassificationExperiment object at 0x00000144DA40A150>, estimator=qda, fold=StratifiedKFold(n_splits=10, random_state=None, shuffle=False), round=4, cross_validation=True, predict=True, fit_kwargs={}, groups=None, refit=False, probability_threshold=None, experiment_custom_tags=None, verbose=False, system=False, add_to_model_list=True, metrics=None, display=<pycaret.internal.display.display.CommonDisplay object at 0x00000144F03EF050>, model_only=True, return_train_score=False, error_score=0.0, kwargs={})
2025-10-26 10:03:50,396:INFO:Checking exceptions
2025-10-26 10:03:50,396:INFO:Importing libraries
2025-10-26 10:03:50,396:INFO:Copying training dataset
2025-10-26 10:03:50,404:INFO:Defining folds
2025-10-26 10:03:50,405:INFO:Declaring metric variables
2025-10-26 10:03:50,409:INFO:Importing untrained model
2025-10-26 10:03:50,413:INFO:Quadratic Discriminant Analysis Imported successfully
2025-10-26 10:03:50,421:INFO:Starting cross validation
2025-10-26 10:03:50,422:INFO:Cross validating with StratifiedKFold(n_splits=10, random_state=None, shuffle=False), n_jobs=-1
2025-10-26 10:03:50,622:WARNING:C:\Users\dhadu\AppData\Roaming\Python\Python311\site-packages\pycaret\internal\metrics.py:204: FitFailedWarning: Metric 'make_scorer(roc_auc_score, response_method=('decision_function', 'predict_proba'), average=weighted, multi_class=ovr)' failed and error score 0.0 has been returned instead. If this is a custom metric, this usually means that the error is in the metric code. Full exception below:
Traceback (most recent call last):
  File "C:\Users\dhadu\AppData\Roaming\Python\Python311\site-packages\pycaret\internal\metrics.py", line 196, in _score
    return super()._score(
           ^^^^^^^^^^^^^^^
  File "C:\Users\dhadu\AppData\Roaming\Python\Python311\site-packages\sklearn\metrics\_scorer.py", line 350, in _score
    return self._sign * self._score_func(y_true, y_pred, **scoring_kwargs)
                        ^^^^^^^^^^^^^^^^^^^^^^^^^^^^^^^^^^^^^^^^^^^^^^^^^^
  File "C:\Users\dhadu\AppData\Roaming\Python\Python311\site-packages\pycaret\internal\metrics.py", line 144, in __call__
    return self.score_func(y_true, y_pred, **kwargs)
           ^^^^^^^^^^^^^^^^^^^^^^^^^^^^^^^^^^^^^^^^^
  File "C:\Users\dhadu\AppData\Roaming\Python\Python311\site-packages\sklearn\utils\_param_validation.py", line 213, in wrapper
    return func(*args, **kwargs)
           ^^^^^^^^^^^^^^^^^^^^^
  File "C:\Users\dhadu\AppData\Roaming\Python\Python311\site-packages\sklearn\metrics\_ranking.py", line 634, in roc_auc_score
    return _multiclass_roc_auc_score(
           ^^^^^^^^^^^^^^^^^^^^^^^^^^
  File "C:\Users\dhadu\AppData\Roaming\Python\Python311\site-packages\sklearn\metrics\_ranking.py", line 707, in _multiclass_roc_auc_score
    raise ValueError(
ValueError: Target scores need to be probabilities for multiclass roc_auc, i.e. they should sum up to 1.0 over classes

  warnings.warn(

2025-10-26 10:03:50,635:WARNING:C:\Users\dhadu\AppData\Roaming\Python\Python311\site-packages\pycaret\internal\metrics.py:204: FitFailedWarning: Metric 'make_scorer(roc_auc_score, response_method=('decision_function', 'predict_proba'), average=weighted, multi_class=ovr)' failed and error score 0.0 has been returned instead. If this is a custom metric, this usually means that the error is in the metric code. Full exception below:
Traceback (most recent call last):
  File "C:\Users\dhadu\AppData\Roaming\Python\Python311\site-packages\pycaret\internal\metrics.py", line 196, in _score
    return super()._score(
           ^^^^^^^^^^^^^^^
  File "C:\Users\dhadu\AppData\Roaming\Python\Python311\site-packages\sklearn\metrics\_scorer.py", line 350, in _score
    return self._sign * self._score_func(y_true, y_pred, **scoring_kwargs)
                        ^^^^^^^^^^^^^^^^^^^^^^^^^^^^^^^^^^^^^^^^^^^^^^^^^^
  File "C:\Users\dhadu\AppData\Roaming\Python\Python311\site-packages\pycaret\internal\metrics.py", line 144, in __call__
    return self.score_func(y_true, y_pred, **kwargs)
           ^^^^^^^^^^^^^^^^^^^^^^^^^^^^^^^^^^^^^^^^^
  File "C:\Users\dhadu\AppData\Roaming\Python\Python311\site-packages\sklearn\utils\_param_validation.py", line 213, in wrapper
    return func(*args, **kwargs)
           ^^^^^^^^^^^^^^^^^^^^^
  File "C:\Users\dhadu\AppData\Roaming\Python\Python311\site-packages\sklearn\metrics\_ranking.py", line 634, in roc_auc_score
    return _multiclass_roc_auc_score(
           ^^^^^^^^^^^^^^^^^^^^^^^^^^
  File "C:\Users\dhadu\AppData\Roaming\Python\Python311\site-packages\sklearn\metrics\_ranking.py", line 707, in _multiclass_roc_auc_score
    raise ValueError(
ValueError: Target scores need to be probabilities for multiclass roc_auc, i.e. they should sum up to 1.0 over classes

  warnings.warn(

2025-10-26 10:03:50,652:WARNING:C:\Users\dhadu\AppData\Roaming\Python\Python311\site-packages\pycaret\internal\metrics.py:204: FitFailedWarning: Metric 'make_scorer(roc_auc_score, response_method=('decision_function', 'predict_proba'), average=weighted, multi_class=ovr)' failed and error score 0.0 has been returned instead. If this is a custom metric, this usually means that the error is in the metric code. Full exception below:
Traceback (most recent call last):
  File "C:\Users\dhadu\AppData\Roaming\Python\Python311\site-packages\pycaret\internal\metrics.py", line 196, in _score
    return super()._score(
           ^^^^^^^^^^^^^^^
  File "C:\Users\dhadu\AppData\Roaming\Python\Python311\site-packages\sklearn\metrics\_scorer.py", line 350, in _score
    return self._sign * self._score_func(y_true, y_pred, **scoring_kwargs)
                        ^^^^^^^^^^^^^^^^^^^^^^^^^^^^^^^^^^^^^^^^^^^^^^^^^^
  File "C:\Users\dhadu\AppData\Roaming\Python\Python311\site-packages\pycaret\internal\metrics.py", line 144, in __call__
    return self.score_func(y_true, y_pred, **kwargs)
           ^^^^^^^^^^^^^^^^^^^^^^^^^^^^^^^^^^^^^^^^^
  File "C:\Users\dhadu\AppData\Roaming\Python\Python311\site-packages\sklearn\utils\_param_validation.py", line 213, in wrapper
    return func(*args, **kwargs)
           ^^^^^^^^^^^^^^^^^^^^^
  File "C:\Users\dhadu\AppData\Roaming\Python\Python311\site-packages\sklearn\metrics\_ranking.py", line 634, in roc_auc_score
    return _multiclass_roc_auc_score(
           ^^^^^^^^^^^^^^^^^^^^^^^^^^
  File "C:\Users\dhadu\AppData\Roaming\Python\Python311\site-packages\sklearn\metrics\_ranking.py", line 707, in _multiclass_roc_auc_score
    raise ValueError(
ValueError: Target scores need to be probabilities for multiclass roc_auc, i.e. they should sum up to 1.0 over classes

  warnings.warn(

2025-10-26 10:03:50,652:WARNING:C:\Users\dhadu\AppData\Roaming\Python\Python311\site-packages\pycaret\internal\metrics.py:204: FitFailedWarning: Metric 'make_scorer(roc_auc_score, response_method=('decision_function', 'predict_proba'), average=weighted, multi_class=ovr)' failed and error score 0.0 has been returned instead. If this is a custom metric, this usually means that the error is in the metric code. Full exception below:
Traceback (most recent call last):
  File "C:\Users\dhadu\AppData\Roaming\Python\Python311\site-packages\pycaret\internal\metrics.py", line 196, in _score
    return super()._score(
           ^^^^^^^^^^^^^^^
  File "C:\Users\dhadu\AppData\Roaming\Python\Python311\site-packages\sklearn\metrics\_scorer.py", line 350, in _score
    return self._sign * self._score_func(y_true, y_pred, **scoring_kwargs)
                        ^^^^^^^^^^^^^^^^^^^^^^^^^^^^^^^^^^^^^^^^^^^^^^^^^^
  File "C:\Users\dhadu\AppData\Roaming\Python\Python311\site-packages\pycaret\internal\metrics.py", line 144, in __call__
    return self.score_func(y_true, y_pred, **kwargs)
           ^^^^^^^^^^^^^^^^^^^^^^^^^^^^^^^^^^^^^^^^^
  File "C:\Users\dhadu\AppData\Roaming\Python\Python311\site-packages\sklearn\utils\_param_validation.py", line 213, in wrapper
    return func(*args, **kwargs)
           ^^^^^^^^^^^^^^^^^^^^^
  File "C:\Users\dhadu\AppData\Roaming\Python\Python311\site-packages\sklearn\metrics\_ranking.py", line 634, in roc_auc_score
    return _multiclass_roc_auc_score(
           ^^^^^^^^^^^^^^^^^^^^^^^^^^
  File "C:\Users\dhadu\AppData\Roaming\Python\Python311\site-packages\sklearn\metrics\_ranking.py", line 707, in _multiclass_roc_auc_score
    raise ValueError(
ValueError: Target scores need to be probabilities for multiclass roc_auc, i.e. they should sum up to 1.0 over classes

  warnings.warn(

2025-10-26 10:03:50,661:WARNING:C:\Users\dhadu\AppData\Roaming\Python\Python311\site-packages\pycaret\internal\metrics.py:204: FitFailedWarning: Metric 'make_scorer(roc_auc_score, response_method=('decision_function', 'predict_proba'), average=weighted, multi_class=ovr)' failed and error score 0.0 has been returned instead. If this is a custom metric, this usually means that the error is in the metric code. Full exception below:
Traceback (most recent call last):
  File "C:\Users\dhadu\AppData\Roaming\Python\Python311\site-packages\pycaret\internal\metrics.py", line 196, in _score
    return super()._score(
           ^^^^^^^^^^^^^^^
  File "C:\Users\dhadu\AppData\Roaming\Python\Python311\site-packages\sklearn\metrics\_scorer.py", line 350, in _score
    return self._sign * self._score_func(y_true, y_pred, **scoring_kwargs)
                        ^^^^^^^^^^^^^^^^^^^^^^^^^^^^^^^^^^^^^^^^^^^^^^^^^^
  File "C:\Users\dhadu\AppData\Roaming\Python\Python311\site-packages\pycaret\internal\metrics.py", line 144, in __call__
    return self.score_func(y_true, y_pred, **kwargs)
           ^^^^^^^^^^^^^^^^^^^^^^^^^^^^^^^^^^^^^^^^^
  File "C:\Users\dhadu\AppData\Roaming\Python\Python311\site-packages\sklearn\utils\_param_validation.py", line 213, in wrapper
    return func(*args, **kwargs)
           ^^^^^^^^^^^^^^^^^^^^^
  File "C:\Users\dhadu\AppData\Roaming\Python\Python311\site-packages\sklearn\metrics\_ranking.py", line 634, in roc_auc_score
    return _multiclass_roc_auc_score(
           ^^^^^^^^^^^^^^^^^^^^^^^^^^
  File "C:\Users\dhadu\AppData\Roaming\Python\Python311\site-packages\sklearn\metrics\_ranking.py", line 707, in _multiclass_roc_auc_score
    raise ValueError(
ValueError: Target scores need to be probabilities for multiclass roc_auc, i.e. they should sum up to 1.0 over classes

  warnings.warn(

2025-10-26 10:03:50,672:WARNING:C:\Users\dhadu\AppData\Roaming\Python\Python311\site-packages\pycaret\internal\metrics.py:204: FitFailedWarning: Metric 'make_scorer(roc_auc_score, response_method=('decision_function', 'predict_proba'), average=weighted, multi_class=ovr)' failed and error score 0.0 has been returned instead. If this is a custom metric, this usually means that the error is in the metric code. Full exception below:
Traceback (most recent call last):
  File "C:\Users\dhadu\AppData\Roaming\Python\Python311\site-packages\pycaret\internal\metrics.py", line 196, in _score
    return super()._score(
           ^^^^^^^^^^^^^^^
  File "C:\Users\dhadu\AppData\Roaming\Python\Python311\site-packages\sklearn\metrics\_scorer.py", line 350, in _score
    return self._sign * self._score_func(y_true, y_pred, **scoring_kwargs)
                        ^^^^^^^^^^^^^^^^^^^^^^^^^^^^^^^^^^^^^^^^^^^^^^^^^^
  File "C:\Users\dhadu\AppData\Roaming\Python\Python311\site-packages\pycaret\internal\metrics.py", line 144, in __call__
    return self.score_func(y_true, y_pred, **kwargs)
           ^^^^^^^^^^^^^^^^^^^^^^^^^^^^^^^^^^^^^^^^^
  File "C:\Users\dhadu\AppData\Roaming\Python\Python311\site-packages\sklearn\utils\_param_validation.py", line 213, in wrapper
    return func(*args, **kwargs)
           ^^^^^^^^^^^^^^^^^^^^^
  File "C:\Users\dhadu\AppData\Roaming\Python\Python311\site-packages\sklearn\metrics\_ranking.py", line 634, in roc_auc_score
    return _multiclass_roc_auc_score(
           ^^^^^^^^^^^^^^^^^^^^^^^^^^
  File "C:\Users\dhadu\AppData\Roaming\Python\Python311\site-packages\sklearn\metrics\_ranking.py", line 707, in _multiclass_roc_auc_score
    raise ValueError(
ValueError: Target scores need to be probabilities for multiclass roc_auc, i.e. they should sum up to 1.0 over classes

  warnings.warn(

2025-10-26 10:03:50,673:WARNING:C:\Users\dhadu\AppData\Roaming\Python\Python311\site-packages\pycaret\internal\metrics.py:204: FitFailedWarning: Metric 'make_scorer(roc_auc_score, response_method=('decision_function', 'predict_proba'), average=weighted, multi_class=ovr)' failed and error score 0.0 has been returned instead. If this is a custom metric, this usually means that the error is in the metric code. Full exception below:
Traceback (most recent call last):
  File "C:\Users\dhadu\AppData\Roaming\Python\Python311\site-packages\pycaret\internal\metrics.py", line 196, in _score
    return super()._score(
           ^^^^^^^^^^^^^^^
  File "C:\Users\dhadu\AppData\Roaming\Python\Python311\site-packages\sklearn\metrics\_scorer.py", line 350, in _score
    return self._sign * self._score_func(y_true, y_pred, **scoring_kwargs)
                        ^^^^^^^^^^^^^^^^^^^^^^^^^^^^^^^^^^^^^^^^^^^^^^^^^^
  File "C:\Users\dhadu\AppData\Roaming\Python\Python311\site-packages\pycaret\internal\metrics.py", line 144, in __call__
    return self.score_func(y_true, y_pred, **kwargs)
           ^^^^^^^^^^^^^^^^^^^^^^^^^^^^^^^^^^^^^^^^^
  File "C:\Users\dhadu\AppData\Roaming\Python\Python311\site-packages\sklearn\utils\_param_validation.py", line 213, in wrapper
    return func(*args, **kwargs)
           ^^^^^^^^^^^^^^^^^^^^^
  File "C:\Users\dhadu\AppData\Roaming\Python\Python311\site-packages\sklearn\metrics\_ranking.py", line 634, in roc_auc_score
    return _multiclass_roc_auc_score(
           ^^^^^^^^^^^^^^^^^^^^^^^^^^
  File "C:\Users\dhadu\AppData\Roaming\Python\Python311\site-packages\sklearn\metrics\_ranking.py", line 707, in _multiclass_roc_auc_score
    raise ValueError(
ValueError: Target scores need to be probabilities for multiclass roc_auc, i.e. they should sum up to 1.0 over classes

  warnings.warn(

2025-10-26 10:03:50,688:WARNING:C:\Users\dhadu\AppData\Roaming\Python\Python311\site-packages\pycaret\internal\metrics.py:204: FitFailedWarning: Metric 'make_scorer(roc_auc_score, response_method=('decision_function', 'predict_proba'), average=weighted, multi_class=ovr)' failed and error score 0.0 has been returned instead. If this is a custom metric, this usually means that the error is in the metric code. Full exception below:
Traceback (most recent call last):
  File "C:\Users\dhadu\AppData\Roaming\Python\Python311\site-packages\pycaret\internal\metrics.py", line 196, in _score
    return super()._score(
           ^^^^^^^^^^^^^^^
  File "C:\Users\dhadu\AppData\Roaming\Python\Python311\site-packages\sklearn\metrics\_scorer.py", line 350, in _score
    return self._sign * self._score_func(y_true, y_pred, **scoring_kwargs)
                        ^^^^^^^^^^^^^^^^^^^^^^^^^^^^^^^^^^^^^^^^^^^^^^^^^^
  File "C:\Users\dhadu\AppData\Roaming\Python\Python311\site-packages\pycaret\internal\metrics.py", line 144, in __call__
    return self.score_func(y_true, y_pred, **kwargs)
           ^^^^^^^^^^^^^^^^^^^^^^^^^^^^^^^^^^^^^^^^^
  File "C:\Users\dhadu\AppData\Roaming\Python\Python311\site-packages\sklearn\utils\_param_validation.py", line 213, in wrapper
    return func(*args, **kwargs)
           ^^^^^^^^^^^^^^^^^^^^^
  File "C:\Users\dhadu\AppData\Roaming\Python\Python311\site-packages\sklearn\metrics\_ranking.py", line 634, in roc_auc_score
    return _multiclass_roc_auc_score(
           ^^^^^^^^^^^^^^^^^^^^^^^^^^
  File "C:\Users\dhadu\AppData\Roaming\Python\Python311\site-packages\sklearn\metrics\_ranking.py", line 707, in _multiclass_roc_auc_score
    raise ValueError(
ValueError: Target scores need to be probabilities for multiclass roc_auc, i.e. they should sum up to 1.0 over classes

  warnings.warn(

2025-10-26 10:03:50,735:WARNING:C:\Users\dhadu\AppData\Roaming\Python\Python311\site-packages\pycaret\internal\metrics.py:204: FitFailedWarning: Metric 'make_scorer(roc_auc_score, response_method=('decision_function', 'predict_proba'), average=weighted, multi_class=ovr)' failed and error score 0.0 has been returned instead. If this is a custom metric, this usually means that the error is in the metric code. Full exception below:
Traceback (most recent call last):
  File "C:\Users\dhadu\AppData\Roaming\Python\Python311\site-packages\pycaret\internal\metrics.py", line 196, in _score
    return super()._score(
           ^^^^^^^^^^^^^^^
  File "C:\Users\dhadu\AppData\Roaming\Python\Python311\site-packages\sklearn\metrics\_scorer.py", line 350, in _score
    return self._sign * self._score_func(y_true, y_pred, **scoring_kwargs)
                        ^^^^^^^^^^^^^^^^^^^^^^^^^^^^^^^^^^^^^^^^^^^^^^^^^^
  File "C:\Users\dhadu\AppData\Roaming\Python\Python311\site-packages\pycaret\internal\metrics.py", line 144, in __call__
    return self.score_func(y_true, y_pred, **kwargs)
           ^^^^^^^^^^^^^^^^^^^^^^^^^^^^^^^^^^^^^^^^^
  File "C:\Users\dhadu\AppData\Roaming\Python\Python311\site-packages\sklearn\utils\_param_validation.py", line 213, in wrapper
    return func(*args, **kwargs)
           ^^^^^^^^^^^^^^^^^^^^^
  File "C:\Users\dhadu\AppData\Roaming\Python\Python311\site-packages\sklearn\metrics\_ranking.py", line 634, in roc_auc_score
    return _multiclass_roc_auc_score(
           ^^^^^^^^^^^^^^^^^^^^^^^^^^
  File "C:\Users\dhadu\AppData\Roaming\Python\Python311\site-packages\sklearn\metrics\_ranking.py", line 707, in _multiclass_roc_auc_score
    raise ValueError(
ValueError: Target scores need to be probabilities for multiclass roc_auc, i.e. they should sum up to 1.0 over classes

  warnings.warn(

2025-10-26 10:03:50,752:WARNING:C:\Users\dhadu\AppData\Roaming\Python\Python311\site-packages\pycaret\internal\metrics.py:204: FitFailedWarning: Metric 'make_scorer(roc_auc_score, response_method=('decision_function', 'predict_proba'), average=weighted, multi_class=ovr)' failed and error score 0.0 has been returned instead. If this is a custom metric, this usually means that the error is in the metric code. Full exception below:
Traceback (most recent call last):
  File "C:\Users\dhadu\AppData\Roaming\Python\Python311\site-packages\pycaret\internal\metrics.py", line 196, in _score
    return super()._score(
           ^^^^^^^^^^^^^^^
  File "C:\Users\dhadu\AppData\Roaming\Python\Python311\site-packages\sklearn\metrics\_scorer.py", line 350, in _score
    return self._sign * self._score_func(y_true, y_pred, **scoring_kwargs)
                        ^^^^^^^^^^^^^^^^^^^^^^^^^^^^^^^^^^^^^^^^^^^^^^^^^^
  File "C:\Users\dhadu\AppData\Roaming\Python\Python311\site-packages\pycaret\internal\metrics.py", line 144, in __call__
    return self.score_func(y_true, y_pred, **kwargs)
           ^^^^^^^^^^^^^^^^^^^^^^^^^^^^^^^^^^^^^^^^^
  File "C:\Users\dhadu\AppData\Roaming\Python\Python311\site-packages\sklearn\utils\_param_validation.py", line 213, in wrapper
    return func(*args, **kwargs)
           ^^^^^^^^^^^^^^^^^^^^^
  File "C:\Users\dhadu\AppData\Roaming\Python\Python311\site-packages\sklearn\metrics\_ranking.py", line 634, in roc_auc_score
    return _multiclass_roc_auc_score(
           ^^^^^^^^^^^^^^^^^^^^^^^^^^
  File "C:\Users\dhadu\AppData\Roaming\Python\Python311\site-packages\sklearn\metrics\_ranking.py", line 707, in _multiclass_roc_auc_score
    raise ValueError(
ValueError: Target scores need to be probabilities for multiclass roc_auc, i.e. they should sum up to 1.0 over classes

  warnings.warn(

2025-10-26 10:03:50,768:INFO:Calculating mean and std
2025-10-26 10:03:50,771:INFO:Creating metrics dataframe
2025-10-26 10:03:50,776:INFO:Uploading results into container
2025-10-26 10:03:50,778:INFO:Uploading model into container now
2025-10-26 10:03:50,779:INFO:_master_model_container: 8
2025-10-26 10:03:50,779:INFO:_display_container: 2
2025-10-26 10:03:50,780:INFO:QuadraticDiscriminantAnalysis(priors=None, reg_param=0.0,
                              store_covariance=False, tol=0.0001)
2025-10-26 10:03:50,780:INFO:create_model() successfully completed......................................
2025-10-26 10:03:50,937:INFO:SubProcess create_model() end ==================================
2025-10-26 10:03:50,938:INFO:Creating metrics dataframe
2025-10-26 10:03:50,947:INFO:Initializing Ada Boost Classifier
2025-10-26 10:03:50,947:INFO:Total runtime is 0.22829784552256266 minutes
2025-10-26 10:03:50,952:INFO:SubProcess create_model() called ==================================
2025-10-26 10:03:50,952:INFO:Initializing create_model()
2025-10-26 10:03:50,952:INFO:create_model(self=<pycaret.classification.oop.ClassificationExperiment object at 0x00000144DA40A150>, estimator=ada, fold=StratifiedKFold(n_splits=10, random_state=None, shuffle=False), round=4, cross_validation=True, predict=True, fit_kwargs={}, groups=None, refit=False, probability_threshold=None, experiment_custom_tags=None, verbose=False, system=False, add_to_model_list=True, metrics=None, display=<pycaret.internal.display.display.CommonDisplay object at 0x00000144F03EF050>, model_only=True, return_train_score=False, error_score=0.0, kwargs={})
2025-10-26 10:03:50,953:INFO:Checking exceptions
2025-10-26 10:03:50,953:INFO:Importing libraries
2025-10-26 10:03:50,953:INFO:Copying training dataset
2025-10-26 10:03:50,960:INFO:Defining folds
2025-10-26 10:03:50,960:INFO:Declaring metric variables
2025-10-26 10:03:50,964:INFO:Importing untrained model
2025-10-26 10:03:50,968:INFO:Ada Boost Classifier Imported successfully
2025-10-26 10:03:50,977:INFO:Starting cross validation
2025-10-26 10:03:50,978:INFO:Cross validating with StratifiedKFold(n_splits=10, random_state=None, shuffle=False), n_jobs=-1
2025-10-26 10:03:51,130:WARNING:C:\Users\dhadu\AppData\Roaming\Python\Python311\site-packages\sklearn\ensemble\_weight_boosting.py:519: FutureWarning: The SAMME.R algorithm (the default) is deprecated and will be removed in 1.6. Use the SAMME algorithm to circumvent this warning.
  warnings.warn(

2025-10-26 10:03:51,130:WARNING:C:\Users\dhadu\AppData\Roaming\Python\Python311\site-packages\sklearn\ensemble\_weight_boosting.py:519: FutureWarning: The SAMME.R algorithm (the default) is deprecated and will be removed in 1.6. Use the SAMME algorithm to circumvent this warning.
  warnings.warn(

2025-10-26 10:03:51,130:WARNING:C:\Users\dhadu\AppData\Roaming\Python\Python311\site-packages\sklearn\ensemble\_weight_boosting.py:519: FutureWarning: The SAMME.R algorithm (the default) is deprecated and will be removed in 1.6. Use the SAMME algorithm to circumvent this warning.
  warnings.warn(

2025-10-26 10:03:51,130:WARNING:C:\Users\dhadu\AppData\Roaming\Python\Python311\site-packages\sklearn\ensemble\_weight_boosting.py:519: FutureWarning: The SAMME.R algorithm (the default) is deprecated and will be removed in 1.6. Use the SAMME algorithm to circumvent this warning.
  warnings.warn(

2025-10-26 10:03:51,379:WARNING:C:\Users\dhadu\AppData\Roaming\Python\Python311\site-packages\pycaret\internal\metrics.py:204: FitFailedWarning: Metric 'make_scorer(roc_auc_score, response_method=('decision_function', 'predict_proba'), average=weighted, multi_class=ovr)' failed and error score 0.0 has been returned instead. If this is a custom metric, this usually means that the error is in the metric code. Full exception below:
Traceback (most recent call last):
  File "C:\Users\dhadu\AppData\Roaming\Python\Python311\site-packages\pycaret\internal\metrics.py", line 196, in _score
    return super()._score(
           ^^^^^^^^^^^^^^^
  File "C:\Users\dhadu\AppData\Roaming\Python\Python311\site-packages\sklearn\metrics\_scorer.py", line 350, in _score
    return self._sign * self._score_func(y_true, y_pred, **scoring_kwargs)
                        ^^^^^^^^^^^^^^^^^^^^^^^^^^^^^^^^^^^^^^^^^^^^^^^^^^
  File "C:\Users\dhadu\AppData\Roaming\Python\Python311\site-packages\pycaret\internal\metrics.py", line 144, in __call__
    return self.score_func(y_true, y_pred, **kwargs)
           ^^^^^^^^^^^^^^^^^^^^^^^^^^^^^^^^^^^^^^^^^
  File "C:\Users\dhadu\AppData\Roaming\Python\Python311\site-packages\sklearn\utils\_param_validation.py", line 213, in wrapper
    return func(*args, **kwargs)
           ^^^^^^^^^^^^^^^^^^^^^
  File "C:\Users\dhadu\AppData\Roaming\Python\Python311\site-packages\sklearn\metrics\_ranking.py", line 634, in roc_auc_score
    return _multiclass_roc_auc_score(
           ^^^^^^^^^^^^^^^^^^^^^^^^^^
  File "C:\Users\dhadu\AppData\Roaming\Python\Python311\site-packages\sklearn\metrics\_ranking.py", line 707, in _multiclass_roc_auc_score
    raise ValueError(
ValueError: Target scores need to be probabilities for multiclass roc_auc, i.e. they should sum up to 1.0 over classes

  warnings.warn(

2025-10-26 10:03:51,382:WARNING:C:\Users\dhadu\AppData\Roaming\Python\Python311\site-packages\pycaret\internal\metrics.py:204: FitFailedWarning: Metric 'make_scorer(roc_auc_score, response_method=('decision_function', 'predict_proba'), average=weighted, multi_class=ovr)' failed and error score 0.0 has been returned instead. If this is a custom metric, this usually means that the error is in the metric code. Full exception below:
Traceback (most recent call last):
  File "C:\Users\dhadu\AppData\Roaming\Python\Python311\site-packages\pycaret\internal\metrics.py", line 196, in _score
    return super()._score(
           ^^^^^^^^^^^^^^^
  File "C:\Users\dhadu\AppData\Roaming\Python\Python311\site-packages\sklearn\metrics\_scorer.py", line 350, in _score
    return self._sign * self._score_func(y_true, y_pred, **scoring_kwargs)
                        ^^^^^^^^^^^^^^^^^^^^^^^^^^^^^^^^^^^^^^^^^^^^^^^^^^
  File "C:\Users\dhadu\AppData\Roaming\Python\Python311\site-packages\pycaret\internal\metrics.py", line 144, in __call__
    return self.score_func(y_true, y_pred, **kwargs)
           ^^^^^^^^^^^^^^^^^^^^^^^^^^^^^^^^^^^^^^^^^
  File "C:\Users\dhadu\AppData\Roaming\Python\Python311\site-packages\sklearn\utils\_param_validation.py", line 213, in wrapper
    return func(*args, **kwargs)
           ^^^^^^^^^^^^^^^^^^^^^
  File "C:\Users\dhadu\AppData\Roaming\Python\Python311\site-packages\sklearn\metrics\_ranking.py", line 634, in roc_auc_score
    return _multiclass_roc_auc_score(
           ^^^^^^^^^^^^^^^^^^^^^^^^^^
  File "C:\Users\dhadu\AppData\Roaming\Python\Python311\site-packages\sklearn\metrics\_ranking.py", line 707, in _multiclass_roc_auc_score
    raise ValueError(
ValueError: Target scores need to be probabilities for multiclass roc_auc, i.e. they should sum up to 1.0 over classes

  warnings.warn(

2025-10-26 10:03:51,384:WARNING:C:\Users\dhadu\AppData\Roaming\Python\Python311\site-packages\pycaret\internal\metrics.py:204: FitFailedWarning: Metric 'make_scorer(roc_auc_score, response_method=('decision_function', 'predict_proba'), average=weighted, multi_class=ovr)' failed and error score 0.0 has been returned instead. If this is a custom metric, this usually means that the error is in the metric code. Full exception below:
Traceback (most recent call last):
  File "C:\Users\dhadu\AppData\Roaming\Python\Python311\site-packages\pycaret\internal\metrics.py", line 196, in _score
    return super()._score(
           ^^^^^^^^^^^^^^^
  File "C:\Users\dhadu\AppData\Roaming\Python\Python311\site-packages\sklearn\metrics\_scorer.py", line 350, in _score
    return self._sign * self._score_func(y_true, y_pred, **scoring_kwargs)
                        ^^^^^^^^^^^^^^^^^^^^^^^^^^^^^^^^^^^^^^^^^^^^^^^^^^
  File "C:\Users\dhadu\AppData\Roaming\Python\Python311\site-packages\pycaret\internal\metrics.py", line 144, in __call__
    return self.score_func(y_true, y_pred, **kwargs)
           ^^^^^^^^^^^^^^^^^^^^^^^^^^^^^^^^^^^^^^^^^
  File "C:\Users\dhadu\AppData\Roaming\Python\Python311\site-packages\sklearn\utils\_param_validation.py", line 213, in wrapper
    return func(*args, **kwargs)
           ^^^^^^^^^^^^^^^^^^^^^
  File "C:\Users\dhadu\AppData\Roaming\Python\Python311\site-packages\sklearn\metrics\_ranking.py", line 634, in roc_auc_score
    return _multiclass_roc_auc_score(
           ^^^^^^^^^^^^^^^^^^^^^^^^^^
  File "C:\Users\dhadu\AppData\Roaming\Python\Python311\site-packages\sklearn\metrics\_ranking.py", line 707, in _multiclass_roc_auc_score
    raise ValueError(
ValueError: Target scores need to be probabilities for multiclass roc_auc, i.e. they should sum up to 1.0 over classes

  warnings.warn(

2025-10-26 10:03:51,384:WARNING:C:\Users\dhadu\AppData\Roaming\Python\Python311\site-packages\pycaret\internal\metrics.py:204: FitFailedWarning: Metric 'make_scorer(roc_auc_score, response_method=('decision_function', 'predict_proba'), average=weighted, multi_class=ovr)' failed and error score 0.0 has been returned instead. If this is a custom metric, this usually means that the error is in the metric code. Full exception below:
Traceback (most recent call last):
  File "C:\Users\dhadu\AppData\Roaming\Python\Python311\site-packages\pycaret\internal\metrics.py", line 196, in _score
    return super()._score(
           ^^^^^^^^^^^^^^^
  File "C:\Users\dhadu\AppData\Roaming\Python\Python311\site-packages\sklearn\metrics\_scorer.py", line 350, in _score
    return self._sign * self._score_func(y_true, y_pred, **scoring_kwargs)
                        ^^^^^^^^^^^^^^^^^^^^^^^^^^^^^^^^^^^^^^^^^^^^^^^^^^
  File "C:\Users\dhadu\AppData\Roaming\Python\Python311\site-packages\pycaret\internal\metrics.py", line 144, in __call__
    return self.score_func(y_true, y_pred, **kwargs)
           ^^^^^^^^^^^^^^^^^^^^^^^^^^^^^^^^^^^^^^^^^
  File "C:\Users\dhadu\AppData\Roaming\Python\Python311\site-packages\sklearn\utils\_param_validation.py", line 213, in wrapper
    return func(*args, **kwargs)
           ^^^^^^^^^^^^^^^^^^^^^
  File "C:\Users\dhadu\AppData\Roaming\Python\Python311\site-packages\sklearn\metrics\_ranking.py", line 634, in roc_auc_score
    return _multiclass_roc_auc_score(
           ^^^^^^^^^^^^^^^^^^^^^^^^^^
  File "C:\Users\dhadu\AppData\Roaming\Python\Python311\site-packages\sklearn\metrics\_ranking.py", line 707, in _multiclass_roc_auc_score
    raise ValueError(
ValueError: Target scores need to be probabilities for multiclass roc_auc, i.e. they should sum up to 1.0 over classes

  warnings.warn(

2025-10-26 10:03:51,389:WARNING:C:\Users\dhadu\AppData\Roaming\Python\Python311\site-packages\pycaret\internal\metrics.py:204: FitFailedWarning: Metric 'make_scorer(roc_auc_score, response_method=('decision_function', 'predict_proba'), average=weighted, multi_class=ovr)' failed and error score 0.0 has been returned instead. If this is a custom metric, this usually means that the error is in the metric code. Full exception below:
Traceback (most recent call last):
  File "C:\Users\dhadu\AppData\Roaming\Python\Python311\site-packages\pycaret\internal\metrics.py", line 196, in _score
    return super()._score(
           ^^^^^^^^^^^^^^^
  File "C:\Users\dhadu\AppData\Roaming\Python\Python311\site-packages\sklearn\metrics\_scorer.py", line 350, in _score
    return self._sign * self._score_func(y_true, y_pred, **scoring_kwargs)
                        ^^^^^^^^^^^^^^^^^^^^^^^^^^^^^^^^^^^^^^^^^^^^^^^^^^
  File "C:\Users\dhadu\AppData\Roaming\Python\Python311\site-packages\pycaret\internal\metrics.py", line 144, in __call__
    return self.score_func(y_true, y_pred, **kwargs)
           ^^^^^^^^^^^^^^^^^^^^^^^^^^^^^^^^^^^^^^^^^
  File "C:\Users\dhadu\AppData\Roaming\Python\Python311\site-packages\sklearn\utils\_param_validation.py", line 213, in wrapper
    return func(*args, **kwargs)
           ^^^^^^^^^^^^^^^^^^^^^
  File "C:\Users\dhadu\AppData\Roaming\Python\Python311\site-packages\sklearn\metrics\_ranking.py", line 634, in roc_auc_score
    return _multiclass_roc_auc_score(
           ^^^^^^^^^^^^^^^^^^^^^^^^^^
  File "C:\Users\dhadu\AppData\Roaming\Python\Python311\site-packages\sklearn\metrics\_ranking.py", line 707, in _multiclass_roc_auc_score
    raise ValueError(
ValueError: Target scores need to be probabilities for multiclass roc_auc, i.e. they should sum up to 1.0 over classes

  warnings.warn(

2025-10-26 10:03:51,401:WARNING:C:\Users\dhadu\AppData\Roaming\Python\Python311\site-packages\pycaret\internal\metrics.py:204: FitFailedWarning: Metric 'make_scorer(roc_auc_score, response_method=('decision_function', 'predict_proba'), average=weighted, multi_class=ovr)' failed and error score 0.0 has been returned instead. If this is a custom metric, this usually means that the error is in the metric code. Full exception below:
Traceback (most recent call last):
  File "C:\Users\dhadu\AppData\Roaming\Python\Python311\site-packages\pycaret\internal\metrics.py", line 196, in _score
    return super()._score(
           ^^^^^^^^^^^^^^^
  File "C:\Users\dhadu\AppData\Roaming\Python\Python311\site-packages\sklearn\metrics\_scorer.py", line 350, in _score
    return self._sign * self._score_func(y_true, y_pred, **scoring_kwargs)
                        ^^^^^^^^^^^^^^^^^^^^^^^^^^^^^^^^^^^^^^^^^^^^^^^^^^
  File "C:\Users\dhadu\AppData\Roaming\Python\Python311\site-packages\pycaret\internal\metrics.py", line 144, in __call__
    return self.score_func(y_true, y_pred, **kwargs)
           ^^^^^^^^^^^^^^^^^^^^^^^^^^^^^^^^^^^^^^^^^
  File "C:\Users\dhadu\AppData\Roaming\Python\Python311\site-packages\sklearn\utils\_param_validation.py", line 213, in wrapper
    return func(*args, **kwargs)
           ^^^^^^^^^^^^^^^^^^^^^
  File "C:\Users\dhadu\AppData\Roaming\Python\Python311\site-packages\sklearn\metrics\_ranking.py", line 634, in roc_auc_score
    return _multiclass_roc_auc_score(
           ^^^^^^^^^^^^^^^^^^^^^^^^^^
  File "C:\Users\dhadu\AppData\Roaming\Python\Python311\site-packages\sklearn\metrics\_ranking.py", line 707, in _multiclass_roc_auc_score
    raise ValueError(
ValueError: Target scores need to be probabilities for multiclass roc_auc, i.e. they should sum up to 1.0 over classes

  warnings.warn(

2025-10-26 10:03:51,402:WARNING:C:\Users\dhadu\AppData\Roaming\Python\Python311\site-packages\pycaret\internal\metrics.py:204: FitFailedWarning: Metric 'make_scorer(roc_auc_score, response_method=('decision_function', 'predict_proba'), average=weighted, multi_class=ovr)' failed and error score 0.0 has been returned instead. If this is a custom metric, this usually means that the error is in the metric code. Full exception below:
Traceback (most recent call last):
  File "C:\Users\dhadu\AppData\Roaming\Python\Python311\site-packages\pycaret\internal\metrics.py", line 196, in _score
    return super()._score(
           ^^^^^^^^^^^^^^^
  File "C:\Users\dhadu\AppData\Roaming\Python\Python311\site-packages\sklearn\metrics\_scorer.py", line 350, in _score
    return self._sign * self._score_func(y_true, y_pred, **scoring_kwargs)
                        ^^^^^^^^^^^^^^^^^^^^^^^^^^^^^^^^^^^^^^^^^^^^^^^^^^
  File "C:\Users\dhadu\AppData\Roaming\Python\Python311\site-packages\pycaret\internal\metrics.py", line 144, in __call__
    return self.score_func(y_true, y_pred, **kwargs)
           ^^^^^^^^^^^^^^^^^^^^^^^^^^^^^^^^^^^^^^^^^
  File "C:\Users\dhadu\AppData\Roaming\Python\Python311\site-packages\sklearn\utils\_param_validation.py", line 213, in wrapper
    return func(*args, **kwargs)
           ^^^^^^^^^^^^^^^^^^^^^
  File "C:\Users\dhadu\AppData\Roaming\Python\Python311\site-packages\sklearn\metrics\_ranking.py", line 634, in roc_auc_score
    return _multiclass_roc_auc_score(
           ^^^^^^^^^^^^^^^^^^^^^^^^^^
  File "C:\Users\dhadu\AppData\Roaming\Python\Python311\site-packages\sklearn\metrics\_ranking.py", line 707, in _multiclass_roc_auc_score
    raise ValueError(
ValueError: Target scores need to be probabilities for multiclass roc_auc, i.e. they should sum up to 1.0 over classes

  warnings.warn(

2025-10-26 10:03:51,409:WARNING:C:\Users\dhadu\AppData\Roaming\Python\Python311\site-packages\pycaret\internal\metrics.py:204: FitFailedWarning: Metric 'make_scorer(roc_auc_score, response_method=('decision_function', 'predict_proba'), average=weighted, multi_class=ovr)' failed and error score 0.0 has been returned instead. If this is a custom metric, this usually means that the error is in the metric code. Full exception below:
Traceback (most recent call last):
  File "C:\Users\dhadu\AppData\Roaming\Python\Python311\site-packages\pycaret\internal\metrics.py", line 196, in _score
    return super()._score(
           ^^^^^^^^^^^^^^^
  File "C:\Users\dhadu\AppData\Roaming\Python\Python311\site-packages\sklearn\metrics\_scorer.py", line 350, in _score
    return self._sign * self._score_func(y_true, y_pred, **scoring_kwargs)
                        ^^^^^^^^^^^^^^^^^^^^^^^^^^^^^^^^^^^^^^^^^^^^^^^^^^
  File "C:\Users\dhadu\AppData\Roaming\Python\Python311\site-packages\pycaret\internal\metrics.py", line 144, in __call__
    return self.score_func(y_true, y_pred, **kwargs)
           ^^^^^^^^^^^^^^^^^^^^^^^^^^^^^^^^^^^^^^^^^
  File "C:\Users\dhadu\AppData\Roaming\Python\Python311\site-packages\sklearn\utils\_param_validation.py", line 213, in wrapper
    return func(*args, **kwargs)
           ^^^^^^^^^^^^^^^^^^^^^
  File "C:\Users\dhadu\AppData\Roaming\Python\Python311\site-packages\sklearn\metrics\_ranking.py", line 634, in roc_auc_score
    return _multiclass_roc_auc_score(
           ^^^^^^^^^^^^^^^^^^^^^^^^^^
  File "C:\Users\dhadu\AppData\Roaming\Python\Python311\site-packages\sklearn\metrics\_ranking.py", line 707, in _multiclass_roc_auc_score
    raise ValueError(
ValueError: Target scores need to be probabilities for multiclass roc_auc, i.e. they should sum up to 1.0 over classes

  warnings.warn(

2025-10-26 10:03:51,466:WARNING:C:\Users\dhadu\AppData\Roaming\Python\Python311\site-packages\sklearn\ensemble\_weight_boosting.py:519: FutureWarning: The SAMME.R algorithm (the default) is deprecated and will be removed in 1.6. Use the SAMME algorithm to circumvent this warning.
  warnings.warn(

2025-10-26 10:03:51,470:WARNING:C:\Users\dhadu\AppData\Roaming\Python\Python311\site-packages\sklearn\ensemble\_weight_boosting.py:519: FutureWarning: The SAMME.R algorithm (the default) is deprecated and will be removed in 1.6. Use the SAMME algorithm to circumvent this warning.
  warnings.warn(

2025-10-26 10:03:51,619:WARNING:C:\Users\dhadu\AppData\Roaming\Python\Python311\site-packages\pycaret\internal\metrics.py:204: FitFailedWarning: Metric 'make_scorer(roc_auc_score, response_method=('decision_function', 'predict_proba'), average=weighted, multi_class=ovr)' failed and error score 0.0 has been returned instead. If this is a custom metric, this usually means that the error is in the metric code. Full exception below:
Traceback (most recent call last):
  File "C:\Users\dhadu\AppData\Roaming\Python\Python311\site-packages\pycaret\internal\metrics.py", line 196, in _score
    return super()._score(
           ^^^^^^^^^^^^^^^
  File "C:\Users\dhadu\AppData\Roaming\Python\Python311\site-packages\sklearn\metrics\_scorer.py", line 350, in _score
    return self._sign * self._score_func(y_true, y_pred, **scoring_kwargs)
                        ^^^^^^^^^^^^^^^^^^^^^^^^^^^^^^^^^^^^^^^^^^^^^^^^^^
  File "C:\Users\dhadu\AppData\Roaming\Python\Python311\site-packages\pycaret\internal\metrics.py", line 144, in __call__
    return self.score_func(y_true, y_pred, **kwargs)
           ^^^^^^^^^^^^^^^^^^^^^^^^^^^^^^^^^^^^^^^^^
  File "C:\Users\dhadu\AppData\Roaming\Python\Python311\site-packages\sklearn\utils\_param_validation.py", line 213, in wrapper
    return func(*args, **kwargs)
           ^^^^^^^^^^^^^^^^^^^^^
  File "C:\Users\dhadu\AppData\Roaming\Python\Python311\site-packages\sklearn\metrics\_ranking.py", line 634, in roc_auc_score
    return _multiclass_roc_auc_score(
           ^^^^^^^^^^^^^^^^^^^^^^^^^^
  File "C:\Users\dhadu\AppData\Roaming\Python\Python311\site-packages\sklearn\metrics\_ranking.py", line 707, in _multiclass_roc_auc_score
    raise ValueError(
ValueError: Target scores need to be probabilities for multiclass roc_auc, i.e. they should sum up to 1.0 over classes

  warnings.warn(

2025-10-26 10:03:51,627:WARNING:C:\Users\dhadu\AppData\Roaming\Python\Python311\site-packages\pycaret\internal\metrics.py:204: FitFailedWarning: Metric 'make_scorer(roc_auc_score, response_method=('decision_function', 'predict_proba'), average=weighted, multi_class=ovr)' failed and error score 0.0 has been returned instead. If this is a custom metric, this usually means that the error is in the metric code. Full exception below:
Traceback (most recent call last):
  File "C:\Users\dhadu\AppData\Roaming\Python\Python311\site-packages\pycaret\internal\metrics.py", line 196, in _score
    return super()._score(
           ^^^^^^^^^^^^^^^
  File "C:\Users\dhadu\AppData\Roaming\Python\Python311\site-packages\sklearn\metrics\_scorer.py", line 350, in _score
    return self._sign * self._score_func(y_true, y_pred, **scoring_kwargs)
                        ^^^^^^^^^^^^^^^^^^^^^^^^^^^^^^^^^^^^^^^^^^^^^^^^^^
  File "C:\Users\dhadu\AppData\Roaming\Python\Python311\site-packages\pycaret\internal\metrics.py", line 144, in __call__
    return self.score_func(y_true, y_pred, **kwargs)
           ^^^^^^^^^^^^^^^^^^^^^^^^^^^^^^^^^^^^^^^^^
  File "C:\Users\dhadu\AppData\Roaming\Python\Python311\site-packages\sklearn\utils\_param_validation.py", line 213, in wrapper
    return func(*args, **kwargs)
           ^^^^^^^^^^^^^^^^^^^^^
  File "C:\Users\dhadu\AppData\Roaming\Python\Python311\site-packages\sklearn\metrics\_ranking.py", line 634, in roc_auc_score
    return _multiclass_roc_auc_score(
           ^^^^^^^^^^^^^^^^^^^^^^^^^^
  File "C:\Users\dhadu\AppData\Roaming\Python\Python311\site-packages\sklearn\metrics\_ranking.py", line 707, in _multiclass_roc_auc_score
    raise ValueError(
ValueError: Target scores need to be probabilities for multiclass roc_auc, i.e. they should sum up to 1.0 over classes

  warnings.warn(

2025-10-26 10:03:51,640:INFO:Calculating mean and std
2025-10-26 10:03:51,641:INFO:Creating metrics dataframe
2025-10-26 10:03:51,643:INFO:Uploading results into container
2025-10-26 10:03:51,643:INFO:Uploading model into container now
2025-10-26 10:03:51,643:INFO:_master_model_container: 9
2025-10-26 10:03:51,643:INFO:_display_container: 2
2025-10-26 10:03:51,644:INFO:AdaBoostClassifier(algorithm='SAMME.R', estimator=None, learning_rate=1.0,
                   n_estimators=50, random_state=123)
2025-10-26 10:03:51,644:INFO:create_model() successfully completed......................................
2025-10-26 10:03:51,782:INFO:SubProcess create_model() end ==================================
2025-10-26 10:03:51,782:INFO:Creating metrics dataframe
2025-10-26 10:03:51,794:INFO:Initializing Gradient Boosting Classifier
2025-10-26 10:03:51,794:INFO:Total runtime is 0.24241959651311237 minutes
2025-10-26 10:03:51,798:INFO:SubProcess create_model() called ==================================
2025-10-26 10:03:51,798:INFO:Initializing create_model()
2025-10-26 10:03:51,798:INFO:create_model(self=<pycaret.classification.oop.ClassificationExperiment object at 0x00000144DA40A150>, estimator=gbc, fold=StratifiedKFold(n_splits=10, random_state=None, shuffle=False), round=4, cross_validation=True, predict=True, fit_kwargs={}, groups=None, refit=False, probability_threshold=None, experiment_custom_tags=None, verbose=False, system=False, add_to_model_list=True, metrics=None, display=<pycaret.internal.display.display.CommonDisplay object at 0x00000144F03EF050>, model_only=True, return_train_score=False, error_score=0.0, kwargs={})
2025-10-26 10:03:51,798:INFO:Checking exceptions
2025-10-26 10:03:51,798:INFO:Importing libraries
2025-10-26 10:03:51,798:INFO:Copying training dataset
2025-10-26 10:03:51,807:INFO:Defining folds
2025-10-26 10:03:51,807:INFO:Declaring metric variables
2025-10-26 10:03:51,812:INFO:Importing untrained model
2025-10-26 10:03:51,816:INFO:Gradient Boosting Classifier Imported successfully
2025-10-26 10:03:51,823:INFO:Starting cross validation
2025-10-26 10:03:51,825:INFO:Cross validating with StratifiedKFold(n_splits=10, random_state=None, shuffle=False), n_jobs=-1
2025-10-26 10:03:54,294:WARNING:C:\Users\dhadu\AppData\Roaming\Python\Python311\site-packages\pycaret\internal\metrics.py:204: FitFailedWarning: Metric 'make_scorer(roc_auc_score, response_method=('decision_function', 'predict_proba'), average=weighted, multi_class=ovr)' failed and error score 0.0 has been returned instead. If this is a custom metric, this usually means that the error is in the metric code. Full exception below:
Traceback (most recent call last):
  File "C:\Users\dhadu\AppData\Roaming\Python\Python311\site-packages\pycaret\internal\metrics.py", line 196, in _score
    return super()._score(
           ^^^^^^^^^^^^^^^
  File "C:\Users\dhadu\AppData\Roaming\Python\Python311\site-packages\sklearn\metrics\_scorer.py", line 350, in _score
    return self._sign * self._score_func(y_true, y_pred, **scoring_kwargs)
                        ^^^^^^^^^^^^^^^^^^^^^^^^^^^^^^^^^^^^^^^^^^^^^^^^^^
  File "C:\Users\dhadu\AppData\Roaming\Python\Python311\site-packages\pycaret\internal\metrics.py", line 144, in __call__
    return self.score_func(y_true, y_pred, **kwargs)
           ^^^^^^^^^^^^^^^^^^^^^^^^^^^^^^^^^^^^^^^^^
  File "C:\Users\dhadu\AppData\Roaming\Python\Python311\site-packages\sklearn\utils\_param_validation.py", line 213, in wrapper
    return func(*args, **kwargs)
           ^^^^^^^^^^^^^^^^^^^^^
  File "C:\Users\dhadu\AppData\Roaming\Python\Python311\site-packages\sklearn\metrics\_ranking.py", line 634, in roc_auc_score
    return _multiclass_roc_auc_score(
           ^^^^^^^^^^^^^^^^^^^^^^^^^^
  File "C:\Users\dhadu\AppData\Roaming\Python\Python311\site-packages\sklearn\metrics\_ranking.py", line 707, in _multiclass_roc_auc_score
    raise ValueError(
ValueError: Target scores need to be probabilities for multiclass roc_auc, i.e. they should sum up to 1.0 over classes

  warnings.warn(

2025-10-26 10:03:54,306:WARNING:C:\Users\dhadu\AppData\Roaming\Python\Python311\site-packages\pycaret\internal\metrics.py:204: FitFailedWarning: Metric 'make_scorer(roc_auc_score, response_method=('decision_function', 'predict_proba'), average=weighted, multi_class=ovr)' failed and error score 0.0 has been returned instead. If this is a custom metric, this usually means that the error is in the metric code. Full exception below:
Traceback (most recent call last):
  File "C:\Users\dhadu\AppData\Roaming\Python\Python311\site-packages\pycaret\internal\metrics.py", line 196, in _score
    return super()._score(
           ^^^^^^^^^^^^^^^
  File "C:\Users\dhadu\AppData\Roaming\Python\Python311\site-packages\sklearn\metrics\_scorer.py", line 350, in _score
    return self._sign * self._score_func(y_true, y_pred, **scoring_kwargs)
                        ^^^^^^^^^^^^^^^^^^^^^^^^^^^^^^^^^^^^^^^^^^^^^^^^^^
  File "C:\Users\dhadu\AppData\Roaming\Python\Python311\site-packages\pycaret\internal\metrics.py", line 144, in __call__
    return self.score_func(y_true, y_pred, **kwargs)
           ^^^^^^^^^^^^^^^^^^^^^^^^^^^^^^^^^^^^^^^^^
  File "C:\Users\dhadu\AppData\Roaming\Python\Python311\site-packages\sklearn\utils\_param_validation.py", line 213, in wrapper
    return func(*args, **kwargs)
           ^^^^^^^^^^^^^^^^^^^^^
  File "C:\Users\dhadu\AppData\Roaming\Python\Python311\site-packages\sklearn\metrics\_ranking.py", line 634, in roc_auc_score
    return _multiclass_roc_auc_score(
           ^^^^^^^^^^^^^^^^^^^^^^^^^^
  File "C:\Users\dhadu\AppData\Roaming\Python\Python311\site-packages\sklearn\metrics\_ranking.py", line 707, in _multiclass_roc_auc_score
    raise ValueError(
ValueError: Target scores need to be probabilities for multiclass roc_auc, i.e. they should sum up to 1.0 over classes

  warnings.warn(

2025-10-26 10:03:54,320:WARNING:C:\Users\dhadu\AppData\Roaming\Python\Python311\site-packages\pycaret\internal\metrics.py:204: FitFailedWarning: Metric 'make_scorer(roc_auc_score, response_method=('decision_function', 'predict_proba'), average=weighted, multi_class=ovr)' failed and error score 0.0 has been returned instead. If this is a custom metric, this usually means that the error is in the metric code. Full exception below:
Traceback (most recent call last):
  File "C:\Users\dhadu\AppData\Roaming\Python\Python311\site-packages\pycaret\internal\metrics.py", line 196, in _score
    return super()._score(
           ^^^^^^^^^^^^^^^
  File "C:\Users\dhadu\AppData\Roaming\Python\Python311\site-packages\sklearn\metrics\_scorer.py", line 350, in _score
    return self._sign * self._score_func(y_true, y_pred, **scoring_kwargs)
                        ^^^^^^^^^^^^^^^^^^^^^^^^^^^^^^^^^^^^^^^^^^^^^^^^^^
  File "C:\Users\dhadu\AppData\Roaming\Python\Python311\site-packages\pycaret\internal\metrics.py", line 144, in __call__
    return self.score_func(y_true, y_pred, **kwargs)
           ^^^^^^^^^^^^^^^^^^^^^^^^^^^^^^^^^^^^^^^^^
  File "C:\Users\dhadu\AppData\Roaming\Python\Python311\site-packages\sklearn\utils\_param_validation.py", line 213, in wrapper
    return func(*args, **kwargs)
           ^^^^^^^^^^^^^^^^^^^^^
  File "C:\Users\dhadu\AppData\Roaming\Python\Python311\site-packages\sklearn\metrics\_ranking.py", line 634, in roc_auc_score
    return _multiclass_roc_auc_score(
           ^^^^^^^^^^^^^^^^^^^^^^^^^^
  File "C:\Users\dhadu\AppData\Roaming\Python\Python311\site-packages\sklearn\metrics\_ranking.py", line 707, in _multiclass_roc_auc_score
    raise ValueError(
ValueError: Target scores need to be probabilities for multiclass roc_auc, i.e. they should sum up to 1.0 over classes

  warnings.warn(

2025-10-26 10:03:54,321:WARNING:C:\Users\dhadu\AppData\Roaming\Python\Python311\site-packages\pycaret\internal\metrics.py:204: FitFailedWarning: Metric 'make_scorer(roc_auc_score, response_method=('decision_function', 'predict_proba'), average=weighted, multi_class=ovr)' failed and error score 0.0 has been returned instead. If this is a custom metric, this usually means that the error is in the metric code. Full exception below:
Traceback (most recent call last):
  File "C:\Users\dhadu\AppData\Roaming\Python\Python311\site-packages\pycaret\internal\metrics.py", line 196, in _score
    return super()._score(
           ^^^^^^^^^^^^^^^
  File "C:\Users\dhadu\AppData\Roaming\Python\Python311\site-packages\sklearn\metrics\_scorer.py", line 350, in _score
    return self._sign * self._score_func(y_true, y_pred, **scoring_kwargs)
                        ^^^^^^^^^^^^^^^^^^^^^^^^^^^^^^^^^^^^^^^^^^^^^^^^^^
  File "C:\Users\dhadu\AppData\Roaming\Python\Python311\site-packages\pycaret\internal\metrics.py", line 144, in __call__
    return self.score_func(y_true, y_pred, **kwargs)
           ^^^^^^^^^^^^^^^^^^^^^^^^^^^^^^^^^^^^^^^^^
  File "C:\Users\dhadu\AppData\Roaming\Python\Python311\site-packages\sklearn\utils\_param_validation.py", line 213, in wrapper
    return func(*args, **kwargs)
           ^^^^^^^^^^^^^^^^^^^^^
  File "C:\Users\dhadu\AppData\Roaming\Python\Python311\site-packages\sklearn\metrics\_ranking.py", line 634, in roc_auc_score
    return _multiclass_roc_auc_score(
           ^^^^^^^^^^^^^^^^^^^^^^^^^^
  File "C:\Users\dhadu\AppData\Roaming\Python\Python311\site-packages\sklearn\metrics\_ranking.py", line 707, in _multiclass_roc_auc_score
    raise ValueError(
ValueError: Target scores need to be probabilities for multiclass roc_auc, i.e. they should sum up to 1.0 over classes

  warnings.warn(

2025-10-26 10:03:54,481:WARNING:C:\Users\dhadu\AppData\Roaming\Python\Python311\site-packages\pycaret\internal\metrics.py:204: FitFailedWarning: Metric 'make_scorer(roc_auc_score, response_method=('decision_function', 'predict_proba'), average=weighted, multi_class=ovr)' failed and error score 0.0 has been returned instead. If this is a custom metric, this usually means that the error is in the metric code. Full exception below:
Traceback (most recent call last):
  File "C:\Users\dhadu\AppData\Roaming\Python\Python311\site-packages\pycaret\internal\metrics.py", line 196, in _score
    return super()._score(
           ^^^^^^^^^^^^^^^
  File "C:\Users\dhadu\AppData\Roaming\Python\Python311\site-packages\sklearn\metrics\_scorer.py", line 350, in _score
    return self._sign * self._score_func(y_true, y_pred, **scoring_kwargs)
                        ^^^^^^^^^^^^^^^^^^^^^^^^^^^^^^^^^^^^^^^^^^^^^^^^^^
  File "C:\Users\dhadu\AppData\Roaming\Python\Python311\site-packages\pycaret\internal\metrics.py", line 144, in __call__
    return self.score_func(y_true, y_pred, **kwargs)
           ^^^^^^^^^^^^^^^^^^^^^^^^^^^^^^^^^^^^^^^^^
  File "C:\Users\dhadu\AppData\Roaming\Python\Python311\site-packages\sklearn\utils\_param_validation.py", line 213, in wrapper
    return func(*args, **kwargs)
           ^^^^^^^^^^^^^^^^^^^^^
  File "C:\Users\dhadu\AppData\Roaming\Python\Python311\site-packages\sklearn\metrics\_ranking.py", line 634, in roc_auc_score
    return _multiclass_roc_auc_score(
           ^^^^^^^^^^^^^^^^^^^^^^^^^^
  File "C:\Users\dhadu\AppData\Roaming\Python\Python311\site-packages\sklearn\metrics\_ranking.py", line 707, in _multiclass_roc_auc_score
    raise ValueError(
ValueError: Target scores need to be probabilities for multiclass roc_auc, i.e. they should sum up to 1.0 over classes

  warnings.warn(

2025-10-26 10:03:54,545:WARNING:C:\Users\dhadu\AppData\Roaming\Python\Python311\site-packages\pycaret\internal\metrics.py:204: FitFailedWarning: Metric 'make_scorer(roc_auc_score, response_method=('decision_function', 'predict_proba'), average=weighted, multi_class=ovr)' failed and error score 0.0 has been returned instead. If this is a custom metric, this usually means that the error is in the metric code. Full exception below:
Traceback (most recent call last):
  File "C:\Users\dhadu\AppData\Roaming\Python\Python311\site-packages\pycaret\internal\metrics.py", line 196, in _score
    return super()._score(
           ^^^^^^^^^^^^^^^
  File "C:\Users\dhadu\AppData\Roaming\Python\Python311\site-packages\sklearn\metrics\_scorer.py", line 350, in _score
    return self._sign * self._score_func(y_true, y_pred, **scoring_kwargs)
                        ^^^^^^^^^^^^^^^^^^^^^^^^^^^^^^^^^^^^^^^^^^^^^^^^^^
  File "C:\Users\dhadu\AppData\Roaming\Python\Python311\site-packages\pycaret\internal\metrics.py", line 144, in __call__
    return self.score_func(y_true, y_pred, **kwargs)
           ^^^^^^^^^^^^^^^^^^^^^^^^^^^^^^^^^^^^^^^^^
  File "C:\Users\dhadu\AppData\Roaming\Python\Python311\site-packages\sklearn\utils\_param_validation.py", line 213, in wrapper
    return func(*args, **kwargs)
           ^^^^^^^^^^^^^^^^^^^^^
  File "C:\Users\dhadu\AppData\Roaming\Python\Python311\site-packages\sklearn\metrics\_ranking.py", line 634, in roc_auc_score
    return _multiclass_roc_auc_score(
           ^^^^^^^^^^^^^^^^^^^^^^^^^^
  File "C:\Users\dhadu\AppData\Roaming\Python\Python311\site-packages\sklearn\metrics\_ranking.py", line 707, in _multiclass_roc_auc_score
    raise ValueError(
ValueError: Target scores need to be probabilities for multiclass roc_auc, i.e. they should sum up to 1.0 over classes

  warnings.warn(

2025-10-26 10:03:54,580:WARNING:C:\Users\dhadu\AppData\Roaming\Python\Python311\site-packages\pycaret\internal\metrics.py:204: FitFailedWarning: Metric 'make_scorer(roc_auc_score, response_method=('decision_function', 'predict_proba'), average=weighted, multi_class=ovr)' failed and error score 0.0 has been returned instead. If this is a custom metric, this usually means that the error is in the metric code. Full exception below:
Traceback (most recent call last):
  File "C:\Users\dhadu\AppData\Roaming\Python\Python311\site-packages\pycaret\internal\metrics.py", line 196, in _score
    return super()._score(
           ^^^^^^^^^^^^^^^
  File "C:\Users\dhadu\AppData\Roaming\Python\Python311\site-packages\sklearn\metrics\_scorer.py", line 350, in _score
    return self._sign * self._score_func(y_true, y_pred, **scoring_kwargs)
                        ^^^^^^^^^^^^^^^^^^^^^^^^^^^^^^^^^^^^^^^^^^^^^^^^^^
  File "C:\Users\dhadu\AppData\Roaming\Python\Python311\site-packages\pycaret\internal\metrics.py", line 144, in __call__
    return self.score_func(y_true, y_pred, **kwargs)
           ^^^^^^^^^^^^^^^^^^^^^^^^^^^^^^^^^^^^^^^^^
  File "C:\Users\dhadu\AppData\Roaming\Python\Python311\site-packages\sklearn\utils\_param_validation.py", line 213, in wrapper
    return func(*args, **kwargs)
           ^^^^^^^^^^^^^^^^^^^^^
  File "C:\Users\dhadu\AppData\Roaming\Python\Python311\site-packages\sklearn\metrics\_ranking.py", line 634, in roc_auc_score
    return _multiclass_roc_auc_score(
           ^^^^^^^^^^^^^^^^^^^^^^^^^^
  File "C:\Users\dhadu\AppData\Roaming\Python\Python311\site-packages\sklearn\metrics\_ranking.py", line 707, in _multiclass_roc_auc_score
    raise ValueError(
ValueError: Target scores need to be probabilities for multiclass roc_auc, i.e. they should sum up to 1.0 over classes

  warnings.warn(

2025-10-26 10:03:54,585:WARNING:C:\Users\dhadu\AppData\Roaming\Python\Python311\site-packages\pycaret\internal\metrics.py:204: FitFailedWarning: Metric 'make_scorer(roc_auc_score, response_method=('decision_function', 'predict_proba'), average=weighted, multi_class=ovr)' failed and error score 0.0 has been returned instead. If this is a custom metric, this usually means that the error is in the metric code. Full exception below:
Traceback (most recent call last):
  File "C:\Users\dhadu\AppData\Roaming\Python\Python311\site-packages\pycaret\internal\metrics.py", line 196, in _score
    return super()._score(
           ^^^^^^^^^^^^^^^
  File "C:\Users\dhadu\AppData\Roaming\Python\Python311\site-packages\sklearn\metrics\_scorer.py", line 350, in _score
    return self._sign * self._score_func(y_true, y_pred, **scoring_kwargs)
                        ^^^^^^^^^^^^^^^^^^^^^^^^^^^^^^^^^^^^^^^^^^^^^^^^^^
  File "C:\Users\dhadu\AppData\Roaming\Python\Python311\site-packages\pycaret\internal\metrics.py", line 144, in __call__
    return self.score_func(y_true, y_pred, **kwargs)
           ^^^^^^^^^^^^^^^^^^^^^^^^^^^^^^^^^^^^^^^^^
  File "C:\Users\dhadu\AppData\Roaming\Python\Python311\site-packages\sklearn\utils\_param_validation.py", line 213, in wrapper
    return func(*args, **kwargs)
           ^^^^^^^^^^^^^^^^^^^^^
  File "C:\Users\dhadu\AppData\Roaming\Python\Python311\site-packages\sklearn\metrics\_ranking.py", line 634, in roc_auc_score
    return _multiclass_roc_auc_score(
           ^^^^^^^^^^^^^^^^^^^^^^^^^^
  File "C:\Users\dhadu\AppData\Roaming\Python\Python311\site-packages\sklearn\metrics\_ranking.py", line 707, in _multiclass_roc_auc_score
    raise ValueError(
ValueError: Target scores need to be probabilities for multiclass roc_auc, i.e. they should sum up to 1.0 over classes

  warnings.warn(

2025-10-26 10:03:55,997:WARNING:C:\Users\dhadu\AppData\Roaming\Python\Python311\site-packages\pycaret\internal\metrics.py:204: FitFailedWarning: Metric 'make_scorer(roc_auc_score, response_method=('decision_function', 'predict_proba'), average=weighted, multi_class=ovr)' failed and error score 0.0 has been returned instead. If this is a custom metric, this usually means that the error is in the metric code. Full exception below:
Traceback (most recent call last):
  File "C:\Users\dhadu\AppData\Roaming\Python\Python311\site-packages\pycaret\internal\metrics.py", line 196, in _score
    return super()._score(
           ^^^^^^^^^^^^^^^
  File "C:\Users\dhadu\AppData\Roaming\Python\Python311\site-packages\sklearn\metrics\_scorer.py", line 350, in _score
    return self._sign * self._score_func(y_true, y_pred, **scoring_kwargs)
                        ^^^^^^^^^^^^^^^^^^^^^^^^^^^^^^^^^^^^^^^^^^^^^^^^^^
  File "C:\Users\dhadu\AppData\Roaming\Python\Python311\site-packages\pycaret\internal\metrics.py", line 144, in __call__
    return self.score_func(y_true, y_pred, **kwargs)
           ^^^^^^^^^^^^^^^^^^^^^^^^^^^^^^^^^^^^^^^^^
  File "C:\Users\dhadu\AppData\Roaming\Python\Python311\site-packages\sklearn\utils\_param_validation.py", line 213, in wrapper
    return func(*args, **kwargs)
           ^^^^^^^^^^^^^^^^^^^^^
  File "C:\Users\dhadu\AppData\Roaming\Python\Python311\site-packages\sklearn\metrics\_ranking.py", line 634, in roc_auc_score
    return _multiclass_roc_auc_score(
           ^^^^^^^^^^^^^^^^^^^^^^^^^^
  File "C:\Users\dhadu\AppData\Roaming\Python\Python311\site-packages\sklearn\metrics\_ranking.py", line 707, in _multiclass_roc_auc_score
    raise ValueError(
ValueError: Target scores need to be probabilities for multiclass roc_auc, i.e. they should sum up to 1.0 over classes

  warnings.warn(

2025-10-26 10:03:56,014:WARNING:C:\Users\dhadu\AppData\Roaming\Python\Python311\site-packages\pycaret\internal\metrics.py:204: FitFailedWarning: Metric 'make_scorer(roc_auc_score, response_method=('decision_function', 'predict_proba'), average=weighted, multi_class=ovr)' failed and error score 0.0 has been returned instead. If this is a custom metric, this usually means that the error is in the metric code. Full exception below:
Traceback (most recent call last):
  File "C:\Users\dhadu\AppData\Roaming\Python\Python311\site-packages\pycaret\internal\metrics.py", line 196, in _score
    return super()._score(
           ^^^^^^^^^^^^^^^
  File "C:\Users\dhadu\AppData\Roaming\Python\Python311\site-packages\sklearn\metrics\_scorer.py", line 350, in _score
    return self._sign * self._score_func(y_true, y_pred, **scoring_kwargs)
                        ^^^^^^^^^^^^^^^^^^^^^^^^^^^^^^^^^^^^^^^^^^^^^^^^^^
  File "C:\Users\dhadu\AppData\Roaming\Python\Python311\site-packages\pycaret\internal\metrics.py", line 144, in __call__
    return self.score_func(y_true, y_pred, **kwargs)
           ^^^^^^^^^^^^^^^^^^^^^^^^^^^^^^^^^^^^^^^^^
  File "C:\Users\dhadu\AppData\Roaming\Python\Python311\site-packages\sklearn\utils\_param_validation.py", line 213, in wrapper
    return func(*args, **kwargs)
           ^^^^^^^^^^^^^^^^^^^^^
  File "C:\Users\dhadu\AppData\Roaming\Python\Python311\site-packages\sklearn\metrics\_ranking.py", line 634, in roc_auc_score
    return _multiclass_roc_auc_score(
           ^^^^^^^^^^^^^^^^^^^^^^^^^^
  File "C:\Users\dhadu\AppData\Roaming\Python\Python311\site-packages\sklearn\metrics\_ranking.py", line 707, in _multiclass_roc_auc_score
    raise ValueError(
ValueError: Target scores need to be probabilities for multiclass roc_auc, i.e. they should sum up to 1.0 over classes

  warnings.warn(

2025-10-26 10:03:56,026:INFO:Calculating mean and std
2025-10-26 10:03:56,027:INFO:Creating metrics dataframe
2025-10-26 10:03:56,029:INFO:Uploading results into container
2025-10-26 10:03:56,029:INFO:Uploading model into container now
2025-10-26 10:03:56,029:INFO:_master_model_container: 10
2025-10-26 10:03:56,029:INFO:_display_container: 2
2025-10-26 10:03:56,030:INFO:GradientBoostingClassifier(ccp_alpha=0.0, criterion='friedman_mse', init=None,
                           learning_rate=0.1, loss='log_loss', max_depth=3,
                           max_features=None, max_leaf_nodes=None,
                           min_impurity_decrease=0.0, min_samples_leaf=1,
                           min_samples_split=2, min_weight_fraction_leaf=0.0,
                           n_estimators=100, n_iter_no_change=None,
                           random_state=123, subsample=1.0, tol=0.0001,
                           validation_fraction=0.1, verbose=0,
                           warm_start=False)
2025-10-26 10:03:56,030:INFO:create_model() successfully completed......................................
2025-10-26 10:03:56,187:INFO:SubProcess create_model() end ==================================
2025-10-26 10:03:56,187:INFO:Creating metrics dataframe
2025-10-26 10:03:56,196:INFO:Initializing Linear Discriminant Analysis
2025-10-26 10:03:56,196:INFO:Total runtime is 0.3157920996348063 minutes
2025-10-26 10:03:56,201:INFO:SubProcess create_model() called ==================================
2025-10-26 10:03:56,201:INFO:Initializing create_model()
2025-10-26 10:03:56,201:INFO:create_model(self=<pycaret.classification.oop.ClassificationExperiment object at 0x00000144DA40A150>, estimator=lda, fold=StratifiedKFold(n_splits=10, random_state=None, shuffle=False), round=4, cross_validation=True, predict=True, fit_kwargs={}, groups=None, refit=False, probability_threshold=None, experiment_custom_tags=None, verbose=False, system=False, add_to_model_list=True, metrics=None, display=<pycaret.internal.display.display.CommonDisplay object at 0x00000144F03EF050>, model_only=True, return_train_score=False, error_score=0.0, kwargs={})
2025-10-26 10:03:56,201:INFO:Checking exceptions
2025-10-26 10:03:56,201:INFO:Importing libraries
2025-10-26 10:03:56,201:INFO:Copying training dataset
2025-10-26 10:03:56,209:INFO:Defining folds
2025-10-26 10:03:56,209:INFO:Declaring metric variables
2025-10-26 10:03:56,213:INFO:Importing untrained model
2025-10-26 10:03:56,217:INFO:Linear Discriminant Analysis Imported successfully
2025-10-26 10:03:56,225:INFO:Starting cross validation
2025-10-26 10:03:56,226:INFO:Cross validating with StratifiedKFold(n_splits=10, random_state=None, shuffle=False), n_jobs=-1
2025-10-26 10:03:56,378:WARNING:C:\Users\dhadu\AppData\Roaming\Python\Python311\site-packages\pycaret\internal\metrics.py:204: FitFailedWarning: Metric 'make_scorer(roc_auc_score, response_method=('decision_function', 'predict_proba'), average=weighted, multi_class=ovr)' failed and error score 0.0 has been returned instead. If this is a custom metric, this usually means that the error is in the metric code. Full exception below:
Traceback (most recent call last):
  File "C:\Users\dhadu\AppData\Roaming\Python\Python311\site-packages\pycaret\internal\metrics.py", line 196, in _score
    return super()._score(
           ^^^^^^^^^^^^^^^
  File "C:\Users\dhadu\AppData\Roaming\Python\Python311\site-packages\sklearn\metrics\_scorer.py", line 350, in _score
    return self._sign * self._score_func(y_true, y_pred, **scoring_kwargs)
                        ^^^^^^^^^^^^^^^^^^^^^^^^^^^^^^^^^^^^^^^^^^^^^^^^^^
  File "C:\Users\dhadu\AppData\Roaming\Python\Python311\site-packages\pycaret\internal\metrics.py", line 144, in __call__
    return self.score_func(y_true, y_pred, **kwargs)
           ^^^^^^^^^^^^^^^^^^^^^^^^^^^^^^^^^^^^^^^^^
  File "C:\Users\dhadu\AppData\Roaming\Python\Python311\site-packages\sklearn\utils\_param_validation.py", line 213, in wrapper
    return func(*args, **kwargs)
           ^^^^^^^^^^^^^^^^^^^^^
  File "C:\Users\dhadu\AppData\Roaming\Python\Python311\site-packages\sklearn\metrics\_ranking.py", line 634, in roc_auc_score
    return _multiclass_roc_auc_score(
           ^^^^^^^^^^^^^^^^^^^^^^^^^^
  File "C:\Users\dhadu\AppData\Roaming\Python\Python311\site-packages\sklearn\metrics\_ranking.py", line 707, in _multiclass_roc_auc_score
    raise ValueError(
ValueError: Target scores need to be probabilities for multiclass roc_auc, i.e. they should sum up to 1.0 over classes

  warnings.warn(

2025-10-26 10:03:56,419:WARNING:C:\Users\dhadu\AppData\Roaming\Python\Python311\site-packages\pycaret\internal\metrics.py:204: FitFailedWarning: Metric 'make_scorer(roc_auc_score, response_method=('decision_function', 'predict_proba'), average=weighted, multi_class=ovr)' failed and error score 0.0 has been returned instead. If this is a custom metric, this usually means that the error is in the metric code. Full exception below:
Traceback (most recent call last):
  File "C:\Users\dhadu\AppData\Roaming\Python\Python311\site-packages\pycaret\internal\metrics.py", line 196, in _score
    return super()._score(
           ^^^^^^^^^^^^^^^
  File "C:\Users\dhadu\AppData\Roaming\Python\Python311\site-packages\sklearn\metrics\_scorer.py", line 350, in _score
    return self._sign * self._score_func(y_true, y_pred, **scoring_kwargs)
                        ^^^^^^^^^^^^^^^^^^^^^^^^^^^^^^^^^^^^^^^^^^^^^^^^^^
  File "C:\Users\dhadu\AppData\Roaming\Python\Python311\site-packages\pycaret\internal\metrics.py", line 144, in __call__
    return self.score_func(y_true, y_pred, **kwargs)
           ^^^^^^^^^^^^^^^^^^^^^^^^^^^^^^^^^^^^^^^^^
  File "C:\Users\dhadu\AppData\Roaming\Python\Python311\site-packages\sklearn\utils\_param_validation.py", line 213, in wrapper
    return func(*args, **kwargs)
           ^^^^^^^^^^^^^^^^^^^^^
  File "C:\Users\dhadu\AppData\Roaming\Python\Python311\site-packages\sklearn\metrics\_ranking.py", line 634, in roc_auc_score
    return _multiclass_roc_auc_score(
           ^^^^^^^^^^^^^^^^^^^^^^^^^^
  File "C:\Users\dhadu\AppData\Roaming\Python\Python311\site-packages\sklearn\metrics\_ranking.py", line 707, in _multiclass_roc_auc_score
    raise ValueError(
ValueError: Target scores need to be probabilities for multiclass roc_auc, i.e. they should sum up to 1.0 over classes

  warnings.warn(

2025-10-26 10:03:56,422:WARNING:C:\Users\dhadu\AppData\Roaming\Python\Python311\site-packages\pycaret\internal\metrics.py:204: FitFailedWarning: Metric 'make_scorer(roc_auc_score, response_method=('decision_function', 'predict_proba'), average=weighted, multi_class=ovr)' failed and error score 0.0 has been returned instead. If this is a custom metric, this usually means that the error is in the metric code. Full exception below:
Traceback (most recent call last):
  File "C:\Users\dhadu\AppData\Roaming\Python\Python311\site-packages\pycaret\internal\metrics.py", line 196, in _score
    return super()._score(
           ^^^^^^^^^^^^^^^
  File "C:\Users\dhadu\AppData\Roaming\Python\Python311\site-packages\sklearn\metrics\_scorer.py", line 350, in _score
    return self._sign * self._score_func(y_true, y_pred, **scoring_kwargs)
                        ^^^^^^^^^^^^^^^^^^^^^^^^^^^^^^^^^^^^^^^^^^^^^^^^^^
  File "C:\Users\dhadu\AppData\Roaming\Python\Python311\site-packages\pycaret\internal\metrics.py", line 144, in __call__
    return self.score_func(y_true, y_pred, **kwargs)
           ^^^^^^^^^^^^^^^^^^^^^^^^^^^^^^^^^^^^^^^^^
  File "C:\Users\dhadu\AppData\Roaming\Python\Python311\site-packages\sklearn\utils\_param_validation.py", line 213, in wrapper
    return func(*args, **kwargs)
           ^^^^^^^^^^^^^^^^^^^^^
  File "C:\Users\dhadu\AppData\Roaming\Python\Python311\site-packages\sklearn\metrics\_ranking.py", line 634, in roc_auc_score
    return _multiclass_roc_auc_score(
           ^^^^^^^^^^^^^^^^^^^^^^^^^^
  File "C:\Users\dhadu\AppData\Roaming\Python\Python311\site-packages\sklearn\metrics\_ranking.py", line 707, in _multiclass_roc_auc_score
    raise ValueError(
ValueError: Target scores need to be probabilities for multiclass roc_auc, i.e. they should sum up to 1.0 over classes

  warnings.warn(

2025-10-26 10:03:56,423:WARNING:C:\Users\dhadu\AppData\Roaming\Python\Python311\site-packages\pycaret\internal\metrics.py:204: FitFailedWarning: Metric 'make_scorer(roc_auc_score, response_method=('decision_function', 'predict_proba'), average=weighted, multi_class=ovr)' failed and error score 0.0 has been returned instead. If this is a custom metric, this usually means that the error is in the metric code. Full exception below:
Traceback (most recent call last):
  File "C:\Users\dhadu\AppData\Roaming\Python\Python311\site-packages\pycaret\internal\metrics.py", line 196, in _score
    return super()._score(
           ^^^^^^^^^^^^^^^
  File "C:\Users\dhadu\AppData\Roaming\Python\Python311\site-packages\sklearn\metrics\_scorer.py", line 350, in _score
    return self._sign * self._score_func(y_true, y_pred, **scoring_kwargs)
                        ^^^^^^^^^^^^^^^^^^^^^^^^^^^^^^^^^^^^^^^^^^^^^^^^^^
  File "C:\Users\dhadu\AppData\Roaming\Python\Python311\site-packages\pycaret\internal\metrics.py", line 144, in __call__
    return self.score_func(y_true, y_pred, **kwargs)
           ^^^^^^^^^^^^^^^^^^^^^^^^^^^^^^^^^^^^^^^^^
  File "C:\Users\dhadu\AppData\Roaming\Python\Python311\site-packages\sklearn\utils\_param_validation.py", line 213, in wrapper
    return func(*args, **kwargs)
           ^^^^^^^^^^^^^^^^^^^^^
  File "C:\Users\dhadu\AppData\Roaming\Python\Python311\site-packages\sklearn\metrics\_ranking.py", line 634, in roc_auc_score
    return _multiclass_roc_auc_score(
           ^^^^^^^^^^^^^^^^^^^^^^^^^^
  File "C:\Users\dhadu\AppData\Roaming\Python\Python311\site-packages\sklearn\metrics\_ranking.py", line 707, in _multiclass_roc_auc_score
    raise ValueError(
ValueError: Target scores need to be probabilities for multiclass roc_auc, i.e. they should sum up to 1.0 over classes

  warnings.warn(

2025-10-26 10:03:56,424:WARNING:C:\Users\dhadu\AppData\Roaming\Python\Python311\site-packages\pycaret\internal\metrics.py:204: FitFailedWarning: Metric 'make_scorer(roc_auc_score, response_method=('decision_function', 'predict_proba'), average=weighted, multi_class=ovr)' failed and error score 0.0 has been returned instead. If this is a custom metric, this usually means that the error is in the metric code. Full exception below:
Traceback (most recent call last):
  File "C:\Users\dhadu\AppData\Roaming\Python\Python311\site-packages\pycaret\internal\metrics.py", line 196, in _score
    return super()._score(
           ^^^^^^^^^^^^^^^
  File "C:\Users\dhadu\AppData\Roaming\Python\Python311\site-packages\sklearn\metrics\_scorer.py", line 350, in _score
    return self._sign * self._score_func(y_true, y_pred, **scoring_kwargs)
                        ^^^^^^^^^^^^^^^^^^^^^^^^^^^^^^^^^^^^^^^^^^^^^^^^^^
  File "C:\Users\dhadu\AppData\Roaming\Python\Python311\site-packages\pycaret\internal\metrics.py", line 144, in __call__
    return self.score_func(y_true, y_pred, **kwargs)
           ^^^^^^^^^^^^^^^^^^^^^^^^^^^^^^^^^^^^^^^^^
  File "C:\Users\dhadu\AppData\Roaming\Python\Python311\site-packages\sklearn\utils\_param_validation.py", line 213, in wrapper
    return func(*args, **kwargs)
           ^^^^^^^^^^^^^^^^^^^^^
  File "C:\Users\dhadu\AppData\Roaming\Python\Python311\site-packages\sklearn\metrics\_ranking.py", line 634, in roc_auc_score
    return _multiclass_roc_auc_score(
           ^^^^^^^^^^^^^^^^^^^^^^^^^^
  File "C:\Users\dhadu\AppData\Roaming\Python\Python311\site-packages\sklearn\metrics\_ranking.py", line 707, in _multiclass_roc_auc_score
    raise ValueError(
ValueError: Target scores need to be probabilities for multiclass roc_auc, i.e. they should sum up to 1.0 over classes

  warnings.warn(

2025-10-26 10:03:56,425:WARNING:C:\Users\dhadu\AppData\Roaming\Python\Python311\site-packages\pycaret\internal\metrics.py:204: FitFailedWarning: Metric 'make_scorer(roc_auc_score, response_method=('decision_function', 'predict_proba'), average=weighted, multi_class=ovr)' failed and error score 0.0 has been returned instead. If this is a custom metric, this usually means that the error is in the metric code. Full exception below:
Traceback (most recent call last):
  File "C:\Users\dhadu\AppData\Roaming\Python\Python311\site-packages\pycaret\internal\metrics.py", line 196, in _score
    return super()._score(
           ^^^^^^^^^^^^^^^
  File "C:\Users\dhadu\AppData\Roaming\Python\Python311\site-packages\sklearn\metrics\_scorer.py", line 350, in _score
    return self._sign * self._score_func(y_true, y_pred, **scoring_kwargs)
                        ^^^^^^^^^^^^^^^^^^^^^^^^^^^^^^^^^^^^^^^^^^^^^^^^^^
  File "C:\Users\dhadu\AppData\Roaming\Python\Python311\site-packages\pycaret\internal\metrics.py", line 144, in __call__
    return self.score_func(y_true, y_pred, **kwargs)
           ^^^^^^^^^^^^^^^^^^^^^^^^^^^^^^^^^^^^^^^^^
  File "C:\Users\dhadu\AppData\Roaming\Python\Python311\site-packages\sklearn\utils\_param_validation.py", line 213, in wrapper
    return func(*args, **kwargs)
           ^^^^^^^^^^^^^^^^^^^^^
  File "C:\Users\dhadu\AppData\Roaming\Python\Python311\site-packages\sklearn\metrics\_ranking.py", line 634, in roc_auc_score
    return _multiclass_roc_auc_score(
           ^^^^^^^^^^^^^^^^^^^^^^^^^^
  File "C:\Users\dhadu\AppData\Roaming\Python\Python311\site-packages\sklearn\metrics\_ranking.py", line 707, in _multiclass_roc_auc_score
    raise ValueError(
ValueError: Target scores need to be probabilities for multiclass roc_auc, i.e. they should sum up to 1.0 over classes

  warnings.warn(

2025-10-26 10:03:56,430:WARNING:C:\Users\dhadu\AppData\Roaming\Python\Python311\site-packages\pycaret\internal\metrics.py:204: FitFailedWarning: Metric 'make_scorer(roc_auc_score, response_method=('decision_function', 'predict_proba'), average=weighted, multi_class=ovr)' failed and error score 0.0 has been returned instead. If this is a custom metric, this usually means that the error is in the metric code. Full exception below:
Traceback (most recent call last):
  File "C:\Users\dhadu\AppData\Roaming\Python\Python311\site-packages\pycaret\internal\metrics.py", line 196, in _score
    return super()._score(
           ^^^^^^^^^^^^^^^
  File "C:\Users\dhadu\AppData\Roaming\Python\Python311\site-packages\sklearn\metrics\_scorer.py", line 350, in _score
    return self._sign * self._score_func(y_true, y_pred, **scoring_kwargs)
                        ^^^^^^^^^^^^^^^^^^^^^^^^^^^^^^^^^^^^^^^^^^^^^^^^^^
  File "C:\Users\dhadu\AppData\Roaming\Python\Python311\site-packages\pycaret\internal\metrics.py", line 144, in __call__
    return self.score_func(y_true, y_pred, **kwargs)
           ^^^^^^^^^^^^^^^^^^^^^^^^^^^^^^^^^^^^^^^^^
  File "C:\Users\dhadu\AppData\Roaming\Python\Python311\site-packages\sklearn\utils\_param_validation.py", line 213, in wrapper
    return func(*args, **kwargs)
           ^^^^^^^^^^^^^^^^^^^^^
  File "C:\Users\dhadu\AppData\Roaming\Python\Python311\site-packages\sklearn\metrics\_ranking.py", line 634, in roc_auc_score
    return _multiclass_roc_auc_score(
           ^^^^^^^^^^^^^^^^^^^^^^^^^^
  File "C:\Users\dhadu\AppData\Roaming\Python\Python311\site-packages\sklearn\metrics\_ranking.py", line 707, in _multiclass_roc_auc_score
    raise ValueError(
ValueError: Target scores need to be probabilities for multiclass roc_auc, i.e. they should sum up to 1.0 over classes

  warnings.warn(

2025-10-26 10:03:56,444:WARNING:C:\Users\dhadu\AppData\Roaming\Python\Python311\site-packages\pycaret\internal\metrics.py:204: FitFailedWarning: Metric 'make_scorer(roc_auc_score, response_method=('decision_function', 'predict_proba'), average=weighted, multi_class=ovr)' failed and error score 0.0 has been returned instead. If this is a custom metric, this usually means that the error is in the metric code. Full exception below:
Traceback (most recent call last):
  File "C:\Users\dhadu\AppData\Roaming\Python\Python311\site-packages\pycaret\internal\metrics.py", line 196, in _score
    return super()._score(
           ^^^^^^^^^^^^^^^
  File "C:\Users\dhadu\AppData\Roaming\Python\Python311\site-packages\sklearn\metrics\_scorer.py", line 350, in _score
    return self._sign * self._score_func(y_true, y_pred, **scoring_kwargs)
                        ^^^^^^^^^^^^^^^^^^^^^^^^^^^^^^^^^^^^^^^^^^^^^^^^^^
  File "C:\Users\dhadu\AppData\Roaming\Python\Python311\site-packages\pycaret\internal\metrics.py", line 144, in __call__
    return self.score_func(y_true, y_pred, **kwargs)
           ^^^^^^^^^^^^^^^^^^^^^^^^^^^^^^^^^^^^^^^^^
  File "C:\Users\dhadu\AppData\Roaming\Python\Python311\site-packages\sklearn\utils\_param_validation.py", line 213, in wrapper
    return func(*args, **kwargs)
           ^^^^^^^^^^^^^^^^^^^^^
  File "C:\Users\dhadu\AppData\Roaming\Python\Python311\site-packages\sklearn\metrics\_ranking.py", line 634, in roc_auc_score
    return _multiclass_roc_auc_score(
           ^^^^^^^^^^^^^^^^^^^^^^^^^^
  File "C:\Users\dhadu\AppData\Roaming\Python\Python311\site-packages\sklearn\metrics\_ranking.py", line 707, in _multiclass_roc_auc_score
    raise ValueError(
ValueError: Target scores need to be probabilities for multiclass roc_auc, i.e. they should sum up to 1.0 over classes

  warnings.warn(

2025-10-26 10:03:56,507:WARNING:C:\Users\dhadu\AppData\Roaming\Python\Python311\site-packages\pycaret\internal\metrics.py:204: FitFailedWarning: Metric 'make_scorer(roc_auc_score, response_method=('decision_function', 'predict_proba'), average=weighted, multi_class=ovr)' failed and error score 0.0 has been returned instead. If this is a custom metric, this usually means that the error is in the metric code. Full exception below:
Traceback (most recent call last):
  File "C:\Users\dhadu\AppData\Roaming\Python\Python311\site-packages\pycaret\internal\metrics.py", line 196, in _score
    return super()._score(
           ^^^^^^^^^^^^^^^
  File "C:\Users\dhadu\AppData\Roaming\Python\Python311\site-packages\sklearn\metrics\_scorer.py", line 350, in _score
    return self._sign * self._score_func(y_true, y_pred, **scoring_kwargs)
                        ^^^^^^^^^^^^^^^^^^^^^^^^^^^^^^^^^^^^^^^^^^^^^^^^^^
  File "C:\Users\dhadu\AppData\Roaming\Python\Python311\site-packages\pycaret\internal\metrics.py", line 144, in __call__
    return self.score_func(y_true, y_pred, **kwargs)
           ^^^^^^^^^^^^^^^^^^^^^^^^^^^^^^^^^^^^^^^^^
  File "C:\Users\dhadu\AppData\Roaming\Python\Python311\site-packages\sklearn\utils\_param_validation.py", line 213, in wrapper
    return func(*args, **kwargs)
           ^^^^^^^^^^^^^^^^^^^^^
  File "C:\Users\dhadu\AppData\Roaming\Python\Python311\site-packages\sklearn\metrics\_ranking.py", line 634, in roc_auc_score
    return _multiclass_roc_auc_score(
           ^^^^^^^^^^^^^^^^^^^^^^^^^^
  File "C:\Users\dhadu\AppData\Roaming\Python\Python311\site-packages\sklearn\metrics\_ranking.py", line 707, in _multiclass_roc_auc_score
    raise ValueError(
ValueError: Target scores need to be probabilities for multiclass roc_auc, i.e. they should sum up to 1.0 over classes

  warnings.warn(

2025-10-26 10:03:56,532:WARNING:C:\Users\dhadu\AppData\Roaming\Python\Python311\site-packages\pycaret\internal\metrics.py:204: FitFailedWarning: Metric 'make_scorer(roc_auc_score, response_method=('decision_function', 'predict_proba'), average=weighted, multi_class=ovr)' failed and error score 0.0 has been returned instead. If this is a custom metric, this usually means that the error is in the metric code. Full exception below:
Traceback (most recent call last):
  File "C:\Users\dhadu\AppData\Roaming\Python\Python311\site-packages\pycaret\internal\metrics.py", line 196, in _score
    return super()._score(
           ^^^^^^^^^^^^^^^
  File "C:\Users\dhadu\AppData\Roaming\Python\Python311\site-packages\sklearn\metrics\_scorer.py", line 350, in _score
    return self._sign * self._score_func(y_true, y_pred, **scoring_kwargs)
                        ^^^^^^^^^^^^^^^^^^^^^^^^^^^^^^^^^^^^^^^^^^^^^^^^^^
  File "C:\Users\dhadu\AppData\Roaming\Python\Python311\site-packages\pycaret\internal\metrics.py", line 144, in __call__
    return self.score_func(y_true, y_pred, **kwargs)
           ^^^^^^^^^^^^^^^^^^^^^^^^^^^^^^^^^^^^^^^^^
  File "C:\Users\dhadu\AppData\Roaming\Python\Python311\site-packages\sklearn\utils\_param_validation.py", line 213, in wrapper
    return func(*args, **kwargs)
           ^^^^^^^^^^^^^^^^^^^^^
  File "C:\Users\dhadu\AppData\Roaming\Python\Python311\site-packages\sklearn\metrics\_ranking.py", line 634, in roc_auc_score
    return _multiclass_roc_auc_score(
           ^^^^^^^^^^^^^^^^^^^^^^^^^^
  File "C:\Users\dhadu\AppData\Roaming\Python\Python311\site-packages\sklearn\metrics\_ranking.py", line 707, in _multiclass_roc_auc_score
    raise ValueError(
ValueError: Target scores need to be probabilities for multiclass roc_auc, i.e. they should sum up to 1.0 over classes

  warnings.warn(

2025-10-26 10:03:56,545:INFO:Calculating mean and std
2025-10-26 10:03:56,546:INFO:Creating metrics dataframe
2025-10-26 10:03:56,548:INFO:Uploading results into container
2025-10-26 10:03:56,549:INFO:Uploading model into container now
2025-10-26 10:03:56,549:INFO:_master_model_container: 11
2025-10-26 10:03:56,549:INFO:_display_container: 2
2025-10-26 10:03:56,549:INFO:LinearDiscriminantAnalysis(covariance_estimator=None, n_components=None,
                           priors=None, shrinkage=None, solver='svd',
                           store_covariance=False, tol=0.0001)
2025-10-26 10:03:56,549:INFO:create_model() successfully completed......................................
2025-10-26 10:03:56,696:INFO:SubProcess create_model() end ==================================
2025-10-26 10:03:56,696:INFO:Creating metrics dataframe
2025-10-26 10:03:56,707:INFO:Initializing Extra Trees Classifier
2025-10-26 10:03:56,707:INFO:Total runtime is 0.32430646816889447 minutes
2025-10-26 10:03:56,711:INFO:SubProcess create_model() called ==================================
2025-10-26 10:03:56,711:INFO:Initializing create_model()
2025-10-26 10:03:56,712:INFO:create_model(self=<pycaret.classification.oop.ClassificationExperiment object at 0x00000144DA40A150>, estimator=et, fold=StratifiedKFold(n_splits=10, random_state=None, shuffle=False), round=4, cross_validation=True, predict=True, fit_kwargs={}, groups=None, refit=False, probability_threshold=None, experiment_custom_tags=None, verbose=False, system=False, add_to_model_list=True, metrics=None, display=<pycaret.internal.display.display.CommonDisplay object at 0x00000144F03EF050>, model_only=True, return_train_score=False, error_score=0.0, kwargs={})
2025-10-26 10:03:56,712:INFO:Checking exceptions
2025-10-26 10:03:56,712:INFO:Importing libraries
2025-10-26 10:03:56,712:INFO:Copying training dataset
2025-10-26 10:03:56,720:INFO:Defining folds
2025-10-26 10:03:56,720:INFO:Declaring metric variables
2025-10-26 10:03:56,723:INFO:Importing untrained model
2025-10-26 10:03:56,727:INFO:Extra Trees Classifier Imported successfully
2025-10-26 10:03:56,735:INFO:Starting cross validation
2025-10-26 10:03:56,736:INFO:Cross validating with StratifiedKFold(n_splits=10, random_state=None, shuffle=False), n_jobs=-1
2025-10-26 10:03:57,644:INFO:Calculating mean and std
2025-10-26 10:03:57,645:INFO:Creating metrics dataframe
2025-10-26 10:03:57,646:INFO:Uploading results into container
2025-10-26 10:03:57,647:INFO:Uploading model into container now
2025-10-26 10:03:57,647:INFO:_master_model_container: 12
2025-10-26 10:03:57,647:INFO:_display_container: 2
2025-10-26 10:03:57,648:INFO:ExtraTreesClassifier(bootstrap=False, ccp_alpha=0.0, class_weight=None,
                     criterion='gini', max_depth=None, max_features='sqrt',
                     max_leaf_nodes=None, max_samples=None,
                     min_impurity_decrease=0.0, min_samples_leaf=1,
                     min_samples_split=2, min_weight_fraction_leaf=0.0,
                     monotonic_cst=None, n_estimators=100, n_jobs=-1,
                     oob_score=False, random_state=123, verbose=0,
                     warm_start=False)
2025-10-26 10:03:57,648:INFO:create_model() successfully completed......................................
2025-10-26 10:03:57,787:INFO:SubProcess create_model() end ==================================
2025-10-26 10:03:57,787:INFO:Creating metrics dataframe
2025-10-26 10:03:57,800:INFO:Initializing Light Gradient Boosting Machine
2025-10-26 10:03:57,800:INFO:Total runtime is 0.34251639048258464 minutes
2025-10-26 10:03:57,804:INFO:SubProcess create_model() called ==================================
2025-10-26 10:03:57,805:INFO:Initializing create_model()
2025-10-26 10:03:57,805:INFO:create_model(self=<pycaret.classification.oop.ClassificationExperiment object at 0x00000144DA40A150>, estimator=lightgbm, fold=StratifiedKFold(n_splits=10, random_state=None, shuffle=False), round=4, cross_validation=True, predict=True, fit_kwargs={}, groups=None, refit=False, probability_threshold=None, experiment_custom_tags=None, verbose=False, system=False, add_to_model_list=True, metrics=None, display=<pycaret.internal.display.display.CommonDisplay object at 0x00000144F03EF050>, model_only=True, return_train_score=False, error_score=0.0, kwargs={})
2025-10-26 10:03:57,805:INFO:Checking exceptions
2025-10-26 10:03:57,805:INFO:Importing libraries
2025-10-26 10:03:57,805:INFO:Copying training dataset
2025-10-26 10:03:57,815:INFO:Defining folds
2025-10-26 10:03:57,815:INFO:Declaring metric variables
2025-10-26 10:03:57,820:INFO:Importing untrained model
2025-10-26 10:03:57,825:INFO:Light Gradient Boosting Machine Imported successfully
2025-10-26 10:03:57,837:INFO:Starting cross validation
2025-10-26 10:03:57,838:INFO:Cross validating with StratifiedKFold(n_splits=10, random_state=None, shuffle=False), n_jobs=-1
2025-10-26 10:04:01,910:INFO:Calculating mean and std
2025-10-26 10:04:01,911:INFO:Creating metrics dataframe
2025-10-26 10:04:01,914:INFO:Uploading results into container
2025-10-26 10:04:01,915:INFO:Uploading model into container now
2025-10-26 10:04:01,915:INFO:_master_model_container: 13
2025-10-26 10:04:01,915:INFO:_display_container: 2
2025-10-26 10:04:01,916:INFO:LGBMClassifier(boosting_type='gbdt', class_weight=None, colsample_bytree=1.0,
               importance_type='split', learning_rate=0.1, max_depth=-1,
               min_child_samples=20, min_child_weight=0.001, min_split_gain=0.0,
               n_estimators=100, n_jobs=-1, num_leaves=31, objective=None,
               random_state=123, reg_alpha=0.0, reg_lambda=0.0, subsample=1.0,
               subsample_for_bin=200000, subsample_freq=0)
2025-10-26 10:04:01,916:INFO:create_model() successfully completed......................................
2025-10-26 10:04:02,073:INFO:SubProcess create_model() end ==================================
2025-10-26 10:04:02,073:INFO:Creating metrics dataframe
2025-10-26 10:04:02,086:INFO:Initializing CatBoost Classifier
2025-10-26 10:04:02,086:INFO:Total runtime is 0.4139533003171285 minutes
2025-10-26 10:04:02,089:INFO:SubProcess create_model() called ==================================
2025-10-26 10:04:02,089:INFO:Initializing create_model()
2025-10-26 10:04:02,090:INFO:create_model(self=<pycaret.classification.oop.ClassificationExperiment object at 0x00000144DA40A150>, estimator=catboost, fold=StratifiedKFold(n_splits=10, random_state=None, shuffle=False), round=4, cross_validation=True, predict=True, fit_kwargs={}, groups=None, refit=False, probability_threshold=None, experiment_custom_tags=None, verbose=False, system=False, add_to_model_list=True, metrics=None, display=<pycaret.internal.display.display.CommonDisplay object at 0x00000144F03EF050>, model_only=True, return_train_score=False, error_score=0.0, kwargs={})
2025-10-26 10:04:02,090:INFO:Checking exceptions
2025-10-26 10:04:02,090:INFO:Importing libraries
2025-10-26 10:04:02,090:INFO:Copying training dataset
2025-10-26 10:04:02,097:INFO:Defining folds
2025-10-26 10:04:02,097:INFO:Declaring metric variables
2025-10-26 10:04:02,101:INFO:Importing untrained model
2025-10-26 10:04:02,105:INFO:CatBoost Classifier Imported successfully
2025-10-26 10:04:02,114:INFO:Starting cross validation
2025-10-26 10:04:02,120:INFO:Cross validating with StratifiedKFold(n_splits=10, random_state=None, shuffle=False), n_jobs=-1
2025-10-26 10:04:21,965:WARNING:C:\Users\dhadu\AppData\Roaming\Python\Python311\site-packages\sklearn\model_selection\_validation.py:547: FitFailedWarning: 
3 fits failed out of a total of 10.
The score on these train-test partitions for these parameters will be set to 0.0.
If these failures are not expected, you can try to debug them by setting error_score='raise'.

Below are more details about the failures:
--------------------------------------------------------------------------------
3 fits failed with the following error:
Traceback (most recent call last):
  File "C:\Users\dhadu\AppData\Roaming\Python\Python311\site-packages\sklearn\model_selection\_validation.py", line 895, in _fit_and_score
    estimator.fit(X_train, y_train, **fit_params)
  File "C:\Users\dhadu\AppData\Roaming\Python\Python311\site-packages\pycaret\internal\pipeline.py", line 278, in fit
    fitted_estimator = self._memory_fit(
                       ^^^^^^^^^^^^^^^^^
  File "C:\Users\dhadu\AppData\Roaming\Python\Python311\site-packages\joblib\memory.py", line 353, in __call__
    return self.func(*args, **kwargs)
           ^^^^^^^^^^^^^^^^^^^^^^^^^^
  File "C:\Users\dhadu\AppData\Roaming\Python\Python311\site-packages\pycaret\internal\pipeline.py", line 69, in _fit_one
    transformer.fit(*args)
  File "C:\Users\dhadu\AppData\Roaming\Python\Python311\site-packages\catboost\core.py", line 5245, in fit
    self._fit(X, y, cat_features, text_features, embedding_features, None, graph, sample_weight, None, None, None, None, baseline, use_best_model,
  File "C:\Users\dhadu\AppData\Roaming\Python\Python311\site-packages\catboost\core.py", line 2410, in _fit
    self._train(
  File "C:\Users\dhadu\AppData\Roaming\Python\Python311\site-packages\catboost\core.py", line 1790, in _train
    self._object._train(train_pool, test_pool, params, allow_clear_pool, init_model._object if init_model else None)
  File "_catboost.pyx", line 5023, in _catboost._CatBoost._train
  File "_catboost.pyx", line 5072, in _catboost._CatBoost._train
_catboost.CatBoostError: catboost/libs/train_lib/dir_helper.cpp:20: Can't create train working dir: catboost_info


2025-10-26 10:04:21,965:INFO:Calculating mean and std
2025-10-26 10:04:21,966:INFO:Creating metrics dataframe
2025-10-26 10:04:21,967:INFO:Uploading results into container
2025-10-26 10:04:21,967:INFO:Uploading model into container now
2025-10-26 10:04:21,968:INFO:_master_model_container: 14
2025-10-26 10:04:21,968:INFO:_display_container: 2
2025-10-26 10:04:21,968:INFO:<catboost.core.CatBoostClassifier object at 0x00000144F9B501D0>
2025-10-26 10:04:21,969:INFO:create_model() successfully completed......................................
2025-10-26 10:04:22,119:INFO:SubProcess create_model() end ==================================
2025-10-26 10:04:22,119:INFO:Creating metrics dataframe
2025-10-26 10:04:22,130:INFO:Initializing Dummy Classifier
2025-10-26 10:04:22,130:INFO:Total runtime is 0.748020879427592 minutes
2025-10-26 10:04:22,133:INFO:SubProcess create_model() called ==================================
2025-10-26 10:04:22,134:INFO:Initializing create_model()
2025-10-26 10:04:22,134:INFO:create_model(self=<pycaret.classification.oop.ClassificationExperiment object at 0x00000144DA40A150>, estimator=dummy, fold=StratifiedKFold(n_splits=10, random_state=None, shuffle=False), round=4, cross_validation=True, predict=True, fit_kwargs={}, groups=None, refit=False, probability_threshold=None, experiment_custom_tags=None, verbose=False, system=False, add_to_model_list=True, metrics=None, display=<pycaret.internal.display.display.CommonDisplay object at 0x00000144F03EF050>, model_only=True, return_train_score=False, error_score=0.0, kwargs={})
2025-10-26 10:04:22,134:INFO:Checking exceptions
2025-10-26 10:04:22,134:INFO:Importing libraries
2025-10-26 10:04:22,134:INFO:Copying training dataset
2025-10-26 10:04:22,141:INFO:Defining folds
2025-10-26 10:04:22,142:INFO:Declaring metric variables
2025-10-26 10:04:22,145:INFO:Importing untrained model
2025-10-26 10:04:22,149:INFO:Dummy Classifier Imported successfully
2025-10-26 10:04:22,155:INFO:Starting cross validation
2025-10-26 10:04:22,155:INFO:Cross validating with StratifiedKFold(n_splits=10, random_state=None, shuffle=False), n_jobs=-1
2025-10-26 10:04:22,320:WARNING:C:\Users\dhadu\AppData\Roaming\Python\Python311\site-packages\sklearn\metrics\_classification.py:1509: UndefinedMetricWarning: Precision is ill-defined and being set to 0.0 in labels with no predicted samples. Use `zero_division` parameter to control this behavior.
  _warn_prf(average, modifier, f"{metric.capitalize()} is", len(result))

2025-10-26 10:04:22,320:WARNING:C:\Users\dhadu\AppData\Roaming\Python\Python311\site-packages\sklearn\metrics\_classification.py:1509: UndefinedMetricWarning: Precision is ill-defined and being set to 0.0 in labels with no predicted samples. Use `zero_division` parameter to control this behavior.
  _warn_prf(average, modifier, f"{metric.capitalize()} is", len(result))

2025-10-26 10:04:22,320:WARNING:C:\Users\dhadu\AppData\Roaming\Python\Python311\site-packages\sklearn\metrics\_classification.py:1509: UndefinedMetricWarning: Precision is ill-defined and being set to 0.0 in labels with no predicted samples. Use `zero_division` parameter to control this behavior.
  _warn_prf(average, modifier, f"{metric.capitalize()} is", len(result))

2025-10-26 10:04:22,320:WARNING:C:\Users\dhadu\AppData\Roaming\Python\Python311\site-packages\sklearn\metrics\_classification.py:1509: UndefinedMetricWarning: Precision is ill-defined and being set to 0.0 in labels with no predicted samples. Use `zero_division` parameter to control this behavior.
  _warn_prf(average, modifier, f"{metric.capitalize()} is", len(result))

2025-10-26 10:04:22,322:WARNING:C:\Users\dhadu\AppData\Roaming\Python\Python311\site-packages\sklearn\metrics\_classification.py:1509: UndefinedMetricWarning: Precision is ill-defined and being set to 0.0 in labels with no predicted samples. Use `zero_division` parameter to control this behavior.
  _warn_prf(average, modifier, f"{metric.capitalize()} is", len(result))

2025-10-26 10:04:22,325:WARNING:C:\Users\dhadu\AppData\Roaming\Python\Python311\site-packages\sklearn\metrics\_classification.py:1509: UndefinedMetricWarning: Precision is ill-defined and being set to 0.0 in labels with no predicted samples. Use `zero_division` parameter to control this behavior.
  _warn_prf(average, modifier, f"{metric.capitalize()} is", len(result))

2025-10-26 10:04:22,403:WARNING:C:\Users\dhadu\AppData\Roaming\Python\Python311\site-packages\sklearn\metrics\_classification.py:1509: UndefinedMetricWarning: Precision is ill-defined and being set to 0.0 in labels with no predicted samples. Use `zero_division` parameter to control this behavior.
  _warn_prf(average, modifier, f"{metric.capitalize()} is", len(result))

2025-10-26 10:04:22,414:WARNING:C:\Users\dhadu\AppData\Roaming\Python\Python311\site-packages\sklearn\metrics\_classification.py:1509: UndefinedMetricWarning: Precision is ill-defined and being set to 0.0 in labels with no predicted samples. Use `zero_division` parameter to control this behavior.
  _warn_prf(average, modifier, f"{metric.capitalize()} is", len(result))

2025-10-26 10:04:22,421:INFO:Calculating mean and std
2025-10-26 10:04:22,422:INFO:Creating metrics dataframe
2025-10-26 10:04:22,424:INFO:Uploading results into container
2025-10-26 10:04:22,424:INFO:Uploading model into container now
2025-10-26 10:04:22,425:INFO:_master_model_container: 15
2025-10-26 10:04:22,425:INFO:_display_container: 2
2025-10-26 10:04:22,425:INFO:DummyClassifier(constant=None, random_state=123, strategy='prior')
2025-10-26 10:04:22,425:INFO:create_model() successfully completed......................................
2025-10-26 10:04:22,559:INFO:SubProcess create_model() end ==================================
2025-10-26 10:04:22,560:INFO:Creating metrics dataframe
2025-10-26 10:04:22,573:WARNING:C:\Users\dhadu\AppData\Roaming\Python\Python311\site-packages\pycaret\internal\pycaret_experiment\supervised_experiment.py:339: FutureWarning: Styler.applymap has been deprecated. Use Styler.map instead.

2025-10-26 10:04:22,582:INFO:Initializing create_model()
2025-10-26 10:04:22,582:INFO:create_model(self=<pycaret.classification.oop.ClassificationExperiment object at 0x00000144DA40A150>, estimator=LogisticRegression(C=1.0, class_weight=None, dual=False, fit_intercept=True,
                   intercept_scaling=1, l1_ratio=None, max_iter=1000,
                   multi_class='auto', n_jobs=None, penalty='l2',
                   random_state=123, solver='lbfgs', tol=0.0001, verbose=0,
                   warm_start=False), fold=StratifiedKFold(n_splits=10, random_state=None, shuffle=False), round=4, cross_validation=False, predict=False, fit_kwargs={}, groups=None, refit=True, probability_threshold=None, experiment_custom_tags=None, verbose=False, system=False, add_to_model_list=True, metrics=None, display=None, model_only=True, return_train_score=False, error_score=0.0, kwargs={})
2025-10-26 10:04:22,582:INFO:Checking exceptions
2025-10-26 10:04:22,584:INFO:Importing libraries
2025-10-26 10:04:22,584:INFO:Copying training dataset
2025-10-26 10:04:22,590:INFO:Defining folds
2025-10-26 10:04:22,590:INFO:Declaring metric variables
2025-10-26 10:04:22,590:INFO:Importing untrained model
2025-10-26 10:04:22,590:INFO:Declaring custom model
2025-10-26 10:04:22,591:INFO:Logistic Regression Imported successfully
2025-10-26 10:04:22,592:INFO:Cross validation set to False
2025-10-26 10:04:22,592:INFO:Fitting Model
2025-10-26 10:04:22,666:INFO:LogisticRegression(C=1.0, class_weight=None, dual=False, fit_intercept=True,
                   intercept_scaling=1, l1_ratio=None, max_iter=1000,
                   multi_class='auto', n_jobs=None, penalty='l2',
                   random_state=123, solver='lbfgs', tol=0.0001, verbose=0,
                   warm_start=False)
2025-10-26 10:04:22,666:INFO:create_model() successfully completed......................................
2025-10-26 10:04:22,858:INFO:_master_model_container: 15
2025-10-26 10:04:22,858:INFO:_display_container: 2
2025-10-26 10:04:22,859:INFO:LogisticRegression(C=1.0, class_weight=None, dual=False, fit_intercept=True,
                   intercept_scaling=1, l1_ratio=None, max_iter=1000,
                   multi_class='auto', n_jobs=None, penalty='l2',
                   random_state=123, solver='lbfgs', tol=0.0001, verbose=0,
                   warm_start=False)
2025-10-26 10:04:22,859:INFO:compare_models() successfully completed......................................
2025-10-26 10:04:22,872:INFO:Initializing evaluate_model()
2025-10-26 10:04:22,872:INFO:evaluate_model(self=<pycaret.classification.oop.ClassificationExperiment object at 0x00000144DA40A150>, estimator=LogisticRegression(C=1.0, class_weight=None, dual=False, fit_intercept=True,
                   intercept_scaling=1, l1_ratio=None, max_iter=1000,
                   multi_class='auto', n_jobs=None, penalty='l2',
                   random_state=123, solver='lbfgs', tol=0.0001, verbose=0,
                   warm_start=False), fold=None, fit_kwargs=None, plot_kwargs=None, feature_name=None, groups=None)
2025-10-26 10:04:22,888:INFO:Initializing plot_model()
2025-10-26 10:04:22,888:INFO:plot_model(self=<pycaret.classification.oop.ClassificationExperiment object at 0x00000144DA40A150>, estimator=LogisticRegression(C=1.0, class_weight=None, dual=False, fit_intercept=True,
                   intercept_scaling=1, l1_ratio=None, max_iter=1000,
                   multi_class='auto', n_jobs=None, penalty='l2',
                   random_state=123, solver='lbfgs', tol=0.0001, verbose=0,
                   warm_start=False), plot=pipeline, scale=1, save=False, fold=StratifiedKFold(n_splits=10, random_state=None, shuffle=False), fit_kwargs={}, plot_kwargs=None, groups=None, feature_name=None, label=False, verbose=False, system=True, display=None, display_format=None)
2025-10-26 10:04:22,888:INFO:Checking exceptions
2025-10-26 10:04:22,894:INFO:Preloading libraries
2025-10-26 10:04:22,894:INFO:Copying training dataset
2025-10-26 10:04:22,895:INFO:Plot type: pipeline
2025-10-26 10:04:23,121:INFO:Visual Rendered Successfully
2025-10-26 10:04:23,270:INFO:plot_model() successfully completed......................................
2025-10-26 10:04:23,315:INFO:Initializing save_model()
2025-10-26 10:04:23,315:INFO:save_model(model=LogisticRegression(C=1.0, class_weight=None, dual=False, fit_intercept=True,
                   intercept_scaling=1, l1_ratio=None, max_iter=1000,
                   multi_class='auto', n_jobs=None, penalty='l2',
                   random_state=123, solver='lbfgs', tol=0.0001, verbose=0,
                   warm_start=False), model_name=best_student_performance_model, prep_pipe_=Pipeline(memory=FastMemory(location=C:\Users\dhadu\AppData\Local\Temp\joblib),
         steps=[('numerical_imputer',
                 TransformerWrapper(exclude=None,
                                    include=['battery_power', 'bluetooth',
                                             'clock_speed', 'dual_sim',
                                             'fc_megapixel', 'four_g',
                                             'int_memory', 'm_depth',
                                             'mobile_wt', 'n_cores',
                                             'pc_megapixel', 'px_height',
                                             'px_width', 'ram', 'screen_height',
                                             'screen_width', 'talk_...
                                                              keep_empty_features=False,
                                                              missing_values=nan,
                                                              strategy='most_frequent'))),
                ('transformation',
                 TransformerWrapper(exclude=None, include=None,
                                    transformer=PowerTransformer(copy=True,
                                                                 method='yeo-johnson',
                                                                 standardize=False))),
                ('normalize',
                 TransformerWrapper(exclude=None, include=None,
                                    transformer=StandardScaler(copy=True,
                                                               with_mean=True,
                                                               with_std=True)))],
         verbose=False), verbose=True, use_case=MLUsecase.CLASSIFICATION, kwargs={})
2025-10-26 10:04:23,315:INFO:Adding model into prep_pipe
2025-10-26 10:04:23,351:INFO:best_student_performance_model.pkl saved in current working directory
2025-10-26 10:04:23,358:INFO:Pipeline(memory=Memory(location=None),
         steps=[('numerical_imputer',
                 TransformerWrapper(exclude=None,
                                    include=['battery_power', 'bluetooth',
                                             'clock_speed', 'dual_sim',
                                             'fc_megapixel', 'four_g',
                                             'int_memory', 'm_depth',
                                             'mobile_wt', 'n_cores',
                                             'pc_megapixel', 'px_height',
                                             'px_width', 'ram', 'screen_height',
                                             'screen_width', 'talk_time',
                                             'three_g', 'touch_screen',
                                             'wifi'],
                                    t...
                 TransformerWrapper(exclude=None, include=None,
                                    transformer=StandardScaler(copy=True,
                                                               with_mean=True,
                                                               with_std=True))),
                ('trained_model',
                 LogisticRegression(C=1.0, class_weight=None, dual=False,
                                    fit_intercept=True, intercept_scaling=1,
                                    l1_ratio=None, max_iter=1000,
                                    multi_class='auto', n_jobs=None,
                                    penalty='l2', random_state=123,
                                    solver='lbfgs', tol=0.0001, verbose=0,
                                    warm_start=False))],
         verbose=False)
2025-10-26 10:04:23,358:INFO:save_model() successfully completed......................................
2025-10-26 10:04:23,521:INFO:Initializing predict_model()
2025-10-26 10:04:23,521:INFO:predict_model(self=<pycaret.classification.oop.ClassificationExperiment object at 0x00000144DA40A150>, estimator=LogisticRegression(C=1.0, class_weight=None, dual=False, fit_intercept=True,
                   intercept_scaling=1, l1_ratio=None, max_iter=1000,
                   multi_class='auto', n_jobs=None, penalty='l2',
                   random_state=123, solver='lbfgs', tol=0.0001, verbose=0,
                   warm_start=False), probability_threshold=None, encoded_labels=False, raw_score=False, round=4, verbose=True, ml_usecase=None, preprocess=True, encode_labels=<function _SupervisedExperiment.predict_model.<locals>.encode_labels at 0x00000144FA614EA0>)
2025-10-26 10:04:23,521:INFO:Checking exceptions
2025-10-26 10:04:23,521:INFO:Preloading libraries
2025-10-26 10:05:19,863:INFO:PyCaret ClassificationExperiment
2025-10-26 10:05:19,863:INFO:Logging name: clf-default-name
2025-10-26 10:05:19,863:INFO:ML Usecase: MLUsecase.CLASSIFICATION
2025-10-26 10:05:19,863:INFO:version 3.3.2
2025-10-26 10:05:19,863:INFO:Initializing setup()
2025-10-26 10:05:19,864:INFO:self.USI: c39c
2025-10-26 10:05:19,864:INFO:self._variable_keys: {'memory', 'is_multiclass', 'data', 'gpu_param', 'exp_id', 'X_train', 'gpu_n_jobs_param', 'target_param', '_ml_usecase', 'USI', 'y_train', 'n_jobs_param', 'html_param', '_available_plots', 'fix_imbalance', 'logging_param', 'X', 'y', 'fold_shuffle_param', 'log_plots_param', 'fold_groups_param', 'X_test', 'idx', 'pipeline', 'exp_name_log', 'seed', 'fold_generator', 'y_test'}
2025-10-26 10:05:19,864:INFO:Checking environment
2025-10-26 10:05:19,864:INFO:python_version: 3.11.6
2025-10-26 10:05:19,864:INFO:python_build: ('tags/v3.11.6:8b6ee5b', 'Oct  2 2023 14:57:12')
2025-10-26 10:05:19,864:INFO:machine: AMD64
2025-10-26 10:05:19,864:INFO:platform: Windows-10-10.0.22631-SP0
2025-10-26 10:05:19,869:INFO:Memory: svmem(total=8373600256, available=560926720, percent=93.3, used=7812673536, free=560926720)
2025-10-26 10:05:19,869:INFO:Physical Core: 4
2025-10-26 10:05:19,869:INFO:Logical Core: 8
2025-10-26 10:05:19,869:INFO:Checking libraries
2025-10-26 10:05:19,869:INFO:System:
2025-10-26 10:05:19,869:INFO:    python: 3.11.6 (tags/v3.11.6:8b6ee5b, Oct  2 2023, 14:57:12) [MSC v.1935 64 bit (AMD64)]
2025-10-26 10:05:19,869:INFO:executable: c:\Users\dhadu\AppData\Local\Programs\Python\Python311\python.exe
2025-10-26 10:05:19,869:INFO:   machine: Windows-10-10.0.22631-SP0
2025-10-26 10:05:19,870:INFO:PyCaret required dependencies:
2025-10-26 10:05:19,870:INFO:                 pip: 23.2.1
2025-10-26 10:05:19,870:INFO:          setuptools: 65.5.0
2025-10-26 10:05:19,870:INFO:             pycaret: 3.3.2
2025-10-26 10:05:19,870:INFO:             IPython: 9.6.0
2025-10-26 10:05:19,870:INFO:          ipywidgets: 8.1.7
2025-10-26 10:05:19,870:INFO:                tqdm: 4.67.1
2025-10-26 10:05:19,870:INFO:               numpy: 1.26.4
2025-10-26 10:05:19,870:INFO:              pandas: 2.1.4
2025-10-26 10:05:19,870:INFO:              jinja2: 3.1.6
2025-10-26 10:05:19,870:INFO:               scipy: 1.11.4
2025-10-26 10:05:19,870:INFO:              joblib: 1.3.2
2025-10-26 10:05:19,870:INFO:             sklearn: 1.4.2
2025-10-26 10:05:19,870:INFO:                pyod: 2.0.5
2025-10-26 10:05:19,870:INFO:            imblearn: 0.14.0
2025-10-26 10:05:19,870:INFO:   category_encoders: 2.7.0
2025-10-26 10:05:19,870:INFO:            lightgbm: 4.6.0
2025-10-26 10:05:19,870:INFO:               numba: 0.61.0
2025-10-26 10:05:19,870:INFO:            requests: 2.32.5
2025-10-26 10:05:19,870:INFO:          matplotlib: 3.7.5
2025-10-26 10:05:19,870:INFO:          scikitplot: 0.3.7
2025-10-26 10:05:19,870:INFO:         yellowbrick: 1.5
2025-10-26 10:05:19,870:INFO:              plotly: 5.24.1
2025-10-26 10:05:19,871:INFO:    plotly-resampler: Not installed
2025-10-26 10:05:19,871:INFO:             kaleido: 1.1.0
2025-10-26 10:05:19,871:INFO:           schemdraw: 0.15
2025-10-26 10:05:19,871:INFO:         statsmodels: 0.14.5
2025-10-26 10:05:19,871:INFO:              sktime: 0.26.0
2025-10-26 10:05:19,871:INFO:               tbats: 1.1.3
2025-10-26 10:05:19,871:INFO:            pmdarima: 2.0.4
2025-10-26 10:05:19,871:INFO:              psutil: 7.1.2
2025-10-26 10:05:19,871:INFO:          markupsafe: 3.0.3
2025-10-26 10:05:19,871:INFO:             pickle5: Not installed
2025-10-26 10:05:19,871:INFO:         cloudpickle: 3.1.1
2025-10-26 10:05:19,871:INFO:         deprecation: 2.1.0
2025-10-26 10:05:19,871:INFO:              xxhash: 3.6.0
2025-10-26 10:05:19,871:INFO:           wurlitzer: Not installed
2025-10-26 10:05:19,871:INFO:PyCaret optional dependencies:
2025-10-26 10:05:19,871:INFO:                shap: 0.44.1
2025-10-26 10:05:19,871:INFO:           interpret: 0.7.3
2025-10-26 10:05:19,871:INFO:                umap: 0.5.7
2025-10-26 10:05:19,871:INFO:     ydata_profiling: 4.17.0
2025-10-26 10:05:19,871:INFO:  explainerdashboard: 0.5.1
2025-10-26 10:05:19,871:INFO:             autoviz: Not installed
2025-10-26 10:05:19,871:INFO:           fairlearn: 0.7.0
2025-10-26 10:05:19,871:INFO:          deepchecks: Not installed
2025-10-26 10:05:19,872:INFO:             xgboost: Not installed
2025-10-26 10:05:19,872:INFO:            catboost: 1.2.8
2025-10-26 10:05:19,872:INFO:              kmodes: 0.12.2
2025-10-26 10:05:19,872:INFO:             mlxtend: 0.23.4
2025-10-26 10:05:19,872:INFO:       statsforecast: 1.5.0
2025-10-26 10:05:19,872:INFO:        tune_sklearn: Not installed
2025-10-26 10:05:19,872:INFO:                 ray: Not installed
2025-10-26 10:05:19,872:INFO:            hyperopt: 0.2.7
2025-10-26 10:05:19,872:INFO:              optuna: 4.5.0
2025-10-26 10:05:19,872:INFO:               skopt: 0.10.2
2025-10-26 10:05:19,872:INFO:              mlflow: 3.5.1
2025-10-26 10:05:19,872:INFO:              gradio: 5.49.1
2025-10-26 10:05:19,872:INFO:             fastapi: 0.120.0
2025-10-26 10:05:19,872:INFO:             uvicorn: 0.38.0
2025-10-26 10:05:19,872:INFO:              m2cgen: 0.10.0
2025-10-26 10:05:19,872:INFO:           evidently: 0.4.40
2025-10-26 10:05:19,872:INFO:               fugue: 0.8.7
2025-10-26 10:05:19,872:INFO:           streamlit: Not installed
2025-10-26 10:05:19,872:INFO:             prophet: Not installed
2025-10-26 10:05:19,872:INFO:None
2025-10-26 10:05:19,872:INFO:Set up GPU usage.
2025-10-26 10:05:19,872:WARNING:
'cuml' is a soft dependency and not included in the pycaret installation. Please run: `pip install cuml` to install.
2025-10-26 10:05:19,873:WARNING:cuML is outdated or not found. Required version is >=23.08.
                Please visit https://rapids.ai/install for installation instructions.
2025-10-26 10:05:19,873:INFO:Set up data.
2025-10-26 10:05:19,880:INFO:Set up folding strategy.
2025-10-26 10:05:19,881:INFO:Set up train/test split.
2025-10-26 10:05:19,890:INFO:Set up index.
2025-10-26 10:05:19,891:INFO:Assigning column types.
2025-10-26 10:05:19,896:INFO:Engine successfully changes for model 'lr' to 'sklearn'.
2025-10-26 10:05:19,897:WARNING:
'cuml' is a soft dependency and not included in the pycaret installation. Please run: `pip install cuml` to install.
2025-10-26 10:05:19,939:INFO:Engine for model 'knn' has not been set explicitly, hence returning None.
2025-10-26 10:05:19,940:WARNING:
'cuml' is a soft dependency and not included in the pycaret installation. Please run: `pip install cuml` to install.
2025-10-26 10:05:19,940:WARNING:
'cuml' is a soft dependency and not included in the pycaret installation. Please run: `pip install cuml` to install.
2025-10-26 10:05:19,941:INFO:Engine for model 'rbfsvm' has not been set explicitly, hence returning None.
2025-10-26 10:05:19,941:WARNING:
'cuml' is a soft dependency and not included in the pycaret installation. Please run: `pip install cuml` to install.
2025-10-26 10:05:19,960:WARNING:
'cuml' is a soft dependency and not included in the pycaret installation. Please run: `pip install cuml` to install.
2025-10-26 10:05:19,964:WARNING:
'cuml' is a soft dependency and not included in the pycaret installation. Please run: `pip install cuml` to install.
2025-10-26 10:05:19,965:WARNING:
'xgboost' is a soft dependency and not included in the pycaret installation. Please run: `pip install xgboost` to install.
Alternately, you can install this by running `pip install pycaret[models]`
2025-10-26 10:05:21,865:INFO:Soft dependency imported: catboost: 1.2.8
2025-10-26 10:05:21,866:WARNING:
'cuml' is a soft dependency and not included in the pycaret installation. Please run: `pip install cuml` to install.
2025-10-26 10:05:21,920:INFO:Engine for model 'knn' has not been set explicitly, hence returning None.
2025-10-26 10:05:21,921:WARNING:
'cuml' is a soft dependency and not included in the pycaret installation. Please run: `pip install cuml` to install.
2025-10-26 10:05:21,922:WARNING:
'cuml' is a soft dependency and not included in the pycaret installation. Please run: `pip install cuml` to install.
2025-10-26 10:05:21,922:INFO:Engine for model 'rbfsvm' has not been set explicitly, hence returning None.
2025-10-26 10:05:21,923:WARNING:
'cuml' is a soft dependency and not included in the pycaret installation. Please run: `pip install cuml` to install.
2025-10-26 10:05:21,947:WARNING:
'cuml' is a soft dependency and not included in the pycaret installation. Please run: `pip install cuml` to install.
2025-10-26 10:05:21,954:WARNING:
'cuml' is a soft dependency and not included in the pycaret installation. Please run: `pip install cuml` to install.
2025-10-26 10:05:21,955:WARNING:
'xgboost' is a soft dependency and not included in the pycaret installation. Please run: `pip install xgboost` to install.
Alternately, you can install this by running `pip install pycaret[models]`
2025-10-26 10:05:21,972:INFO:Soft dependency imported: catboost: 1.2.8
2025-10-26 10:05:21,973:INFO:Engine successfully changes for model 'knn' to 'sklearn'.
2025-10-26 10:05:21,973:WARNING:
'cuml' is a soft dependency and not included in the pycaret installation. Please run: `pip install cuml` to install.
2025-10-26 10:05:22,027:WARNING:
'cuml' is a soft dependency and not included in the pycaret installation. Please run: `pip install cuml` to install.
2025-10-26 10:05:22,028:WARNING:
'cuml' is a soft dependency and not included in the pycaret installation. Please run: `pip install cuml` to install.
2025-10-26 10:05:22,029:INFO:Engine for model 'rbfsvm' has not been set explicitly, hence returning None.
2025-10-26 10:05:22,029:WARNING:
'cuml' is a soft dependency and not included in the pycaret installation. Please run: `pip install cuml` to install.
2025-10-26 10:05:22,055:WARNING:
'cuml' is a soft dependency and not included in the pycaret installation. Please run: `pip install cuml` to install.
2025-10-26 10:05:22,062:WARNING:
'cuml' is a soft dependency and not included in the pycaret installation. Please run: `pip install cuml` to install.
2025-10-26 10:05:22,064:WARNING:
'xgboost' is a soft dependency and not included in the pycaret installation. Please run: `pip install xgboost` to install.
Alternately, you can install this by running `pip install pycaret[models]`
2025-10-26 10:05:22,082:INFO:Soft dependency imported: catboost: 1.2.8
2025-10-26 10:05:22,083:WARNING:
'cuml' is a soft dependency and not included in the pycaret installation. Please run: `pip install cuml` to install.
2025-10-26 10:05:22,155:WARNING:
'cuml' is a soft dependency and not included in the pycaret installation. Please run: `pip install cuml` to install.
2025-10-26 10:05:22,155:WARNING:
'cuml' is a soft dependency and not included in the pycaret installation. Please run: `pip install cuml` to install.
2025-10-26 10:05:22,156:INFO:Engine for model 'rbfsvm' has not been set explicitly, hence returning None.
2025-10-26 10:05:22,156:WARNING:
'cuml' is a soft dependency and not included in the pycaret installation. Please run: `pip install cuml` to install.
2025-10-26 10:05:22,181:WARNING:
'cuml' is a soft dependency and not included in the pycaret installation. Please run: `pip install cuml` to install.
2025-10-26 10:05:22,185:WARNING:
'cuml' is a soft dependency and not included in the pycaret installation. Please run: `pip install cuml` to install.
2025-10-26 10:05:22,185:WARNING:
'xgboost' is a soft dependency and not included in the pycaret installation. Please run: `pip install xgboost` to install.
Alternately, you can install this by running `pip install pycaret[models]`
2025-10-26 10:05:22,201:INFO:Soft dependency imported: catboost: 1.2.8
2025-10-26 10:05:22,202:INFO:Engine successfully changes for model 'rbfsvm' to 'sklearn'.
2025-10-26 10:05:22,202:WARNING:
'cuml' is a soft dependency and not included in the pycaret installation. Please run: `pip install cuml` to install.
2025-10-26 10:05:22,262:WARNING:
'cuml' is a soft dependency and not included in the pycaret installation. Please run: `pip install cuml` to install.
2025-10-26 10:05:22,262:WARNING:
'cuml' is a soft dependency and not included in the pycaret installation. Please run: `pip install cuml` to install.
2025-10-26 10:05:22,263:WARNING:
'cuml' is a soft dependency and not included in the pycaret installation. Please run: `pip install cuml` to install.
2025-10-26 10:05:22,294:WARNING:
'cuml' is a soft dependency and not included in the pycaret installation. Please run: `pip install cuml` to install.
2025-10-26 10:05:22,300:WARNING:
'cuml' is a soft dependency and not included in the pycaret installation. Please run: `pip install cuml` to install.
2025-10-26 10:05:22,301:WARNING:
'xgboost' is a soft dependency and not included in the pycaret installation. Please run: `pip install xgboost` to install.
Alternately, you can install this by running `pip install pycaret[models]`
2025-10-26 10:05:22,315:INFO:Soft dependency imported: catboost: 1.2.8
2025-10-26 10:05:22,316:WARNING:
'cuml' is a soft dependency and not included in the pycaret installation. Please run: `pip install cuml` to install.
2025-10-26 10:05:22,375:WARNING:
'cuml' is a soft dependency and not included in the pycaret installation. Please run: `pip install cuml` to install.
2025-10-26 10:05:22,376:WARNING:
'cuml' is a soft dependency and not included in the pycaret installation. Please run: `pip install cuml` to install.
2025-10-26 10:05:22,377:WARNING:
'cuml' is a soft dependency and not included in the pycaret installation. Please run: `pip install cuml` to install.
2025-10-26 10:05:22,407:WARNING:
'cuml' is a soft dependency and not included in the pycaret installation. Please run: `pip install cuml` to install.
2025-10-26 10:05:22,411:WARNING:
'cuml' is a soft dependency and not included in the pycaret installation. Please run: `pip install cuml` to install.
2025-10-26 10:05:22,412:WARNING:
'xgboost' is a soft dependency and not included in the pycaret installation. Please run: `pip install xgboost` to install.
Alternately, you can install this by running `pip install pycaret[models]`
2025-10-26 10:05:22,429:INFO:Soft dependency imported: catboost: 1.2.8
2025-10-26 10:05:22,432:INFO:Preparing preprocessing pipeline...
2025-10-26 10:05:22,434:INFO:Set up simple imputation.
2025-10-26 10:05:22,434:INFO:Set up column transformation.
2025-10-26 10:05:22,434:INFO:Set up feature normalization.
2025-10-26 10:05:22,549:INFO:Finished creating preprocessing pipeline.
2025-10-26 10:05:22,553:INFO:Pipeline: Pipeline(memory=FastMemory(location=C:\Users\dhadu\AppData\Local\Temp\joblib),
         steps=[('numerical_imputer',
                 TransformerWrapper(exclude=None,
                                    include=['battery_power', 'bluetooth',
                                             'clock_speed', 'dual_sim',
                                             'fc_megapixel', 'four_g',
                                             'int_memory', 'm_depth',
                                             'mobile_wt', 'n_cores',
                                             'pc_megapixel', 'px_height',
                                             'px_width', 'ram', 'screen_height',
                                             'screen_width', 'talk_...
                                                              keep_empty_features=False,
                                                              missing_values=nan,
                                                              strategy='most_frequent'))),
                ('transformation',
                 TransformerWrapper(exclude=None, include=None,
                                    transformer=PowerTransformer(copy=True,
                                                                 method='yeo-johnson',
                                                                 standardize=False))),
                ('normalize',
                 TransformerWrapper(exclude=None, include=None,
                                    transformer=StandardScaler(copy=True,
                                                               with_mean=True,
                                                               with_std=True)))],
         verbose=False)
2025-10-26 10:05:22,553:INFO:Creating final display dataframe.
2025-10-26 10:05:22,660:INFO:Setup _display_container:                     Description             Value
0                    Session id               123
1                        Target       price_range
2                   Target type        Multiclass
3           Original data shape        (2000, 21)
4        Transformed data shape        (2000, 21)
5   Transformed train set shape        (1400, 21)
6    Transformed test set shape         (600, 21)
7              Numeric features                20
8                    Preprocess              True
9               Imputation type            simple
10           Numeric imputation              mean
11       Categorical imputation              mode
12               Transformation              True
13        Transformation method       yeo-johnson
14                    Normalize              True
15             Normalize method            zscore
16               Fold Generator   StratifiedKFold
17                  Fold Number                10
18                     CPU Jobs                -1
19                      Use GPU              True
20               Log Experiment             False
21              Experiment Name  clf-default-name
22                          USI              c39c
2025-10-26 10:05:22,667:WARNING:
'cuml' is a soft dependency and not included in the pycaret installation. Please run: `pip install cuml` to install.
2025-10-26 10:05:22,708:WARNING:
'cuml' is a soft dependency and not included in the pycaret installation. Please run: `pip install cuml` to install.
2025-10-26 10:05:22,709:WARNING:
'cuml' is a soft dependency and not included in the pycaret installation. Please run: `pip install cuml` to install.
2025-10-26 10:05:22,709:WARNING:
'cuml' is a soft dependency and not included in the pycaret installation. Please run: `pip install cuml` to install.
2025-10-26 10:05:22,728:WARNING:
'cuml' is a soft dependency and not included in the pycaret installation. Please run: `pip install cuml` to install.
2025-10-26 10:05:22,732:WARNING:
'cuml' is a soft dependency and not included in the pycaret installation. Please run: `pip install cuml` to install.
2025-10-26 10:05:22,733:WARNING:
'xgboost' is a soft dependency and not included in the pycaret installation. Please run: `pip install xgboost` to install.
Alternately, you can install this by running `pip install pycaret[models]`
2025-10-26 10:05:22,749:INFO:Soft dependency imported: catboost: 1.2.8
2025-10-26 10:05:22,749:WARNING:
'cuml' is a soft dependency and not included in the pycaret installation. Please run: `pip install cuml` to install.
2025-10-26 10:05:22,791:WARNING:
'cuml' is a soft dependency and not included in the pycaret installation. Please run: `pip install cuml` to install.
2025-10-26 10:05:22,791:WARNING:
'cuml' is a soft dependency and not included in the pycaret installation. Please run: `pip install cuml` to install.
2025-10-26 10:05:22,792:WARNING:
'cuml' is a soft dependency and not included in the pycaret installation. Please run: `pip install cuml` to install.
2025-10-26 10:05:22,832:WARNING:
'cuml' is a soft dependency and not included in the pycaret installation. Please run: `pip install cuml` to install.
2025-10-26 10:05:22,839:WARNING:
'cuml' is a soft dependency and not included in the pycaret installation. Please run: `pip install cuml` to install.
2025-10-26 10:05:22,840:WARNING:
'xgboost' is a soft dependency and not included in the pycaret installation. Please run: `pip install xgboost` to install.
Alternately, you can install this by running `pip install pycaret[models]`
2025-10-26 10:05:22,857:INFO:Soft dependency imported: catboost: 1.2.8
2025-10-26 10:05:22,858:INFO:setup() successfully completed in 3.0s...............
2025-10-26 10:05:22,908:INFO:Initializing compare_models()
2025-10-26 10:05:22,908:INFO:compare_models(self=<pycaret.classification.oop.ClassificationExperiment object at 0x00000144F9BF1E90>, include=None, exclude=None, fold=None, round=4, cross_validation=True, sort=Accuracy, n_select=1, budget_time=None, turbo=True, errors=ignore, fit_kwargs=None, groups=None, experiment_custom_tags=None, probability_threshold=None, verbose=True, parallel=None, caller_params={'self': <pycaret.classification.oop.ClassificationExperiment object at 0x00000144F9BF1E90>, 'include': None, 'exclude': None, 'fold': None, 'round': 4, 'cross_validation': True, 'sort': 'Accuracy', 'n_select': 1, 'budget_time': None, 'turbo': True, 'errors': 'ignore', 'fit_kwargs': None, 'groups': None, 'experiment_custom_tags': None, 'probability_threshold': None, 'engine': None, 'verbose': True, 'parallel': None, '__class__': <class 'pycaret.classification.oop.ClassificationExperiment'>})
2025-10-26 10:05:22,908:INFO:Checking exceptions
2025-10-26 10:05:22,917:INFO:Preparing display monitor
2025-10-26 10:05:22,940:INFO:Initializing Logistic Regression
2025-10-26 10:05:22,941:INFO:Total runtime is 1.6641616821289062e-05 minutes
2025-10-26 10:05:22,947:INFO:SubProcess create_model() called ==================================
2025-10-26 10:05:22,947:INFO:Initializing create_model()
2025-10-26 10:05:22,947:INFO:create_model(self=<pycaret.classification.oop.ClassificationExperiment object at 0x00000144F9BF1E90>, estimator=lr, fold=StratifiedKFold(n_splits=10, random_state=None, shuffle=False), round=4, cross_validation=True, predict=True, fit_kwargs={}, groups=None, refit=False, probability_threshold=None, experiment_custom_tags=None, verbose=False, system=False, add_to_model_list=True, metrics=None, display=<pycaret.internal.display.display.CommonDisplay object at 0x00000144EB695750>, model_only=True, return_train_score=False, error_score=0.0, kwargs={})
2025-10-26 10:05:22,948:INFO:Checking exceptions
2025-10-26 10:05:22,949:INFO:Importing libraries
2025-10-26 10:05:22,949:INFO:Copying training dataset
2025-10-26 10:05:22,959:INFO:Defining folds
2025-10-26 10:05:22,959:INFO:Declaring metric variables
2025-10-26 10:05:22,962:INFO:Importing untrained model
2025-10-26 10:05:22,966:INFO:Logistic Regression Imported successfully
2025-10-26 10:05:22,972:INFO:Starting cross validation
2025-10-26 10:05:22,973:INFO:Cross validating with StratifiedKFold(n_splits=10, random_state=None, shuffle=False), n_jobs=1
2025-10-26 10:05:23,081:WARNING:C:\Users\dhadu\AppData\Roaming\Python\Python311\site-packages\pycaret\internal\metrics.py:204: FitFailedWarning: Metric 'make_scorer(roc_auc_score, response_method=('decision_function', 'predict_proba'), average=weighted, multi_class=ovr)' failed and error score 0.0 has been returned instead. If this is a custom metric, this usually means that the error is in the metric code. Full exception below:
Traceback (most recent call last):
  File "C:\Users\dhadu\AppData\Roaming\Python\Python311\site-packages\pycaret\internal\metrics.py", line 196, in _score
    return super()._score(
           ^^^^^^^^^^^^^^^
  File "C:\Users\dhadu\AppData\Roaming\Python\Python311\site-packages\sklearn\metrics\_scorer.py", line 350, in _score
    return self._sign * self._score_func(y_true, y_pred, **scoring_kwargs)
                        ^^^^^^^^^^^^^^^^^^^^^^^^^^^^^^^^^^^^^^^^^^^^^^^^^^
  File "C:\Users\dhadu\AppData\Roaming\Python\Python311\site-packages\pycaret\internal\metrics.py", line 144, in __call__
    return self.score_func(y_true, y_pred, **kwargs)
           ^^^^^^^^^^^^^^^^^^^^^^^^^^^^^^^^^^^^^^^^^
  File "C:\Users\dhadu\AppData\Roaming\Python\Python311\site-packages\sklearn\utils\_param_validation.py", line 213, in wrapper
    return func(*args, **kwargs)
           ^^^^^^^^^^^^^^^^^^^^^
  File "C:\Users\dhadu\AppData\Roaming\Python\Python311\site-packages\sklearn\metrics\_ranking.py", line 634, in roc_auc_score
    return _multiclass_roc_auc_score(
           ^^^^^^^^^^^^^^^^^^^^^^^^^^
  File "C:\Users\dhadu\AppData\Roaming\Python\Python311\site-packages\sklearn\metrics\_ranking.py", line 707, in _multiclass_roc_auc_score
    raise ValueError(
ValueError: Target scores need to be probabilities for multiclass roc_auc, i.e. they should sum up to 1.0 over classes


2025-10-26 10:05:23,230:WARNING:C:\Users\dhadu\AppData\Roaming\Python\Python311\site-packages\pycaret\internal\metrics.py:204: FitFailedWarning: Metric 'make_scorer(roc_auc_score, response_method=('decision_function', 'predict_proba'), average=weighted, multi_class=ovr)' failed and error score 0.0 has been returned instead. If this is a custom metric, this usually means that the error is in the metric code. Full exception below:
Traceback (most recent call last):
  File "C:\Users\dhadu\AppData\Roaming\Python\Python311\site-packages\pycaret\internal\metrics.py", line 196, in _score
    return super()._score(
           ^^^^^^^^^^^^^^^
  File "C:\Users\dhadu\AppData\Roaming\Python\Python311\site-packages\sklearn\metrics\_scorer.py", line 350, in _score
    return self._sign * self._score_func(y_true, y_pred, **scoring_kwargs)
                        ^^^^^^^^^^^^^^^^^^^^^^^^^^^^^^^^^^^^^^^^^^^^^^^^^^
  File "C:\Users\dhadu\AppData\Roaming\Python\Python311\site-packages\pycaret\internal\metrics.py", line 144, in __call__
    return self.score_func(y_true, y_pred, **kwargs)
           ^^^^^^^^^^^^^^^^^^^^^^^^^^^^^^^^^^^^^^^^^
  File "C:\Users\dhadu\AppData\Roaming\Python\Python311\site-packages\sklearn\utils\_param_validation.py", line 213, in wrapper
    return func(*args, **kwargs)
           ^^^^^^^^^^^^^^^^^^^^^
  File "C:\Users\dhadu\AppData\Roaming\Python\Python311\site-packages\sklearn\metrics\_ranking.py", line 634, in roc_auc_score
    return _multiclass_roc_auc_score(
           ^^^^^^^^^^^^^^^^^^^^^^^^^^
  File "C:\Users\dhadu\AppData\Roaming\Python\Python311\site-packages\sklearn\metrics\_ranking.py", line 707, in _multiclass_roc_auc_score
    raise ValueError(
ValueError: Target scores need to be probabilities for multiclass roc_auc, i.e. they should sum up to 1.0 over classes


2025-10-26 10:05:23,311:WARNING:C:\Users\dhadu\AppData\Roaming\Python\Python311\site-packages\pycaret\internal\metrics.py:204: FitFailedWarning: Metric 'make_scorer(roc_auc_score, response_method=('decision_function', 'predict_proba'), average=weighted, multi_class=ovr)' failed and error score 0.0 has been returned instead. If this is a custom metric, this usually means that the error is in the metric code. Full exception below:
Traceback (most recent call last):
  File "C:\Users\dhadu\AppData\Roaming\Python\Python311\site-packages\pycaret\internal\metrics.py", line 196, in _score
    return super()._score(
           ^^^^^^^^^^^^^^^
  File "C:\Users\dhadu\AppData\Roaming\Python\Python311\site-packages\sklearn\metrics\_scorer.py", line 350, in _score
    return self._sign * self._score_func(y_true, y_pred, **scoring_kwargs)
                        ^^^^^^^^^^^^^^^^^^^^^^^^^^^^^^^^^^^^^^^^^^^^^^^^^^
  File "C:\Users\dhadu\AppData\Roaming\Python\Python311\site-packages\pycaret\internal\metrics.py", line 144, in __call__
    return self.score_func(y_true, y_pred, **kwargs)
           ^^^^^^^^^^^^^^^^^^^^^^^^^^^^^^^^^^^^^^^^^
  File "C:\Users\dhadu\AppData\Roaming\Python\Python311\site-packages\sklearn\utils\_param_validation.py", line 213, in wrapper
    return func(*args, **kwargs)
           ^^^^^^^^^^^^^^^^^^^^^
  File "C:\Users\dhadu\AppData\Roaming\Python\Python311\site-packages\sklearn\metrics\_ranking.py", line 634, in roc_auc_score
    return _multiclass_roc_auc_score(
           ^^^^^^^^^^^^^^^^^^^^^^^^^^
  File "C:\Users\dhadu\AppData\Roaming\Python\Python311\site-packages\sklearn\metrics\_ranking.py", line 707, in _multiclass_roc_auc_score
    raise ValueError(
ValueError: Target scores need to be probabilities for multiclass roc_auc, i.e. they should sum up to 1.0 over classes


2025-10-26 10:05:23,396:WARNING:C:\Users\dhadu\AppData\Roaming\Python\Python311\site-packages\pycaret\internal\metrics.py:204: FitFailedWarning: Metric 'make_scorer(roc_auc_score, response_method=('decision_function', 'predict_proba'), average=weighted, multi_class=ovr)' failed and error score 0.0 has been returned instead. If this is a custom metric, this usually means that the error is in the metric code. Full exception below:
Traceback (most recent call last):
  File "C:\Users\dhadu\AppData\Roaming\Python\Python311\site-packages\pycaret\internal\metrics.py", line 196, in _score
    return super()._score(
           ^^^^^^^^^^^^^^^
  File "C:\Users\dhadu\AppData\Roaming\Python\Python311\site-packages\sklearn\metrics\_scorer.py", line 350, in _score
    return self._sign * self._score_func(y_true, y_pred, **scoring_kwargs)
                        ^^^^^^^^^^^^^^^^^^^^^^^^^^^^^^^^^^^^^^^^^^^^^^^^^^
  File "C:\Users\dhadu\AppData\Roaming\Python\Python311\site-packages\pycaret\internal\metrics.py", line 144, in __call__
    return self.score_func(y_true, y_pred, **kwargs)
           ^^^^^^^^^^^^^^^^^^^^^^^^^^^^^^^^^^^^^^^^^
  File "C:\Users\dhadu\AppData\Roaming\Python\Python311\site-packages\sklearn\utils\_param_validation.py", line 213, in wrapper
    return func(*args, **kwargs)
           ^^^^^^^^^^^^^^^^^^^^^
  File "C:\Users\dhadu\AppData\Roaming\Python\Python311\site-packages\sklearn\metrics\_ranking.py", line 634, in roc_auc_score
    return _multiclass_roc_auc_score(
           ^^^^^^^^^^^^^^^^^^^^^^^^^^
  File "C:\Users\dhadu\AppData\Roaming\Python\Python311\site-packages\sklearn\metrics\_ranking.py", line 707, in _multiclass_roc_auc_score
    raise ValueError(
ValueError: Target scores need to be probabilities for multiclass roc_auc, i.e. they should sum up to 1.0 over classes


2025-10-26 10:05:23,484:WARNING:C:\Users\dhadu\AppData\Roaming\Python\Python311\site-packages\pycaret\internal\metrics.py:204: FitFailedWarning: Metric 'make_scorer(roc_auc_score, response_method=('decision_function', 'predict_proba'), average=weighted, multi_class=ovr)' failed and error score 0.0 has been returned instead. If this is a custom metric, this usually means that the error is in the metric code. Full exception below:
Traceback (most recent call last):
  File "C:\Users\dhadu\AppData\Roaming\Python\Python311\site-packages\pycaret\internal\metrics.py", line 196, in _score
    return super()._score(
           ^^^^^^^^^^^^^^^
  File "C:\Users\dhadu\AppData\Roaming\Python\Python311\site-packages\sklearn\metrics\_scorer.py", line 350, in _score
    return self._sign * self._score_func(y_true, y_pred, **scoring_kwargs)
                        ^^^^^^^^^^^^^^^^^^^^^^^^^^^^^^^^^^^^^^^^^^^^^^^^^^
  File "C:\Users\dhadu\AppData\Roaming\Python\Python311\site-packages\pycaret\internal\metrics.py", line 144, in __call__
    return self.score_func(y_true, y_pred, **kwargs)
           ^^^^^^^^^^^^^^^^^^^^^^^^^^^^^^^^^^^^^^^^^
  File "C:\Users\dhadu\AppData\Roaming\Python\Python311\site-packages\sklearn\utils\_param_validation.py", line 213, in wrapper
    return func(*args, **kwargs)
           ^^^^^^^^^^^^^^^^^^^^^
  File "C:\Users\dhadu\AppData\Roaming\Python\Python311\site-packages\sklearn\metrics\_ranking.py", line 634, in roc_auc_score
    return _multiclass_roc_auc_score(
           ^^^^^^^^^^^^^^^^^^^^^^^^^^
  File "C:\Users\dhadu\AppData\Roaming\Python\Python311\site-packages\sklearn\metrics\_ranking.py", line 707, in _multiclass_roc_auc_score
    raise ValueError(
ValueError: Target scores need to be probabilities for multiclass roc_auc, i.e. they should sum up to 1.0 over classes


2025-10-26 10:05:23,572:WARNING:C:\Users\dhadu\AppData\Roaming\Python\Python311\site-packages\pycaret\internal\metrics.py:204: FitFailedWarning: Metric 'make_scorer(roc_auc_score, response_method=('decision_function', 'predict_proba'), average=weighted, multi_class=ovr)' failed and error score 0.0 has been returned instead. If this is a custom metric, this usually means that the error is in the metric code. Full exception below:
Traceback (most recent call last):
  File "C:\Users\dhadu\AppData\Roaming\Python\Python311\site-packages\pycaret\internal\metrics.py", line 196, in _score
    return super()._score(
           ^^^^^^^^^^^^^^^
  File "C:\Users\dhadu\AppData\Roaming\Python\Python311\site-packages\sklearn\metrics\_scorer.py", line 350, in _score
    return self._sign * self._score_func(y_true, y_pred, **scoring_kwargs)
                        ^^^^^^^^^^^^^^^^^^^^^^^^^^^^^^^^^^^^^^^^^^^^^^^^^^
  File "C:\Users\dhadu\AppData\Roaming\Python\Python311\site-packages\pycaret\internal\metrics.py", line 144, in __call__
    return self.score_func(y_true, y_pred, **kwargs)
           ^^^^^^^^^^^^^^^^^^^^^^^^^^^^^^^^^^^^^^^^^
  File "C:\Users\dhadu\AppData\Roaming\Python\Python311\site-packages\sklearn\utils\_param_validation.py", line 213, in wrapper
    return func(*args, **kwargs)
           ^^^^^^^^^^^^^^^^^^^^^
  File "C:\Users\dhadu\AppData\Roaming\Python\Python311\site-packages\sklearn\metrics\_ranking.py", line 634, in roc_auc_score
    return _multiclass_roc_auc_score(
           ^^^^^^^^^^^^^^^^^^^^^^^^^^
  File "C:\Users\dhadu\AppData\Roaming\Python\Python311\site-packages\sklearn\metrics\_ranking.py", line 707, in _multiclass_roc_auc_score
    raise ValueError(
ValueError: Target scores need to be probabilities for multiclass roc_auc, i.e. they should sum up to 1.0 over classes


2025-10-26 10:05:23,659:WARNING:C:\Users\dhadu\AppData\Roaming\Python\Python311\site-packages\pycaret\internal\metrics.py:204: FitFailedWarning: Metric 'make_scorer(roc_auc_score, response_method=('decision_function', 'predict_proba'), average=weighted, multi_class=ovr)' failed and error score 0.0 has been returned instead. If this is a custom metric, this usually means that the error is in the metric code. Full exception below:
Traceback (most recent call last):
  File "C:\Users\dhadu\AppData\Roaming\Python\Python311\site-packages\pycaret\internal\metrics.py", line 196, in _score
    return super()._score(
           ^^^^^^^^^^^^^^^
  File "C:\Users\dhadu\AppData\Roaming\Python\Python311\site-packages\sklearn\metrics\_scorer.py", line 350, in _score
    return self._sign * self._score_func(y_true, y_pred, **scoring_kwargs)
                        ^^^^^^^^^^^^^^^^^^^^^^^^^^^^^^^^^^^^^^^^^^^^^^^^^^
  File "C:\Users\dhadu\AppData\Roaming\Python\Python311\site-packages\pycaret\internal\metrics.py", line 144, in __call__
    return self.score_func(y_true, y_pred, **kwargs)
           ^^^^^^^^^^^^^^^^^^^^^^^^^^^^^^^^^^^^^^^^^
  File "C:\Users\dhadu\AppData\Roaming\Python\Python311\site-packages\sklearn\utils\_param_validation.py", line 213, in wrapper
    return func(*args, **kwargs)
           ^^^^^^^^^^^^^^^^^^^^^
  File "C:\Users\dhadu\AppData\Roaming\Python\Python311\site-packages\sklearn\metrics\_ranking.py", line 634, in roc_auc_score
    return _multiclass_roc_auc_score(
           ^^^^^^^^^^^^^^^^^^^^^^^^^^
  File "C:\Users\dhadu\AppData\Roaming\Python\Python311\site-packages\sklearn\metrics\_ranking.py", line 707, in _multiclass_roc_auc_score
    raise ValueError(
ValueError: Target scores need to be probabilities for multiclass roc_auc, i.e. they should sum up to 1.0 over classes


2025-10-26 10:05:23,767:WARNING:C:\Users\dhadu\AppData\Roaming\Python\Python311\site-packages\pycaret\internal\metrics.py:204: FitFailedWarning: Metric 'make_scorer(roc_auc_score, response_method=('decision_function', 'predict_proba'), average=weighted, multi_class=ovr)' failed and error score 0.0 has been returned instead. If this is a custom metric, this usually means that the error is in the metric code. Full exception below:
Traceback (most recent call last):
  File "C:\Users\dhadu\AppData\Roaming\Python\Python311\site-packages\pycaret\internal\metrics.py", line 196, in _score
    return super()._score(
           ^^^^^^^^^^^^^^^
  File "C:\Users\dhadu\AppData\Roaming\Python\Python311\site-packages\sklearn\metrics\_scorer.py", line 350, in _score
    return self._sign * self._score_func(y_true, y_pred, **scoring_kwargs)
                        ^^^^^^^^^^^^^^^^^^^^^^^^^^^^^^^^^^^^^^^^^^^^^^^^^^
  File "C:\Users\dhadu\AppData\Roaming\Python\Python311\site-packages\pycaret\internal\metrics.py", line 144, in __call__
    return self.score_func(y_true, y_pred, **kwargs)
           ^^^^^^^^^^^^^^^^^^^^^^^^^^^^^^^^^^^^^^^^^
  File "C:\Users\dhadu\AppData\Roaming\Python\Python311\site-packages\sklearn\utils\_param_validation.py", line 213, in wrapper
    return func(*args, **kwargs)
           ^^^^^^^^^^^^^^^^^^^^^
  File "C:\Users\dhadu\AppData\Roaming\Python\Python311\site-packages\sklearn\metrics\_ranking.py", line 634, in roc_auc_score
    return _multiclass_roc_auc_score(
           ^^^^^^^^^^^^^^^^^^^^^^^^^^
  File "C:\Users\dhadu\AppData\Roaming\Python\Python311\site-packages\sklearn\metrics\_ranking.py", line 707, in _multiclass_roc_auc_score
    raise ValueError(
ValueError: Target scores need to be probabilities for multiclass roc_auc, i.e. they should sum up to 1.0 over classes


2025-10-26 10:05:23,847:WARNING:C:\Users\dhadu\AppData\Roaming\Python\Python311\site-packages\pycaret\internal\metrics.py:204: FitFailedWarning: Metric 'make_scorer(roc_auc_score, response_method=('decision_function', 'predict_proba'), average=weighted, multi_class=ovr)' failed and error score 0.0 has been returned instead. If this is a custom metric, this usually means that the error is in the metric code. Full exception below:
Traceback (most recent call last):
  File "C:\Users\dhadu\AppData\Roaming\Python\Python311\site-packages\pycaret\internal\metrics.py", line 196, in _score
    return super()._score(
           ^^^^^^^^^^^^^^^
  File "C:\Users\dhadu\AppData\Roaming\Python\Python311\site-packages\sklearn\metrics\_scorer.py", line 350, in _score
    return self._sign * self._score_func(y_true, y_pred, **scoring_kwargs)
                        ^^^^^^^^^^^^^^^^^^^^^^^^^^^^^^^^^^^^^^^^^^^^^^^^^^
  File "C:\Users\dhadu\AppData\Roaming\Python\Python311\site-packages\pycaret\internal\metrics.py", line 144, in __call__
    return self.score_func(y_true, y_pred, **kwargs)
           ^^^^^^^^^^^^^^^^^^^^^^^^^^^^^^^^^^^^^^^^^
  File "C:\Users\dhadu\AppData\Roaming\Python\Python311\site-packages\sklearn\utils\_param_validation.py", line 213, in wrapper
    return func(*args, **kwargs)
           ^^^^^^^^^^^^^^^^^^^^^
  File "C:\Users\dhadu\AppData\Roaming\Python\Python311\site-packages\sklearn\metrics\_ranking.py", line 634, in roc_auc_score
    return _multiclass_roc_auc_score(
           ^^^^^^^^^^^^^^^^^^^^^^^^^^
  File "C:\Users\dhadu\AppData\Roaming\Python\Python311\site-packages\sklearn\metrics\_ranking.py", line 707, in _multiclass_roc_auc_score
    raise ValueError(
ValueError: Target scores need to be probabilities for multiclass roc_auc, i.e. they should sum up to 1.0 over classes


2025-10-26 10:05:23,938:WARNING:C:\Users\dhadu\AppData\Roaming\Python\Python311\site-packages\pycaret\internal\metrics.py:204: FitFailedWarning: Metric 'make_scorer(roc_auc_score, response_method=('decision_function', 'predict_proba'), average=weighted, multi_class=ovr)' failed and error score 0.0 has been returned instead. If this is a custom metric, this usually means that the error is in the metric code. Full exception below:
Traceback (most recent call last):
  File "C:\Users\dhadu\AppData\Roaming\Python\Python311\site-packages\pycaret\internal\metrics.py", line 196, in _score
    return super()._score(
           ^^^^^^^^^^^^^^^
  File "C:\Users\dhadu\AppData\Roaming\Python\Python311\site-packages\sklearn\metrics\_scorer.py", line 350, in _score
    return self._sign * self._score_func(y_true, y_pred, **scoring_kwargs)
                        ^^^^^^^^^^^^^^^^^^^^^^^^^^^^^^^^^^^^^^^^^^^^^^^^^^
  File "C:\Users\dhadu\AppData\Roaming\Python\Python311\site-packages\pycaret\internal\metrics.py", line 144, in __call__
    return self.score_func(y_true, y_pred, **kwargs)
           ^^^^^^^^^^^^^^^^^^^^^^^^^^^^^^^^^^^^^^^^^
  File "C:\Users\dhadu\AppData\Roaming\Python\Python311\site-packages\sklearn\utils\_param_validation.py", line 213, in wrapper
    return func(*args, **kwargs)
           ^^^^^^^^^^^^^^^^^^^^^
  File "C:\Users\dhadu\AppData\Roaming\Python\Python311\site-packages\sklearn\metrics\_ranking.py", line 634, in roc_auc_score
    return _multiclass_roc_auc_score(
           ^^^^^^^^^^^^^^^^^^^^^^^^^^
  File "C:\Users\dhadu\AppData\Roaming\Python\Python311\site-packages\sklearn\metrics\_ranking.py", line 707, in _multiclass_roc_auc_score
    raise ValueError(
ValueError: Target scores need to be probabilities for multiclass roc_auc, i.e. they should sum up to 1.0 over classes


2025-10-26 10:05:23,945:INFO:Calculating mean and std
2025-10-26 10:05:23,946:INFO:Creating metrics dataframe
2025-10-26 10:05:23,947:INFO:Uploading results into container
2025-10-26 10:05:23,948:INFO:Uploading model into container now
2025-10-26 10:05:23,948:INFO:_master_model_container: 1
2025-10-26 10:05:23,949:INFO:_display_container: 2
2025-10-26 10:05:23,949:INFO:LogisticRegression(C=1.0, class_weight=None, dual=False, fit_intercept=True,
                   intercept_scaling=1, l1_ratio=None, max_iter=1000,
                   multi_class='auto', n_jobs=None, penalty='l2',
                   random_state=123, solver='lbfgs', tol=0.0001, verbose=0,
                   warm_start=False)
2025-10-26 10:05:23,949:INFO:create_model() successfully completed......................................
2025-10-26 10:05:24,096:INFO:SubProcess create_model() end ==================================
2025-10-26 10:05:24,097:INFO:Creating metrics dataframe
2025-10-26 10:05:24,105:INFO:Initializing K Neighbors Classifier
2025-10-26 10:05:24,105:INFO:Total runtime is 0.019423667589823404 minutes
2025-10-26 10:05:24,109:INFO:SubProcess create_model() called ==================================
2025-10-26 10:05:24,110:INFO:Initializing create_model()
2025-10-26 10:05:24,110:INFO:create_model(self=<pycaret.classification.oop.ClassificationExperiment object at 0x00000144F9BF1E90>, estimator=knn, fold=StratifiedKFold(n_splits=10, random_state=None, shuffle=False), round=4, cross_validation=True, predict=True, fit_kwargs={}, groups=None, refit=False, probability_threshold=None, experiment_custom_tags=None, verbose=False, system=False, add_to_model_list=True, metrics=None, display=<pycaret.internal.display.display.CommonDisplay object at 0x00000144EB695750>, model_only=True, return_train_score=False, error_score=0.0, kwargs={})
2025-10-26 10:05:24,110:INFO:Checking exceptions
2025-10-26 10:05:24,110:INFO:Importing libraries
2025-10-26 10:05:24,110:INFO:Copying training dataset
2025-10-26 10:05:24,118:INFO:Defining folds
2025-10-26 10:05:24,118:INFO:Declaring metric variables
2025-10-26 10:05:24,122:INFO:Importing untrained model
2025-10-26 10:05:24,126:INFO:K Neighbors Classifier Imported successfully
2025-10-26 10:05:24,134:INFO:Starting cross validation
2025-10-26 10:05:24,135:INFO:Cross validating with StratifiedKFold(n_splits=10, random_state=None, shuffle=False), n_jobs=1
2025-10-26 10:05:25,351:INFO:Calculating mean and std
2025-10-26 10:05:25,353:INFO:Creating metrics dataframe
2025-10-26 10:05:25,357:INFO:Uploading results into container
2025-10-26 10:05:25,358:INFO:Uploading model into container now
2025-10-26 10:05:25,358:INFO:_master_model_container: 2
2025-10-26 10:05:25,359:INFO:_display_container: 2
2025-10-26 10:05:25,359:INFO:KNeighborsClassifier(algorithm='auto', leaf_size=30, metric='minkowski',
                     metric_params=None, n_jobs=-1, n_neighbors=5, p=2,
                     weights='uniform')
2025-10-26 10:05:25,359:INFO:create_model() successfully completed......................................
2025-10-26 10:05:25,527:INFO:SubProcess create_model() end ==================================
2025-10-26 10:05:25,527:INFO:Creating metrics dataframe
2025-10-26 10:05:25,536:INFO:Initializing Naive Bayes
2025-10-26 10:05:25,538:INFO:Total runtime is 0.043306934833526614 minutes
2025-10-26 10:05:25,543:INFO:SubProcess create_model() called ==================================
2025-10-26 10:05:25,543:INFO:Initializing create_model()
2025-10-26 10:05:25,543:INFO:create_model(self=<pycaret.classification.oop.ClassificationExperiment object at 0x00000144F9BF1E90>, estimator=nb, fold=StratifiedKFold(n_splits=10, random_state=None, shuffle=False), round=4, cross_validation=True, predict=True, fit_kwargs={}, groups=None, refit=False, probability_threshold=None, experiment_custom_tags=None, verbose=False, system=False, add_to_model_list=True, metrics=None, display=<pycaret.internal.display.display.CommonDisplay object at 0x00000144EB695750>, model_only=True, return_train_score=False, error_score=0.0, kwargs={})
2025-10-26 10:05:25,543:INFO:Checking exceptions
2025-10-26 10:05:25,543:INFO:Importing libraries
2025-10-26 10:05:25,544:INFO:Copying training dataset
2025-10-26 10:05:25,555:INFO:Defining folds
2025-10-26 10:05:25,555:INFO:Declaring metric variables
2025-10-26 10:05:25,560:INFO:Importing untrained model
2025-10-26 10:05:25,565:INFO:Naive Bayes Imported successfully
2025-10-26 10:05:25,575:INFO:Starting cross validation
2025-10-26 10:05:25,577:INFO:Cross validating with StratifiedKFold(n_splits=10, random_state=None, shuffle=False), n_jobs=1
2025-10-26 10:05:26,424:INFO:Calculating mean and std
2025-10-26 10:05:26,425:INFO:Creating metrics dataframe
2025-10-26 10:05:26,426:INFO:Uploading results into container
2025-10-26 10:05:26,427:INFO:Uploading model into container now
2025-10-26 10:05:26,427:INFO:_master_model_container: 3
2025-10-26 10:05:26,427:INFO:_display_container: 2
2025-10-26 10:05:26,428:INFO:GaussianNB(priors=None, var_smoothing=1e-09)
2025-10-26 10:05:26,428:INFO:create_model() successfully completed......................................
2025-10-26 10:05:26,564:INFO:SubProcess create_model() end ==================================
2025-10-26 10:05:26,564:INFO:Creating metrics dataframe
2025-10-26 10:05:26,573:INFO:Initializing Decision Tree Classifier
2025-10-26 10:05:26,573:INFO:Total runtime is 0.060554488499959314 minutes
2025-10-26 10:05:26,577:INFO:SubProcess create_model() called ==================================
2025-10-26 10:05:26,577:INFO:Initializing create_model()
2025-10-26 10:05:26,578:INFO:create_model(self=<pycaret.classification.oop.ClassificationExperiment object at 0x00000144F9BF1E90>, estimator=dt, fold=StratifiedKFold(n_splits=10, random_state=None, shuffle=False), round=4, cross_validation=True, predict=True, fit_kwargs={}, groups=None, refit=False, probability_threshold=None, experiment_custom_tags=None, verbose=False, system=False, add_to_model_list=True, metrics=None, display=<pycaret.internal.display.display.CommonDisplay object at 0x00000144EB695750>, model_only=True, return_train_score=False, error_score=0.0, kwargs={})
2025-10-26 10:05:26,578:INFO:Checking exceptions
2025-10-26 10:05:26,578:INFO:Importing libraries
2025-10-26 10:05:26,578:INFO:Copying training dataset
2025-10-26 10:05:26,586:INFO:Defining folds
2025-10-26 10:05:26,586:INFO:Declaring metric variables
2025-10-26 10:05:26,590:INFO:Importing untrained model
2025-10-26 10:05:26,594:INFO:Decision Tree Classifier Imported successfully
2025-10-26 10:05:26,602:INFO:Starting cross validation
2025-10-26 10:05:26,603:INFO:Cross validating with StratifiedKFold(n_splits=10, random_state=None, shuffle=False), n_jobs=1
2025-10-26 10:05:27,568:INFO:Calculating mean and std
2025-10-26 10:05:27,569:INFO:Creating metrics dataframe
2025-10-26 10:05:27,570:INFO:Uploading results into container
2025-10-26 10:05:27,571:INFO:Uploading model into container now
2025-10-26 10:05:27,571:INFO:_master_model_container: 4
2025-10-26 10:05:27,572:INFO:_display_container: 2
2025-10-26 10:05:27,572:INFO:DecisionTreeClassifier(ccp_alpha=0.0, class_weight=None, criterion='gini',
                       max_depth=None, max_features=None, max_leaf_nodes=None,
                       min_impurity_decrease=0.0, min_samples_leaf=1,
                       min_samples_split=2, min_weight_fraction_leaf=0.0,
                       monotonic_cst=None, random_state=123, splitter='best')
2025-10-26 10:05:27,572:INFO:create_model() successfully completed......................................
2025-10-26 10:05:27,712:INFO:SubProcess create_model() end ==================================
2025-10-26 10:05:27,712:INFO:Creating metrics dataframe
2025-10-26 10:05:27,723:INFO:Initializing SVM - Linear Kernel
2025-10-26 10:05:27,723:INFO:Total runtime is 0.07971463998158773 minutes
2025-10-26 10:05:27,727:INFO:SubProcess create_model() called ==================================
2025-10-26 10:05:27,727:INFO:Initializing create_model()
2025-10-26 10:05:27,727:INFO:create_model(self=<pycaret.classification.oop.ClassificationExperiment object at 0x00000144F9BF1E90>, estimator=svm, fold=StratifiedKFold(n_splits=10, random_state=None, shuffle=False), round=4, cross_validation=True, predict=True, fit_kwargs={}, groups=None, refit=False, probability_threshold=None, experiment_custom_tags=None, verbose=False, system=False, add_to_model_list=True, metrics=None, display=<pycaret.internal.display.display.CommonDisplay object at 0x00000144EB695750>, model_only=True, return_train_score=False, error_score=0.0, kwargs={})
2025-10-26 10:05:27,727:INFO:Checking exceptions
2025-10-26 10:05:27,728:INFO:Importing libraries
2025-10-26 10:05:27,728:INFO:Copying training dataset
2025-10-26 10:05:27,736:INFO:Defining folds
2025-10-26 10:05:27,736:INFO:Declaring metric variables
2025-10-26 10:05:27,740:INFO:Importing untrained model
2025-10-26 10:05:27,744:INFO:SVM - Linear Kernel Imported successfully
2025-10-26 10:05:27,751:INFO:Starting cross validation
2025-10-26 10:05:27,752:INFO:Cross validating with StratifiedKFold(n_splits=10, random_state=None, shuffle=False), n_jobs=1
2025-10-26 10:05:27,850:WARNING:C:\Users\dhadu\AppData\Roaming\Python\Python311\site-packages\pycaret\internal\metrics.py:204: FitFailedWarning: Metric 'make_scorer(roc_auc_score, response_method=('decision_function', 'predict_proba'), average=weighted, multi_class=ovr)' failed and error score 0.0 has been returned instead. If this is a custom metric, this usually means that the error is in the metric code. Full exception below:
Traceback (most recent call last):
  File "C:\Users\dhadu\AppData\Roaming\Python\Python311\site-packages\pycaret\internal\metrics.py", line 196, in _score
    return super()._score(
           ^^^^^^^^^^^^^^^
  File "C:\Users\dhadu\AppData\Roaming\Python\Python311\site-packages\sklearn\metrics\_scorer.py", line 350, in _score
    return self._sign * self._score_func(y_true, y_pred, **scoring_kwargs)
                        ^^^^^^^^^^^^^^^^^^^^^^^^^^^^^^^^^^^^^^^^^^^^^^^^^^
  File "C:\Users\dhadu\AppData\Roaming\Python\Python311\site-packages\pycaret\internal\metrics.py", line 144, in __call__
    return self.score_func(y_true, y_pred, **kwargs)
           ^^^^^^^^^^^^^^^^^^^^^^^^^^^^^^^^^^^^^^^^^
  File "C:\Users\dhadu\AppData\Roaming\Python\Python311\site-packages\sklearn\utils\_param_validation.py", line 213, in wrapper
    return func(*args, **kwargs)
           ^^^^^^^^^^^^^^^^^^^^^
  File "C:\Users\dhadu\AppData\Roaming\Python\Python311\site-packages\sklearn\metrics\_ranking.py", line 634, in roc_auc_score
    return _multiclass_roc_auc_score(
           ^^^^^^^^^^^^^^^^^^^^^^^^^^
  File "C:\Users\dhadu\AppData\Roaming\Python\Python311\site-packages\sklearn\metrics\_ranking.py", line 707, in _multiclass_roc_auc_score
    raise ValueError(
ValueError: Target scores need to be probabilities for multiclass roc_auc, i.e. they should sum up to 1.0 over classes


2025-10-26 10:05:27,956:WARNING:C:\Users\dhadu\AppData\Roaming\Python\Python311\site-packages\pycaret\internal\metrics.py:204: FitFailedWarning: Metric 'make_scorer(roc_auc_score, response_method=('decision_function', 'predict_proba'), average=weighted, multi_class=ovr)' failed and error score 0.0 has been returned instead. If this is a custom metric, this usually means that the error is in the metric code. Full exception below:
Traceback (most recent call last):
  File "C:\Users\dhadu\AppData\Roaming\Python\Python311\site-packages\pycaret\internal\metrics.py", line 196, in _score
    return super()._score(
           ^^^^^^^^^^^^^^^
  File "C:\Users\dhadu\AppData\Roaming\Python\Python311\site-packages\sklearn\metrics\_scorer.py", line 350, in _score
    return self._sign * self._score_func(y_true, y_pred, **scoring_kwargs)
                        ^^^^^^^^^^^^^^^^^^^^^^^^^^^^^^^^^^^^^^^^^^^^^^^^^^
  File "C:\Users\dhadu\AppData\Roaming\Python\Python311\site-packages\pycaret\internal\metrics.py", line 144, in __call__
    return self.score_func(y_true, y_pred, **kwargs)
           ^^^^^^^^^^^^^^^^^^^^^^^^^^^^^^^^^^^^^^^^^
  File "C:\Users\dhadu\AppData\Roaming\Python\Python311\site-packages\sklearn\utils\_param_validation.py", line 213, in wrapper
    return func(*args, **kwargs)
           ^^^^^^^^^^^^^^^^^^^^^
  File "C:\Users\dhadu\AppData\Roaming\Python\Python311\site-packages\sklearn\metrics\_ranking.py", line 634, in roc_auc_score
    return _multiclass_roc_auc_score(
           ^^^^^^^^^^^^^^^^^^^^^^^^^^
  File "C:\Users\dhadu\AppData\Roaming\Python\Python311\site-packages\sklearn\metrics\_ranking.py", line 707, in _multiclass_roc_auc_score
    raise ValueError(
ValueError: Target scores need to be probabilities for multiclass roc_auc, i.e. they should sum up to 1.0 over classes


2025-10-26 10:05:28,081:WARNING:C:\Users\dhadu\AppData\Roaming\Python\Python311\site-packages\pycaret\internal\metrics.py:204: FitFailedWarning: Metric 'make_scorer(roc_auc_score, response_method=('decision_function', 'predict_proba'), average=weighted, multi_class=ovr)' failed and error score 0.0 has been returned instead. If this is a custom metric, this usually means that the error is in the metric code. Full exception below:
Traceback (most recent call last):
  File "C:\Users\dhadu\AppData\Roaming\Python\Python311\site-packages\pycaret\internal\metrics.py", line 196, in _score
    return super()._score(
           ^^^^^^^^^^^^^^^
  File "C:\Users\dhadu\AppData\Roaming\Python\Python311\site-packages\sklearn\metrics\_scorer.py", line 350, in _score
    return self._sign * self._score_func(y_true, y_pred, **scoring_kwargs)
                        ^^^^^^^^^^^^^^^^^^^^^^^^^^^^^^^^^^^^^^^^^^^^^^^^^^
  File "C:\Users\dhadu\AppData\Roaming\Python\Python311\site-packages\pycaret\internal\metrics.py", line 144, in __call__
    return self.score_func(y_true, y_pred, **kwargs)
           ^^^^^^^^^^^^^^^^^^^^^^^^^^^^^^^^^^^^^^^^^
  File "C:\Users\dhadu\AppData\Roaming\Python\Python311\site-packages\sklearn\utils\_param_validation.py", line 213, in wrapper
    return func(*args, **kwargs)
           ^^^^^^^^^^^^^^^^^^^^^
  File "C:\Users\dhadu\AppData\Roaming\Python\Python311\site-packages\sklearn\metrics\_ranking.py", line 634, in roc_auc_score
    return _multiclass_roc_auc_score(
           ^^^^^^^^^^^^^^^^^^^^^^^^^^
  File "C:\Users\dhadu\AppData\Roaming\Python\Python311\site-packages\sklearn\metrics\_ranking.py", line 707, in _multiclass_roc_auc_score
    raise ValueError(
ValueError: Target scores need to be probabilities for multiclass roc_auc, i.e. they should sum up to 1.0 over classes


2025-10-26 10:05:28,177:WARNING:C:\Users\dhadu\AppData\Roaming\Python\Python311\site-packages\pycaret\internal\metrics.py:204: FitFailedWarning: Metric 'make_scorer(roc_auc_score, response_method=('decision_function', 'predict_proba'), average=weighted, multi_class=ovr)' failed and error score 0.0 has been returned instead. If this is a custom metric, this usually means that the error is in the metric code. Full exception below:
Traceback (most recent call last):
  File "C:\Users\dhadu\AppData\Roaming\Python\Python311\site-packages\pycaret\internal\metrics.py", line 196, in _score
    return super()._score(
           ^^^^^^^^^^^^^^^
  File "C:\Users\dhadu\AppData\Roaming\Python\Python311\site-packages\sklearn\metrics\_scorer.py", line 350, in _score
    return self._sign * self._score_func(y_true, y_pred, **scoring_kwargs)
                        ^^^^^^^^^^^^^^^^^^^^^^^^^^^^^^^^^^^^^^^^^^^^^^^^^^
  File "C:\Users\dhadu\AppData\Roaming\Python\Python311\site-packages\pycaret\internal\metrics.py", line 144, in __call__
    return self.score_func(y_true, y_pred, **kwargs)
           ^^^^^^^^^^^^^^^^^^^^^^^^^^^^^^^^^^^^^^^^^
  File "C:\Users\dhadu\AppData\Roaming\Python\Python311\site-packages\sklearn\utils\_param_validation.py", line 213, in wrapper
    return func(*args, **kwargs)
           ^^^^^^^^^^^^^^^^^^^^^
  File "C:\Users\dhadu\AppData\Roaming\Python\Python311\site-packages\sklearn\metrics\_ranking.py", line 634, in roc_auc_score
    return _multiclass_roc_auc_score(
           ^^^^^^^^^^^^^^^^^^^^^^^^^^
  File "C:\Users\dhadu\AppData\Roaming\Python\Python311\site-packages\sklearn\metrics\_ranking.py", line 707, in _multiclass_roc_auc_score
    raise ValueError(
ValueError: Target scores need to be probabilities for multiclass roc_auc, i.e. they should sum up to 1.0 over classes


2025-10-26 10:05:28,297:WARNING:C:\Users\dhadu\AppData\Roaming\Python\Python311\site-packages\pycaret\internal\metrics.py:204: FitFailedWarning: Metric 'make_scorer(roc_auc_score, response_method=('decision_function', 'predict_proba'), average=weighted, multi_class=ovr)' failed and error score 0.0 has been returned instead. If this is a custom metric, this usually means that the error is in the metric code. Full exception below:
Traceback (most recent call last):
  File "C:\Users\dhadu\AppData\Roaming\Python\Python311\site-packages\pycaret\internal\metrics.py", line 196, in _score
    return super()._score(
           ^^^^^^^^^^^^^^^
  File "C:\Users\dhadu\AppData\Roaming\Python\Python311\site-packages\sklearn\metrics\_scorer.py", line 350, in _score
    return self._sign * self._score_func(y_true, y_pred, **scoring_kwargs)
                        ^^^^^^^^^^^^^^^^^^^^^^^^^^^^^^^^^^^^^^^^^^^^^^^^^^
  File "C:\Users\dhadu\AppData\Roaming\Python\Python311\site-packages\pycaret\internal\metrics.py", line 144, in __call__
    return self.score_func(y_true, y_pred, **kwargs)
           ^^^^^^^^^^^^^^^^^^^^^^^^^^^^^^^^^^^^^^^^^
  File "C:\Users\dhadu\AppData\Roaming\Python\Python311\site-packages\sklearn\utils\_param_validation.py", line 213, in wrapper
    return func(*args, **kwargs)
           ^^^^^^^^^^^^^^^^^^^^^
  File "C:\Users\dhadu\AppData\Roaming\Python\Python311\site-packages\sklearn\metrics\_ranking.py", line 634, in roc_auc_score
    return _multiclass_roc_auc_score(
           ^^^^^^^^^^^^^^^^^^^^^^^^^^
  File "C:\Users\dhadu\AppData\Roaming\Python\Python311\site-packages\sklearn\metrics\_ranking.py", line 707, in _multiclass_roc_auc_score
    raise ValueError(
ValueError: Target scores need to be probabilities for multiclass roc_auc, i.e. they should sum up to 1.0 over classes


2025-10-26 10:05:28,395:WARNING:C:\Users\dhadu\AppData\Roaming\Python\Python311\site-packages\pycaret\internal\metrics.py:204: FitFailedWarning: Metric 'make_scorer(roc_auc_score, response_method=('decision_function', 'predict_proba'), average=weighted, multi_class=ovr)' failed and error score 0.0 has been returned instead. If this is a custom metric, this usually means that the error is in the metric code. Full exception below:
Traceback (most recent call last):
  File "C:\Users\dhadu\AppData\Roaming\Python\Python311\site-packages\pycaret\internal\metrics.py", line 196, in _score
    return super()._score(
           ^^^^^^^^^^^^^^^
  File "C:\Users\dhadu\AppData\Roaming\Python\Python311\site-packages\sklearn\metrics\_scorer.py", line 350, in _score
    return self._sign * self._score_func(y_true, y_pred, **scoring_kwargs)
                        ^^^^^^^^^^^^^^^^^^^^^^^^^^^^^^^^^^^^^^^^^^^^^^^^^^
  File "C:\Users\dhadu\AppData\Roaming\Python\Python311\site-packages\pycaret\internal\metrics.py", line 144, in __call__
    return self.score_func(y_true, y_pred, **kwargs)
           ^^^^^^^^^^^^^^^^^^^^^^^^^^^^^^^^^^^^^^^^^
  File "C:\Users\dhadu\AppData\Roaming\Python\Python311\site-packages\sklearn\utils\_param_validation.py", line 213, in wrapper
    return func(*args, **kwargs)
           ^^^^^^^^^^^^^^^^^^^^^
  File "C:\Users\dhadu\AppData\Roaming\Python\Python311\site-packages\sklearn\metrics\_ranking.py", line 634, in roc_auc_score
    return _multiclass_roc_auc_score(
           ^^^^^^^^^^^^^^^^^^^^^^^^^^
  File "C:\Users\dhadu\AppData\Roaming\Python\Python311\site-packages\sklearn\metrics\_ranking.py", line 707, in _multiclass_roc_auc_score
    raise ValueError(
ValueError: Target scores need to be probabilities for multiclass roc_auc, i.e. they should sum up to 1.0 over classes


2025-10-26 10:05:28,503:WARNING:C:\Users\dhadu\AppData\Roaming\Python\Python311\site-packages\pycaret\internal\metrics.py:204: FitFailedWarning: Metric 'make_scorer(roc_auc_score, response_method=('decision_function', 'predict_proba'), average=weighted, multi_class=ovr)' failed and error score 0.0 has been returned instead. If this is a custom metric, this usually means that the error is in the metric code. Full exception below:
Traceback (most recent call last):
  File "C:\Users\dhadu\AppData\Roaming\Python\Python311\site-packages\pycaret\internal\metrics.py", line 196, in _score
    return super()._score(
           ^^^^^^^^^^^^^^^
  File "C:\Users\dhadu\AppData\Roaming\Python\Python311\site-packages\sklearn\metrics\_scorer.py", line 350, in _score
    return self._sign * self._score_func(y_true, y_pred, **scoring_kwargs)
                        ^^^^^^^^^^^^^^^^^^^^^^^^^^^^^^^^^^^^^^^^^^^^^^^^^^
  File "C:\Users\dhadu\AppData\Roaming\Python\Python311\site-packages\pycaret\internal\metrics.py", line 144, in __call__
    return self.score_func(y_true, y_pred, **kwargs)
           ^^^^^^^^^^^^^^^^^^^^^^^^^^^^^^^^^^^^^^^^^
  File "C:\Users\dhadu\AppData\Roaming\Python\Python311\site-packages\sklearn\utils\_param_validation.py", line 213, in wrapper
    return func(*args, **kwargs)
           ^^^^^^^^^^^^^^^^^^^^^
  File "C:\Users\dhadu\AppData\Roaming\Python\Python311\site-packages\sklearn\metrics\_ranking.py", line 634, in roc_auc_score
    return _multiclass_roc_auc_score(
           ^^^^^^^^^^^^^^^^^^^^^^^^^^
  File "C:\Users\dhadu\AppData\Roaming\Python\Python311\site-packages\sklearn\metrics\_ranking.py", line 707, in _multiclass_roc_auc_score
    raise ValueError(
ValueError: Target scores need to be probabilities for multiclass roc_auc, i.e. they should sum up to 1.0 over classes


2025-10-26 10:05:28,609:WARNING:C:\Users\dhadu\AppData\Roaming\Python\Python311\site-packages\pycaret\internal\metrics.py:204: FitFailedWarning: Metric 'make_scorer(roc_auc_score, response_method=('decision_function', 'predict_proba'), average=weighted, multi_class=ovr)' failed and error score 0.0 has been returned instead. If this is a custom metric, this usually means that the error is in the metric code. Full exception below:
Traceback (most recent call last):
  File "C:\Users\dhadu\AppData\Roaming\Python\Python311\site-packages\pycaret\internal\metrics.py", line 196, in _score
    return super()._score(
           ^^^^^^^^^^^^^^^
  File "C:\Users\dhadu\AppData\Roaming\Python\Python311\site-packages\sklearn\metrics\_scorer.py", line 350, in _score
    return self._sign * self._score_func(y_true, y_pred, **scoring_kwargs)
                        ^^^^^^^^^^^^^^^^^^^^^^^^^^^^^^^^^^^^^^^^^^^^^^^^^^
  File "C:\Users\dhadu\AppData\Roaming\Python\Python311\site-packages\pycaret\internal\metrics.py", line 144, in __call__
    return self.score_func(y_true, y_pred, **kwargs)
           ^^^^^^^^^^^^^^^^^^^^^^^^^^^^^^^^^^^^^^^^^
  File "C:\Users\dhadu\AppData\Roaming\Python\Python311\site-packages\sklearn\utils\_param_validation.py", line 213, in wrapper
    return func(*args, **kwargs)
           ^^^^^^^^^^^^^^^^^^^^^
  File "C:\Users\dhadu\AppData\Roaming\Python\Python311\site-packages\sklearn\metrics\_ranking.py", line 634, in roc_auc_score
    return _multiclass_roc_auc_score(
           ^^^^^^^^^^^^^^^^^^^^^^^^^^
  File "C:\Users\dhadu\AppData\Roaming\Python\Python311\site-packages\sklearn\metrics\_ranking.py", line 707, in _multiclass_roc_auc_score
    raise ValueError(
ValueError: Target scores need to be probabilities for multiclass roc_auc, i.e. they should sum up to 1.0 over classes


2025-10-26 10:05:28,704:WARNING:C:\Users\dhadu\AppData\Roaming\Python\Python311\site-packages\pycaret\internal\metrics.py:204: FitFailedWarning: Metric 'make_scorer(roc_auc_score, response_method=('decision_function', 'predict_proba'), average=weighted, multi_class=ovr)' failed and error score 0.0 has been returned instead. If this is a custom metric, this usually means that the error is in the metric code. Full exception below:
Traceback (most recent call last):
  File "C:\Users\dhadu\AppData\Roaming\Python\Python311\site-packages\pycaret\internal\metrics.py", line 196, in _score
    return super()._score(
           ^^^^^^^^^^^^^^^
  File "C:\Users\dhadu\AppData\Roaming\Python\Python311\site-packages\sklearn\metrics\_scorer.py", line 350, in _score
    return self._sign * self._score_func(y_true, y_pred, **scoring_kwargs)
                        ^^^^^^^^^^^^^^^^^^^^^^^^^^^^^^^^^^^^^^^^^^^^^^^^^^
  File "C:\Users\dhadu\AppData\Roaming\Python\Python311\site-packages\pycaret\internal\metrics.py", line 144, in __call__
    return self.score_func(y_true, y_pred, **kwargs)
           ^^^^^^^^^^^^^^^^^^^^^^^^^^^^^^^^^^^^^^^^^
  File "C:\Users\dhadu\AppData\Roaming\Python\Python311\site-packages\sklearn\utils\_param_validation.py", line 213, in wrapper
    return func(*args, **kwargs)
           ^^^^^^^^^^^^^^^^^^^^^
  File "C:\Users\dhadu\AppData\Roaming\Python\Python311\site-packages\sklearn\metrics\_ranking.py", line 634, in roc_auc_score
    return _multiclass_roc_auc_score(
           ^^^^^^^^^^^^^^^^^^^^^^^^^^
  File "C:\Users\dhadu\AppData\Roaming\Python\Python311\site-packages\sklearn\metrics\_ranking.py", line 707, in _multiclass_roc_auc_score
    raise ValueError(
ValueError: Target scores need to be probabilities for multiclass roc_auc, i.e. they should sum up to 1.0 over classes


2025-10-26 10:05:28,805:WARNING:C:\Users\dhadu\AppData\Roaming\Python\Python311\site-packages\pycaret\internal\metrics.py:204: FitFailedWarning: Metric 'make_scorer(roc_auc_score, response_method=('decision_function', 'predict_proba'), average=weighted, multi_class=ovr)' failed and error score 0.0 has been returned instead. If this is a custom metric, this usually means that the error is in the metric code. Full exception below:
Traceback (most recent call last):
  File "C:\Users\dhadu\AppData\Roaming\Python\Python311\site-packages\pycaret\internal\metrics.py", line 196, in _score
    return super()._score(
           ^^^^^^^^^^^^^^^
  File "C:\Users\dhadu\AppData\Roaming\Python\Python311\site-packages\sklearn\metrics\_scorer.py", line 350, in _score
    return self._sign * self._score_func(y_true, y_pred, **scoring_kwargs)
                        ^^^^^^^^^^^^^^^^^^^^^^^^^^^^^^^^^^^^^^^^^^^^^^^^^^
  File "C:\Users\dhadu\AppData\Roaming\Python\Python311\site-packages\pycaret\internal\metrics.py", line 144, in __call__
    return self.score_func(y_true, y_pred, **kwargs)
           ^^^^^^^^^^^^^^^^^^^^^^^^^^^^^^^^^^^^^^^^^
  File "C:\Users\dhadu\AppData\Roaming\Python\Python311\site-packages\sklearn\utils\_param_validation.py", line 213, in wrapper
    return func(*args, **kwargs)
           ^^^^^^^^^^^^^^^^^^^^^
  File "C:\Users\dhadu\AppData\Roaming\Python\Python311\site-packages\sklearn\metrics\_ranking.py", line 634, in roc_auc_score
    return _multiclass_roc_auc_score(
           ^^^^^^^^^^^^^^^^^^^^^^^^^^
  File "C:\Users\dhadu\AppData\Roaming\Python\Python311\site-packages\sklearn\metrics\_ranking.py", line 707, in _multiclass_roc_auc_score
    raise ValueError(
ValueError: Target scores need to be probabilities for multiclass roc_auc, i.e. they should sum up to 1.0 over classes


2025-10-26 10:05:28,812:INFO:Calculating mean and std
2025-10-26 10:05:28,813:INFO:Creating metrics dataframe
2025-10-26 10:05:28,815:INFO:Uploading results into container
2025-10-26 10:05:28,816:INFO:Uploading model into container now
2025-10-26 10:05:28,816:INFO:_master_model_container: 5
2025-10-26 10:05:28,816:INFO:_display_container: 2
2025-10-26 10:05:28,817:INFO:SGDClassifier(alpha=0.0001, average=False, class_weight=None,
              early_stopping=False, epsilon=0.1, eta0=0.001, fit_intercept=True,
              l1_ratio=0.15, learning_rate='optimal', loss='hinge',
              max_iter=1000, n_iter_no_change=5, n_jobs=-1, penalty='l2',
              power_t=0.5, random_state=123, shuffle=True, tol=0.001,
              validation_fraction=0.1, verbose=0, warm_start=False)
2025-10-26 10:05:28,817:INFO:create_model() successfully completed......................................
2025-10-26 10:05:28,978:INFO:SubProcess create_model() end ==================================
2025-10-26 10:05:28,978:INFO:Creating metrics dataframe
2025-10-26 10:05:28,988:INFO:Initializing Ridge Classifier
2025-10-26 10:05:28,988:INFO:Total runtime is 0.10080060561498007 minutes
2025-10-26 10:05:28,992:INFO:SubProcess create_model() called ==================================
2025-10-26 10:05:28,992:INFO:Initializing create_model()
2025-10-26 10:05:28,993:INFO:create_model(self=<pycaret.classification.oop.ClassificationExperiment object at 0x00000144F9BF1E90>, estimator=ridge, fold=StratifiedKFold(n_splits=10, random_state=None, shuffle=False), round=4, cross_validation=True, predict=True, fit_kwargs={}, groups=None, refit=False, probability_threshold=None, experiment_custom_tags=None, verbose=False, system=False, add_to_model_list=True, metrics=None, display=<pycaret.internal.display.display.CommonDisplay object at 0x00000144EB695750>, model_only=True, return_train_score=False, error_score=0.0, kwargs={})
2025-10-26 10:05:28,993:INFO:Checking exceptions
2025-10-26 10:05:28,993:INFO:Importing libraries
2025-10-26 10:05:28,993:INFO:Copying training dataset
2025-10-26 10:05:29,001:INFO:Defining folds
2025-10-26 10:05:29,001:INFO:Declaring metric variables
2025-10-26 10:05:29,005:INFO:Importing untrained model
2025-10-26 10:05:29,009:INFO:Ridge Classifier Imported successfully
2025-10-26 10:05:29,017:INFO:Starting cross validation
2025-10-26 10:05:29,019:INFO:Cross validating with StratifiedKFold(n_splits=10, random_state=None, shuffle=False), n_jobs=1
2025-10-26 10:05:29,102:WARNING:C:\Users\dhadu\AppData\Roaming\Python\Python311\site-packages\pycaret\internal\metrics.py:204: FitFailedWarning: Metric 'make_scorer(roc_auc_score, response_method=('decision_function', 'predict_proba'), average=weighted, multi_class=ovr)' failed and error score 0.0 has been returned instead. If this is a custom metric, this usually means that the error is in the metric code. Full exception below:
Traceback (most recent call last):
  File "C:\Users\dhadu\AppData\Roaming\Python\Python311\site-packages\pycaret\internal\metrics.py", line 196, in _score
    return super()._score(
           ^^^^^^^^^^^^^^^
  File "C:\Users\dhadu\AppData\Roaming\Python\Python311\site-packages\sklearn\metrics\_scorer.py", line 350, in _score
    return self._sign * self._score_func(y_true, y_pred, **scoring_kwargs)
                        ^^^^^^^^^^^^^^^^^^^^^^^^^^^^^^^^^^^^^^^^^^^^^^^^^^
  File "C:\Users\dhadu\AppData\Roaming\Python\Python311\site-packages\pycaret\internal\metrics.py", line 144, in __call__
    return self.score_func(y_true, y_pred, **kwargs)
           ^^^^^^^^^^^^^^^^^^^^^^^^^^^^^^^^^^^^^^^^^
  File "C:\Users\dhadu\AppData\Roaming\Python\Python311\site-packages\sklearn\utils\_param_validation.py", line 213, in wrapper
    return func(*args, **kwargs)
           ^^^^^^^^^^^^^^^^^^^^^
  File "C:\Users\dhadu\AppData\Roaming\Python\Python311\site-packages\sklearn\metrics\_ranking.py", line 634, in roc_auc_score
    return _multiclass_roc_auc_score(
           ^^^^^^^^^^^^^^^^^^^^^^^^^^
  File "C:\Users\dhadu\AppData\Roaming\Python\Python311\site-packages\sklearn\metrics\_ranking.py", line 707, in _multiclass_roc_auc_score
    raise ValueError(
ValueError: Target scores need to be probabilities for multiclass roc_auc, i.e. they should sum up to 1.0 over classes


2025-10-26 10:05:29,182:WARNING:C:\Users\dhadu\AppData\Roaming\Python\Python311\site-packages\pycaret\internal\metrics.py:204: FitFailedWarning: Metric 'make_scorer(roc_auc_score, response_method=('decision_function', 'predict_proba'), average=weighted, multi_class=ovr)' failed and error score 0.0 has been returned instead. If this is a custom metric, this usually means that the error is in the metric code. Full exception below:
Traceback (most recent call last):
  File "C:\Users\dhadu\AppData\Roaming\Python\Python311\site-packages\pycaret\internal\metrics.py", line 196, in _score
    return super()._score(
           ^^^^^^^^^^^^^^^
  File "C:\Users\dhadu\AppData\Roaming\Python\Python311\site-packages\sklearn\metrics\_scorer.py", line 350, in _score
    return self._sign * self._score_func(y_true, y_pred, **scoring_kwargs)
                        ^^^^^^^^^^^^^^^^^^^^^^^^^^^^^^^^^^^^^^^^^^^^^^^^^^
  File "C:\Users\dhadu\AppData\Roaming\Python\Python311\site-packages\pycaret\internal\metrics.py", line 144, in __call__
    return self.score_func(y_true, y_pred, **kwargs)
           ^^^^^^^^^^^^^^^^^^^^^^^^^^^^^^^^^^^^^^^^^
  File "C:\Users\dhadu\AppData\Roaming\Python\Python311\site-packages\sklearn\utils\_param_validation.py", line 213, in wrapper
    return func(*args, **kwargs)
           ^^^^^^^^^^^^^^^^^^^^^
  File "C:\Users\dhadu\AppData\Roaming\Python\Python311\site-packages\sklearn\metrics\_ranking.py", line 634, in roc_auc_score
    return _multiclass_roc_auc_score(
           ^^^^^^^^^^^^^^^^^^^^^^^^^^
  File "C:\Users\dhadu\AppData\Roaming\Python\Python311\site-packages\sklearn\metrics\_ranking.py", line 707, in _multiclass_roc_auc_score
    raise ValueError(
ValueError: Target scores need to be probabilities for multiclass roc_auc, i.e. they should sum up to 1.0 over classes


2025-10-26 10:05:29,255:WARNING:C:\Users\dhadu\AppData\Roaming\Python\Python311\site-packages\pycaret\internal\metrics.py:204: FitFailedWarning: Metric 'make_scorer(roc_auc_score, response_method=('decision_function', 'predict_proba'), average=weighted, multi_class=ovr)' failed and error score 0.0 has been returned instead. If this is a custom metric, this usually means that the error is in the metric code. Full exception below:
Traceback (most recent call last):
  File "C:\Users\dhadu\AppData\Roaming\Python\Python311\site-packages\pycaret\internal\metrics.py", line 196, in _score
    return super()._score(
           ^^^^^^^^^^^^^^^
  File "C:\Users\dhadu\AppData\Roaming\Python\Python311\site-packages\sklearn\metrics\_scorer.py", line 350, in _score
    return self._sign * self._score_func(y_true, y_pred, **scoring_kwargs)
                        ^^^^^^^^^^^^^^^^^^^^^^^^^^^^^^^^^^^^^^^^^^^^^^^^^^
  File "C:\Users\dhadu\AppData\Roaming\Python\Python311\site-packages\pycaret\internal\metrics.py", line 144, in __call__
    return self.score_func(y_true, y_pred, **kwargs)
           ^^^^^^^^^^^^^^^^^^^^^^^^^^^^^^^^^^^^^^^^^
  File "C:\Users\dhadu\AppData\Roaming\Python\Python311\site-packages\sklearn\utils\_param_validation.py", line 213, in wrapper
    return func(*args, **kwargs)
           ^^^^^^^^^^^^^^^^^^^^^
  File "C:\Users\dhadu\AppData\Roaming\Python\Python311\site-packages\sklearn\metrics\_ranking.py", line 634, in roc_auc_score
    return _multiclass_roc_auc_score(
           ^^^^^^^^^^^^^^^^^^^^^^^^^^
  File "C:\Users\dhadu\AppData\Roaming\Python\Python311\site-packages\sklearn\metrics\_ranking.py", line 707, in _multiclass_roc_auc_score
    raise ValueError(
ValueError: Target scores need to be probabilities for multiclass roc_auc, i.e. they should sum up to 1.0 over classes


2025-10-26 10:05:29,332:WARNING:C:\Users\dhadu\AppData\Roaming\Python\Python311\site-packages\pycaret\internal\metrics.py:204: FitFailedWarning: Metric 'make_scorer(roc_auc_score, response_method=('decision_function', 'predict_proba'), average=weighted, multi_class=ovr)' failed and error score 0.0 has been returned instead. If this is a custom metric, this usually means that the error is in the metric code. Full exception below:
Traceback (most recent call last):
  File "C:\Users\dhadu\AppData\Roaming\Python\Python311\site-packages\pycaret\internal\metrics.py", line 196, in _score
    return super()._score(
           ^^^^^^^^^^^^^^^
  File "C:\Users\dhadu\AppData\Roaming\Python\Python311\site-packages\sklearn\metrics\_scorer.py", line 350, in _score
    return self._sign * self._score_func(y_true, y_pred, **scoring_kwargs)
                        ^^^^^^^^^^^^^^^^^^^^^^^^^^^^^^^^^^^^^^^^^^^^^^^^^^
  File "C:\Users\dhadu\AppData\Roaming\Python\Python311\site-packages\pycaret\internal\metrics.py", line 144, in __call__
    return self.score_func(y_true, y_pred, **kwargs)
           ^^^^^^^^^^^^^^^^^^^^^^^^^^^^^^^^^^^^^^^^^
  File "C:\Users\dhadu\AppData\Roaming\Python\Python311\site-packages\sklearn\utils\_param_validation.py", line 213, in wrapper
    return func(*args, **kwargs)
           ^^^^^^^^^^^^^^^^^^^^^
  File "C:\Users\dhadu\AppData\Roaming\Python\Python311\site-packages\sklearn\metrics\_ranking.py", line 634, in roc_auc_score
    return _multiclass_roc_auc_score(
           ^^^^^^^^^^^^^^^^^^^^^^^^^^
  File "C:\Users\dhadu\AppData\Roaming\Python\Python311\site-packages\sklearn\metrics\_ranking.py", line 707, in _multiclass_roc_auc_score
    raise ValueError(
ValueError: Target scores need to be probabilities for multiclass roc_auc, i.e. they should sum up to 1.0 over classes


2025-10-26 10:05:29,411:WARNING:C:\Users\dhadu\AppData\Roaming\Python\Python311\site-packages\pycaret\internal\metrics.py:204: FitFailedWarning: Metric 'make_scorer(roc_auc_score, response_method=('decision_function', 'predict_proba'), average=weighted, multi_class=ovr)' failed and error score 0.0 has been returned instead. If this is a custom metric, this usually means that the error is in the metric code. Full exception below:
Traceback (most recent call last):
  File "C:\Users\dhadu\AppData\Roaming\Python\Python311\site-packages\pycaret\internal\metrics.py", line 196, in _score
    return super()._score(
           ^^^^^^^^^^^^^^^
  File "C:\Users\dhadu\AppData\Roaming\Python\Python311\site-packages\sklearn\metrics\_scorer.py", line 350, in _score
    return self._sign * self._score_func(y_true, y_pred, **scoring_kwargs)
                        ^^^^^^^^^^^^^^^^^^^^^^^^^^^^^^^^^^^^^^^^^^^^^^^^^^
  File "C:\Users\dhadu\AppData\Roaming\Python\Python311\site-packages\pycaret\internal\metrics.py", line 144, in __call__
    return self.score_func(y_true, y_pred, **kwargs)
           ^^^^^^^^^^^^^^^^^^^^^^^^^^^^^^^^^^^^^^^^^
  File "C:\Users\dhadu\AppData\Roaming\Python\Python311\site-packages\sklearn\utils\_param_validation.py", line 213, in wrapper
    return func(*args, **kwargs)
           ^^^^^^^^^^^^^^^^^^^^^
  File "C:\Users\dhadu\AppData\Roaming\Python\Python311\site-packages\sklearn\metrics\_ranking.py", line 634, in roc_auc_score
    return _multiclass_roc_auc_score(
           ^^^^^^^^^^^^^^^^^^^^^^^^^^
  File "C:\Users\dhadu\AppData\Roaming\Python\Python311\site-packages\sklearn\metrics\_ranking.py", line 707, in _multiclass_roc_auc_score
    raise ValueError(
ValueError: Target scores need to be probabilities for multiclass roc_auc, i.e. they should sum up to 1.0 over classes


2025-10-26 10:05:29,492:WARNING:C:\Users\dhadu\AppData\Roaming\Python\Python311\site-packages\pycaret\internal\metrics.py:204: FitFailedWarning: Metric 'make_scorer(roc_auc_score, response_method=('decision_function', 'predict_proba'), average=weighted, multi_class=ovr)' failed and error score 0.0 has been returned instead. If this is a custom metric, this usually means that the error is in the metric code. Full exception below:
Traceback (most recent call last):
  File "C:\Users\dhadu\AppData\Roaming\Python\Python311\site-packages\pycaret\internal\metrics.py", line 196, in _score
    return super()._score(
           ^^^^^^^^^^^^^^^
  File "C:\Users\dhadu\AppData\Roaming\Python\Python311\site-packages\sklearn\metrics\_scorer.py", line 350, in _score
    return self._sign * self._score_func(y_true, y_pred, **scoring_kwargs)
                        ^^^^^^^^^^^^^^^^^^^^^^^^^^^^^^^^^^^^^^^^^^^^^^^^^^
  File "C:\Users\dhadu\AppData\Roaming\Python\Python311\site-packages\pycaret\internal\metrics.py", line 144, in __call__
    return self.score_func(y_true, y_pred, **kwargs)
           ^^^^^^^^^^^^^^^^^^^^^^^^^^^^^^^^^^^^^^^^^
  File "C:\Users\dhadu\AppData\Roaming\Python\Python311\site-packages\sklearn\utils\_param_validation.py", line 213, in wrapper
    return func(*args, **kwargs)
           ^^^^^^^^^^^^^^^^^^^^^
  File "C:\Users\dhadu\AppData\Roaming\Python\Python311\site-packages\sklearn\metrics\_ranking.py", line 634, in roc_auc_score
    return _multiclass_roc_auc_score(
           ^^^^^^^^^^^^^^^^^^^^^^^^^^
  File "C:\Users\dhadu\AppData\Roaming\Python\Python311\site-packages\sklearn\metrics\_ranking.py", line 707, in _multiclass_roc_auc_score
    raise ValueError(
ValueError: Target scores need to be probabilities for multiclass roc_auc, i.e. they should sum up to 1.0 over classes


2025-10-26 10:05:29,570:WARNING:C:\Users\dhadu\AppData\Roaming\Python\Python311\site-packages\pycaret\internal\metrics.py:204: FitFailedWarning: Metric 'make_scorer(roc_auc_score, response_method=('decision_function', 'predict_proba'), average=weighted, multi_class=ovr)' failed and error score 0.0 has been returned instead. If this is a custom metric, this usually means that the error is in the metric code. Full exception below:
Traceback (most recent call last):
  File "C:\Users\dhadu\AppData\Roaming\Python\Python311\site-packages\pycaret\internal\metrics.py", line 196, in _score
    return super()._score(
           ^^^^^^^^^^^^^^^
  File "C:\Users\dhadu\AppData\Roaming\Python\Python311\site-packages\sklearn\metrics\_scorer.py", line 350, in _score
    return self._sign * self._score_func(y_true, y_pred, **scoring_kwargs)
                        ^^^^^^^^^^^^^^^^^^^^^^^^^^^^^^^^^^^^^^^^^^^^^^^^^^
  File "C:\Users\dhadu\AppData\Roaming\Python\Python311\site-packages\pycaret\internal\metrics.py", line 144, in __call__
    return self.score_func(y_true, y_pred, **kwargs)
           ^^^^^^^^^^^^^^^^^^^^^^^^^^^^^^^^^^^^^^^^^
  File "C:\Users\dhadu\AppData\Roaming\Python\Python311\site-packages\sklearn\utils\_param_validation.py", line 213, in wrapper
    return func(*args, **kwargs)
           ^^^^^^^^^^^^^^^^^^^^^
  File "C:\Users\dhadu\AppData\Roaming\Python\Python311\site-packages\sklearn\metrics\_ranking.py", line 634, in roc_auc_score
    return _multiclass_roc_auc_score(
           ^^^^^^^^^^^^^^^^^^^^^^^^^^
  File "C:\Users\dhadu\AppData\Roaming\Python\Python311\site-packages\sklearn\metrics\_ranking.py", line 707, in _multiclass_roc_auc_score
    raise ValueError(
ValueError: Target scores need to be probabilities for multiclass roc_auc, i.e. they should sum up to 1.0 over classes


2025-10-26 10:05:29,652:WARNING:C:\Users\dhadu\AppData\Roaming\Python\Python311\site-packages\pycaret\internal\metrics.py:204: FitFailedWarning: Metric 'make_scorer(roc_auc_score, response_method=('decision_function', 'predict_proba'), average=weighted, multi_class=ovr)' failed and error score 0.0 has been returned instead. If this is a custom metric, this usually means that the error is in the metric code. Full exception below:
Traceback (most recent call last):
  File "C:\Users\dhadu\AppData\Roaming\Python\Python311\site-packages\pycaret\internal\metrics.py", line 196, in _score
    return super()._score(
           ^^^^^^^^^^^^^^^
  File "C:\Users\dhadu\AppData\Roaming\Python\Python311\site-packages\sklearn\metrics\_scorer.py", line 350, in _score
    return self._sign * self._score_func(y_true, y_pred, **scoring_kwargs)
                        ^^^^^^^^^^^^^^^^^^^^^^^^^^^^^^^^^^^^^^^^^^^^^^^^^^
  File "C:\Users\dhadu\AppData\Roaming\Python\Python311\site-packages\pycaret\internal\metrics.py", line 144, in __call__
    return self.score_func(y_true, y_pred, **kwargs)
           ^^^^^^^^^^^^^^^^^^^^^^^^^^^^^^^^^^^^^^^^^
  File "C:\Users\dhadu\AppData\Roaming\Python\Python311\site-packages\sklearn\utils\_param_validation.py", line 213, in wrapper
    return func(*args, **kwargs)
           ^^^^^^^^^^^^^^^^^^^^^
  File "C:\Users\dhadu\AppData\Roaming\Python\Python311\site-packages\sklearn\metrics\_ranking.py", line 634, in roc_auc_score
    return _multiclass_roc_auc_score(
           ^^^^^^^^^^^^^^^^^^^^^^^^^^
  File "C:\Users\dhadu\AppData\Roaming\Python\Python311\site-packages\sklearn\metrics\_ranking.py", line 707, in _multiclass_roc_auc_score
    raise ValueError(
ValueError: Target scores need to be probabilities for multiclass roc_auc, i.e. they should sum up to 1.0 over classes


2025-10-26 10:05:29,736:WARNING:C:\Users\dhadu\AppData\Roaming\Python\Python311\site-packages\pycaret\internal\metrics.py:204: FitFailedWarning: Metric 'make_scorer(roc_auc_score, response_method=('decision_function', 'predict_proba'), average=weighted, multi_class=ovr)' failed and error score 0.0 has been returned instead. If this is a custom metric, this usually means that the error is in the metric code. Full exception below:
Traceback (most recent call last):
  File "C:\Users\dhadu\AppData\Roaming\Python\Python311\site-packages\pycaret\internal\metrics.py", line 196, in _score
    return super()._score(
           ^^^^^^^^^^^^^^^
  File "C:\Users\dhadu\AppData\Roaming\Python\Python311\site-packages\sklearn\metrics\_scorer.py", line 350, in _score
    return self._sign * self._score_func(y_true, y_pred, **scoring_kwargs)
                        ^^^^^^^^^^^^^^^^^^^^^^^^^^^^^^^^^^^^^^^^^^^^^^^^^^
  File "C:\Users\dhadu\AppData\Roaming\Python\Python311\site-packages\pycaret\internal\metrics.py", line 144, in __call__
    return self.score_func(y_true, y_pred, **kwargs)
           ^^^^^^^^^^^^^^^^^^^^^^^^^^^^^^^^^^^^^^^^^
  File "C:\Users\dhadu\AppData\Roaming\Python\Python311\site-packages\sklearn\utils\_param_validation.py", line 213, in wrapper
    return func(*args, **kwargs)
           ^^^^^^^^^^^^^^^^^^^^^
  File "C:\Users\dhadu\AppData\Roaming\Python\Python311\site-packages\sklearn\metrics\_ranking.py", line 634, in roc_auc_score
    return _multiclass_roc_auc_score(
           ^^^^^^^^^^^^^^^^^^^^^^^^^^
  File "C:\Users\dhadu\AppData\Roaming\Python\Python311\site-packages\sklearn\metrics\_ranking.py", line 707, in _multiclass_roc_auc_score
    raise ValueError(
ValueError: Target scores need to be probabilities for multiclass roc_auc, i.e. they should sum up to 1.0 over classes


2025-10-26 10:05:29,823:WARNING:C:\Users\dhadu\AppData\Roaming\Python\Python311\site-packages\pycaret\internal\metrics.py:204: FitFailedWarning: Metric 'make_scorer(roc_auc_score, response_method=('decision_function', 'predict_proba'), average=weighted, multi_class=ovr)' failed and error score 0.0 has been returned instead. If this is a custom metric, this usually means that the error is in the metric code. Full exception below:
Traceback (most recent call last):
  File "C:\Users\dhadu\AppData\Roaming\Python\Python311\site-packages\pycaret\internal\metrics.py", line 196, in _score
    return super()._score(
           ^^^^^^^^^^^^^^^
  File "C:\Users\dhadu\AppData\Roaming\Python\Python311\site-packages\sklearn\metrics\_scorer.py", line 350, in _score
    return self._sign * self._score_func(y_true, y_pred, **scoring_kwargs)
                        ^^^^^^^^^^^^^^^^^^^^^^^^^^^^^^^^^^^^^^^^^^^^^^^^^^
  File "C:\Users\dhadu\AppData\Roaming\Python\Python311\site-packages\pycaret\internal\metrics.py", line 144, in __call__
    return self.score_func(y_true, y_pred, **kwargs)
           ^^^^^^^^^^^^^^^^^^^^^^^^^^^^^^^^^^^^^^^^^
  File "C:\Users\dhadu\AppData\Roaming\Python\Python311\site-packages\sklearn\utils\_param_validation.py", line 213, in wrapper
    return func(*args, **kwargs)
           ^^^^^^^^^^^^^^^^^^^^^
  File "C:\Users\dhadu\AppData\Roaming\Python\Python311\site-packages\sklearn\metrics\_ranking.py", line 634, in roc_auc_score
    return _multiclass_roc_auc_score(
           ^^^^^^^^^^^^^^^^^^^^^^^^^^
  File "C:\Users\dhadu\AppData\Roaming\Python\Python311\site-packages\sklearn\metrics\_ranking.py", line 707, in _multiclass_roc_auc_score
    raise ValueError(
ValueError: Target scores need to be probabilities for multiclass roc_auc, i.e. they should sum up to 1.0 over classes


2025-10-26 10:05:29,831:INFO:Calculating mean and std
2025-10-26 10:05:29,832:INFO:Creating metrics dataframe
2025-10-26 10:05:29,835:INFO:Uploading results into container
2025-10-26 10:05:29,835:INFO:Uploading model into container now
2025-10-26 10:05:29,836:INFO:_master_model_container: 6
2025-10-26 10:05:29,836:INFO:_display_container: 2
2025-10-26 10:05:29,836:INFO:RidgeClassifier(alpha=1.0, class_weight=None, copy_X=True, fit_intercept=True,
                max_iter=None, positive=False, random_state=123, solver='auto',
                tol=0.0001)
2025-10-26 10:05:29,836:INFO:create_model() successfully completed......................................
2025-10-26 10:05:29,975:INFO:SubProcess create_model() end ==================================
2025-10-26 10:05:29,975:INFO:Creating metrics dataframe
2025-10-26 10:05:29,986:INFO:Initializing Random Forest Classifier
2025-10-26 10:05:29,986:INFO:Total runtime is 0.11744366486867269 minutes
2025-10-26 10:05:29,990:INFO:SubProcess create_model() called ==================================
2025-10-26 10:05:29,990:INFO:Initializing create_model()
2025-10-26 10:05:29,991:INFO:create_model(self=<pycaret.classification.oop.ClassificationExperiment object at 0x00000144F9BF1E90>, estimator=rf, fold=StratifiedKFold(n_splits=10, random_state=None, shuffle=False), round=4, cross_validation=True, predict=True, fit_kwargs={}, groups=None, refit=False, probability_threshold=None, experiment_custom_tags=None, verbose=False, system=False, add_to_model_list=True, metrics=None, display=<pycaret.internal.display.display.CommonDisplay object at 0x00000144EB695750>, model_only=True, return_train_score=False, error_score=0.0, kwargs={})
2025-10-26 10:05:29,991:INFO:Checking exceptions
2025-10-26 10:05:29,991:INFO:Importing libraries
2025-10-26 10:05:29,991:INFO:Copying training dataset
2025-10-26 10:05:29,998:INFO:Defining folds
2025-10-26 10:05:29,998:INFO:Declaring metric variables
2025-10-26 10:05:30,002:INFO:Importing untrained model
2025-10-26 10:05:30,008:INFO:Random Forest Classifier Imported successfully
2025-10-26 10:05:30,016:INFO:Starting cross validation
2025-10-26 10:05:30,018:INFO:Cross validating with StratifiedKFold(n_splits=10, random_state=None, shuffle=False), n_jobs=1
2025-10-26 10:05:33,070:INFO:Calculating mean and std
2025-10-26 10:05:33,071:INFO:Creating metrics dataframe
2025-10-26 10:05:33,073:INFO:Uploading results into container
2025-10-26 10:05:33,073:INFO:Uploading model into container now
2025-10-26 10:05:33,074:INFO:_master_model_container: 7
2025-10-26 10:05:33,074:INFO:_display_container: 2
2025-10-26 10:05:33,074:INFO:RandomForestClassifier(bootstrap=True, ccp_alpha=0.0, class_weight=None,
                       criterion='gini', max_depth=None, max_features='sqrt',
                       max_leaf_nodes=None, max_samples=None,
                       min_impurity_decrease=0.0, min_samples_leaf=1,
                       min_samples_split=2, min_weight_fraction_leaf=0.0,
                       monotonic_cst=None, n_estimators=100, n_jobs=-1,
                       oob_score=False, random_state=123, verbose=0,
                       warm_start=False)
2025-10-26 10:05:33,074:INFO:create_model() successfully completed......................................
2025-10-26 10:05:33,214:INFO:SubProcess create_model() end ==================================
2025-10-26 10:05:33,214:INFO:Creating metrics dataframe
2025-10-26 10:05:33,225:INFO:Initializing Quadratic Discriminant Analysis
2025-10-26 10:05:33,225:INFO:Total runtime is 0.1714216351509094 minutes
2025-10-26 10:05:33,230:INFO:SubProcess create_model() called ==================================
2025-10-26 10:05:33,231:INFO:Initializing create_model()
2025-10-26 10:05:33,231:INFO:create_model(self=<pycaret.classification.oop.ClassificationExperiment object at 0x00000144F9BF1E90>, estimator=qda, fold=StratifiedKFold(n_splits=10, random_state=None, shuffle=False), round=4, cross_validation=True, predict=True, fit_kwargs={}, groups=None, refit=False, probability_threshold=None, experiment_custom_tags=None, verbose=False, system=False, add_to_model_list=True, metrics=None, display=<pycaret.internal.display.display.CommonDisplay object at 0x00000144EB695750>, model_only=True, return_train_score=False, error_score=0.0, kwargs={})
2025-10-26 10:05:33,231:INFO:Checking exceptions
2025-10-26 10:05:33,231:INFO:Importing libraries
2025-10-26 10:05:33,231:INFO:Copying training dataset
2025-10-26 10:05:33,239:INFO:Defining folds
2025-10-26 10:05:33,239:INFO:Declaring metric variables
2025-10-26 10:05:33,243:INFO:Importing untrained model
2025-10-26 10:05:33,248:INFO:Quadratic Discriminant Analysis Imported successfully
2025-10-26 10:05:33,256:INFO:Starting cross validation
2025-10-26 10:05:33,258:INFO:Cross validating with StratifiedKFold(n_splits=10, random_state=None, shuffle=False), n_jobs=1
2025-10-26 10:05:33,349:WARNING:C:\Users\dhadu\AppData\Roaming\Python\Python311\site-packages\pycaret\internal\metrics.py:204: FitFailedWarning: Metric 'make_scorer(roc_auc_score, response_method=('decision_function', 'predict_proba'), average=weighted, multi_class=ovr)' failed and error score 0.0 has been returned instead. If this is a custom metric, this usually means that the error is in the metric code. Full exception below:
Traceback (most recent call last):
  File "C:\Users\dhadu\AppData\Roaming\Python\Python311\site-packages\pycaret\internal\metrics.py", line 196, in _score
    return super()._score(
           ^^^^^^^^^^^^^^^
  File "C:\Users\dhadu\AppData\Roaming\Python\Python311\site-packages\sklearn\metrics\_scorer.py", line 350, in _score
    return self._sign * self._score_func(y_true, y_pred, **scoring_kwargs)
                        ^^^^^^^^^^^^^^^^^^^^^^^^^^^^^^^^^^^^^^^^^^^^^^^^^^
  File "C:\Users\dhadu\AppData\Roaming\Python\Python311\site-packages\pycaret\internal\metrics.py", line 144, in __call__
    return self.score_func(y_true, y_pred, **kwargs)
           ^^^^^^^^^^^^^^^^^^^^^^^^^^^^^^^^^^^^^^^^^
  File "C:\Users\dhadu\AppData\Roaming\Python\Python311\site-packages\sklearn\utils\_param_validation.py", line 213, in wrapper
    return func(*args, **kwargs)
           ^^^^^^^^^^^^^^^^^^^^^
  File "C:\Users\dhadu\AppData\Roaming\Python\Python311\site-packages\sklearn\metrics\_ranking.py", line 634, in roc_auc_score
    return _multiclass_roc_auc_score(
           ^^^^^^^^^^^^^^^^^^^^^^^^^^
  File "C:\Users\dhadu\AppData\Roaming\Python\Python311\site-packages\sklearn\metrics\_ranking.py", line 707, in _multiclass_roc_auc_score
    raise ValueError(
ValueError: Target scores need to be probabilities for multiclass roc_auc, i.e. they should sum up to 1.0 over classes


2025-10-26 10:05:33,430:WARNING:C:\Users\dhadu\AppData\Roaming\Python\Python311\site-packages\pycaret\internal\metrics.py:204: FitFailedWarning: Metric 'make_scorer(roc_auc_score, response_method=('decision_function', 'predict_proba'), average=weighted, multi_class=ovr)' failed and error score 0.0 has been returned instead. If this is a custom metric, this usually means that the error is in the metric code. Full exception below:
Traceback (most recent call last):
  File "C:\Users\dhadu\AppData\Roaming\Python\Python311\site-packages\pycaret\internal\metrics.py", line 196, in _score
    return super()._score(
           ^^^^^^^^^^^^^^^
  File "C:\Users\dhadu\AppData\Roaming\Python\Python311\site-packages\sklearn\metrics\_scorer.py", line 350, in _score
    return self._sign * self._score_func(y_true, y_pred, **scoring_kwargs)
                        ^^^^^^^^^^^^^^^^^^^^^^^^^^^^^^^^^^^^^^^^^^^^^^^^^^
  File "C:\Users\dhadu\AppData\Roaming\Python\Python311\site-packages\pycaret\internal\metrics.py", line 144, in __call__
    return self.score_func(y_true, y_pred, **kwargs)
           ^^^^^^^^^^^^^^^^^^^^^^^^^^^^^^^^^^^^^^^^^
  File "C:\Users\dhadu\AppData\Roaming\Python\Python311\site-packages\sklearn\utils\_param_validation.py", line 213, in wrapper
    return func(*args, **kwargs)
           ^^^^^^^^^^^^^^^^^^^^^
  File "C:\Users\dhadu\AppData\Roaming\Python\Python311\site-packages\sklearn\metrics\_ranking.py", line 634, in roc_auc_score
    return _multiclass_roc_auc_score(
           ^^^^^^^^^^^^^^^^^^^^^^^^^^
  File "C:\Users\dhadu\AppData\Roaming\Python\Python311\site-packages\sklearn\metrics\_ranking.py", line 707, in _multiclass_roc_auc_score
    raise ValueError(
ValueError: Target scores need to be probabilities for multiclass roc_auc, i.e. they should sum up to 1.0 over classes


2025-10-26 10:05:33,507:WARNING:C:\Users\dhadu\AppData\Roaming\Python\Python311\site-packages\pycaret\internal\metrics.py:204: FitFailedWarning: Metric 'make_scorer(roc_auc_score, response_method=('decision_function', 'predict_proba'), average=weighted, multi_class=ovr)' failed and error score 0.0 has been returned instead. If this is a custom metric, this usually means that the error is in the metric code. Full exception below:
Traceback (most recent call last):
  File "C:\Users\dhadu\AppData\Roaming\Python\Python311\site-packages\pycaret\internal\metrics.py", line 196, in _score
    return super()._score(
           ^^^^^^^^^^^^^^^
  File "C:\Users\dhadu\AppData\Roaming\Python\Python311\site-packages\sklearn\metrics\_scorer.py", line 350, in _score
    return self._sign * self._score_func(y_true, y_pred, **scoring_kwargs)
                        ^^^^^^^^^^^^^^^^^^^^^^^^^^^^^^^^^^^^^^^^^^^^^^^^^^
  File "C:\Users\dhadu\AppData\Roaming\Python\Python311\site-packages\pycaret\internal\metrics.py", line 144, in __call__
    return self.score_func(y_true, y_pred, **kwargs)
           ^^^^^^^^^^^^^^^^^^^^^^^^^^^^^^^^^^^^^^^^^
  File "C:\Users\dhadu\AppData\Roaming\Python\Python311\site-packages\sklearn\utils\_param_validation.py", line 213, in wrapper
    return func(*args, **kwargs)
           ^^^^^^^^^^^^^^^^^^^^^
  File "C:\Users\dhadu\AppData\Roaming\Python\Python311\site-packages\sklearn\metrics\_ranking.py", line 634, in roc_auc_score
    return _multiclass_roc_auc_score(
           ^^^^^^^^^^^^^^^^^^^^^^^^^^
  File "C:\Users\dhadu\AppData\Roaming\Python\Python311\site-packages\sklearn\metrics\_ranking.py", line 707, in _multiclass_roc_auc_score
    raise ValueError(
ValueError: Target scores need to be probabilities for multiclass roc_auc, i.e. they should sum up to 1.0 over classes


2025-10-26 10:05:33,585:WARNING:C:\Users\dhadu\AppData\Roaming\Python\Python311\site-packages\pycaret\internal\metrics.py:204: FitFailedWarning: Metric 'make_scorer(roc_auc_score, response_method=('decision_function', 'predict_proba'), average=weighted, multi_class=ovr)' failed and error score 0.0 has been returned instead. If this is a custom metric, this usually means that the error is in the metric code. Full exception below:
Traceback (most recent call last):
  File "C:\Users\dhadu\AppData\Roaming\Python\Python311\site-packages\pycaret\internal\metrics.py", line 196, in _score
    return super()._score(
           ^^^^^^^^^^^^^^^
  File "C:\Users\dhadu\AppData\Roaming\Python\Python311\site-packages\sklearn\metrics\_scorer.py", line 350, in _score
    return self._sign * self._score_func(y_true, y_pred, **scoring_kwargs)
                        ^^^^^^^^^^^^^^^^^^^^^^^^^^^^^^^^^^^^^^^^^^^^^^^^^^
  File "C:\Users\dhadu\AppData\Roaming\Python\Python311\site-packages\pycaret\internal\metrics.py", line 144, in __call__
    return self.score_func(y_true, y_pred, **kwargs)
           ^^^^^^^^^^^^^^^^^^^^^^^^^^^^^^^^^^^^^^^^^
  File "C:\Users\dhadu\AppData\Roaming\Python\Python311\site-packages\sklearn\utils\_param_validation.py", line 213, in wrapper
    return func(*args, **kwargs)
           ^^^^^^^^^^^^^^^^^^^^^
  File "C:\Users\dhadu\AppData\Roaming\Python\Python311\site-packages\sklearn\metrics\_ranking.py", line 634, in roc_auc_score
    return _multiclass_roc_auc_score(
           ^^^^^^^^^^^^^^^^^^^^^^^^^^
  File "C:\Users\dhadu\AppData\Roaming\Python\Python311\site-packages\sklearn\metrics\_ranking.py", line 707, in _multiclass_roc_auc_score
    raise ValueError(
ValueError: Target scores need to be probabilities for multiclass roc_auc, i.e. they should sum up to 1.0 over classes


2025-10-26 10:05:33,664:WARNING:C:\Users\dhadu\AppData\Roaming\Python\Python311\site-packages\pycaret\internal\metrics.py:204: FitFailedWarning: Metric 'make_scorer(roc_auc_score, response_method=('decision_function', 'predict_proba'), average=weighted, multi_class=ovr)' failed and error score 0.0 has been returned instead. If this is a custom metric, this usually means that the error is in the metric code. Full exception below:
Traceback (most recent call last):
  File "C:\Users\dhadu\AppData\Roaming\Python\Python311\site-packages\pycaret\internal\metrics.py", line 196, in _score
    return super()._score(
           ^^^^^^^^^^^^^^^
  File "C:\Users\dhadu\AppData\Roaming\Python\Python311\site-packages\sklearn\metrics\_scorer.py", line 350, in _score
    return self._sign * self._score_func(y_true, y_pred, **scoring_kwargs)
                        ^^^^^^^^^^^^^^^^^^^^^^^^^^^^^^^^^^^^^^^^^^^^^^^^^^
  File "C:\Users\dhadu\AppData\Roaming\Python\Python311\site-packages\pycaret\internal\metrics.py", line 144, in __call__
    return self.score_func(y_true, y_pred, **kwargs)
           ^^^^^^^^^^^^^^^^^^^^^^^^^^^^^^^^^^^^^^^^^
  File "C:\Users\dhadu\AppData\Roaming\Python\Python311\site-packages\sklearn\utils\_param_validation.py", line 213, in wrapper
    return func(*args, **kwargs)
           ^^^^^^^^^^^^^^^^^^^^^
  File "C:\Users\dhadu\AppData\Roaming\Python\Python311\site-packages\sklearn\metrics\_ranking.py", line 634, in roc_auc_score
    return _multiclass_roc_auc_score(
           ^^^^^^^^^^^^^^^^^^^^^^^^^^
  File "C:\Users\dhadu\AppData\Roaming\Python\Python311\site-packages\sklearn\metrics\_ranking.py", line 707, in _multiclass_roc_auc_score
    raise ValueError(
ValueError: Target scores need to be probabilities for multiclass roc_auc, i.e. they should sum up to 1.0 over classes


2025-10-26 10:05:33,743:WARNING:C:\Users\dhadu\AppData\Roaming\Python\Python311\site-packages\pycaret\internal\metrics.py:204: FitFailedWarning: Metric 'make_scorer(roc_auc_score, response_method=('decision_function', 'predict_proba'), average=weighted, multi_class=ovr)' failed and error score 0.0 has been returned instead. If this is a custom metric, this usually means that the error is in the metric code. Full exception below:
Traceback (most recent call last):
  File "C:\Users\dhadu\AppData\Roaming\Python\Python311\site-packages\pycaret\internal\metrics.py", line 196, in _score
    return super()._score(
           ^^^^^^^^^^^^^^^
  File "C:\Users\dhadu\AppData\Roaming\Python\Python311\site-packages\sklearn\metrics\_scorer.py", line 350, in _score
    return self._sign * self._score_func(y_true, y_pred, **scoring_kwargs)
                        ^^^^^^^^^^^^^^^^^^^^^^^^^^^^^^^^^^^^^^^^^^^^^^^^^^
  File "C:\Users\dhadu\AppData\Roaming\Python\Python311\site-packages\pycaret\internal\metrics.py", line 144, in __call__
    return self.score_func(y_true, y_pred, **kwargs)
           ^^^^^^^^^^^^^^^^^^^^^^^^^^^^^^^^^^^^^^^^^
  File "C:\Users\dhadu\AppData\Roaming\Python\Python311\site-packages\sklearn\utils\_param_validation.py", line 213, in wrapper
    return func(*args, **kwargs)
           ^^^^^^^^^^^^^^^^^^^^^
  File "C:\Users\dhadu\AppData\Roaming\Python\Python311\site-packages\sklearn\metrics\_ranking.py", line 634, in roc_auc_score
    return _multiclass_roc_auc_score(
           ^^^^^^^^^^^^^^^^^^^^^^^^^^
  File "C:\Users\dhadu\AppData\Roaming\Python\Python311\site-packages\sklearn\metrics\_ranking.py", line 707, in _multiclass_roc_auc_score
    raise ValueError(
ValueError: Target scores need to be probabilities for multiclass roc_auc, i.e. they should sum up to 1.0 over classes


2025-10-26 10:05:33,819:WARNING:C:\Users\dhadu\AppData\Roaming\Python\Python311\site-packages\pycaret\internal\metrics.py:204: FitFailedWarning: Metric 'make_scorer(roc_auc_score, response_method=('decision_function', 'predict_proba'), average=weighted, multi_class=ovr)' failed and error score 0.0 has been returned instead. If this is a custom metric, this usually means that the error is in the metric code. Full exception below:
Traceback (most recent call last):
  File "C:\Users\dhadu\AppData\Roaming\Python\Python311\site-packages\pycaret\internal\metrics.py", line 196, in _score
    return super()._score(
           ^^^^^^^^^^^^^^^
  File "C:\Users\dhadu\AppData\Roaming\Python\Python311\site-packages\sklearn\metrics\_scorer.py", line 350, in _score
    return self._sign * self._score_func(y_true, y_pred, **scoring_kwargs)
                        ^^^^^^^^^^^^^^^^^^^^^^^^^^^^^^^^^^^^^^^^^^^^^^^^^^
  File "C:\Users\dhadu\AppData\Roaming\Python\Python311\site-packages\pycaret\internal\metrics.py", line 144, in __call__
    return self.score_func(y_true, y_pred, **kwargs)
           ^^^^^^^^^^^^^^^^^^^^^^^^^^^^^^^^^^^^^^^^^
  File "C:\Users\dhadu\AppData\Roaming\Python\Python311\site-packages\sklearn\utils\_param_validation.py", line 213, in wrapper
    return func(*args, **kwargs)
           ^^^^^^^^^^^^^^^^^^^^^
  File "C:\Users\dhadu\AppData\Roaming\Python\Python311\site-packages\sklearn\metrics\_ranking.py", line 634, in roc_auc_score
    return _multiclass_roc_auc_score(
           ^^^^^^^^^^^^^^^^^^^^^^^^^^
  File "C:\Users\dhadu\AppData\Roaming\Python\Python311\site-packages\sklearn\metrics\_ranking.py", line 707, in _multiclass_roc_auc_score
    raise ValueError(
ValueError: Target scores need to be probabilities for multiclass roc_auc, i.e. they should sum up to 1.0 over classes


2025-10-26 10:05:33,896:WARNING:C:\Users\dhadu\AppData\Roaming\Python\Python311\site-packages\pycaret\internal\metrics.py:204: FitFailedWarning: Metric 'make_scorer(roc_auc_score, response_method=('decision_function', 'predict_proba'), average=weighted, multi_class=ovr)' failed and error score 0.0 has been returned instead. If this is a custom metric, this usually means that the error is in the metric code. Full exception below:
Traceback (most recent call last):
  File "C:\Users\dhadu\AppData\Roaming\Python\Python311\site-packages\pycaret\internal\metrics.py", line 196, in _score
    return super()._score(
           ^^^^^^^^^^^^^^^
  File "C:\Users\dhadu\AppData\Roaming\Python\Python311\site-packages\sklearn\metrics\_scorer.py", line 350, in _score
    return self._sign * self._score_func(y_true, y_pred, **scoring_kwargs)
                        ^^^^^^^^^^^^^^^^^^^^^^^^^^^^^^^^^^^^^^^^^^^^^^^^^^
  File "C:\Users\dhadu\AppData\Roaming\Python\Python311\site-packages\pycaret\internal\metrics.py", line 144, in __call__
    return self.score_func(y_true, y_pred, **kwargs)
           ^^^^^^^^^^^^^^^^^^^^^^^^^^^^^^^^^^^^^^^^^
  File "C:\Users\dhadu\AppData\Roaming\Python\Python311\site-packages\sklearn\utils\_param_validation.py", line 213, in wrapper
    return func(*args, **kwargs)
           ^^^^^^^^^^^^^^^^^^^^^
  File "C:\Users\dhadu\AppData\Roaming\Python\Python311\site-packages\sklearn\metrics\_ranking.py", line 634, in roc_auc_score
    return _multiclass_roc_auc_score(
           ^^^^^^^^^^^^^^^^^^^^^^^^^^
  File "C:\Users\dhadu\AppData\Roaming\Python\Python311\site-packages\sklearn\metrics\_ranking.py", line 707, in _multiclass_roc_auc_score
    raise ValueError(
ValueError: Target scores need to be probabilities for multiclass roc_auc, i.e. they should sum up to 1.0 over classes


2025-10-26 10:05:33,970:WARNING:C:\Users\dhadu\AppData\Roaming\Python\Python311\site-packages\pycaret\internal\metrics.py:204: FitFailedWarning: Metric 'make_scorer(roc_auc_score, response_method=('decision_function', 'predict_proba'), average=weighted, multi_class=ovr)' failed and error score 0.0 has been returned instead. If this is a custom metric, this usually means that the error is in the metric code. Full exception below:
Traceback (most recent call last):
  File "C:\Users\dhadu\AppData\Roaming\Python\Python311\site-packages\pycaret\internal\metrics.py", line 196, in _score
    return super()._score(
           ^^^^^^^^^^^^^^^
  File "C:\Users\dhadu\AppData\Roaming\Python\Python311\site-packages\sklearn\metrics\_scorer.py", line 350, in _score
    return self._sign * self._score_func(y_true, y_pred, **scoring_kwargs)
                        ^^^^^^^^^^^^^^^^^^^^^^^^^^^^^^^^^^^^^^^^^^^^^^^^^^
  File "C:\Users\dhadu\AppData\Roaming\Python\Python311\site-packages\pycaret\internal\metrics.py", line 144, in __call__
    return self.score_func(y_true, y_pred, **kwargs)
           ^^^^^^^^^^^^^^^^^^^^^^^^^^^^^^^^^^^^^^^^^
  File "C:\Users\dhadu\AppData\Roaming\Python\Python311\site-packages\sklearn\utils\_param_validation.py", line 213, in wrapper
    return func(*args, **kwargs)
           ^^^^^^^^^^^^^^^^^^^^^
  File "C:\Users\dhadu\AppData\Roaming\Python\Python311\site-packages\sklearn\metrics\_ranking.py", line 634, in roc_auc_score
    return _multiclass_roc_auc_score(
           ^^^^^^^^^^^^^^^^^^^^^^^^^^
  File "C:\Users\dhadu\AppData\Roaming\Python\Python311\site-packages\sklearn\metrics\_ranking.py", line 707, in _multiclass_roc_auc_score
    raise ValueError(
ValueError: Target scores need to be probabilities for multiclass roc_auc, i.e. they should sum up to 1.0 over classes


2025-10-26 10:05:34,062:WARNING:C:\Users\dhadu\AppData\Roaming\Python\Python311\site-packages\pycaret\internal\metrics.py:204: FitFailedWarning: Metric 'make_scorer(roc_auc_score, response_method=('decision_function', 'predict_proba'), average=weighted, multi_class=ovr)' failed and error score 0.0 has been returned instead. If this is a custom metric, this usually means that the error is in the metric code. Full exception below:
Traceback (most recent call last):
  File "C:\Users\dhadu\AppData\Roaming\Python\Python311\site-packages\pycaret\internal\metrics.py", line 196, in _score
    return super()._score(
           ^^^^^^^^^^^^^^^
  File "C:\Users\dhadu\AppData\Roaming\Python\Python311\site-packages\sklearn\metrics\_scorer.py", line 350, in _score
    return self._sign * self._score_func(y_true, y_pred, **scoring_kwargs)
                        ^^^^^^^^^^^^^^^^^^^^^^^^^^^^^^^^^^^^^^^^^^^^^^^^^^
  File "C:\Users\dhadu\AppData\Roaming\Python\Python311\site-packages\pycaret\internal\metrics.py", line 144, in __call__
    return self.score_func(y_true, y_pred, **kwargs)
           ^^^^^^^^^^^^^^^^^^^^^^^^^^^^^^^^^^^^^^^^^
  File "C:\Users\dhadu\AppData\Roaming\Python\Python311\site-packages\sklearn\utils\_param_validation.py", line 213, in wrapper
    return func(*args, **kwargs)
           ^^^^^^^^^^^^^^^^^^^^^
  File "C:\Users\dhadu\AppData\Roaming\Python\Python311\site-packages\sklearn\metrics\_ranking.py", line 634, in roc_auc_score
    return _multiclass_roc_auc_score(
           ^^^^^^^^^^^^^^^^^^^^^^^^^^
  File "C:\Users\dhadu\AppData\Roaming\Python\Python311\site-packages\sklearn\metrics\_ranking.py", line 707, in _multiclass_roc_auc_score
    raise ValueError(
ValueError: Target scores need to be probabilities for multiclass roc_auc, i.e. they should sum up to 1.0 over classes


2025-10-26 10:05:34,068:INFO:Calculating mean and std
2025-10-26 10:05:34,069:INFO:Creating metrics dataframe
2025-10-26 10:05:34,071:INFO:Uploading results into container
2025-10-26 10:05:34,072:INFO:Uploading model into container now
2025-10-26 10:05:34,073:INFO:_master_model_container: 8
2025-10-26 10:05:34,073:INFO:_display_container: 2
2025-10-26 10:05:34,073:INFO:QuadraticDiscriminantAnalysis(priors=None, reg_param=0.0,
                              store_covariance=False, tol=0.0001)
2025-10-26 10:05:34,073:INFO:create_model() successfully completed......................................
2025-10-26 10:05:34,214:INFO:SubProcess create_model() end ==================================
2025-10-26 10:05:34,215:INFO:Creating metrics dataframe
2025-10-26 10:05:34,225:INFO:Initializing Ada Boost Classifier
2025-10-26 10:05:34,226:INFO:Total runtime is 0.1881030718485514 minutes
2025-10-26 10:05:34,230:INFO:SubProcess create_model() called ==================================
2025-10-26 10:05:34,230:INFO:Initializing create_model()
2025-10-26 10:05:34,230:INFO:create_model(self=<pycaret.classification.oop.ClassificationExperiment object at 0x00000144F9BF1E90>, estimator=ada, fold=StratifiedKFold(n_splits=10, random_state=None, shuffle=False), round=4, cross_validation=True, predict=True, fit_kwargs={}, groups=None, refit=False, probability_threshold=None, experiment_custom_tags=None, verbose=False, system=False, add_to_model_list=True, metrics=None, display=<pycaret.internal.display.display.CommonDisplay object at 0x00000144EB695750>, model_only=True, return_train_score=False, error_score=0.0, kwargs={})
2025-10-26 10:05:34,230:INFO:Checking exceptions
2025-10-26 10:05:34,230:INFO:Importing libraries
2025-10-26 10:05:34,231:INFO:Copying training dataset
2025-10-26 10:05:34,239:INFO:Defining folds
2025-10-26 10:05:34,240:INFO:Declaring metric variables
2025-10-26 10:05:34,243:INFO:Importing untrained model
2025-10-26 10:05:34,248:INFO:Ada Boost Classifier Imported successfully
2025-10-26 10:05:34,255:INFO:Starting cross validation
2025-10-26 10:05:34,256:INFO:Cross validating with StratifiedKFold(n_splits=10, random_state=None, shuffle=False), n_jobs=1
2025-10-26 10:05:34,331:WARNING:C:\Users\dhadu\AppData\Roaming\Python\Python311\site-packages\sklearn\ensemble\_weight_boosting.py:519: FutureWarning: The SAMME.R algorithm (the default) is deprecated and will be removed in 1.6. Use the SAMME algorithm to circumvent this warning.

2025-10-26 10:05:34,471:WARNING:C:\Users\dhadu\AppData\Roaming\Python\Python311\site-packages\pycaret\internal\metrics.py:204: FitFailedWarning: Metric 'make_scorer(roc_auc_score, response_method=('decision_function', 'predict_proba'), average=weighted, multi_class=ovr)' failed and error score 0.0 has been returned instead. If this is a custom metric, this usually means that the error is in the metric code. Full exception below:
Traceback (most recent call last):
  File "C:\Users\dhadu\AppData\Roaming\Python\Python311\site-packages\pycaret\internal\metrics.py", line 196, in _score
    return super()._score(
           ^^^^^^^^^^^^^^^
  File "C:\Users\dhadu\AppData\Roaming\Python\Python311\site-packages\sklearn\metrics\_scorer.py", line 350, in _score
    return self._sign * self._score_func(y_true, y_pred, **scoring_kwargs)
                        ^^^^^^^^^^^^^^^^^^^^^^^^^^^^^^^^^^^^^^^^^^^^^^^^^^
  File "C:\Users\dhadu\AppData\Roaming\Python\Python311\site-packages\pycaret\internal\metrics.py", line 144, in __call__
    return self.score_func(y_true, y_pred, **kwargs)
           ^^^^^^^^^^^^^^^^^^^^^^^^^^^^^^^^^^^^^^^^^
  File "C:\Users\dhadu\AppData\Roaming\Python\Python311\site-packages\sklearn\utils\_param_validation.py", line 213, in wrapper
    return func(*args, **kwargs)
           ^^^^^^^^^^^^^^^^^^^^^
  File "C:\Users\dhadu\AppData\Roaming\Python\Python311\site-packages\sklearn\metrics\_ranking.py", line 634, in roc_auc_score
    return _multiclass_roc_auc_score(
           ^^^^^^^^^^^^^^^^^^^^^^^^^^
  File "C:\Users\dhadu\AppData\Roaming\Python\Python311\site-packages\sklearn\metrics\_ranking.py", line 707, in _multiclass_roc_auc_score
    raise ValueError(
ValueError: Target scores need to be probabilities for multiclass roc_auc, i.e. they should sum up to 1.0 over classes


2025-10-26 10:05:34,539:WARNING:C:\Users\dhadu\AppData\Roaming\Python\Python311\site-packages\sklearn\ensemble\_weight_boosting.py:519: FutureWarning: The SAMME.R algorithm (the default) is deprecated and will be removed in 1.6. Use the SAMME algorithm to circumvent this warning.

2025-10-26 10:05:34,676:WARNING:C:\Users\dhadu\AppData\Roaming\Python\Python311\site-packages\pycaret\internal\metrics.py:204: FitFailedWarning: Metric 'make_scorer(roc_auc_score, response_method=('decision_function', 'predict_proba'), average=weighted, multi_class=ovr)' failed and error score 0.0 has been returned instead. If this is a custom metric, this usually means that the error is in the metric code. Full exception below:
Traceback (most recent call last):
  File "C:\Users\dhadu\AppData\Roaming\Python\Python311\site-packages\pycaret\internal\metrics.py", line 196, in _score
    return super()._score(
           ^^^^^^^^^^^^^^^
  File "C:\Users\dhadu\AppData\Roaming\Python\Python311\site-packages\sklearn\metrics\_scorer.py", line 350, in _score
    return self._sign * self._score_func(y_true, y_pred, **scoring_kwargs)
                        ^^^^^^^^^^^^^^^^^^^^^^^^^^^^^^^^^^^^^^^^^^^^^^^^^^
  File "C:\Users\dhadu\AppData\Roaming\Python\Python311\site-packages\pycaret\internal\metrics.py", line 144, in __call__
    return self.score_func(y_true, y_pred, **kwargs)
           ^^^^^^^^^^^^^^^^^^^^^^^^^^^^^^^^^^^^^^^^^
  File "C:\Users\dhadu\AppData\Roaming\Python\Python311\site-packages\sklearn\utils\_param_validation.py", line 213, in wrapper
    return func(*args, **kwargs)
           ^^^^^^^^^^^^^^^^^^^^^
  File "C:\Users\dhadu\AppData\Roaming\Python\Python311\site-packages\sklearn\metrics\_ranking.py", line 634, in roc_auc_score
    return _multiclass_roc_auc_score(
           ^^^^^^^^^^^^^^^^^^^^^^^^^^
  File "C:\Users\dhadu\AppData\Roaming\Python\Python311\site-packages\sklearn\metrics\_ranking.py", line 707, in _multiclass_roc_auc_score
    raise ValueError(
ValueError: Target scores need to be probabilities for multiclass roc_auc, i.e. they should sum up to 1.0 over classes


2025-10-26 10:05:34,741:WARNING:C:\Users\dhadu\AppData\Roaming\Python\Python311\site-packages\sklearn\ensemble\_weight_boosting.py:519: FutureWarning: The SAMME.R algorithm (the default) is deprecated and will be removed in 1.6. Use the SAMME algorithm to circumvent this warning.

2025-10-26 10:05:34,881:WARNING:C:\Users\dhadu\AppData\Roaming\Python\Python311\site-packages\pycaret\internal\metrics.py:204: FitFailedWarning: Metric 'make_scorer(roc_auc_score, response_method=('decision_function', 'predict_proba'), average=weighted, multi_class=ovr)' failed and error score 0.0 has been returned instead. If this is a custom metric, this usually means that the error is in the metric code. Full exception below:
Traceback (most recent call last):
  File "C:\Users\dhadu\AppData\Roaming\Python\Python311\site-packages\pycaret\internal\metrics.py", line 196, in _score
    return super()._score(
           ^^^^^^^^^^^^^^^
  File "C:\Users\dhadu\AppData\Roaming\Python\Python311\site-packages\sklearn\metrics\_scorer.py", line 350, in _score
    return self._sign * self._score_func(y_true, y_pred, **scoring_kwargs)
                        ^^^^^^^^^^^^^^^^^^^^^^^^^^^^^^^^^^^^^^^^^^^^^^^^^^
  File "C:\Users\dhadu\AppData\Roaming\Python\Python311\site-packages\pycaret\internal\metrics.py", line 144, in __call__
    return self.score_func(y_true, y_pred, **kwargs)
           ^^^^^^^^^^^^^^^^^^^^^^^^^^^^^^^^^^^^^^^^^
  File "C:\Users\dhadu\AppData\Roaming\Python\Python311\site-packages\sklearn\utils\_param_validation.py", line 213, in wrapper
    return func(*args, **kwargs)
           ^^^^^^^^^^^^^^^^^^^^^
  File "C:\Users\dhadu\AppData\Roaming\Python\Python311\site-packages\sklearn\metrics\_ranking.py", line 634, in roc_auc_score
    return _multiclass_roc_auc_score(
           ^^^^^^^^^^^^^^^^^^^^^^^^^^
  File "C:\Users\dhadu\AppData\Roaming\Python\Python311\site-packages\sklearn\metrics\_ranking.py", line 707, in _multiclass_roc_auc_score
    raise ValueError(
ValueError: Target scores need to be probabilities for multiclass roc_auc, i.e. they should sum up to 1.0 over classes


2025-10-26 10:05:34,947:WARNING:C:\Users\dhadu\AppData\Roaming\Python\Python311\site-packages\sklearn\ensemble\_weight_boosting.py:519: FutureWarning: The SAMME.R algorithm (the default) is deprecated and will be removed in 1.6. Use the SAMME algorithm to circumvent this warning.

2025-10-26 10:05:35,084:WARNING:C:\Users\dhadu\AppData\Roaming\Python\Python311\site-packages\pycaret\internal\metrics.py:204: FitFailedWarning: Metric 'make_scorer(roc_auc_score, response_method=('decision_function', 'predict_proba'), average=weighted, multi_class=ovr)' failed and error score 0.0 has been returned instead. If this is a custom metric, this usually means that the error is in the metric code. Full exception below:
Traceback (most recent call last):
  File "C:\Users\dhadu\AppData\Roaming\Python\Python311\site-packages\pycaret\internal\metrics.py", line 196, in _score
    return super()._score(
           ^^^^^^^^^^^^^^^
  File "C:\Users\dhadu\AppData\Roaming\Python\Python311\site-packages\sklearn\metrics\_scorer.py", line 350, in _score
    return self._sign * self._score_func(y_true, y_pred, **scoring_kwargs)
                        ^^^^^^^^^^^^^^^^^^^^^^^^^^^^^^^^^^^^^^^^^^^^^^^^^^
  File "C:\Users\dhadu\AppData\Roaming\Python\Python311\site-packages\pycaret\internal\metrics.py", line 144, in __call__
    return self.score_func(y_true, y_pred, **kwargs)
           ^^^^^^^^^^^^^^^^^^^^^^^^^^^^^^^^^^^^^^^^^
  File "C:\Users\dhadu\AppData\Roaming\Python\Python311\site-packages\sklearn\utils\_param_validation.py", line 213, in wrapper
    return func(*args, **kwargs)
           ^^^^^^^^^^^^^^^^^^^^^
  File "C:\Users\dhadu\AppData\Roaming\Python\Python311\site-packages\sklearn\metrics\_ranking.py", line 634, in roc_auc_score
    return _multiclass_roc_auc_score(
           ^^^^^^^^^^^^^^^^^^^^^^^^^^
  File "C:\Users\dhadu\AppData\Roaming\Python\Python311\site-packages\sklearn\metrics\_ranking.py", line 707, in _multiclass_roc_auc_score
    raise ValueError(
ValueError: Target scores need to be probabilities for multiclass roc_auc, i.e. they should sum up to 1.0 over classes


2025-10-26 10:05:35,151:WARNING:C:\Users\dhadu\AppData\Roaming\Python\Python311\site-packages\sklearn\ensemble\_weight_boosting.py:519: FutureWarning: The SAMME.R algorithm (the default) is deprecated and will be removed in 1.6. Use the SAMME algorithm to circumvent this warning.

2025-10-26 10:05:35,291:WARNING:C:\Users\dhadu\AppData\Roaming\Python\Python311\site-packages\pycaret\internal\metrics.py:204: FitFailedWarning: Metric 'make_scorer(roc_auc_score, response_method=('decision_function', 'predict_proba'), average=weighted, multi_class=ovr)' failed and error score 0.0 has been returned instead. If this is a custom metric, this usually means that the error is in the metric code. Full exception below:
Traceback (most recent call last):
  File "C:\Users\dhadu\AppData\Roaming\Python\Python311\site-packages\pycaret\internal\metrics.py", line 196, in _score
    return super()._score(
           ^^^^^^^^^^^^^^^
  File "C:\Users\dhadu\AppData\Roaming\Python\Python311\site-packages\sklearn\metrics\_scorer.py", line 350, in _score
    return self._sign * self._score_func(y_true, y_pred, **scoring_kwargs)
                        ^^^^^^^^^^^^^^^^^^^^^^^^^^^^^^^^^^^^^^^^^^^^^^^^^^
  File "C:\Users\dhadu\AppData\Roaming\Python\Python311\site-packages\pycaret\internal\metrics.py", line 144, in __call__
    return self.score_func(y_true, y_pred, **kwargs)
           ^^^^^^^^^^^^^^^^^^^^^^^^^^^^^^^^^^^^^^^^^
  File "C:\Users\dhadu\AppData\Roaming\Python\Python311\site-packages\sklearn\utils\_param_validation.py", line 213, in wrapper
    return func(*args, **kwargs)
           ^^^^^^^^^^^^^^^^^^^^^
  File "C:\Users\dhadu\AppData\Roaming\Python\Python311\site-packages\sklearn\metrics\_ranking.py", line 634, in roc_auc_score
    return _multiclass_roc_auc_score(
           ^^^^^^^^^^^^^^^^^^^^^^^^^^
  File "C:\Users\dhadu\AppData\Roaming\Python\Python311\site-packages\sklearn\metrics\_ranking.py", line 707, in _multiclass_roc_auc_score
    raise ValueError(
ValueError: Target scores need to be probabilities for multiclass roc_auc, i.e. they should sum up to 1.0 over classes


2025-10-26 10:05:35,362:WARNING:C:\Users\dhadu\AppData\Roaming\Python\Python311\site-packages\sklearn\ensemble\_weight_boosting.py:519: FutureWarning: The SAMME.R algorithm (the default) is deprecated and will be removed in 1.6. Use the SAMME algorithm to circumvent this warning.

2025-10-26 10:05:35,502:WARNING:C:\Users\dhadu\AppData\Roaming\Python\Python311\site-packages\pycaret\internal\metrics.py:204: FitFailedWarning: Metric 'make_scorer(roc_auc_score, response_method=('decision_function', 'predict_proba'), average=weighted, multi_class=ovr)' failed and error score 0.0 has been returned instead. If this is a custom metric, this usually means that the error is in the metric code. Full exception below:
Traceback (most recent call last):
  File "C:\Users\dhadu\AppData\Roaming\Python\Python311\site-packages\pycaret\internal\metrics.py", line 196, in _score
    return super()._score(
           ^^^^^^^^^^^^^^^
  File "C:\Users\dhadu\AppData\Roaming\Python\Python311\site-packages\sklearn\metrics\_scorer.py", line 350, in _score
    return self._sign * self._score_func(y_true, y_pred, **scoring_kwargs)
                        ^^^^^^^^^^^^^^^^^^^^^^^^^^^^^^^^^^^^^^^^^^^^^^^^^^
  File "C:\Users\dhadu\AppData\Roaming\Python\Python311\site-packages\pycaret\internal\metrics.py", line 144, in __call__
    return self.score_func(y_true, y_pred, **kwargs)
           ^^^^^^^^^^^^^^^^^^^^^^^^^^^^^^^^^^^^^^^^^
  File "C:\Users\dhadu\AppData\Roaming\Python\Python311\site-packages\sklearn\utils\_param_validation.py", line 213, in wrapper
    return func(*args, **kwargs)
           ^^^^^^^^^^^^^^^^^^^^^
  File "C:\Users\dhadu\AppData\Roaming\Python\Python311\site-packages\sklearn\metrics\_ranking.py", line 634, in roc_auc_score
    return _multiclass_roc_auc_score(
           ^^^^^^^^^^^^^^^^^^^^^^^^^^
  File "C:\Users\dhadu\AppData\Roaming\Python\Python311\site-packages\sklearn\metrics\_ranking.py", line 707, in _multiclass_roc_auc_score
    raise ValueError(
ValueError: Target scores need to be probabilities for multiclass roc_auc, i.e. they should sum up to 1.0 over classes


2025-10-26 10:05:35,567:WARNING:C:\Users\dhadu\AppData\Roaming\Python\Python311\site-packages\sklearn\ensemble\_weight_boosting.py:519: FutureWarning: The SAMME.R algorithm (the default) is deprecated and will be removed in 1.6. Use the SAMME algorithm to circumvent this warning.

2025-10-26 10:05:35,703:WARNING:C:\Users\dhadu\AppData\Roaming\Python\Python311\site-packages\pycaret\internal\metrics.py:204: FitFailedWarning: Metric 'make_scorer(roc_auc_score, response_method=('decision_function', 'predict_proba'), average=weighted, multi_class=ovr)' failed and error score 0.0 has been returned instead. If this is a custom metric, this usually means that the error is in the metric code. Full exception below:
Traceback (most recent call last):
  File "C:\Users\dhadu\AppData\Roaming\Python\Python311\site-packages\pycaret\internal\metrics.py", line 196, in _score
    return super()._score(
           ^^^^^^^^^^^^^^^
  File "C:\Users\dhadu\AppData\Roaming\Python\Python311\site-packages\sklearn\metrics\_scorer.py", line 350, in _score
    return self._sign * self._score_func(y_true, y_pred, **scoring_kwargs)
                        ^^^^^^^^^^^^^^^^^^^^^^^^^^^^^^^^^^^^^^^^^^^^^^^^^^
  File "C:\Users\dhadu\AppData\Roaming\Python\Python311\site-packages\pycaret\internal\metrics.py", line 144, in __call__
    return self.score_func(y_true, y_pred, **kwargs)
           ^^^^^^^^^^^^^^^^^^^^^^^^^^^^^^^^^^^^^^^^^
  File "C:\Users\dhadu\AppData\Roaming\Python\Python311\site-packages\sklearn\utils\_param_validation.py", line 213, in wrapper
    return func(*args, **kwargs)
           ^^^^^^^^^^^^^^^^^^^^^
  File "C:\Users\dhadu\AppData\Roaming\Python\Python311\site-packages\sklearn\metrics\_ranking.py", line 634, in roc_auc_score
    return _multiclass_roc_auc_score(
           ^^^^^^^^^^^^^^^^^^^^^^^^^^
  File "C:\Users\dhadu\AppData\Roaming\Python\Python311\site-packages\sklearn\metrics\_ranking.py", line 707, in _multiclass_roc_auc_score
    raise ValueError(
ValueError: Target scores need to be probabilities for multiclass roc_auc, i.e. they should sum up to 1.0 over classes


2025-10-26 10:05:35,774:WARNING:C:\Users\dhadu\AppData\Roaming\Python\Python311\site-packages\sklearn\ensemble\_weight_boosting.py:519: FutureWarning: The SAMME.R algorithm (the default) is deprecated and will be removed in 1.6. Use the SAMME algorithm to circumvent this warning.

2025-10-26 10:05:35,912:WARNING:C:\Users\dhadu\AppData\Roaming\Python\Python311\site-packages\pycaret\internal\metrics.py:204: FitFailedWarning: Metric 'make_scorer(roc_auc_score, response_method=('decision_function', 'predict_proba'), average=weighted, multi_class=ovr)' failed and error score 0.0 has been returned instead. If this is a custom metric, this usually means that the error is in the metric code. Full exception below:
Traceback (most recent call last):
  File "C:\Users\dhadu\AppData\Roaming\Python\Python311\site-packages\pycaret\internal\metrics.py", line 196, in _score
    return super()._score(
           ^^^^^^^^^^^^^^^
  File "C:\Users\dhadu\AppData\Roaming\Python\Python311\site-packages\sklearn\metrics\_scorer.py", line 350, in _score
    return self._sign * self._score_func(y_true, y_pred, **scoring_kwargs)
                        ^^^^^^^^^^^^^^^^^^^^^^^^^^^^^^^^^^^^^^^^^^^^^^^^^^
  File "C:\Users\dhadu\AppData\Roaming\Python\Python311\site-packages\pycaret\internal\metrics.py", line 144, in __call__
    return self.score_func(y_true, y_pred, **kwargs)
           ^^^^^^^^^^^^^^^^^^^^^^^^^^^^^^^^^^^^^^^^^
  File "C:\Users\dhadu\AppData\Roaming\Python\Python311\site-packages\sklearn\utils\_param_validation.py", line 213, in wrapper
    return func(*args, **kwargs)
           ^^^^^^^^^^^^^^^^^^^^^
  File "C:\Users\dhadu\AppData\Roaming\Python\Python311\site-packages\sklearn\metrics\_ranking.py", line 634, in roc_auc_score
    return _multiclass_roc_auc_score(
           ^^^^^^^^^^^^^^^^^^^^^^^^^^
  File "C:\Users\dhadu\AppData\Roaming\Python\Python311\site-packages\sklearn\metrics\_ranking.py", line 707, in _multiclass_roc_auc_score
    raise ValueError(
ValueError: Target scores need to be probabilities for multiclass roc_auc, i.e. they should sum up to 1.0 over classes


2025-10-26 10:05:35,977:WARNING:C:\Users\dhadu\AppData\Roaming\Python\Python311\site-packages\sklearn\ensemble\_weight_boosting.py:519: FutureWarning: The SAMME.R algorithm (the default) is deprecated and will be removed in 1.6. Use the SAMME algorithm to circumvent this warning.

2025-10-26 10:05:36,116:WARNING:C:\Users\dhadu\AppData\Roaming\Python\Python311\site-packages\pycaret\internal\metrics.py:204: FitFailedWarning: Metric 'make_scorer(roc_auc_score, response_method=('decision_function', 'predict_proba'), average=weighted, multi_class=ovr)' failed and error score 0.0 has been returned instead. If this is a custom metric, this usually means that the error is in the metric code. Full exception below:
Traceback (most recent call last):
  File "C:\Users\dhadu\AppData\Roaming\Python\Python311\site-packages\pycaret\internal\metrics.py", line 196, in _score
    return super()._score(
           ^^^^^^^^^^^^^^^
  File "C:\Users\dhadu\AppData\Roaming\Python\Python311\site-packages\sklearn\metrics\_scorer.py", line 350, in _score
    return self._sign * self._score_func(y_true, y_pred, **scoring_kwargs)
                        ^^^^^^^^^^^^^^^^^^^^^^^^^^^^^^^^^^^^^^^^^^^^^^^^^^
  File "C:\Users\dhadu\AppData\Roaming\Python\Python311\site-packages\pycaret\internal\metrics.py", line 144, in __call__
    return self.score_func(y_true, y_pred, **kwargs)
           ^^^^^^^^^^^^^^^^^^^^^^^^^^^^^^^^^^^^^^^^^
  File "C:\Users\dhadu\AppData\Roaming\Python\Python311\site-packages\sklearn\utils\_param_validation.py", line 213, in wrapper
    return func(*args, **kwargs)
           ^^^^^^^^^^^^^^^^^^^^^
  File "C:\Users\dhadu\AppData\Roaming\Python\Python311\site-packages\sklearn\metrics\_ranking.py", line 634, in roc_auc_score
    return _multiclass_roc_auc_score(
           ^^^^^^^^^^^^^^^^^^^^^^^^^^
  File "C:\Users\dhadu\AppData\Roaming\Python\Python311\site-packages\sklearn\metrics\_ranking.py", line 707, in _multiclass_roc_auc_score
    raise ValueError(
ValueError: Target scores need to be probabilities for multiclass roc_auc, i.e. they should sum up to 1.0 over classes


2025-10-26 10:05:36,246:WARNING:C:\Users\dhadu\AppData\Roaming\Python\Python311\site-packages\sklearn\ensemble\_weight_boosting.py:519: FutureWarning: The SAMME.R algorithm (the default) is deprecated and will be removed in 1.6. Use the SAMME algorithm to circumvent this warning.

2025-10-26 10:05:36,386:WARNING:C:\Users\dhadu\AppData\Roaming\Python\Python311\site-packages\pycaret\internal\metrics.py:204: FitFailedWarning: Metric 'make_scorer(roc_auc_score, response_method=('decision_function', 'predict_proba'), average=weighted, multi_class=ovr)' failed and error score 0.0 has been returned instead. If this is a custom metric, this usually means that the error is in the metric code. Full exception below:
Traceback (most recent call last):
  File "C:\Users\dhadu\AppData\Roaming\Python\Python311\site-packages\pycaret\internal\metrics.py", line 196, in _score
    return super()._score(
           ^^^^^^^^^^^^^^^
  File "C:\Users\dhadu\AppData\Roaming\Python\Python311\site-packages\sklearn\metrics\_scorer.py", line 350, in _score
    return self._sign * self._score_func(y_true, y_pred, **scoring_kwargs)
                        ^^^^^^^^^^^^^^^^^^^^^^^^^^^^^^^^^^^^^^^^^^^^^^^^^^
  File "C:\Users\dhadu\AppData\Roaming\Python\Python311\site-packages\pycaret\internal\metrics.py", line 144, in __call__
    return self.score_func(y_true, y_pred, **kwargs)
           ^^^^^^^^^^^^^^^^^^^^^^^^^^^^^^^^^^^^^^^^^
  File "C:\Users\dhadu\AppData\Roaming\Python\Python311\site-packages\sklearn\utils\_param_validation.py", line 213, in wrapper
    return func(*args, **kwargs)
           ^^^^^^^^^^^^^^^^^^^^^
  File "C:\Users\dhadu\AppData\Roaming\Python\Python311\site-packages\sklearn\metrics\_ranking.py", line 634, in roc_auc_score
    return _multiclass_roc_auc_score(
           ^^^^^^^^^^^^^^^^^^^^^^^^^^
  File "C:\Users\dhadu\AppData\Roaming\Python\Python311\site-packages\sklearn\metrics\_ranking.py", line 707, in _multiclass_roc_auc_score
    raise ValueError(
ValueError: Target scores need to be probabilities for multiclass roc_auc, i.e. they should sum up to 1.0 over classes


2025-10-26 10:05:36,393:INFO:Calculating mean and std
2025-10-26 10:05:36,394:INFO:Creating metrics dataframe
2025-10-26 10:05:36,395:INFO:Uploading results into container
2025-10-26 10:05:36,396:INFO:Uploading model into container now
2025-10-26 10:05:36,396:INFO:_master_model_container: 9
2025-10-26 10:05:36,396:INFO:_display_container: 2
2025-10-26 10:05:36,396:INFO:AdaBoostClassifier(algorithm='SAMME.R', estimator=None, learning_rate=1.0,
                   n_estimators=50, random_state=123)
2025-10-26 10:05:36,396:INFO:create_model() successfully completed......................................
2025-10-26 10:05:36,536:INFO:SubProcess create_model() end ==================================
2025-10-26 10:05:36,536:INFO:Creating metrics dataframe
2025-10-26 10:05:36,548:INFO:Initializing Gradient Boosting Classifier
2025-10-26 10:05:36,548:INFO:Total runtime is 0.22679714759190875 minutes
2025-10-26 10:05:36,554:INFO:SubProcess create_model() called ==================================
2025-10-26 10:05:36,554:INFO:Initializing create_model()
2025-10-26 10:05:36,555:INFO:create_model(self=<pycaret.classification.oop.ClassificationExperiment object at 0x00000144F9BF1E90>, estimator=gbc, fold=StratifiedKFold(n_splits=10, random_state=None, shuffle=False), round=4, cross_validation=True, predict=True, fit_kwargs={}, groups=None, refit=False, probability_threshold=None, experiment_custom_tags=None, verbose=False, system=False, add_to_model_list=True, metrics=None, display=<pycaret.internal.display.display.CommonDisplay object at 0x00000144EB695750>, model_only=True, return_train_score=False, error_score=0.0, kwargs={})
2025-10-26 10:05:36,555:INFO:Checking exceptions
2025-10-26 10:05:36,555:INFO:Importing libraries
2025-10-26 10:05:36,555:INFO:Copying training dataset
2025-10-26 10:05:36,563:INFO:Defining folds
2025-10-26 10:05:36,563:INFO:Declaring metric variables
2025-10-26 10:05:36,565:INFO:Importing untrained model
2025-10-26 10:05:36,572:INFO:Gradient Boosting Classifier Imported successfully
2025-10-26 10:05:36,588:INFO:Starting cross validation
2025-10-26 10:05:36,589:INFO:Cross validating with StratifiedKFold(n_splits=10, random_state=None, shuffle=False), n_jobs=1
2025-10-26 10:05:38,087:WARNING:C:\Users\dhadu\AppData\Roaming\Python\Python311\site-packages\pycaret\internal\metrics.py:204: FitFailedWarning: Metric 'make_scorer(roc_auc_score, response_method=('decision_function', 'predict_proba'), average=weighted, multi_class=ovr)' failed and error score 0.0 has been returned instead. If this is a custom metric, this usually means that the error is in the metric code. Full exception below:
Traceback (most recent call last):
  File "C:\Users\dhadu\AppData\Roaming\Python\Python311\site-packages\pycaret\internal\metrics.py", line 196, in _score
    return super()._score(
           ^^^^^^^^^^^^^^^
  File "C:\Users\dhadu\AppData\Roaming\Python\Python311\site-packages\sklearn\metrics\_scorer.py", line 350, in _score
    return self._sign * self._score_func(y_true, y_pred, **scoring_kwargs)
                        ^^^^^^^^^^^^^^^^^^^^^^^^^^^^^^^^^^^^^^^^^^^^^^^^^^
  File "C:\Users\dhadu\AppData\Roaming\Python\Python311\site-packages\pycaret\internal\metrics.py", line 144, in __call__
    return self.score_func(y_true, y_pred, **kwargs)
           ^^^^^^^^^^^^^^^^^^^^^^^^^^^^^^^^^^^^^^^^^
  File "C:\Users\dhadu\AppData\Roaming\Python\Python311\site-packages\sklearn\utils\_param_validation.py", line 213, in wrapper
    return func(*args, **kwargs)
           ^^^^^^^^^^^^^^^^^^^^^
  File "C:\Users\dhadu\AppData\Roaming\Python\Python311\site-packages\sklearn\metrics\_ranking.py", line 634, in roc_auc_score
    return _multiclass_roc_auc_score(
           ^^^^^^^^^^^^^^^^^^^^^^^^^^
  File "C:\Users\dhadu\AppData\Roaming\Python\Python311\site-packages\sklearn\metrics\_ranking.py", line 707, in _multiclass_roc_auc_score
    raise ValueError(
ValueError: Target scores need to be probabilities for multiclass roc_auc, i.e. they should sum up to 1.0 over classes


2025-10-26 10:05:39,555:WARNING:C:\Users\dhadu\AppData\Roaming\Python\Python311\site-packages\pycaret\internal\metrics.py:204: FitFailedWarning: Metric 'make_scorer(roc_auc_score, response_method=('decision_function', 'predict_proba'), average=weighted, multi_class=ovr)' failed and error score 0.0 has been returned instead. If this is a custom metric, this usually means that the error is in the metric code. Full exception below:
Traceback (most recent call last):
  File "C:\Users\dhadu\AppData\Roaming\Python\Python311\site-packages\pycaret\internal\metrics.py", line 196, in _score
    return super()._score(
           ^^^^^^^^^^^^^^^
  File "C:\Users\dhadu\AppData\Roaming\Python\Python311\site-packages\sklearn\metrics\_scorer.py", line 350, in _score
    return self._sign * self._score_func(y_true, y_pred, **scoring_kwargs)
                        ^^^^^^^^^^^^^^^^^^^^^^^^^^^^^^^^^^^^^^^^^^^^^^^^^^
  File "C:\Users\dhadu\AppData\Roaming\Python\Python311\site-packages\pycaret\internal\metrics.py", line 144, in __call__
    return self.score_func(y_true, y_pred, **kwargs)
           ^^^^^^^^^^^^^^^^^^^^^^^^^^^^^^^^^^^^^^^^^
  File "C:\Users\dhadu\AppData\Roaming\Python\Python311\site-packages\sklearn\utils\_param_validation.py", line 213, in wrapper
    return func(*args, **kwargs)
           ^^^^^^^^^^^^^^^^^^^^^
  File "C:\Users\dhadu\AppData\Roaming\Python\Python311\site-packages\sklearn\metrics\_ranking.py", line 634, in roc_auc_score
    return _multiclass_roc_auc_score(
           ^^^^^^^^^^^^^^^^^^^^^^^^^^
  File "C:\Users\dhadu\AppData\Roaming\Python\Python311\site-packages\sklearn\metrics\_ranking.py", line 707, in _multiclass_roc_auc_score
    raise ValueError(
ValueError: Target scores need to be probabilities for multiclass roc_auc, i.e. they should sum up to 1.0 over classes


2025-10-26 10:05:41,014:WARNING:C:\Users\dhadu\AppData\Roaming\Python\Python311\site-packages\pycaret\internal\metrics.py:204: FitFailedWarning: Metric 'make_scorer(roc_auc_score, response_method=('decision_function', 'predict_proba'), average=weighted, multi_class=ovr)' failed and error score 0.0 has been returned instead. If this is a custom metric, this usually means that the error is in the metric code. Full exception below:
Traceback (most recent call last):
  File "C:\Users\dhadu\AppData\Roaming\Python\Python311\site-packages\pycaret\internal\metrics.py", line 196, in _score
    return super()._score(
           ^^^^^^^^^^^^^^^
  File "C:\Users\dhadu\AppData\Roaming\Python\Python311\site-packages\sklearn\metrics\_scorer.py", line 350, in _score
    return self._sign * self._score_func(y_true, y_pred, **scoring_kwargs)
                        ^^^^^^^^^^^^^^^^^^^^^^^^^^^^^^^^^^^^^^^^^^^^^^^^^^
  File "C:\Users\dhadu\AppData\Roaming\Python\Python311\site-packages\pycaret\internal\metrics.py", line 144, in __call__
    return self.score_func(y_true, y_pred, **kwargs)
           ^^^^^^^^^^^^^^^^^^^^^^^^^^^^^^^^^^^^^^^^^
  File "C:\Users\dhadu\AppData\Roaming\Python\Python311\site-packages\sklearn\utils\_param_validation.py", line 213, in wrapper
    return func(*args, **kwargs)
           ^^^^^^^^^^^^^^^^^^^^^
  File "C:\Users\dhadu\AppData\Roaming\Python\Python311\site-packages\sklearn\metrics\_ranking.py", line 634, in roc_auc_score
    return _multiclass_roc_auc_score(
           ^^^^^^^^^^^^^^^^^^^^^^^^^^
  File "C:\Users\dhadu\AppData\Roaming\Python\Python311\site-packages\sklearn\metrics\_ranking.py", line 707, in _multiclass_roc_auc_score
    raise ValueError(
ValueError: Target scores need to be probabilities for multiclass roc_auc, i.e. they should sum up to 1.0 over classes


2025-10-26 10:05:42,478:WARNING:C:\Users\dhadu\AppData\Roaming\Python\Python311\site-packages\pycaret\internal\metrics.py:204: FitFailedWarning: Metric 'make_scorer(roc_auc_score, response_method=('decision_function', 'predict_proba'), average=weighted, multi_class=ovr)' failed and error score 0.0 has been returned instead. If this is a custom metric, this usually means that the error is in the metric code. Full exception below:
Traceback (most recent call last):
  File "C:\Users\dhadu\AppData\Roaming\Python\Python311\site-packages\pycaret\internal\metrics.py", line 196, in _score
    return super()._score(
           ^^^^^^^^^^^^^^^
  File "C:\Users\dhadu\AppData\Roaming\Python\Python311\site-packages\sklearn\metrics\_scorer.py", line 350, in _score
    return self._sign * self._score_func(y_true, y_pred, **scoring_kwargs)
                        ^^^^^^^^^^^^^^^^^^^^^^^^^^^^^^^^^^^^^^^^^^^^^^^^^^
  File "C:\Users\dhadu\AppData\Roaming\Python\Python311\site-packages\pycaret\internal\metrics.py", line 144, in __call__
    return self.score_func(y_true, y_pred, **kwargs)
           ^^^^^^^^^^^^^^^^^^^^^^^^^^^^^^^^^^^^^^^^^
  File "C:\Users\dhadu\AppData\Roaming\Python\Python311\site-packages\sklearn\utils\_param_validation.py", line 213, in wrapper
    return func(*args, **kwargs)
           ^^^^^^^^^^^^^^^^^^^^^
  File "C:\Users\dhadu\AppData\Roaming\Python\Python311\site-packages\sklearn\metrics\_ranking.py", line 634, in roc_auc_score
    return _multiclass_roc_auc_score(
           ^^^^^^^^^^^^^^^^^^^^^^^^^^
  File "C:\Users\dhadu\AppData\Roaming\Python\Python311\site-packages\sklearn\metrics\_ranking.py", line 707, in _multiclass_roc_auc_score
    raise ValueError(
ValueError: Target scores need to be probabilities for multiclass roc_auc, i.e. they should sum up to 1.0 over classes


2025-10-26 10:05:43,948:WARNING:C:\Users\dhadu\AppData\Roaming\Python\Python311\site-packages\pycaret\internal\metrics.py:204: FitFailedWarning: Metric 'make_scorer(roc_auc_score, response_method=('decision_function', 'predict_proba'), average=weighted, multi_class=ovr)' failed and error score 0.0 has been returned instead. If this is a custom metric, this usually means that the error is in the metric code. Full exception below:
Traceback (most recent call last):
  File "C:\Users\dhadu\AppData\Roaming\Python\Python311\site-packages\pycaret\internal\metrics.py", line 196, in _score
    return super()._score(
           ^^^^^^^^^^^^^^^
  File "C:\Users\dhadu\AppData\Roaming\Python\Python311\site-packages\sklearn\metrics\_scorer.py", line 350, in _score
    return self._sign * self._score_func(y_true, y_pred, **scoring_kwargs)
                        ^^^^^^^^^^^^^^^^^^^^^^^^^^^^^^^^^^^^^^^^^^^^^^^^^^
  File "C:\Users\dhadu\AppData\Roaming\Python\Python311\site-packages\pycaret\internal\metrics.py", line 144, in __call__
    return self.score_func(y_true, y_pred, **kwargs)
           ^^^^^^^^^^^^^^^^^^^^^^^^^^^^^^^^^^^^^^^^^
  File "C:\Users\dhadu\AppData\Roaming\Python\Python311\site-packages\sklearn\utils\_param_validation.py", line 213, in wrapper
    return func(*args, **kwargs)
           ^^^^^^^^^^^^^^^^^^^^^
  File "C:\Users\dhadu\AppData\Roaming\Python\Python311\site-packages\sklearn\metrics\_ranking.py", line 634, in roc_auc_score
    return _multiclass_roc_auc_score(
           ^^^^^^^^^^^^^^^^^^^^^^^^^^
  File "C:\Users\dhadu\AppData\Roaming\Python\Python311\site-packages\sklearn\metrics\_ranking.py", line 707, in _multiclass_roc_auc_score
    raise ValueError(
ValueError: Target scores need to be probabilities for multiclass roc_auc, i.e. they should sum up to 1.0 over classes


2025-10-26 10:05:45,419:WARNING:C:\Users\dhadu\AppData\Roaming\Python\Python311\site-packages\pycaret\internal\metrics.py:204: FitFailedWarning: Metric 'make_scorer(roc_auc_score, response_method=('decision_function', 'predict_proba'), average=weighted, multi_class=ovr)' failed and error score 0.0 has been returned instead. If this is a custom metric, this usually means that the error is in the metric code. Full exception below:
Traceback (most recent call last):
  File "C:\Users\dhadu\AppData\Roaming\Python\Python311\site-packages\pycaret\internal\metrics.py", line 196, in _score
    return super()._score(
           ^^^^^^^^^^^^^^^
  File "C:\Users\dhadu\AppData\Roaming\Python\Python311\site-packages\sklearn\metrics\_scorer.py", line 350, in _score
    return self._sign * self._score_func(y_true, y_pred, **scoring_kwargs)
                        ^^^^^^^^^^^^^^^^^^^^^^^^^^^^^^^^^^^^^^^^^^^^^^^^^^
  File "C:\Users\dhadu\AppData\Roaming\Python\Python311\site-packages\pycaret\internal\metrics.py", line 144, in __call__
    return self.score_func(y_true, y_pred, **kwargs)
           ^^^^^^^^^^^^^^^^^^^^^^^^^^^^^^^^^^^^^^^^^
  File "C:\Users\dhadu\AppData\Roaming\Python\Python311\site-packages\sklearn\utils\_param_validation.py", line 213, in wrapper
    return func(*args, **kwargs)
           ^^^^^^^^^^^^^^^^^^^^^
  File "C:\Users\dhadu\AppData\Roaming\Python\Python311\site-packages\sklearn\metrics\_ranking.py", line 634, in roc_auc_score
    return _multiclass_roc_auc_score(
           ^^^^^^^^^^^^^^^^^^^^^^^^^^
  File "C:\Users\dhadu\AppData\Roaming\Python\Python311\site-packages\sklearn\metrics\_ranking.py", line 707, in _multiclass_roc_auc_score
    raise ValueError(
ValueError: Target scores need to be probabilities for multiclass roc_auc, i.e. they should sum up to 1.0 over classes


2025-10-26 10:05:46,890:WARNING:C:\Users\dhadu\AppData\Roaming\Python\Python311\site-packages\pycaret\internal\metrics.py:204: FitFailedWarning: Metric 'make_scorer(roc_auc_score, response_method=('decision_function', 'predict_proba'), average=weighted, multi_class=ovr)' failed and error score 0.0 has been returned instead. If this is a custom metric, this usually means that the error is in the metric code. Full exception below:
Traceback (most recent call last):
  File "C:\Users\dhadu\AppData\Roaming\Python\Python311\site-packages\pycaret\internal\metrics.py", line 196, in _score
    return super()._score(
           ^^^^^^^^^^^^^^^
  File "C:\Users\dhadu\AppData\Roaming\Python\Python311\site-packages\sklearn\metrics\_scorer.py", line 350, in _score
    return self._sign * self._score_func(y_true, y_pred, **scoring_kwargs)
                        ^^^^^^^^^^^^^^^^^^^^^^^^^^^^^^^^^^^^^^^^^^^^^^^^^^
  File "C:\Users\dhadu\AppData\Roaming\Python\Python311\site-packages\pycaret\internal\metrics.py", line 144, in __call__
    return self.score_func(y_true, y_pred, **kwargs)
           ^^^^^^^^^^^^^^^^^^^^^^^^^^^^^^^^^^^^^^^^^
  File "C:\Users\dhadu\AppData\Roaming\Python\Python311\site-packages\sklearn\utils\_param_validation.py", line 213, in wrapper
    return func(*args, **kwargs)
           ^^^^^^^^^^^^^^^^^^^^^
  File "C:\Users\dhadu\AppData\Roaming\Python\Python311\site-packages\sklearn\metrics\_ranking.py", line 634, in roc_auc_score
    return _multiclass_roc_auc_score(
           ^^^^^^^^^^^^^^^^^^^^^^^^^^
  File "C:\Users\dhadu\AppData\Roaming\Python\Python311\site-packages\sklearn\metrics\_ranking.py", line 707, in _multiclass_roc_auc_score
    raise ValueError(
ValueError: Target scores need to be probabilities for multiclass roc_auc, i.e. they should sum up to 1.0 over classes


2025-10-26 10:05:48,341:WARNING:C:\Users\dhadu\AppData\Roaming\Python\Python311\site-packages\pycaret\internal\metrics.py:204: FitFailedWarning: Metric 'make_scorer(roc_auc_score, response_method=('decision_function', 'predict_proba'), average=weighted, multi_class=ovr)' failed and error score 0.0 has been returned instead. If this is a custom metric, this usually means that the error is in the metric code. Full exception below:
Traceback (most recent call last):
  File "C:\Users\dhadu\AppData\Roaming\Python\Python311\site-packages\pycaret\internal\metrics.py", line 196, in _score
    return super()._score(
           ^^^^^^^^^^^^^^^
  File "C:\Users\dhadu\AppData\Roaming\Python\Python311\site-packages\sklearn\metrics\_scorer.py", line 350, in _score
    return self._sign * self._score_func(y_true, y_pred, **scoring_kwargs)
                        ^^^^^^^^^^^^^^^^^^^^^^^^^^^^^^^^^^^^^^^^^^^^^^^^^^
  File "C:\Users\dhadu\AppData\Roaming\Python\Python311\site-packages\pycaret\internal\metrics.py", line 144, in __call__
    return self.score_func(y_true, y_pred, **kwargs)
           ^^^^^^^^^^^^^^^^^^^^^^^^^^^^^^^^^^^^^^^^^
  File "C:\Users\dhadu\AppData\Roaming\Python\Python311\site-packages\sklearn\utils\_param_validation.py", line 213, in wrapper
    return func(*args, **kwargs)
           ^^^^^^^^^^^^^^^^^^^^^
  File "C:\Users\dhadu\AppData\Roaming\Python\Python311\site-packages\sklearn\metrics\_ranking.py", line 634, in roc_auc_score
    return _multiclass_roc_auc_score(
           ^^^^^^^^^^^^^^^^^^^^^^^^^^
  File "C:\Users\dhadu\AppData\Roaming\Python\Python311\site-packages\sklearn\metrics\_ranking.py", line 707, in _multiclass_roc_auc_score
    raise ValueError(
ValueError: Target scores need to be probabilities for multiclass roc_auc, i.e. they should sum up to 1.0 over classes


2025-10-26 10:05:49,789:WARNING:C:\Users\dhadu\AppData\Roaming\Python\Python311\site-packages\pycaret\internal\metrics.py:204: FitFailedWarning: Metric 'make_scorer(roc_auc_score, response_method=('decision_function', 'predict_proba'), average=weighted, multi_class=ovr)' failed and error score 0.0 has been returned instead. If this is a custom metric, this usually means that the error is in the metric code. Full exception below:
Traceback (most recent call last):
  File "C:\Users\dhadu\AppData\Roaming\Python\Python311\site-packages\pycaret\internal\metrics.py", line 196, in _score
    return super()._score(
           ^^^^^^^^^^^^^^^
  File "C:\Users\dhadu\AppData\Roaming\Python\Python311\site-packages\sklearn\metrics\_scorer.py", line 350, in _score
    return self._sign * self._score_func(y_true, y_pred, **scoring_kwargs)
                        ^^^^^^^^^^^^^^^^^^^^^^^^^^^^^^^^^^^^^^^^^^^^^^^^^^
  File "C:\Users\dhadu\AppData\Roaming\Python\Python311\site-packages\pycaret\internal\metrics.py", line 144, in __call__
    return self.score_func(y_true, y_pred, **kwargs)
           ^^^^^^^^^^^^^^^^^^^^^^^^^^^^^^^^^^^^^^^^^
  File "C:\Users\dhadu\AppData\Roaming\Python\Python311\site-packages\sklearn\utils\_param_validation.py", line 213, in wrapper
    return func(*args, **kwargs)
           ^^^^^^^^^^^^^^^^^^^^^
  File "C:\Users\dhadu\AppData\Roaming\Python\Python311\site-packages\sklearn\metrics\_ranking.py", line 634, in roc_auc_score
    return _multiclass_roc_auc_score(
           ^^^^^^^^^^^^^^^^^^^^^^^^^^
  File "C:\Users\dhadu\AppData\Roaming\Python\Python311\site-packages\sklearn\metrics\_ranking.py", line 707, in _multiclass_roc_auc_score
    raise ValueError(
ValueError: Target scores need to be probabilities for multiclass roc_auc, i.e. they should sum up to 1.0 over classes


2025-10-26 10:05:51,247:WARNING:C:\Users\dhadu\AppData\Roaming\Python\Python311\site-packages\pycaret\internal\metrics.py:204: FitFailedWarning: Metric 'make_scorer(roc_auc_score, response_method=('decision_function', 'predict_proba'), average=weighted, multi_class=ovr)' failed and error score 0.0 has been returned instead. If this is a custom metric, this usually means that the error is in the metric code. Full exception below:
Traceback (most recent call last):
  File "C:\Users\dhadu\AppData\Roaming\Python\Python311\site-packages\pycaret\internal\metrics.py", line 196, in _score
    return super()._score(
           ^^^^^^^^^^^^^^^
  File "C:\Users\dhadu\AppData\Roaming\Python\Python311\site-packages\sklearn\metrics\_scorer.py", line 350, in _score
    return self._sign * self._score_func(y_true, y_pred, **scoring_kwargs)
                        ^^^^^^^^^^^^^^^^^^^^^^^^^^^^^^^^^^^^^^^^^^^^^^^^^^
  File "C:\Users\dhadu\AppData\Roaming\Python\Python311\site-packages\pycaret\internal\metrics.py", line 144, in __call__
    return self.score_func(y_true, y_pred, **kwargs)
           ^^^^^^^^^^^^^^^^^^^^^^^^^^^^^^^^^^^^^^^^^
  File "C:\Users\dhadu\AppData\Roaming\Python\Python311\site-packages\sklearn\utils\_param_validation.py", line 213, in wrapper
    return func(*args, **kwargs)
           ^^^^^^^^^^^^^^^^^^^^^
  File "C:\Users\dhadu\AppData\Roaming\Python\Python311\site-packages\sklearn\metrics\_ranking.py", line 634, in roc_auc_score
    return _multiclass_roc_auc_score(
           ^^^^^^^^^^^^^^^^^^^^^^^^^^
  File "C:\Users\dhadu\AppData\Roaming\Python\Python311\site-packages\sklearn\metrics\_ranking.py", line 707, in _multiclass_roc_auc_score
    raise ValueError(
ValueError: Target scores need to be probabilities for multiclass roc_auc, i.e. they should sum up to 1.0 over classes


2025-10-26 10:05:51,254:INFO:Calculating mean and std
2025-10-26 10:05:51,255:INFO:Creating metrics dataframe
2025-10-26 10:05:51,256:INFO:Uploading results into container
2025-10-26 10:05:51,257:INFO:Uploading model into container now
2025-10-26 10:05:51,257:INFO:_master_model_container: 10
2025-10-26 10:05:51,257:INFO:_display_container: 2
2025-10-26 10:05:51,258:INFO:GradientBoostingClassifier(ccp_alpha=0.0, criterion='friedman_mse', init=None,
                           learning_rate=0.1, loss='log_loss', max_depth=3,
                           max_features=None, max_leaf_nodes=None,
                           min_impurity_decrease=0.0, min_samples_leaf=1,
                           min_samples_split=2, min_weight_fraction_leaf=0.0,
                           n_estimators=100, n_iter_no_change=None,
                           random_state=123, subsample=1.0, tol=0.0001,
                           validation_fraction=0.1, verbose=0,
                           warm_start=False)
2025-10-26 10:05:51,258:INFO:create_model() successfully completed......................................
2025-10-26 10:05:51,394:INFO:SubProcess create_model() end ==================================
2025-10-26 10:05:51,394:INFO:Creating metrics dataframe
2025-10-26 10:05:51,408:INFO:Initializing Linear Discriminant Analysis
2025-10-26 10:05:51,408:INFO:Total runtime is 0.4744633078575134 minutes
2025-10-26 10:05:51,412:INFO:SubProcess create_model() called ==================================
2025-10-26 10:05:51,412:INFO:Initializing create_model()
2025-10-26 10:05:51,412:INFO:create_model(self=<pycaret.classification.oop.ClassificationExperiment object at 0x00000144F9BF1E90>, estimator=lda, fold=StratifiedKFold(n_splits=10, random_state=None, shuffle=False), round=4, cross_validation=True, predict=True, fit_kwargs={}, groups=None, refit=False, probability_threshold=None, experiment_custom_tags=None, verbose=False, system=False, add_to_model_list=True, metrics=None, display=<pycaret.internal.display.display.CommonDisplay object at 0x00000144EB695750>, model_only=True, return_train_score=False, error_score=0.0, kwargs={})
2025-10-26 10:05:51,412:INFO:Checking exceptions
2025-10-26 10:05:51,412:INFO:Importing libraries
2025-10-26 10:05:51,412:INFO:Copying training dataset
2025-10-26 10:05:51,421:INFO:Defining folds
2025-10-26 10:05:51,421:INFO:Declaring metric variables
2025-10-26 10:05:51,425:INFO:Importing untrained model
2025-10-26 10:05:51,429:INFO:Linear Discriminant Analysis Imported successfully
2025-10-26 10:05:51,438:INFO:Starting cross validation
2025-10-26 10:05:51,439:INFO:Cross validating with StratifiedKFold(n_splits=10, random_state=None, shuffle=False), n_jobs=1
2025-10-26 10:05:51,538:WARNING:C:\Users\dhadu\AppData\Roaming\Python\Python311\site-packages\pycaret\internal\metrics.py:204: FitFailedWarning: Metric 'make_scorer(roc_auc_score, response_method=('decision_function', 'predict_proba'), average=weighted, multi_class=ovr)' failed and error score 0.0 has been returned instead. If this is a custom metric, this usually means that the error is in the metric code. Full exception below:
Traceback (most recent call last):
  File "C:\Users\dhadu\AppData\Roaming\Python\Python311\site-packages\pycaret\internal\metrics.py", line 196, in _score
    return super()._score(
           ^^^^^^^^^^^^^^^
  File "C:\Users\dhadu\AppData\Roaming\Python\Python311\site-packages\sklearn\metrics\_scorer.py", line 350, in _score
    return self._sign * self._score_func(y_true, y_pred, **scoring_kwargs)
                        ^^^^^^^^^^^^^^^^^^^^^^^^^^^^^^^^^^^^^^^^^^^^^^^^^^
  File "C:\Users\dhadu\AppData\Roaming\Python\Python311\site-packages\pycaret\internal\metrics.py", line 144, in __call__
    return self.score_func(y_true, y_pred, **kwargs)
           ^^^^^^^^^^^^^^^^^^^^^^^^^^^^^^^^^^^^^^^^^
  File "C:\Users\dhadu\AppData\Roaming\Python\Python311\site-packages\sklearn\utils\_param_validation.py", line 213, in wrapper
    return func(*args, **kwargs)
           ^^^^^^^^^^^^^^^^^^^^^
  File "C:\Users\dhadu\AppData\Roaming\Python\Python311\site-packages\sklearn\metrics\_ranking.py", line 634, in roc_auc_score
    return _multiclass_roc_auc_score(
           ^^^^^^^^^^^^^^^^^^^^^^^^^^
  File "C:\Users\dhadu\AppData\Roaming\Python\Python311\site-packages\sklearn\metrics\_ranking.py", line 707, in _multiclass_roc_auc_score
    raise ValueError(
ValueError: Target scores need to be probabilities for multiclass roc_auc, i.e. they should sum up to 1.0 over classes


2025-10-26 10:05:51,622:WARNING:C:\Users\dhadu\AppData\Roaming\Python\Python311\site-packages\pycaret\internal\metrics.py:204: FitFailedWarning: Metric 'make_scorer(roc_auc_score, response_method=('decision_function', 'predict_proba'), average=weighted, multi_class=ovr)' failed and error score 0.0 has been returned instead. If this is a custom metric, this usually means that the error is in the metric code. Full exception below:
Traceback (most recent call last):
  File "C:\Users\dhadu\AppData\Roaming\Python\Python311\site-packages\pycaret\internal\metrics.py", line 196, in _score
    return super()._score(
           ^^^^^^^^^^^^^^^
  File "C:\Users\dhadu\AppData\Roaming\Python\Python311\site-packages\sklearn\metrics\_scorer.py", line 350, in _score
    return self._sign * self._score_func(y_true, y_pred, **scoring_kwargs)
                        ^^^^^^^^^^^^^^^^^^^^^^^^^^^^^^^^^^^^^^^^^^^^^^^^^^
  File "C:\Users\dhadu\AppData\Roaming\Python\Python311\site-packages\pycaret\internal\metrics.py", line 144, in __call__
    return self.score_func(y_true, y_pred, **kwargs)
           ^^^^^^^^^^^^^^^^^^^^^^^^^^^^^^^^^^^^^^^^^
  File "C:\Users\dhadu\AppData\Roaming\Python\Python311\site-packages\sklearn\utils\_param_validation.py", line 213, in wrapper
    return func(*args, **kwargs)
           ^^^^^^^^^^^^^^^^^^^^^
  File "C:\Users\dhadu\AppData\Roaming\Python\Python311\site-packages\sklearn\metrics\_ranking.py", line 634, in roc_auc_score
    return _multiclass_roc_auc_score(
           ^^^^^^^^^^^^^^^^^^^^^^^^^^
  File "C:\Users\dhadu\AppData\Roaming\Python\Python311\site-packages\sklearn\metrics\_ranking.py", line 707, in _multiclass_roc_auc_score
    raise ValueError(
ValueError: Target scores need to be probabilities for multiclass roc_auc, i.e. they should sum up to 1.0 over classes


2025-10-26 10:05:51,702:WARNING:C:\Users\dhadu\AppData\Roaming\Python\Python311\site-packages\pycaret\internal\metrics.py:204: FitFailedWarning: Metric 'make_scorer(roc_auc_score, response_method=('decision_function', 'predict_proba'), average=weighted, multi_class=ovr)' failed and error score 0.0 has been returned instead. If this is a custom metric, this usually means that the error is in the metric code. Full exception below:
Traceback (most recent call last):
  File "C:\Users\dhadu\AppData\Roaming\Python\Python311\site-packages\pycaret\internal\metrics.py", line 196, in _score
    return super()._score(
           ^^^^^^^^^^^^^^^
  File "C:\Users\dhadu\AppData\Roaming\Python\Python311\site-packages\sklearn\metrics\_scorer.py", line 350, in _score
    return self._sign * self._score_func(y_true, y_pred, **scoring_kwargs)
                        ^^^^^^^^^^^^^^^^^^^^^^^^^^^^^^^^^^^^^^^^^^^^^^^^^^
  File "C:\Users\dhadu\AppData\Roaming\Python\Python311\site-packages\pycaret\internal\metrics.py", line 144, in __call__
    return self.score_func(y_true, y_pred, **kwargs)
           ^^^^^^^^^^^^^^^^^^^^^^^^^^^^^^^^^^^^^^^^^
  File "C:\Users\dhadu\AppData\Roaming\Python\Python311\site-packages\sklearn\utils\_param_validation.py", line 213, in wrapper
    return func(*args, **kwargs)
           ^^^^^^^^^^^^^^^^^^^^^
  File "C:\Users\dhadu\AppData\Roaming\Python\Python311\site-packages\sklearn\metrics\_ranking.py", line 634, in roc_auc_score
    return _multiclass_roc_auc_score(
           ^^^^^^^^^^^^^^^^^^^^^^^^^^
  File "C:\Users\dhadu\AppData\Roaming\Python\Python311\site-packages\sklearn\metrics\_ranking.py", line 707, in _multiclass_roc_auc_score
    raise ValueError(
ValueError: Target scores need to be probabilities for multiclass roc_auc, i.e. they should sum up to 1.0 over classes


2025-10-26 10:05:51,787:WARNING:C:\Users\dhadu\AppData\Roaming\Python\Python311\site-packages\pycaret\internal\metrics.py:204: FitFailedWarning: Metric 'make_scorer(roc_auc_score, response_method=('decision_function', 'predict_proba'), average=weighted, multi_class=ovr)' failed and error score 0.0 has been returned instead. If this is a custom metric, this usually means that the error is in the metric code. Full exception below:
Traceback (most recent call last):
  File "C:\Users\dhadu\AppData\Roaming\Python\Python311\site-packages\pycaret\internal\metrics.py", line 196, in _score
    return super()._score(
           ^^^^^^^^^^^^^^^
  File "C:\Users\dhadu\AppData\Roaming\Python\Python311\site-packages\sklearn\metrics\_scorer.py", line 350, in _score
    return self._sign * self._score_func(y_true, y_pred, **scoring_kwargs)
                        ^^^^^^^^^^^^^^^^^^^^^^^^^^^^^^^^^^^^^^^^^^^^^^^^^^
  File "C:\Users\dhadu\AppData\Roaming\Python\Python311\site-packages\pycaret\internal\metrics.py", line 144, in __call__
    return self.score_func(y_true, y_pred, **kwargs)
           ^^^^^^^^^^^^^^^^^^^^^^^^^^^^^^^^^^^^^^^^^
  File "C:\Users\dhadu\AppData\Roaming\Python\Python311\site-packages\sklearn\utils\_param_validation.py", line 213, in wrapper
    return func(*args, **kwargs)
           ^^^^^^^^^^^^^^^^^^^^^
  File "C:\Users\dhadu\AppData\Roaming\Python\Python311\site-packages\sklearn\metrics\_ranking.py", line 634, in roc_auc_score
    return _multiclass_roc_auc_score(
           ^^^^^^^^^^^^^^^^^^^^^^^^^^
  File "C:\Users\dhadu\AppData\Roaming\Python\Python311\site-packages\sklearn\metrics\_ranking.py", line 707, in _multiclass_roc_auc_score
    raise ValueError(
ValueError: Target scores need to be probabilities for multiclass roc_auc, i.e. they should sum up to 1.0 over classes


2025-10-26 10:05:51,871:WARNING:C:\Users\dhadu\AppData\Roaming\Python\Python311\site-packages\pycaret\internal\metrics.py:204: FitFailedWarning: Metric 'make_scorer(roc_auc_score, response_method=('decision_function', 'predict_proba'), average=weighted, multi_class=ovr)' failed and error score 0.0 has been returned instead. If this is a custom metric, this usually means that the error is in the metric code. Full exception below:
Traceback (most recent call last):
  File "C:\Users\dhadu\AppData\Roaming\Python\Python311\site-packages\pycaret\internal\metrics.py", line 196, in _score
    return super()._score(
           ^^^^^^^^^^^^^^^
  File "C:\Users\dhadu\AppData\Roaming\Python\Python311\site-packages\sklearn\metrics\_scorer.py", line 350, in _score
    return self._sign * self._score_func(y_true, y_pred, **scoring_kwargs)
                        ^^^^^^^^^^^^^^^^^^^^^^^^^^^^^^^^^^^^^^^^^^^^^^^^^^
  File "C:\Users\dhadu\AppData\Roaming\Python\Python311\site-packages\pycaret\internal\metrics.py", line 144, in __call__
    return self.score_func(y_true, y_pred, **kwargs)
           ^^^^^^^^^^^^^^^^^^^^^^^^^^^^^^^^^^^^^^^^^
  File "C:\Users\dhadu\AppData\Roaming\Python\Python311\site-packages\sklearn\utils\_param_validation.py", line 213, in wrapper
    return func(*args, **kwargs)
           ^^^^^^^^^^^^^^^^^^^^^
  File "C:\Users\dhadu\AppData\Roaming\Python\Python311\site-packages\sklearn\metrics\_ranking.py", line 634, in roc_auc_score
    return _multiclass_roc_auc_score(
           ^^^^^^^^^^^^^^^^^^^^^^^^^^
  File "C:\Users\dhadu\AppData\Roaming\Python\Python311\site-packages\sklearn\metrics\_ranking.py", line 707, in _multiclass_roc_auc_score
    raise ValueError(
ValueError: Target scores need to be probabilities for multiclass roc_auc, i.e. they should sum up to 1.0 over classes


2025-10-26 10:05:51,955:WARNING:C:\Users\dhadu\AppData\Roaming\Python\Python311\site-packages\pycaret\internal\metrics.py:204: FitFailedWarning: Metric 'make_scorer(roc_auc_score, response_method=('decision_function', 'predict_proba'), average=weighted, multi_class=ovr)' failed and error score 0.0 has been returned instead. If this is a custom metric, this usually means that the error is in the metric code. Full exception below:
Traceback (most recent call last):
  File "C:\Users\dhadu\AppData\Roaming\Python\Python311\site-packages\pycaret\internal\metrics.py", line 196, in _score
    return super()._score(
           ^^^^^^^^^^^^^^^
  File "C:\Users\dhadu\AppData\Roaming\Python\Python311\site-packages\sklearn\metrics\_scorer.py", line 350, in _score
    return self._sign * self._score_func(y_true, y_pred, **scoring_kwargs)
                        ^^^^^^^^^^^^^^^^^^^^^^^^^^^^^^^^^^^^^^^^^^^^^^^^^^
  File "C:\Users\dhadu\AppData\Roaming\Python\Python311\site-packages\pycaret\internal\metrics.py", line 144, in __call__
    return self.score_func(y_true, y_pred, **kwargs)
           ^^^^^^^^^^^^^^^^^^^^^^^^^^^^^^^^^^^^^^^^^
  File "C:\Users\dhadu\AppData\Roaming\Python\Python311\site-packages\sklearn\utils\_param_validation.py", line 213, in wrapper
    return func(*args, **kwargs)
           ^^^^^^^^^^^^^^^^^^^^^
  File "C:\Users\dhadu\AppData\Roaming\Python\Python311\site-packages\sklearn\metrics\_ranking.py", line 634, in roc_auc_score
    return _multiclass_roc_auc_score(
           ^^^^^^^^^^^^^^^^^^^^^^^^^^
  File "C:\Users\dhadu\AppData\Roaming\Python\Python311\site-packages\sklearn\metrics\_ranking.py", line 707, in _multiclass_roc_auc_score
    raise ValueError(
ValueError: Target scores need to be probabilities for multiclass roc_auc, i.e. they should sum up to 1.0 over classes


2025-10-26 10:05:52,082:WARNING:C:\Users\dhadu\AppData\Roaming\Python\Python311\site-packages\pycaret\internal\metrics.py:204: FitFailedWarning: Metric 'make_scorer(roc_auc_score, response_method=('decision_function', 'predict_proba'), average=weighted, multi_class=ovr)' failed and error score 0.0 has been returned instead. If this is a custom metric, this usually means that the error is in the metric code. Full exception below:
Traceback (most recent call last):
  File "C:\Users\dhadu\AppData\Roaming\Python\Python311\site-packages\pycaret\internal\metrics.py", line 196, in _score
    return super()._score(
           ^^^^^^^^^^^^^^^
  File "C:\Users\dhadu\AppData\Roaming\Python\Python311\site-packages\sklearn\metrics\_scorer.py", line 350, in _score
    return self._sign * self._score_func(y_true, y_pred, **scoring_kwargs)
                        ^^^^^^^^^^^^^^^^^^^^^^^^^^^^^^^^^^^^^^^^^^^^^^^^^^
  File "C:\Users\dhadu\AppData\Roaming\Python\Python311\site-packages\pycaret\internal\metrics.py", line 144, in __call__
    return self.score_func(y_true, y_pred, **kwargs)
           ^^^^^^^^^^^^^^^^^^^^^^^^^^^^^^^^^^^^^^^^^
  File "C:\Users\dhadu\AppData\Roaming\Python\Python311\site-packages\sklearn\utils\_param_validation.py", line 213, in wrapper
    return func(*args, **kwargs)
           ^^^^^^^^^^^^^^^^^^^^^
  File "C:\Users\dhadu\AppData\Roaming\Python\Python311\site-packages\sklearn\metrics\_ranking.py", line 634, in roc_auc_score
    return _multiclass_roc_auc_score(
           ^^^^^^^^^^^^^^^^^^^^^^^^^^
  File "C:\Users\dhadu\AppData\Roaming\Python\Python311\site-packages\sklearn\metrics\_ranking.py", line 707, in _multiclass_roc_auc_score
    raise ValueError(
ValueError: Target scores need to be probabilities for multiclass roc_auc, i.e. they should sum up to 1.0 over classes


2025-10-26 10:05:52,163:WARNING:C:\Users\dhadu\AppData\Roaming\Python\Python311\site-packages\pycaret\internal\metrics.py:204: FitFailedWarning: Metric 'make_scorer(roc_auc_score, response_method=('decision_function', 'predict_proba'), average=weighted, multi_class=ovr)' failed and error score 0.0 has been returned instead. If this is a custom metric, this usually means that the error is in the metric code. Full exception below:
Traceback (most recent call last):
  File "C:\Users\dhadu\AppData\Roaming\Python\Python311\site-packages\pycaret\internal\metrics.py", line 196, in _score
    return super()._score(
           ^^^^^^^^^^^^^^^
  File "C:\Users\dhadu\AppData\Roaming\Python\Python311\site-packages\sklearn\metrics\_scorer.py", line 350, in _score
    return self._sign * self._score_func(y_true, y_pred, **scoring_kwargs)
                        ^^^^^^^^^^^^^^^^^^^^^^^^^^^^^^^^^^^^^^^^^^^^^^^^^^
  File "C:\Users\dhadu\AppData\Roaming\Python\Python311\site-packages\pycaret\internal\metrics.py", line 144, in __call__
    return self.score_func(y_true, y_pred, **kwargs)
           ^^^^^^^^^^^^^^^^^^^^^^^^^^^^^^^^^^^^^^^^^
  File "C:\Users\dhadu\AppData\Roaming\Python\Python311\site-packages\sklearn\utils\_param_validation.py", line 213, in wrapper
    return func(*args, **kwargs)
           ^^^^^^^^^^^^^^^^^^^^^
  File "C:\Users\dhadu\AppData\Roaming\Python\Python311\site-packages\sklearn\metrics\_ranking.py", line 634, in roc_auc_score
    return _multiclass_roc_auc_score(
           ^^^^^^^^^^^^^^^^^^^^^^^^^^
  File "C:\Users\dhadu\AppData\Roaming\Python\Python311\site-packages\sklearn\metrics\_ranking.py", line 707, in _multiclass_roc_auc_score
    raise ValueError(
ValueError: Target scores need to be probabilities for multiclass roc_auc, i.e. they should sum up to 1.0 over classes


2025-10-26 10:05:52,247:WARNING:C:\Users\dhadu\AppData\Roaming\Python\Python311\site-packages\pycaret\internal\metrics.py:204: FitFailedWarning: Metric 'make_scorer(roc_auc_score, response_method=('decision_function', 'predict_proba'), average=weighted, multi_class=ovr)' failed and error score 0.0 has been returned instead. If this is a custom metric, this usually means that the error is in the metric code. Full exception below:
Traceback (most recent call last):
  File "C:\Users\dhadu\AppData\Roaming\Python\Python311\site-packages\pycaret\internal\metrics.py", line 196, in _score
    return super()._score(
           ^^^^^^^^^^^^^^^
  File "C:\Users\dhadu\AppData\Roaming\Python\Python311\site-packages\sklearn\metrics\_scorer.py", line 350, in _score
    return self._sign * self._score_func(y_true, y_pred, **scoring_kwargs)
                        ^^^^^^^^^^^^^^^^^^^^^^^^^^^^^^^^^^^^^^^^^^^^^^^^^^
  File "C:\Users\dhadu\AppData\Roaming\Python\Python311\site-packages\pycaret\internal\metrics.py", line 144, in __call__
    return self.score_func(y_true, y_pred, **kwargs)
           ^^^^^^^^^^^^^^^^^^^^^^^^^^^^^^^^^^^^^^^^^
  File "C:\Users\dhadu\AppData\Roaming\Python\Python311\site-packages\sklearn\utils\_param_validation.py", line 213, in wrapper
    return func(*args, **kwargs)
           ^^^^^^^^^^^^^^^^^^^^^
  File "C:\Users\dhadu\AppData\Roaming\Python\Python311\site-packages\sklearn\metrics\_ranking.py", line 634, in roc_auc_score
    return _multiclass_roc_auc_score(
           ^^^^^^^^^^^^^^^^^^^^^^^^^^
  File "C:\Users\dhadu\AppData\Roaming\Python\Python311\site-packages\sklearn\metrics\_ranking.py", line 707, in _multiclass_roc_auc_score
    raise ValueError(
ValueError: Target scores need to be probabilities for multiclass roc_auc, i.e. they should sum up to 1.0 over classes


2025-10-26 10:05:52,333:WARNING:C:\Users\dhadu\AppData\Roaming\Python\Python311\site-packages\pycaret\internal\metrics.py:204: FitFailedWarning: Metric 'make_scorer(roc_auc_score, response_method=('decision_function', 'predict_proba'), average=weighted, multi_class=ovr)' failed and error score 0.0 has been returned instead. If this is a custom metric, this usually means that the error is in the metric code. Full exception below:
Traceback (most recent call last):
  File "C:\Users\dhadu\AppData\Roaming\Python\Python311\site-packages\pycaret\internal\metrics.py", line 196, in _score
    return super()._score(
           ^^^^^^^^^^^^^^^
  File "C:\Users\dhadu\AppData\Roaming\Python\Python311\site-packages\sklearn\metrics\_scorer.py", line 350, in _score
    return self._sign * self._score_func(y_true, y_pred, **scoring_kwargs)
                        ^^^^^^^^^^^^^^^^^^^^^^^^^^^^^^^^^^^^^^^^^^^^^^^^^^
  File "C:\Users\dhadu\AppData\Roaming\Python\Python311\site-packages\pycaret\internal\metrics.py", line 144, in __call__
    return self.score_func(y_true, y_pred, **kwargs)
           ^^^^^^^^^^^^^^^^^^^^^^^^^^^^^^^^^^^^^^^^^
  File "C:\Users\dhadu\AppData\Roaming\Python\Python311\site-packages\sklearn\utils\_param_validation.py", line 213, in wrapper
    return func(*args, **kwargs)
           ^^^^^^^^^^^^^^^^^^^^^
  File "C:\Users\dhadu\AppData\Roaming\Python\Python311\site-packages\sklearn\metrics\_ranking.py", line 634, in roc_auc_score
    return _multiclass_roc_auc_score(
           ^^^^^^^^^^^^^^^^^^^^^^^^^^
  File "C:\Users\dhadu\AppData\Roaming\Python\Python311\site-packages\sklearn\metrics\_ranking.py", line 707, in _multiclass_roc_auc_score
    raise ValueError(
ValueError: Target scores need to be probabilities for multiclass roc_auc, i.e. they should sum up to 1.0 over classes


2025-10-26 10:05:52,340:INFO:Calculating mean and std
2025-10-26 10:05:52,341:INFO:Creating metrics dataframe
2025-10-26 10:05:52,342:INFO:Uploading results into container
2025-10-26 10:05:52,342:INFO:Uploading model into container now
2025-10-26 10:05:52,343:INFO:_master_model_container: 11
2025-10-26 10:05:52,343:INFO:_display_container: 2
2025-10-26 10:05:52,343:INFO:LinearDiscriminantAnalysis(covariance_estimator=None, n_components=None,
                           priors=None, shrinkage=None, solver='svd',
                           store_covariance=False, tol=0.0001)
2025-10-26 10:05:52,343:INFO:create_model() successfully completed......................................
2025-10-26 10:05:52,478:INFO:SubProcess create_model() end ==================================
2025-10-26 10:05:52,478:INFO:Creating metrics dataframe
2025-10-26 10:05:52,490:INFO:Initializing Extra Trees Classifier
2025-10-26 10:05:52,490:INFO:Total runtime is 0.49250714381535843 minutes
2025-10-26 10:05:52,494:INFO:SubProcess create_model() called ==================================
2025-10-26 10:05:52,494:INFO:Initializing create_model()
2025-10-26 10:05:52,494:INFO:create_model(self=<pycaret.classification.oop.ClassificationExperiment object at 0x00000144F9BF1E90>, estimator=et, fold=StratifiedKFold(n_splits=10, random_state=None, shuffle=False), round=4, cross_validation=True, predict=True, fit_kwargs={}, groups=None, refit=False, probability_threshold=None, experiment_custom_tags=None, verbose=False, system=False, add_to_model_list=True, metrics=None, display=<pycaret.internal.display.display.CommonDisplay object at 0x00000144EB695750>, model_only=True, return_train_score=False, error_score=0.0, kwargs={})
2025-10-26 10:05:52,494:INFO:Checking exceptions
2025-10-26 10:05:52,494:INFO:Importing libraries
2025-10-26 10:05:52,494:INFO:Copying training dataset
2025-10-26 10:05:52,502:INFO:Defining folds
2025-10-26 10:05:52,502:INFO:Declaring metric variables
2025-10-26 10:05:52,505:INFO:Importing untrained model
2025-10-26 10:05:52,510:INFO:Extra Trees Classifier Imported successfully
2025-10-26 10:05:52,517:INFO:Starting cross validation
2025-10-26 10:05:52,518:INFO:Cross validating with StratifiedKFold(n_splits=10, random_state=None, shuffle=False), n_jobs=1
2025-10-26 10:05:55,009:INFO:Calculating mean and std
2025-10-26 10:05:55,010:INFO:Creating metrics dataframe
2025-10-26 10:05:55,011:INFO:Uploading results into container
2025-10-26 10:05:55,011:INFO:Uploading model into container now
2025-10-26 10:05:55,012:INFO:_master_model_container: 12
2025-10-26 10:05:55,012:INFO:_display_container: 2
2025-10-26 10:05:55,012:INFO:ExtraTreesClassifier(bootstrap=False, ccp_alpha=0.0, class_weight=None,
                     criterion='gini', max_depth=None, max_features='sqrt',
                     max_leaf_nodes=None, max_samples=None,
                     min_impurity_decrease=0.0, min_samples_leaf=1,
                     min_samples_split=2, min_weight_fraction_leaf=0.0,
                     monotonic_cst=None, n_estimators=100, n_jobs=-1,
                     oob_score=False, random_state=123, verbose=0,
                     warm_start=False)
2025-10-26 10:05:55,012:INFO:create_model() successfully completed......................................
2025-10-26 10:05:55,145:INFO:SubProcess create_model() end ==================================
2025-10-26 10:05:55,145:INFO:Creating metrics dataframe
2025-10-26 10:05:55,157:INFO:Initializing Light Gradient Boosting Machine
2025-10-26 10:05:55,158:INFO:Total runtime is 0.536969252427419 minutes
2025-10-26 10:05:55,163:INFO:SubProcess create_model() called ==================================
2025-10-26 10:05:55,164:INFO:Initializing create_model()
2025-10-26 10:05:55,164:INFO:create_model(self=<pycaret.classification.oop.ClassificationExperiment object at 0x00000144F9BF1E90>, estimator=lightgbm, fold=StratifiedKFold(n_splits=10, random_state=None, shuffle=False), round=4, cross_validation=True, predict=True, fit_kwargs={}, groups=None, refit=False, probability_threshold=None, experiment_custom_tags=None, verbose=False, system=False, add_to_model_list=True, metrics=None, display=<pycaret.internal.display.display.CommonDisplay object at 0x00000144EB695750>, model_only=True, return_train_score=False, error_score=0.0, kwargs={})
2025-10-26 10:05:55,164:INFO:Checking exceptions
2025-10-26 10:05:55,164:INFO:Importing libraries
2025-10-26 10:05:55,164:INFO:Copying training dataset
2025-10-26 10:05:55,172:INFO:Defining folds
2025-10-26 10:05:55,172:INFO:Declaring metric variables
2025-10-26 10:05:55,176:INFO:Importing untrained model
2025-10-26 10:05:55,180:INFO:Light Gradient Boosting Machine Imported successfully
2025-10-26 10:05:55,188:INFO:Starting cross validation
2025-10-26 10:05:55,190:INFO:Cross validating with StratifiedKFold(n_splits=10, random_state=None, shuffle=False), n_jobs=1
2025-10-26 10:05:55,270:INFO:[LightGBM] [Info] This is the GPU trainer!!
2025-10-26 10:05:55,271:INFO:[LightGBM] [Info] Total Bins 1368
2025-10-26 10:05:55,271:INFO:[LightGBM] [Info] Number of data points in the train set: 1260, number of used features: 20
2025-10-26 10:05:55,272:INFO:[LightGBM] [Info] Using GPU Device: Intel(R) UHD Graphics, Vendor: Intel(R) Corporation
2025-10-26 10:05:55,272:INFO:[LightGBM] [Info] Compiling OpenCL Kernel with 256 bins...
2025-10-26 10:06:01,840:INFO:[LightGBM] [Info] GPU programs have been built
2025-10-26 10:06:01,851:INFO:[LightGBM] [Info] Size of histogram bin entry: 8
2025-10-26 10:06:01,855:INFO:[LightGBM] [Info] 19 dense feature groups (0.02 MB) transferred to GPU in 0.003932 secs. 1 sparse feature groups
2025-10-26 10:06:01,856:INFO:[LightGBM] [Info] Start training from score -1.386294
2025-10-26 10:06:01,856:INFO:[LightGBM] [Info] Start training from score -1.386294
2025-10-26 10:06:01,857:INFO:[LightGBM] [Info] Start training from score -1.386294
2025-10-26 10:06:01,857:INFO:[LightGBM] [Info] Start training from score -1.386294
2025-10-26 10:06:01,867:INFO:[LightGBM] [Warning] No further splits with positive gain, best gain: -inf
2025-10-26 10:06:01,879:INFO:[LightGBM] [Warning] No further splits with positive gain, best gain: -inf
2025-10-26 10:06:01,890:INFO:[LightGBM] [Warning] No further splits with positive gain, best gain: -inf
2025-10-26 10:06:01,898:INFO:[LightGBM] [Warning] No further splits with positive gain, best gain: -inf
2025-10-26 10:06:06,852:INFO:[LightGBM] [Info] This is the GPU trainer!!
2025-10-26 10:06:06,852:INFO:[LightGBM] [Info] Total Bins 1369
2025-10-26 10:06:06,852:INFO:[LightGBM] [Info] Number of data points in the train set: 1260, number of used features: 20
2025-10-26 10:06:06,853:INFO:[LightGBM] [Info] Using GPU Device: Intel(R) UHD Graphics, Vendor: Intel(R) Corporation
2025-10-26 10:06:06,853:INFO:[LightGBM] [Info] Compiling OpenCL Kernel with 256 bins...
2025-10-26 10:06:06,927:INFO:[LightGBM] [Info] GPU programs have been built
2025-10-26 10:06:06,929:INFO:[LightGBM] [Info] Size of histogram bin entry: 8
2025-10-26 10:06:06,931:INFO:[LightGBM] [Info] 19 dense feature groups (0.02 MB) transferred to GPU in 0.001304 secs. 1 sparse feature groups
2025-10-26 10:06:06,932:INFO:[LightGBM] [Info] Start training from score -1.386294
2025-10-26 10:06:06,932:INFO:[LightGBM] [Info] Start training from score -1.386294
2025-10-26 10:06:06,932:INFO:[LightGBM] [Info] Start training from score -1.386294
2025-10-26 10:06:06,932:INFO:[LightGBM] [Info] Start training from score -1.386294
2025-10-26 10:06:06,941:INFO:[LightGBM] [Warning] No further splits with positive gain, best gain: -inf
2025-10-26 10:06:06,952:INFO:[LightGBM] [Warning] No further splits with positive gain, best gain: -inf
2025-10-26 10:06:06,964:INFO:[LightGBM] [Warning] No further splits with positive gain, best gain: -inf
2025-10-26 10:06:06,971:INFO:[LightGBM] [Warning] No further splits with positive gain, best gain: -inf
2025-10-26 10:06:11,912:INFO:[LightGBM] [Info] This is the GPU trainer!!
2025-10-26 10:06:11,912:INFO:[LightGBM] [Info] Total Bins 1369
2025-10-26 10:06:11,912:INFO:[LightGBM] [Info] Number of data points in the train set: 1260, number of used features: 20
2025-10-26 10:06:11,913:INFO:[LightGBM] [Info] Using GPU Device: Intel(R) UHD Graphics, Vendor: Intel(R) Corporation
2025-10-26 10:06:11,913:INFO:[LightGBM] [Info] Compiling OpenCL Kernel with 256 bins...
2025-10-26 10:06:11,921:INFO:[LightGBM] [Info] GPU programs have been built
2025-10-26 10:06:11,923:INFO:[LightGBM] [Info] Size of histogram bin entry: 8
2025-10-26 10:06:11,925:INFO:[LightGBM] [Info] 19 dense feature groups (0.02 MB) transferred to GPU in 0.001305 secs. 1 sparse feature groups
2025-10-26 10:06:11,925:INFO:[LightGBM] [Info] Start training from score -1.386294
2025-10-26 10:06:11,926:INFO:[LightGBM] [Info] Start training from score -1.386294
2025-10-26 10:06:11,926:INFO:[LightGBM] [Info] Start training from score -1.386294
2025-10-26 10:06:11,926:INFO:[LightGBM] [Info] Start training from score -1.386294
2025-10-26 10:06:11,933:INFO:[LightGBM] [Warning] No further splits with positive gain, best gain: -inf
2025-10-26 10:06:11,944:INFO:[LightGBM] [Warning] No further splits with positive gain, best gain: -inf
2025-10-26 10:06:11,955:INFO:[LightGBM] [Warning] No further splits with positive gain, best gain: -inf
2025-10-26 10:06:11,962:INFO:[LightGBM] [Warning] No further splits with positive gain, best gain: -inf
2025-10-26 10:06:17,013:INFO:[LightGBM] [Info] This is the GPU trainer!!
2025-10-26 10:06:17,014:INFO:[LightGBM] [Info] Total Bins 1368
2025-10-26 10:06:17,014:INFO:[LightGBM] [Info] Number of data points in the train set: 1260, number of used features: 20
2025-10-26 10:06:17,014:INFO:[LightGBM] [Info] Using GPU Device: Intel(R) UHD Graphics, Vendor: Intel(R) Corporation
2025-10-26 10:06:17,014:INFO:[LightGBM] [Info] Compiling OpenCL Kernel with 256 bins...
2025-10-26 10:06:17,019:INFO:[LightGBM] [Info] GPU programs have been built
2025-10-26 10:06:17,025:INFO:[LightGBM] [Info] Size of histogram bin entry: 8
2025-10-26 10:06:17,026:INFO:[LightGBM] [Info] 19 dense feature groups (0.02 MB) transferred to GPU in 0.000962 secs. 1 sparse feature groups
2025-10-26 10:06:17,027:INFO:[LightGBM] [Info] Start training from score -1.386294
2025-10-26 10:06:17,027:INFO:[LightGBM] [Info] Start training from score -1.386294
2025-10-26 10:06:17,027:INFO:[LightGBM] [Info] Start training from score -1.386294
2025-10-26 10:06:17,027:INFO:[LightGBM] [Info] Start training from score -1.386294
2025-10-26 10:06:17,034:INFO:[LightGBM] [Warning] No further splits with positive gain, best gain: -inf
2025-10-26 10:06:17,044:INFO:[LightGBM] [Warning] No further splits with positive gain, best gain: -inf
2025-10-26 10:06:17,055:INFO:[LightGBM] [Warning] No further splits with positive gain, best gain: -inf
2025-10-26 10:06:17,062:INFO:[LightGBM] [Warning] No further splits with positive gain, best gain: -inf
2025-10-26 10:06:22,170:INFO:[LightGBM] [Info] This is the GPU trainer!!
2025-10-26 10:06:22,170:INFO:[LightGBM] [Info] Total Bins 1369
2025-10-26 10:06:22,170:INFO:[LightGBM] [Info] Number of data points in the train set: 1260, number of used features: 20
2025-10-26 10:06:22,171:INFO:[LightGBM] [Info] Using GPU Device: Intel(R) UHD Graphics, Vendor: Intel(R) Corporation
2025-10-26 10:06:22,171:INFO:[LightGBM] [Info] Compiling OpenCL Kernel with 256 bins...
2025-10-26 10:06:22,176:INFO:[LightGBM] [Info] GPU programs have been built
2025-10-26 10:06:22,178:INFO:[LightGBM] [Info] Size of histogram bin entry: 8
2025-10-26 10:06:22,179:INFO:[LightGBM] [Info] 19 dense feature groups (0.02 MB) transferred to GPU in 0.001036 secs. 1 sparse feature groups
2025-10-26 10:06:22,180:INFO:[LightGBM] [Info] Start training from score -1.386294
2025-10-26 10:06:22,180:INFO:[LightGBM] [Info] Start training from score -1.386294
2025-10-26 10:06:22,180:INFO:[LightGBM] [Info] Start training from score -1.386294
2025-10-26 10:06:22,181:INFO:[LightGBM] [Info] Start training from score -1.386294
2025-10-26 10:06:22,187:INFO:[LightGBM] [Warning] No further splits with positive gain, best gain: -inf
2025-10-26 10:06:22,198:INFO:[LightGBM] [Warning] No further splits with positive gain, best gain: -inf
2025-10-26 10:06:22,209:INFO:[LightGBM] [Warning] No further splits with positive gain, best gain: -inf
2025-10-26 10:06:22,217:INFO:[LightGBM] [Warning] No further splits with positive gain, best gain: -inf
2025-10-26 10:06:27,171:INFO:[LightGBM] [Info] This is the GPU trainer!!
2025-10-26 10:06:27,172:INFO:[LightGBM] [Info] Total Bins 1369
2025-10-26 10:06:27,172:INFO:[LightGBM] [Info] Number of data points in the train set: 1260, number of used features: 20
2025-10-26 10:06:27,172:INFO:[LightGBM] [Info] Using GPU Device: Intel(R) UHD Graphics, Vendor: Intel(R) Corporation
2025-10-26 10:06:27,172:INFO:[LightGBM] [Info] Compiling OpenCL Kernel with 256 bins...
2025-10-26 10:06:27,177:INFO:[LightGBM] [Info] GPU programs have been built
2025-10-26 10:06:27,179:INFO:[LightGBM] [Info] Size of histogram bin entry: 8
2025-10-26 10:06:27,184:INFO:[LightGBM] [Info] 19 dense feature groups (0.02 MB) transferred to GPU in 0.004367 secs. 1 sparse feature groups
2025-10-26 10:06:27,185:INFO:[LightGBM] [Info] Start training from score -1.386294
2025-10-26 10:06:27,185:INFO:[LightGBM] [Info] Start training from score -1.386294
2025-10-26 10:06:27,185:INFO:[LightGBM] [Info] Start training from score -1.386294
2025-10-26 10:06:27,185:INFO:[LightGBM] [Info] Start training from score -1.386294
2025-10-26 10:06:27,191:INFO:[LightGBM] [Warning] No further splits with positive gain, best gain: -inf
2025-10-26 10:06:27,202:INFO:[LightGBM] [Warning] No further splits with positive gain, best gain: -inf
2025-10-26 10:06:27,214:INFO:[LightGBM] [Warning] No further splits with positive gain, best gain: -inf
2025-10-26 10:06:27,221:INFO:[LightGBM] [Warning] No further splits with positive gain, best gain: -inf
2025-10-26 10:06:32,178:INFO:[LightGBM] [Info] This is the GPU trainer!!
2025-10-26 10:06:32,179:INFO:[LightGBM] [Info] Total Bins 1369
2025-10-26 10:06:32,179:INFO:[LightGBM] [Info] Number of data points in the train set: 1260, number of used features: 20
2025-10-26 10:06:32,179:INFO:[LightGBM] [Info] Using GPU Device: Intel(R) UHD Graphics, Vendor: Intel(R) Corporation
2025-10-26 10:06:32,179:INFO:[LightGBM] [Info] Compiling OpenCL Kernel with 256 bins...
2025-10-26 10:06:32,184:INFO:[LightGBM] [Info] GPU programs have been built
2025-10-26 10:06:32,186:INFO:[LightGBM] [Info] Size of histogram bin entry: 8
2025-10-26 10:06:32,188:INFO:[LightGBM] [Info] 19 dense feature groups (0.02 MB) transferred to GPU in 0.000999 secs. 1 sparse feature groups
2025-10-26 10:06:32,189:INFO:[LightGBM] [Info] Start training from score -1.386294
2025-10-26 10:06:32,189:INFO:[LightGBM] [Info] Start training from score -1.386294
2025-10-26 10:06:32,189:INFO:[LightGBM] [Info] Start training from score -1.386294
2025-10-26 10:06:32,189:INFO:[LightGBM] [Info] Start training from score -1.386294
2025-10-26 10:06:32,196:INFO:[LightGBM] [Warning] No further splits with positive gain, best gain: -inf
2025-10-26 10:06:32,207:INFO:[LightGBM] [Warning] No further splits with positive gain, best gain: -inf
2025-10-26 10:06:32,216:INFO:[LightGBM] [Warning] No further splits with positive gain, best gain: -inf
2025-10-26 10:06:32,223:INFO:[LightGBM] [Warning] No further splits with positive gain, best gain: -inf
2025-10-26 10:06:37,132:INFO:[LightGBM] [Info] This is the GPU trainer!!
2025-10-26 10:06:37,132:INFO:[LightGBM] [Info] Total Bins 1369
2025-10-26 10:06:37,133:INFO:[LightGBM] [Info] Number of data points in the train set: 1260, number of used features: 20
2025-10-26 10:06:37,133:INFO:[LightGBM] [Info] Using GPU Device: Intel(R) UHD Graphics, Vendor: Intel(R) Corporation
2025-10-26 10:06:37,133:INFO:[LightGBM] [Info] Compiling OpenCL Kernel with 256 bins...
2025-10-26 10:06:37,138:INFO:[LightGBM] [Info] GPU programs have been built
2025-10-26 10:06:37,140:INFO:[LightGBM] [Info] Size of histogram bin entry: 8
2025-10-26 10:06:37,142:INFO:[LightGBM] [Info] 19 dense feature groups (0.02 MB) transferred to GPU in 0.001195 secs. 1 sparse feature groups
2025-10-26 10:06:37,142:INFO:[LightGBM] [Info] Start training from score -1.386294
2025-10-26 10:06:37,142:INFO:[LightGBM] [Info] Start training from score -1.386294
2025-10-26 10:06:37,143:INFO:[LightGBM] [Info] Start training from score -1.386294
2025-10-26 10:06:37,143:INFO:[LightGBM] [Info] Start training from score -1.386294
2025-10-26 10:06:37,150:INFO:[LightGBM] [Warning] No further splits with positive gain, best gain: -inf
2025-10-26 10:06:37,161:INFO:[LightGBM] [Warning] No further splits with positive gain, best gain: -inf
2025-10-26 10:06:37,171:INFO:[LightGBM] [Warning] No further splits with positive gain, best gain: -inf
2025-10-26 10:06:37,179:INFO:[LightGBM] [Warning] No further splits with positive gain, best gain: -inf
2025-10-26 10:06:42,071:INFO:[LightGBM] [Info] This is the GPU trainer!!
2025-10-26 10:06:42,071:INFO:[LightGBM] [Info] Total Bins 1368
2025-10-26 10:06:42,072:INFO:[LightGBM] [Info] Number of data points in the train set: 1260, number of used features: 20
2025-10-26 10:06:42,072:INFO:[LightGBM] [Info] Using GPU Device: Intel(R) UHD Graphics, Vendor: Intel(R) Corporation
2025-10-26 10:06:42,072:INFO:[LightGBM] [Info] Compiling OpenCL Kernel with 256 bins...
2025-10-26 10:06:42,078:INFO:[LightGBM] [Info] GPU programs have been built
2025-10-26 10:06:42,080:INFO:[LightGBM] [Info] Size of histogram bin entry: 8
2025-10-26 10:06:42,081:INFO:[LightGBM] [Info] 19 dense feature groups (0.02 MB) transferred to GPU in 0.000896 secs. 1 sparse feature groups
2025-10-26 10:06:42,082:INFO:[LightGBM] [Info] Start training from score -1.386294
2025-10-26 10:06:42,082:INFO:[LightGBM] [Info] Start training from score -1.386294
2025-10-26 10:06:42,082:INFO:[LightGBM] [Info] Start training from score -1.386294
2025-10-26 10:06:42,082:INFO:[LightGBM] [Info] Start training from score -1.386294
2025-10-26 10:06:42,089:INFO:[LightGBM] [Warning] No further splits with positive gain, best gain: -inf
2025-10-26 10:06:42,100:INFO:[LightGBM] [Warning] No further splits with positive gain, best gain: -inf
2025-10-26 10:06:42,112:INFO:[LightGBM] [Warning] No further splits with positive gain, best gain: -inf
2025-10-26 10:06:42,120:INFO:[LightGBM] [Warning] No further splits with positive gain, best gain: -inf
2025-10-26 10:06:47,064:INFO:[LightGBM] [Info] This is the GPU trainer!!
2025-10-26 10:06:47,064:INFO:[LightGBM] [Info] Total Bins 1368
2025-10-26 10:06:47,064:INFO:[LightGBM] [Info] Number of data points in the train set: 1260, number of used features: 20
2025-10-26 10:06:47,065:INFO:[LightGBM] [Info] Using GPU Device: Intel(R) UHD Graphics, Vendor: Intel(R) Corporation
2025-10-26 10:06:47,065:INFO:[LightGBM] [Info] Compiling OpenCL Kernel with 256 bins...
2025-10-26 10:06:47,070:INFO:[LightGBM] [Info] GPU programs have been built
2025-10-26 10:06:47,072:INFO:[LightGBM] [Info] Size of histogram bin entry: 8
2025-10-26 10:06:47,074:INFO:[LightGBM] [Info] 19 dense feature groups (0.02 MB) transferred to GPU in 0.001233 secs. 1 sparse feature groups
2025-10-26 10:06:47,075:INFO:[LightGBM] [Info] Start training from score -1.386294
2025-10-26 10:06:47,075:INFO:[LightGBM] [Info] Start training from score -1.386294
2025-10-26 10:06:47,075:INFO:[LightGBM] [Info] Start training from score -1.386294
2025-10-26 10:06:47,075:INFO:[LightGBM] [Info] Start training from score -1.386294
2025-10-26 10:06:47,083:INFO:[LightGBM] [Warning] No further splits with positive gain, best gain: -inf
2025-10-26 10:06:47,093:INFO:[LightGBM] [Warning] No further splits with positive gain, best gain: -inf
2025-10-26 10:06:47,105:INFO:[LightGBM] [Warning] No further splits with positive gain, best gain: -inf
2025-10-26 10:06:47,111:INFO:[LightGBM] [Warning] No further splits with positive gain, best gain: -inf
2025-10-26 10:06:51,900:INFO:Calculating mean and std
2025-10-26 10:06:51,901:INFO:Creating metrics dataframe
2025-10-26 10:06:51,905:INFO:Uploading results into container
2025-10-26 10:06:51,906:INFO:Uploading model into container now
2025-10-26 10:06:51,906:INFO:_master_model_container: 13
2025-10-26 10:06:51,906:INFO:_display_container: 2
2025-10-26 10:06:51,907:INFO:LGBMClassifier(boosting_type='gbdt', class_weight=None, colsample_bytree=1.0,
               device='gpu', importance_type='split', learning_rate=0.1,
               max_depth=-1, min_child_samples=20, min_child_weight=0.001,
               min_split_gain=0.0, n_estimators=100, n_jobs=-1, num_leaves=31,
               objective=None, random_state=123, reg_alpha=0.0, reg_lambda=0.0,
               subsample=1.0, subsample_for_bin=200000, subsample_freq=0)
2025-10-26 10:06:51,907:INFO:create_model() successfully completed......................................
2025-10-26 10:06:52,070:INFO:SubProcess create_model() end ==================================
2025-10-26 10:06:52,070:INFO:Creating metrics dataframe
2025-10-26 10:06:52,082:INFO:Initializing CatBoost Classifier
2025-10-26 10:06:52,082:INFO:Total runtime is 1.4857117851575214 minutes
2025-10-26 10:06:52,086:INFO:SubProcess create_model() called ==================================
2025-10-26 10:06:52,086:INFO:Initializing create_model()
2025-10-26 10:06:52,086:INFO:create_model(self=<pycaret.classification.oop.ClassificationExperiment object at 0x00000144F9BF1E90>, estimator=catboost, fold=StratifiedKFold(n_splits=10, random_state=None, shuffle=False), round=4, cross_validation=True, predict=True, fit_kwargs={}, groups=None, refit=False, probability_threshold=None, experiment_custom_tags=None, verbose=False, system=False, add_to_model_list=True, metrics=None, display=<pycaret.internal.display.display.CommonDisplay object at 0x00000144EB695750>, model_only=True, return_train_score=False, error_score=0.0, kwargs={})
2025-10-26 10:06:52,087:INFO:Checking exceptions
2025-10-26 10:06:52,087:INFO:Importing libraries
2025-10-26 10:06:52,087:INFO:Copying training dataset
2025-10-26 10:06:52,094:INFO:Defining folds
2025-10-26 10:06:52,094:INFO:Declaring metric variables
2025-10-26 10:06:52,098:INFO:Importing untrained model
2025-10-26 10:06:52,103:INFO:CatBoost Classifier Imported successfully
2025-10-26 10:06:52,110:INFO:Starting cross validation
2025-10-26 10:06:52,112:INFO:Cross validating with StratifiedKFold(n_splits=10, random_state=None, shuffle=False), n_jobs=1
2025-10-26 10:08:29,672:INFO:Calculating mean and std
2025-10-26 10:08:29,673:INFO:Creating metrics dataframe
2025-10-26 10:08:29,676:INFO:Uploading results into container
2025-10-26 10:08:29,676:INFO:Uploading model into container now
2025-10-26 10:08:29,677:INFO:_master_model_container: 14
2025-10-26 10:08:29,677:INFO:_display_container: 2
2025-10-26 10:08:29,677:INFO:<catboost.core.CatBoostClassifier object at 0x00000144FA559A10>
2025-10-26 10:08:29,677:INFO:create_model() successfully completed......................................
2025-10-26 10:08:29,858:INFO:SubProcess create_model() end ==================================
2025-10-26 10:08:29,858:INFO:Creating metrics dataframe
2025-10-26 10:08:29,869:INFO:Initializing Dummy Classifier
2025-10-26 10:08:29,869:INFO:Total runtime is 3.1154955546061194 minutes
2025-10-26 10:08:29,874:INFO:SubProcess create_model() called ==================================
2025-10-26 10:08:29,874:INFO:Initializing create_model()
2025-10-26 10:08:29,874:INFO:create_model(self=<pycaret.classification.oop.ClassificationExperiment object at 0x00000144F9BF1E90>, estimator=dummy, fold=StratifiedKFold(n_splits=10, random_state=None, shuffle=False), round=4, cross_validation=True, predict=True, fit_kwargs={}, groups=None, refit=False, probability_threshold=None, experiment_custom_tags=None, verbose=False, system=False, add_to_model_list=True, metrics=None, display=<pycaret.internal.display.display.CommonDisplay object at 0x00000144EB695750>, model_only=True, return_train_score=False, error_score=0.0, kwargs={})
2025-10-26 10:08:29,874:INFO:Checking exceptions
2025-10-26 10:08:29,874:INFO:Importing libraries
2025-10-26 10:08:29,874:INFO:Copying training dataset
2025-10-26 10:08:29,882:INFO:Defining folds
2025-10-26 10:08:29,882:INFO:Declaring metric variables
2025-10-26 10:08:29,885:INFO:Importing untrained model
2025-10-26 10:08:29,890:INFO:Dummy Classifier Imported successfully
2025-10-26 10:08:29,897:INFO:Starting cross validation
2025-10-26 10:08:29,898:INFO:Cross validating with StratifiedKFold(n_splits=10, random_state=None, shuffle=False), n_jobs=1
2025-10-26 10:08:29,981:WARNING:C:\Users\dhadu\AppData\Roaming\Python\Python311\site-packages\sklearn\metrics\_classification.py:1509: UndefinedMetricWarning: Precision is ill-defined and being set to 0.0 in labels with no predicted samples. Use `zero_division` parameter to control this behavior.

2025-10-26 10:08:30,085:WARNING:C:\Users\dhadu\AppData\Roaming\Python\Python311\site-packages\sklearn\metrics\_classification.py:1509: UndefinedMetricWarning: Precision is ill-defined and being set to 0.0 in labels with no predicted samples. Use `zero_division` parameter to control this behavior.

2025-10-26 10:08:30,169:WARNING:C:\Users\dhadu\AppData\Roaming\Python\Python311\site-packages\sklearn\metrics\_classification.py:1509: UndefinedMetricWarning: Precision is ill-defined and being set to 0.0 in labels with no predicted samples. Use `zero_division` parameter to control this behavior.

2025-10-26 10:08:30,254:WARNING:C:\Users\dhadu\AppData\Roaming\Python\Python311\site-packages\sklearn\metrics\_classification.py:1509: UndefinedMetricWarning: Precision is ill-defined and being set to 0.0 in labels with no predicted samples. Use `zero_division` parameter to control this behavior.

2025-10-26 10:08:30,360:WARNING:C:\Users\dhadu\AppData\Roaming\Python\Python311\site-packages\sklearn\metrics\_classification.py:1509: UndefinedMetricWarning: Precision is ill-defined and being set to 0.0 in labels with no predicted samples. Use `zero_division` parameter to control this behavior.

2025-10-26 10:08:30,447:WARNING:C:\Users\dhadu\AppData\Roaming\Python\Python311\site-packages\sklearn\metrics\_classification.py:1509: UndefinedMetricWarning: Precision is ill-defined and being set to 0.0 in labels with no predicted samples. Use `zero_division` parameter to control this behavior.

2025-10-26 10:08:30,526:WARNING:C:\Users\dhadu\AppData\Roaming\Python\Python311\site-packages\sklearn\metrics\_classification.py:1509: UndefinedMetricWarning: Precision is ill-defined and being set to 0.0 in labels with no predicted samples. Use `zero_division` parameter to control this behavior.

2025-10-26 10:08:30,617:WARNING:C:\Users\dhadu\AppData\Roaming\Python\Python311\site-packages\sklearn\metrics\_classification.py:1509: UndefinedMetricWarning: Precision is ill-defined and being set to 0.0 in labels with no predicted samples. Use `zero_division` parameter to control this behavior.

2025-10-26 10:08:30,693:WARNING:C:\Users\dhadu\AppData\Roaming\Python\Python311\site-packages\sklearn\metrics\_classification.py:1509: UndefinedMetricWarning: Precision is ill-defined and being set to 0.0 in labels with no predicted samples. Use `zero_division` parameter to control this behavior.

2025-10-26 10:08:30,787:WARNING:C:\Users\dhadu\AppData\Roaming\Python\Python311\site-packages\sklearn\metrics\_classification.py:1509: UndefinedMetricWarning: Precision is ill-defined and being set to 0.0 in labels with no predicted samples. Use `zero_division` parameter to control this behavior.

2025-10-26 10:08:30,793:INFO:Calculating mean and std
2025-10-26 10:08:30,796:INFO:Creating metrics dataframe
2025-10-26 10:08:30,799:INFO:Uploading results into container
2025-10-26 10:08:30,800:INFO:Uploading model into container now
2025-10-26 10:08:30,801:INFO:_master_model_container: 15
2025-10-26 10:08:30,801:INFO:_display_container: 2
2025-10-26 10:08:30,802:INFO:DummyClassifier(constant=None, random_state=123, strategy='prior')
2025-10-26 10:08:30,802:INFO:create_model() successfully completed......................................
2025-10-26 10:08:30,994:INFO:SubProcess create_model() end ==================================
2025-10-26 10:08:30,995:INFO:Creating metrics dataframe
2025-10-26 10:08:31,010:WARNING:C:\Users\dhadu\AppData\Roaming\Python\Python311\site-packages\pycaret\internal\pycaret_experiment\supervised_experiment.py:339: FutureWarning: Styler.applymap has been deprecated. Use Styler.map instead.

2025-10-26 10:08:31,024:INFO:Initializing create_model()
2025-10-26 10:08:31,025:INFO:create_model(self=<pycaret.classification.oop.ClassificationExperiment object at 0x00000144F9BF1E90>, estimator=LogisticRegression(C=1.0, class_weight=None, dual=False, fit_intercept=True,
                   intercept_scaling=1, l1_ratio=None, max_iter=1000,
                   multi_class='auto', n_jobs=None, penalty='l2',
                   random_state=123, solver='lbfgs', tol=0.0001, verbose=0,
                   warm_start=False), fold=StratifiedKFold(n_splits=10, random_state=None, shuffle=False), round=4, cross_validation=False, predict=False, fit_kwargs={}, groups=None, refit=True, probability_threshold=None, experiment_custom_tags=None, verbose=False, system=False, add_to_model_list=True, metrics=None, display=None, model_only=True, return_train_score=False, error_score=0.0, kwargs={})
2025-10-26 10:08:31,025:INFO:Checking exceptions
2025-10-26 10:08:31,028:INFO:Importing libraries
2025-10-26 10:08:31,029:INFO:Copying training dataset
2025-10-26 10:08:31,036:INFO:Defining folds
2025-10-26 10:08:31,036:INFO:Declaring metric variables
2025-10-26 10:08:31,036:INFO:Importing untrained model
2025-10-26 10:08:31,037:INFO:Declaring custom model
2025-10-26 10:08:31,037:INFO:Logistic Regression Imported successfully
2025-10-26 10:08:31,038:INFO:Cross validation set to False
2025-10-26 10:08:31,038:INFO:Fitting Model
2025-10-26 10:08:31,144:INFO:LogisticRegression(C=1.0, class_weight=None, dual=False, fit_intercept=True,
                   intercept_scaling=1, l1_ratio=None, max_iter=1000,
                   multi_class='auto', n_jobs=None, penalty='l2',
                   random_state=123, solver='lbfgs', tol=0.0001, verbose=0,
                   warm_start=False)
2025-10-26 10:08:31,144:INFO:create_model() successfully completed......................................
2025-10-26 10:08:31,322:INFO:_master_model_container: 15
2025-10-26 10:08:31,322:INFO:_display_container: 2
2025-10-26 10:08:31,322:INFO:LogisticRegression(C=1.0, class_weight=None, dual=False, fit_intercept=True,
                   intercept_scaling=1, l1_ratio=None, max_iter=1000,
                   multi_class='auto', n_jobs=None, penalty='l2',
                   random_state=123, solver='lbfgs', tol=0.0001, verbose=0,
                   warm_start=False)
2025-10-26 10:08:31,322:INFO:compare_models() successfully completed......................................
2025-10-26 10:08:31,338:INFO:Initializing evaluate_model()
2025-10-26 10:08:31,338:INFO:evaluate_model(self=<pycaret.classification.oop.ClassificationExperiment object at 0x00000144F9BF1E90>, estimator=LogisticRegression(C=1.0, class_weight=None, dual=False, fit_intercept=True,
                   intercept_scaling=1, l1_ratio=None, max_iter=1000,
                   multi_class='auto', n_jobs=None, penalty='l2',
                   random_state=123, solver='lbfgs', tol=0.0001, verbose=0,
                   warm_start=False), fold=None, fit_kwargs=None, plot_kwargs=None, feature_name=None, groups=None)
2025-10-26 10:08:31,352:INFO:Initializing plot_model()
2025-10-26 10:08:31,352:INFO:plot_model(self=<pycaret.classification.oop.ClassificationExperiment object at 0x00000144F9BF1E90>, estimator=LogisticRegression(C=1.0, class_weight=None, dual=False, fit_intercept=True,
                   intercept_scaling=1, l1_ratio=None, max_iter=1000,
                   multi_class='auto', n_jobs=None, penalty='l2',
                   random_state=123, solver='lbfgs', tol=0.0001, verbose=0,
                   warm_start=False), plot=pipeline, scale=1, save=False, fold=StratifiedKFold(n_splits=10, random_state=None, shuffle=False), fit_kwargs={}, plot_kwargs=None, groups=None, feature_name=None, label=False, verbose=False, system=True, display=None, display_format=None)
2025-10-26 10:08:31,353:INFO:Checking exceptions
2025-10-26 10:08:31,356:INFO:Preloading libraries
2025-10-26 10:08:31,356:INFO:Copying training dataset
2025-10-26 10:08:31,356:INFO:Plot type: pipeline
2025-10-26 10:08:31,489:INFO:Visual Rendered Successfully
2025-10-26 10:08:31,641:INFO:plot_model() successfully completed......................................
2025-10-26 10:08:31,686:INFO:Initializing save_model()
2025-10-26 10:08:31,686:INFO:save_model(model=LogisticRegression(C=1.0, class_weight=None, dual=False, fit_intercept=True,
                   intercept_scaling=1, l1_ratio=None, max_iter=1000,
                   multi_class='auto', n_jobs=None, penalty='l2',
                   random_state=123, solver='lbfgs', tol=0.0001, verbose=0,
                   warm_start=False), model_name=best_student_performance_model, prep_pipe_=Pipeline(memory=FastMemory(location=C:\Users\dhadu\AppData\Local\Temp\joblib),
         steps=[('numerical_imputer',
                 TransformerWrapper(exclude=None,
                                    include=['battery_power', 'bluetooth',
                                             'clock_speed', 'dual_sim',
                                             'fc_megapixel', 'four_g',
                                             'int_memory', 'm_depth',
                                             'mobile_wt', 'n_cores',
                                             'pc_megapixel', 'px_height',
                                             'px_width', 'ram', 'screen_height',
                                             'screen_width', 'talk_...
                                                              keep_empty_features=False,
                                                              missing_values=nan,
                                                              strategy='most_frequent'))),
                ('transformation',
                 TransformerWrapper(exclude=None, include=None,
                                    transformer=PowerTransformer(copy=True,
                                                                 method='yeo-johnson',
                                                                 standardize=False))),
                ('normalize',
                 TransformerWrapper(exclude=None, include=None,
                                    transformer=StandardScaler(copy=True,
                                                               with_mean=True,
                                                               with_std=True)))],
         verbose=False), verbose=True, use_case=MLUsecase.CLASSIFICATION, kwargs={})
2025-10-26 10:08:31,687:INFO:Adding model into prep_pipe
2025-10-26 10:08:31,693:INFO:best_student_performance_model.pkl saved in current working directory
2025-10-26 10:08:31,702:INFO:Pipeline(memory=Memory(location=None),
         steps=[('numerical_imputer',
                 TransformerWrapper(exclude=None,
                                    include=['battery_power', 'bluetooth',
                                             'clock_speed', 'dual_sim',
                                             'fc_megapixel', 'four_g',
                                             'int_memory', 'm_depth',
                                             'mobile_wt', 'n_cores',
                                             'pc_megapixel', 'px_height',
                                             'px_width', 'ram', 'screen_height',
                                             'screen_width', 'talk_time',
                                             'three_g', 'touch_screen',
                                             'wifi'],
                                    t...
                 TransformerWrapper(exclude=None, include=None,
                                    transformer=StandardScaler(copy=True,
                                                               with_mean=True,
                                                               with_std=True))),
                ('trained_model',
                 LogisticRegression(C=1.0, class_weight=None, dual=False,
                                    fit_intercept=True, intercept_scaling=1,
                                    l1_ratio=None, max_iter=1000,
                                    multi_class='auto', n_jobs=None,
                                    penalty='l2', random_state=123,
                                    solver='lbfgs', tol=0.0001, verbose=0,
                                    warm_start=False))],
         verbose=False)
2025-10-26 10:08:31,703:INFO:save_model() successfully completed......................................
2025-10-26 10:08:31,885:INFO:Initializing predict_model()
2025-10-26 10:08:31,885:INFO:predict_model(self=<pycaret.classification.oop.ClassificationExperiment object at 0x00000144F9BF1E90>, estimator=LogisticRegression(C=1.0, class_weight=None, dual=False, fit_intercept=True,
                   intercept_scaling=1, l1_ratio=None, max_iter=1000,
                   multi_class='auto', n_jobs=None, penalty='l2',
                   random_state=123, solver='lbfgs', tol=0.0001, verbose=0,
                   warm_start=False), probability_threshold=None, encoded_labels=False, raw_score=False, round=4, verbose=True, ml_usecase=None, preprocess=True, encode_labels=<function _SupervisedExperiment.predict_model.<locals>.encode_labels at 0x00000144FA640680>)
2025-10-26 10:08:31,885:INFO:Checking exceptions
2025-10-26 10:08:31,885:INFO:Preloading libraries
2025-10-27 15:10:31,709:WARNING:
'cuml' is a soft dependency and not included in the pycaret installation. Please run: `pip install cuml` to install.
2025-10-27 15:10:32,067:WARNING:
'cuml' is a soft dependency and not included in the pycaret installation. Please run: `pip install cuml` to install.
2025-10-27 15:10:32,068:WARNING:
'cuml' is a soft dependency and not included in the pycaret installation. Please run: `pip install cuml` to install.
2025-10-27 15:10:32,068:WARNING:
'cuml' is a soft dependency and not included in the pycaret installation. Please run: `pip install cuml` to install.
2025-10-27 15:10:47,380:INFO:PyCaret ClassificationExperiment
2025-10-27 15:10:47,380:INFO:Logging name: clf-default-name
2025-10-27 15:10:47,380:INFO:ML Usecase: MLUsecase.CLASSIFICATION
2025-10-27 15:10:47,381:INFO:version 3.3.2
2025-10-27 15:10:47,381:INFO:Initializing setup()
2025-10-27 15:10:47,381:INFO:self.USI: e208
2025-10-27 15:10:47,381:INFO:self._variable_keys: {'fold_shuffle_param', 'fold_groups_param', 'idx', 'fold_generator', 'gpu_param', 'gpu_n_jobs_param', 'y_train', 'X_train', 'fix_imbalance', 'target_param', 'exp_id', 'logging_param', '_available_plots', 'seed', '_ml_usecase', 'y_test', 'X_test', 'html_param', 'n_jobs_param', 'log_plots_param', 'pipeline', 'X', 'exp_name_log', 'USI', 'data', 'is_multiclass', 'memory', 'y'}
2025-10-27 15:10:47,381:INFO:Checking environment
2025-10-27 15:10:47,381:INFO:python_version: 3.11.6
2025-10-27 15:10:47,381:INFO:python_build: ('tags/v3.11.6:8b6ee5b', 'Oct  2 2023 14:57:12')
2025-10-27 15:10:47,382:INFO:machine: AMD64
2025-10-27 15:10:47,382:INFO:platform: Windows-10-10.0.22631-SP0
2025-10-27 15:10:47,390:INFO:Memory: svmem(total=8373600256, available=546926592, percent=93.5, used=7826673664, free=546926592)
2025-10-27 15:10:47,390:INFO:Physical Core: 4
2025-10-27 15:10:47,391:INFO:Logical Core: 8
2025-10-27 15:10:47,391:INFO:Checking libraries
2025-10-27 15:10:47,391:INFO:System:
2025-10-27 15:10:47,391:INFO:    python: 3.11.6 (tags/v3.11.6:8b6ee5b, Oct  2 2023, 14:57:12) [MSC v.1935 64 bit (AMD64)]
2025-10-27 15:10:47,392:INFO:executable: c:\Users\dhadu\AppData\Local\Programs\Python\Python311\python.exe
2025-10-27 15:10:47,481:INFO:   machine: Windows-10-10.0.22631-SP0
2025-10-27 15:10:47,482:INFO:PyCaret required dependencies:
2025-10-27 15:10:47,517:WARNING:C:\Users\dhadu\AppData\Roaming\Python\Python311\site-packages\_distutils_hack\__init__.py:30: UserWarning: Setuptools is replacing distutils. Support for replacing an already imported distutils is deprecated. In the future, this condition will fail. Register concerns at https://github.com/pypa/setuptools/issues/new?template=distutils-deprecation.yml
  warnings.warn(

2025-10-27 15:10:53,602:INFO:                 pip: 25.3
2025-10-27 15:10:53,602:INFO:          setuptools: 65.5.0
2025-10-27 15:10:53,603:INFO:             pycaret: 3.3.2
2025-10-27 15:10:53,603:INFO:             IPython: 9.6.0
2025-10-27 15:10:53,603:INFO:          ipywidgets: 8.1.7
2025-10-27 15:10:53,604:INFO:                tqdm: 4.67.1
2025-10-27 15:10:53,604:INFO:               numpy: 1.26.4
2025-10-27 15:10:53,605:INFO:              pandas: 2.1.4
2025-10-27 15:10:53,605:INFO:              jinja2: 3.1.6
2025-10-27 15:10:53,605:INFO:               scipy: 1.11.4
2025-10-27 15:10:53,605:INFO:              joblib: 1.3.2
2025-10-27 15:10:53,606:INFO:             sklearn: 1.4.2
2025-10-27 15:10:53,606:INFO:                pyod: 2.0.5
2025-10-27 15:10:53,606:INFO:            imblearn: 0.14.0
2025-10-27 15:10:53,607:INFO:   category_encoders: 2.7.0
2025-10-27 15:10:53,607:INFO:            lightgbm: 4.6.0
2025-10-27 15:10:53,607:INFO:               numba: 0.61.0
2025-10-27 15:10:53,607:INFO:            requests: 2.32.5
2025-10-27 15:10:53,608:INFO:          matplotlib: 3.7.5
2025-10-27 15:10:53,608:INFO:          scikitplot: 0.3.7
2025-10-27 15:10:53,608:INFO:         yellowbrick: 1.5
2025-10-27 15:10:53,608:INFO:              plotly: 5.24.1
2025-10-27 15:10:53,608:INFO:    plotly-resampler: Not installed
2025-10-27 15:10:53,608:INFO:             kaleido: 1.1.0
2025-10-27 15:10:53,609:INFO:           schemdraw: 0.15
2025-10-27 15:10:53,609:INFO:         statsmodels: 0.14.5
2025-10-27 15:10:53,609:INFO:              sktime: 0.26.0
2025-10-27 15:10:53,609:INFO:               tbats: 1.1.3
2025-10-27 15:10:53,609:INFO:            pmdarima: 2.0.4
2025-10-27 15:10:53,609:INFO:              psutil: 7.1.2
2025-10-27 15:10:53,610:INFO:          markupsafe: 3.0.3
2025-10-27 15:10:53,610:INFO:             pickle5: Not installed
2025-10-27 15:10:53,610:INFO:         cloudpickle: 3.1.1
2025-10-27 15:10:53,610:INFO:         deprecation: 2.1.0
2025-10-27 15:10:53,611:INFO:              xxhash: 3.6.0
2025-10-27 15:10:53,611:INFO:           wurlitzer: Not installed
2025-10-27 15:10:53,611:INFO:PyCaret optional dependencies:
2025-10-27 15:11:14,477:INFO:                shap: 0.44.1
2025-10-27 15:11:14,477:INFO:           interpret: 0.7.3
2025-10-27 15:11:14,477:INFO:                umap: 0.5.7
2025-10-27 15:11:14,477:INFO:     ydata_profiling: 4.17.0
2025-10-27 15:11:14,478:INFO:  explainerdashboard: 0.5.1
2025-10-27 15:11:14,478:INFO:             autoviz: Not installed
2025-10-27 15:11:14,478:INFO:           fairlearn: 0.7.0
2025-10-27 15:11:14,478:INFO:          deepchecks: Not installed
2025-10-27 15:11:14,478:INFO:             xgboost: Not installed
2025-10-27 15:11:14,478:INFO:            catboost: 1.2.8
2025-10-27 15:11:14,479:INFO:              kmodes: 0.12.2
2025-10-27 15:11:14,479:INFO:             mlxtend: 0.23.4
2025-10-27 15:11:14,479:INFO:       statsforecast: 1.5.0
2025-10-27 15:11:14,479:INFO:        tune_sklearn: Not installed
2025-10-27 15:11:14,479:INFO:                 ray: Not installed
2025-10-27 15:11:14,479:INFO:            hyperopt: 0.2.7
2025-10-27 15:11:14,479:INFO:              optuna: 4.5.0
2025-10-27 15:11:14,480:INFO:               skopt: 0.10.2
2025-10-27 15:11:14,480:INFO:              mlflow: 3.5.1
2025-10-27 15:11:14,480:INFO:              gradio: 5.49.1
2025-10-27 15:11:14,480:INFO:             fastapi: 0.120.0
2025-10-27 15:11:14,480:INFO:             uvicorn: 0.38.0
2025-10-27 15:11:14,480:INFO:              m2cgen: 0.10.0
2025-10-27 15:11:14,481:INFO:           evidently: 0.4.40
2025-10-27 15:11:14,481:INFO:               fugue: 0.8.7
2025-10-27 15:11:14,481:INFO:           streamlit: Not installed
2025-10-27 15:11:14,481:INFO:             prophet: Not installed
2025-10-27 15:11:14,481:INFO:None
2025-10-27 15:11:14,481:INFO:Set up GPU usage.
2025-10-27 15:11:14,482:WARNING:
'cuml' is a soft dependency and not included in the pycaret installation. Please run: `pip install cuml` to install.
2025-10-27 15:11:14,482:WARNING:cuML is outdated or not found. Required version is >=23.08.
                Please visit https://rapids.ai/install for installation instructions.
2025-10-27 15:11:14,482:INFO:Set up data.
2025-10-27 15:11:14,518:INFO:Set up folding strategy.
2025-10-27 15:11:14,518:INFO:Set up train/test split.
2025-10-27 15:11:14,549:INFO:Set up index.
2025-10-27 15:11:14,553:INFO:Assigning column types.
2025-10-27 15:11:14,571:INFO:Engine successfully changes for model 'lr' to 'sklearn'.
2025-10-27 15:11:14,571:WARNING:
'cuml' is a soft dependency and not included in the pycaret installation. Please run: `pip install cuml` to install.
2025-10-27 15:11:14,724:INFO:Engine for model 'knn' has not been set explicitly, hence returning None.
2025-10-27 15:11:14,725:WARNING:
'cuml' is a soft dependency and not included in the pycaret installation. Please run: `pip install cuml` to install.
2025-10-27 15:11:14,747:WARNING:
'cuml' is a soft dependency and not included in the pycaret installation. Please run: `pip install cuml` to install.
2025-10-27 15:11:14,750:INFO:Engine for model 'rbfsvm' has not been set explicitly, hence returning None.
2025-10-27 15:11:14,750:WARNING:
'cuml' is a soft dependency and not included in the pycaret installation. Please run: `pip install cuml` to install.
2025-10-27 15:11:14,850:WARNING:
'cuml' is a soft dependency and not included in the pycaret installation. Please run: `pip install cuml` to install.
2025-10-27 15:11:14,866:WARNING:
'cuml' is a soft dependency and not included in the pycaret installation. Please run: `pip install cuml` to install.
2025-10-27 15:11:14,878:WARNING:
'xgboost' is a soft dependency and not included in the pycaret installation. Please run: `pip install xgboost` to install.
Alternately, you can install this by running `pip install pycaret[models]`
2025-10-27 15:11:17,638:INFO:Soft dependency imported: catboost: 1.2.8
2025-10-27 15:11:20,185:WARNING:
'cuml' is a soft dependency and not included in the pycaret installation. Please run: `pip install cuml` to install.
2025-10-27 15:11:20,318:INFO:Engine for model 'knn' has not been set explicitly, hence returning None.
2025-10-27 15:11:20,319:WARNING:
'cuml' is a soft dependency and not included in the pycaret installation. Please run: `pip install cuml` to install.
2025-10-27 15:11:20,319:WARNING:
'cuml' is a soft dependency and not included in the pycaret installation. Please run: `pip install cuml` to install.
2025-10-27 15:11:20,320:INFO:Engine for model 'rbfsvm' has not been set explicitly, hence returning None.
2025-10-27 15:11:20,320:WARNING:
'cuml' is a soft dependency and not included in the pycaret installation. Please run: `pip install cuml` to install.
2025-10-27 15:11:20,352:WARNING:
'cuml' is a soft dependency and not included in the pycaret installation. Please run: `pip install cuml` to install.
2025-10-27 15:11:20,358:WARNING:
'cuml' is a soft dependency and not included in the pycaret installation. Please run: `pip install cuml` to install.
2025-10-27 15:11:20,360:WARNING:
'xgboost' is a soft dependency and not included in the pycaret installation. Please run: `pip install xgboost` to install.
Alternately, you can install this by running `pip install pycaret[models]`
2025-10-27 15:11:20,383:INFO:Soft dependency imported: catboost: 1.2.8
2025-10-27 15:11:20,384:INFO:Engine successfully changes for model 'knn' to 'sklearn'.
2025-10-27 15:11:20,384:WARNING:
'cuml' is a soft dependency and not included in the pycaret installation. Please run: `pip install cuml` to install.
2025-10-27 15:11:20,475:WARNING:
'cuml' is a soft dependency and not included in the pycaret installation. Please run: `pip install cuml` to install.
2025-10-27 15:11:20,476:WARNING:
'cuml' is a soft dependency and not included in the pycaret installation. Please run: `pip install cuml` to install.
2025-10-27 15:11:20,477:INFO:Engine for model 'rbfsvm' has not been set explicitly, hence returning None.
2025-10-27 15:11:20,477:WARNING:
'cuml' is a soft dependency and not included in the pycaret installation. Please run: `pip install cuml` to install.
2025-10-27 15:11:20,512:WARNING:
'cuml' is a soft dependency and not included in the pycaret installation. Please run: `pip install cuml` to install.
2025-10-27 15:11:20,518:WARNING:
'cuml' is a soft dependency and not included in the pycaret installation. Please run: `pip install cuml` to install.
2025-10-27 15:11:20,519:WARNING:
'xgboost' is a soft dependency and not included in the pycaret installation. Please run: `pip install xgboost` to install.
Alternately, you can install this by running `pip install pycaret[models]`
2025-10-27 15:11:20,541:INFO:Soft dependency imported: catboost: 1.2.8
2025-10-27 15:11:20,542:WARNING:
'cuml' is a soft dependency and not included in the pycaret installation. Please run: `pip install cuml` to install.
2025-10-27 15:11:20,611:WARNING:
'cuml' is a soft dependency and not included in the pycaret installation. Please run: `pip install cuml` to install.
2025-10-27 15:11:20,611:WARNING:
'cuml' is a soft dependency and not included in the pycaret installation. Please run: `pip install cuml` to install.
2025-10-27 15:11:20,612:INFO:Engine for model 'rbfsvm' has not been set explicitly, hence returning None.
2025-10-27 15:11:20,612:WARNING:
'cuml' is a soft dependency and not included in the pycaret installation. Please run: `pip install cuml` to install.
2025-10-27 15:11:20,643:WARNING:
'cuml' is a soft dependency and not included in the pycaret installation. Please run: `pip install cuml` to install.
2025-10-27 15:11:20,649:WARNING:
'cuml' is a soft dependency and not included in the pycaret installation. Please run: `pip install cuml` to install.
2025-10-27 15:11:20,650:WARNING:
'xgboost' is a soft dependency and not included in the pycaret installation. Please run: `pip install xgboost` to install.
Alternately, you can install this by running `pip install pycaret[models]`
2025-10-27 15:11:20,677:INFO:Soft dependency imported: catboost: 1.2.8
2025-10-27 15:11:20,679:INFO:Engine successfully changes for model 'rbfsvm' to 'sklearn'.
2025-10-27 15:11:20,679:WARNING:
'cuml' is a soft dependency and not included in the pycaret installation. Please run: `pip install cuml` to install.
2025-10-27 15:11:20,746:WARNING:
'cuml' is a soft dependency and not included in the pycaret installation. Please run: `pip install cuml` to install.
2025-10-27 15:11:20,746:WARNING:
'cuml' is a soft dependency and not included in the pycaret installation. Please run: `pip install cuml` to install.
2025-10-27 15:11:20,747:WARNING:
'cuml' is a soft dependency and not included in the pycaret installation. Please run: `pip install cuml` to install.
2025-10-27 15:11:20,776:WARNING:
'cuml' is a soft dependency and not included in the pycaret installation. Please run: `pip install cuml` to install.
2025-10-27 15:11:20,782:WARNING:
'cuml' is a soft dependency and not included in the pycaret installation. Please run: `pip install cuml` to install.
2025-10-27 15:11:20,784:WARNING:
'xgboost' is a soft dependency and not included in the pycaret installation. Please run: `pip install xgboost` to install.
Alternately, you can install this by running `pip install pycaret[models]`
2025-10-27 15:11:20,805:INFO:Soft dependency imported: catboost: 1.2.8
2025-10-27 15:11:20,806:WARNING:
'cuml' is a soft dependency and not included in the pycaret installation. Please run: `pip install cuml` to install.
2025-10-27 15:11:20,880:WARNING:
'cuml' is a soft dependency and not included in the pycaret installation. Please run: `pip install cuml` to install.
2025-10-27 15:11:20,880:WARNING:
'cuml' is a soft dependency and not included in the pycaret installation. Please run: `pip install cuml` to install.
2025-10-27 15:11:20,881:WARNING:
'cuml' is a soft dependency and not included in the pycaret installation. Please run: `pip install cuml` to install.
2025-10-27 15:11:20,923:WARNING:
'cuml' is a soft dependency and not included in the pycaret installation. Please run: `pip install cuml` to install.
2025-10-27 15:11:20,930:WARNING:
'cuml' is a soft dependency and not included in the pycaret installation. Please run: `pip install cuml` to install.
2025-10-27 15:11:20,931:WARNING:
'xgboost' is a soft dependency and not included in the pycaret installation. Please run: `pip install xgboost` to install.
Alternately, you can install this by running `pip install pycaret[models]`
2025-10-27 15:11:20,955:INFO:Soft dependency imported: catboost: 1.2.8
2025-10-27 15:11:20,961:INFO:Preparing preprocessing pipeline...
2025-10-27 15:11:20,967:INFO:Set up simple imputation.
2025-10-27 15:11:20,967:INFO:Set up column transformation.
2025-10-27 15:11:20,967:INFO:Set up feature normalization.
2025-10-27 15:11:21,149:INFO:Finished creating preprocessing pipeline.
2025-10-27 15:11:21,158:INFO:Pipeline: Pipeline(memory=FastMemory(location=C:\Users\dhadu\AppData\Local\Temp\joblib),
         steps=[('numerical_imputer',
                 TransformerWrapper(exclude=None,
                                    include=['battery_power', 'bluetooth',
                                             'clock_speed', 'dual_sim',
                                             'fc_megapixel', 'four_g',
                                             'int_memory', 'm_depth',
                                             'mobile_wt', 'n_cores',
                                             'pc_megapixel', 'px_height',
                                             'px_width', 'ram', 'screen_height',
                                             'screen_width', 'talk_...
                                                              keep_empty_features=False,
                                                              missing_values=nan,
                                                              strategy='most_frequent'))),
                ('transformation',
                 TransformerWrapper(exclude=None, include=None,
                                    transformer=PowerTransformer(copy=True,
                                                                 method='yeo-johnson',
                                                                 standardize=False))),
                ('normalize',
                 TransformerWrapper(exclude=None, include=None,
                                    transformer=StandardScaler(copy=True,
                                                               with_mean=True,
                                                               with_std=True)))],
         verbose=False)
2025-10-27 15:11:21,158:INFO:Creating final display dataframe.
2025-10-27 15:11:21,335:INFO:Setup _display_container:                     Description             Value
0                    Session id               123
1                        Target       price_range
2                   Target type        Multiclass
3           Original data shape        (2000, 21)
4        Transformed data shape        (2000, 21)
5   Transformed train set shape        (1400, 21)
6    Transformed test set shape         (600, 21)
7              Numeric features                20
8                    Preprocess              True
9               Imputation type            simple
10           Numeric imputation              mean
11       Categorical imputation              mode
12               Transformation              True
13        Transformation method       yeo-johnson
14                    Normalize              True
15             Normalize method            zscore
16               Fold Generator   StratifiedKFold
17                  Fold Number                10
18                     CPU Jobs                -1
19                      Use GPU              True
20               Log Experiment             False
21              Experiment Name  clf-default-name
22                          USI              e208
2025-10-27 15:11:21,346:WARNING:
'cuml' is a soft dependency and not included in the pycaret installation. Please run: `pip install cuml` to install.
2025-10-27 15:11:21,419:WARNING:
'cuml' is a soft dependency and not included in the pycaret installation. Please run: `pip install cuml` to install.
2025-10-27 15:11:21,419:WARNING:
'cuml' is a soft dependency and not included in the pycaret installation. Please run: `pip install cuml` to install.
2025-10-27 15:11:21,420:WARNING:
'cuml' is a soft dependency and not included in the pycaret installation. Please run: `pip install cuml` to install.
2025-10-27 15:11:21,451:WARNING:
'cuml' is a soft dependency and not included in the pycaret installation. Please run: `pip install cuml` to install.
2025-10-27 15:11:21,457:WARNING:
'cuml' is a soft dependency and not included in the pycaret installation. Please run: `pip install cuml` to install.
2025-10-27 15:11:21,459:WARNING:
'xgboost' is a soft dependency and not included in the pycaret installation. Please run: `pip install xgboost` to install.
Alternately, you can install this by running `pip install pycaret[models]`
2025-10-27 15:11:21,479:INFO:Soft dependency imported: catboost: 1.2.8
2025-10-27 15:11:21,480:WARNING:
'cuml' is a soft dependency and not included in the pycaret installation. Please run: `pip install cuml` to install.
2025-10-27 15:11:21,550:WARNING:
'cuml' is a soft dependency and not included in the pycaret installation. Please run: `pip install cuml` to install.
2025-10-27 15:11:21,550:WARNING:
'cuml' is a soft dependency and not included in the pycaret installation. Please run: `pip install cuml` to install.
2025-10-27 15:11:21,551:WARNING:
'cuml' is a soft dependency and not included in the pycaret installation. Please run: `pip install cuml` to install.
2025-10-27 15:11:21,584:WARNING:
'cuml' is a soft dependency and not included in the pycaret installation. Please run: `pip install cuml` to install.
2025-10-27 15:11:21,592:WARNING:
'cuml' is a soft dependency and not included in the pycaret installation. Please run: `pip install cuml` to install.
2025-10-27 15:11:21,593:WARNING:
'xgboost' is a soft dependency and not included in the pycaret installation. Please run: `pip install xgboost` to install.
Alternately, you can install this by running `pip install pycaret[models]`
2025-10-27 15:11:21,612:INFO:Soft dependency imported: catboost: 1.2.8
2025-10-27 15:11:21,614:INFO:setup() successfully completed in 34.29s...............
2025-10-27 15:11:21,646:INFO:Initializing compare_models()
2025-10-27 15:11:21,646:INFO:compare_models(self=<pycaret.classification.oop.ClassificationExperiment object at 0x0000014C74C2F610>, include=None, exclude=None, fold=None, round=4, cross_validation=True, sort=Accuracy, n_select=1, budget_time=None, turbo=True, errors=ignore, fit_kwargs=None, groups=None, experiment_custom_tags=None, probability_threshold=None, verbose=True, parallel=None, caller_params={'self': <pycaret.classification.oop.ClassificationExperiment object at 0x0000014C74C2F610>, 'include': None, 'exclude': None, 'fold': None, 'round': 4, 'cross_validation': True, 'sort': 'Accuracy', 'n_select': 1, 'budget_time': None, 'turbo': True, 'errors': 'ignore', 'fit_kwargs': None, 'groups': None, 'experiment_custom_tags': None, 'probability_threshold': None, 'engine': None, 'verbose': True, 'parallel': None, '__class__': <class 'pycaret.classification.oop.ClassificationExperiment'>})
2025-10-27 15:11:21,646:INFO:Checking exceptions
2025-10-27 15:11:21,662:INFO:Preparing display monitor
2025-10-27 15:11:21,714:INFO:Initializing Logistic Regression
2025-10-27 15:11:21,714:INFO:Total runtime is 0.0 minutes
2025-10-27 15:11:21,721:INFO:SubProcess create_model() called ==================================
2025-10-27 15:11:21,814:INFO:Initializing create_model()
2025-10-27 15:11:21,815:INFO:create_model(self=<pycaret.classification.oop.ClassificationExperiment object at 0x0000014C74C2F610>, estimator=lr, fold=StratifiedKFold(n_splits=10, random_state=None, shuffle=False), round=4, cross_validation=True, predict=True, fit_kwargs={}, groups=None, refit=False, probability_threshold=None, experiment_custom_tags=None, verbose=False, system=False, add_to_model_list=True, metrics=None, display=<pycaret.internal.display.display.CommonDisplay object at 0x0000014C255B6590>, model_only=True, return_train_score=False, error_score=0.0, kwargs={})
2025-10-27 15:11:21,815:INFO:Checking exceptions
2025-10-27 15:11:21,815:INFO:Importing libraries
2025-10-27 15:11:21,815:INFO:Copying training dataset
2025-10-27 15:11:21,842:INFO:Defining folds
2025-10-27 15:11:21,842:INFO:Declaring metric variables
2025-10-27 15:11:21,855:INFO:Importing untrained model
2025-10-27 15:11:21,868:INFO:Logistic Regression Imported successfully
2025-10-27 15:11:21,898:INFO:Starting cross validation
2025-10-27 15:11:21,903:INFO:Cross validating with StratifiedKFold(n_splits=10, random_state=None, shuffle=False), n_jobs=1
2025-10-27 15:11:22,454:WARNING:C:\Users\dhadu\AppData\Roaming\Python\Python311\site-packages\pycaret\internal\metrics.py:204: FitFailedWarning: Metric 'make_scorer(roc_auc_score, response_method=('decision_function', 'predict_proba'), average=weighted, multi_class=ovr)' failed and error score 0.0 has been returned instead. If this is a custom metric, this usually means that the error is in the metric code. Full exception below:
Traceback (most recent call last):
  File "C:\Users\dhadu\AppData\Roaming\Python\Python311\site-packages\pycaret\internal\metrics.py", line 196, in _score
    return super()._score(
           ^^^^^^^^^^^^^^^
  File "C:\Users\dhadu\AppData\Roaming\Python\Python311\site-packages\sklearn\metrics\_scorer.py", line 350, in _score
    return self._sign * self._score_func(y_true, y_pred, **scoring_kwargs)
                        ^^^^^^^^^^^^^^^^^^^^^^^^^^^^^^^^^^^^^^^^^^^^^^^^^^
  File "C:\Users\dhadu\AppData\Roaming\Python\Python311\site-packages\pycaret\internal\metrics.py", line 144, in __call__
    return self.score_func(y_true, y_pred, **kwargs)
           ^^^^^^^^^^^^^^^^^^^^^^^^^^^^^^^^^^^^^^^^^
  File "C:\Users\dhadu\AppData\Roaming\Python\Python311\site-packages\sklearn\utils\_param_validation.py", line 213, in wrapper
    return func(*args, **kwargs)
           ^^^^^^^^^^^^^^^^^^^^^
  File "C:\Users\dhadu\AppData\Roaming\Python\Python311\site-packages\sklearn\metrics\_ranking.py", line 634, in roc_auc_score
    return _multiclass_roc_auc_score(
           ^^^^^^^^^^^^^^^^^^^^^^^^^^
  File "C:\Users\dhadu\AppData\Roaming\Python\Python311\site-packages\sklearn\metrics\_ranking.py", line 707, in _multiclass_roc_auc_score
    raise ValueError(
ValueError: Target scores need to be probabilities for multiclass roc_auc, i.e. they should sum up to 1.0 over classes


2025-10-27 15:11:22,680:WARNING:C:\Users\dhadu\AppData\Roaming\Python\Python311\site-packages\pycaret\internal\metrics.py:204: FitFailedWarning: Metric 'make_scorer(roc_auc_score, response_method=('decision_function', 'predict_proba'), average=weighted, multi_class=ovr)' failed and error score 0.0 has been returned instead. If this is a custom metric, this usually means that the error is in the metric code. Full exception below:
Traceback (most recent call last):
  File "C:\Users\dhadu\AppData\Roaming\Python\Python311\site-packages\pycaret\internal\metrics.py", line 196, in _score
    return super()._score(
           ^^^^^^^^^^^^^^^
  File "C:\Users\dhadu\AppData\Roaming\Python\Python311\site-packages\sklearn\metrics\_scorer.py", line 350, in _score
    return self._sign * self._score_func(y_true, y_pred, **scoring_kwargs)
                        ^^^^^^^^^^^^^^^^^^^^^^^^^^^^^^^^^^^^^^^^^^^^^^^^^^
  File "C:\Users\dhadu\AppData\Roaming\Python\Python311\site-packages\pycaret\internal\metrics.py", line 144, in __call__
    return self.score_func(y_true, y_pred, **kwargs)
           ^^^^^^^^^^^^^^^^^^^^^^^^^^^^^^^^^^^^^^^^^
  File "C:\Users\dhadu\AppData\Roaming\Python\Python311\site-packages\sklearn\utils\_param_validation.py", line 213, in wrapper
    return func(*args, **kwargs)
           ^^^^^^^^^^^^^^^^^^^^^
  File "C:\Users\dhadu\AppData\Roaming\Python\Python311\site-packages\sklearn\metrics\_ranking.py", line 634, in roc_auc_score
    return _multiclass_roc_auc_score(
           ^^^^^^^^^^^^^^^^^^^^^^^^^^
  File "C:\Users\dhadu\AppData\Roaming\Python\Python311\site-packages\sklearn\metrics\_ranking.py", line 707, in _multiclass_roc_auc_score
    raise ValueError(
ValueError: Target scores need to be probabilities for multiclass roc_auc, i.e. they should sum up to 1.0 over classes


2025-10-27 15:11:22,810:WARNING:C:\Users\dhadu\AppData\Roaming\Python\Python311\site-packages\pycaret\internal\metrics.py:204: FitFailedWarning: Metric 'make_scorer(roc_auc_score, response_method=('decision_function', 'predict_proba'), average=weighted, multi_class=ovr)' failed and error score 0.0 has been returned instead. If this is a custom metric, this usually means that the error is in the metric code. Full exception below:
Traceback (most recent call last):
  File "C:\Users\dhadu\AppData\Roaming\Python\Python311\site-packages\pycaret\internal\metrics.py", line 196, in _score
    return super()._score(
           ^^^^^^^^^^^^^^^
  File "C:\Users\dhadu\AppData\Roaming\Python\Python311\site-packages\sklearn\metrics\_scorer.py", line 350, in _score
    return self._sign * self._score_func(y_true, y_pred, **scoring_kwargs)
                        ^^^^^^^^^^^^^^^^^^^^^^^^^^^^^^^^^^^^^^^^^^^^^^^^^^
  File "C:\Users\dhadu\AppData\Roaming\Python\Python311\site-packages\pycaret\internal\metrics.py", line 144, in __call__
    return self.score_func(y_true, y_pred, **kwargs)
           ^^^^^^^^^^^^^^^^^^^^^^^^^^^^^^^^^^^^^^^^^
  File "C:\Users\dhadu\AppData\Roaming\Python\Python311\site-packages\sklearn\utils\_param_validation.py", line 213, in wrapper
    return func(*args, **kwargs)
           ^^^^^^^^^^^^^^^^^^^^^
  File "C:\Users\dhadu\AppData\Roaming\Python\Python311\site-packages\sklearn\metrics\_ranking.py", line 634, in roc_auc_score
    return _multiclass_roc_auc_score(
           ^^^^^^^^^^^^^^^^^^^^^^^^^^
  File "C:\Users\dhadu\AppData\Roaming\Python\Python311\site-packages\sklearn\metrics\_ranking.py", line 707, in _multiclass_roc_auc_score
    raise ValueError(
ValueError: Target scores need to be probabilities for multiclass roc_auc, i.e. they should sum up to 1.0 over classes


2025-10-27 15:11:22,944:WARNING:C:\Users\dhadu\AppData\Roaming\Python\Python311\site-packages\pycaret\internal\metrics.py:204: FitFailedWarning: Metric 'make_scorer(roc_auc_score, response_method=('decision_function', 'predict_proba'), average=weighted, multi_class=ovr)' failed and error score 0.0 has been returned instead. If this is a custom metric, this usually means that the error is in the metric code. Full exception below:
Traceback (most recent call last):
  File "C:\Users\dhadu\AppData\Roaming\Python\Python311\site-packages\pycaret\internal\metrics.py", line 196, in _score
    return super()._score(
           ^^^^^^^^^^^^^^^
  File "C:\Users\dhadu\AppData\Roaming\Python\Python311\site-packages\sklearn\metrics\_scorer.py", line 350, in _score
    return self._sign * self._score_func(y_true, y_pred, **scoring_kwargs)
                        ^^^^^^^^^^^^^^^^^^^^^^^^^^^^^^^^^^^^^^^^^^^^^^^^^^
  File "C:\Users\dhadu\AppData\Roaming\Python\Python311\site-packages\pycaret\internal\metrics.py", line 144, in __call__
    return self.score_func(y_true, y_pred, **kwargs)
           ^^^^^^^^^^^^^^^^^^^^^^^^^^^^^^^^^^^^^^^^^
  File "C:\Users\dhadu\AppData\Roaming\Python\Python311\site-packages\sklearn\utils\_param_validation.py", line 213, in wrapper
    return func(*args, **kwargs)
           ^^^^^^^^^^^^^^^^^^^^^
  File "C:\Users\dhadu\AppData\Roaming\Python\Python311\site-packages\sklearn\metrics\_ranking.py", line 634, in roc_auc_score
    return _multiclass_roc_auc_score(
           ^^^^^^^^^^^^^^^^^^^^^^^^^^
  File "C:\Users\dhadu\AppData\Roaming\Python\Python311\site-packages\sklearn\metrics\_ranking.py", line 707, in _multiclass_roc_auc_score
    raise ValueError(
ValueError: Target scores need to be probabilities for multiclass roc_auc, i.e. they should sum up to 1.0 over classes


2025-10-27 15:11:23,075:WARNING:C:\Users\dhadu\AppData\Roaming\Python\Python311\site-packages\pycaret\internal\metrics.py:204: FitFailedWarning: Metric 'make_scorer(roc_auc_score, response_method=('decision_function', 'predict_proba'), average=weighted, multi_class=ovr)' failed and error score 0.0 has been returned instead. If this is a custom metric, this usually means that the error is in the metric code. Full exception below:
Traceback (most recent call last):
  File "C:\Users\dhadu\AppData\Roaming\Python\Python311\site-packages\pycaret\internal\metrics.py", line 196, in _score
    return super()._score(
           ^^^^^^^^^^^^^^^
  File "C:\Users\dhadu\AppData\Roaming\Python\Python311\site-packages\sklearn\metrics\_scorer.py", line 350, in _score
    return self._sign * self._score_func(y_true, y_pred, **scoring_kwargs)
                        ^^^^^^^^^^^^^^^^^^^^^^^^^^^^^^^^^^^^^^^^^^^^^^^^^^
  File "C:\Users\dhadu\AppData\Roaming\Python\Python311\site-packages\pycaret\internal\metrics.py", line 144, in __call__
    return self.score_func(y_true, y_pred, **kwargs)
           ^^^^^^^^^^^^^^^^^^^^^^^^^^^^^^^^^^^^^^^^^
  File "C:\Users\dhadu\AppData\Roaming\Python\Python311\site-packages\sklearn\utils\_param_validation.py", line 213, in wrapper
    return func(*args, **kwargs)
           ^^^^^^^^^^^^^^^^^^^^^
  File "C:\Users\dhadu\AppData\Roaming\Python\Python311\site-packages\sklearn\metrics\_ranking.py", line 634, in roc_auc_score
    return _multiclass_roc_auc_score(
           ^^^^^^^^^^^^^^^^^^^^^^^^^^
  File "C:\Users\dhadu\AppData\Roaming\Python\Python311\site-packages\sklearn\metrics\_ranking.py", line 707, in _multiclass_roc_auc_score
    raise ValueError(
ValueError: Target scores need to be probabilities for multiclass roc_auc, i.e. they should sum up to 1.0 over classes


2025-10-27 15:11:23,224:WARNING:C:\Users\dhadu\AppData\Roaming\Python\Python311\site-packages\pycaret\internal\metrics.py:204: FitFailedWarning: Metric 'make_scorer(roc_auc_score, response_method=('decision_function', 'predict_proba'), average=weighted, multi_class=ovr)' failed and error score 0.0 has been returned instead. If this is a custom metric, this usually means that the error is in the metric code. Full exception below:
Traceback (most recent call last):
  File "C:\Users\dhadu\AppData\Roaming\Python\Python311\site-packages\pycaret\internal\metrics.py", line 196, in _score
    return super()._score(
           ^^^^^^^^^^^^^^^
  File "C:\Users\dhadu\AppData\Roaming\Python\Python311\site-packages\sklearn\metrics\_scorer.py", line 350, in _score
    return self._sign * self._score_func(y_true, y_pred, **scoring_kwargs)
                        ^^^^^^^^^^^^^^^^^^^^^^^^^^^^^^^^^^^^^^^^^^^^^^^^^^
  File "C:\Users\dhadu\AppData\Roaming\Python\Python311\site-packages\pycaret\internal\metrics.py", line 144, in __call__
    return self.score_func(y_true, y_pred, **kwargs)
           ^^^^^^^^^^^^^^^^^^^^^^^^^^^^^^^^^^^^^^^^^
  File "C:\Users\dhadu\AppData\Roaming\Python\Python311\site-packages\sklearn\utils\_param_validation.py", line 213, in wrapper
    return func(*args, **kwargs)
           ^^^^^^^^^^^^^^^^^^^^^
  File "C:\Users\dhadu\AppData\Roaming\Python\Python311\site-packages\sklearn\metrics\_ranking.py", line 634, in roc_auc_score
    return _multiclass_roc_auc_score(
           ^^^^^^^^^^^^^^^^^^^^^^^^^^
  File "C:\Users\dhadu\AppData\Roaming\Python\Python311\site-packages\sklearn\metrics\_ranking.py", line 707, in _multiclass_roc_auc_score
    raise ValueError(
ValueError: Target scores need to be probabilities for multiclass roc_auc, i.e. they should sum up to 1.0 over classes


2025-10-27 15:11:23,361:WARNING:C:\Users\dhadu\AppData\Roaming\Python\Python311\site-packages\pycaret\internal\metrics.py:204: FitFailedWarning: Metric 'make_scorer(roc_auc_score, response_method=('decision_function', 'predict_proba'), average=weighted, multi_class=ovr)' failed and error score 0.0 has been returned instead. If this is a custom metric, this usually means that the error is in the metric code. Full exception below:
Traceback (most recent call last):
  File "C:\Users\dhadu\AppData\Roaming\Python\Python311\site-packages\pycaret\internal\metrics.py", line 196, in _score
    return super()._score(
           ^^^^^^^^^^^^^^^
  File "C:\Users\dhadu\AppData\Roaming\Python\Python311\site-packages\sklearn\metrics\_scorer.py", line 350, in _score
    return self._sign * self._score_func(y_true, y_pred, **scoring_kwargs)
                        ^^^^^^^^^^^^^^^^^^^^^^^^^^^^^^^^^^^^^^^^^^^^^^^^^^
  File "C:\Users\dhadu\AppData\Roaming\Python\Python311\site-packages\pycaret\internal\metrics.py", line 144, in __call__
    return self.score_func(y_true, y_pred, **kwargs)
           ^^^^^^^^^^^^^^^^^^^^^^^^^^^^^^^^^^^^^^^^^
  File "C:\Users\dhadu\AppData\Roaming\Python\Python311\site-packages\sklearn\utils\_param_validation.py", line 213, in wrapper
    return func(*args, **kwargs)
           ^^^^^^^^^^^^^^^^^^^^^
  File "C:\Users\dhadu\AppData\Roaming\Python\Python311\site-packages\sklearn\metrics\_ranking.py", line 634, in roc_auc_score
    return _multiclass_roc_auc_score(
           ^^^^^^^^^^^^^^^^^^^^^^^^^^
  File "C:\Users\dhadu\AppData\Roaming\Python\Python311\site-packages\sklearn\metrics\_ranking.py", line 707, in _multiclass_roc_auc_score
    raise ValueError(
ValueError: Target scores need to be probabilities for multiclass roc_auc, i.e. they should sum up to 1.0 over classes


2025-10-27 15:11:23,489:WARNING:C:\Users\dhadu\AppData\Roaming\Python\Python311\site-packages\pycaret\internal\metrics.py:204: FitFailedWarning: Metric 'make_scorer(roc_auc_score, response_method=('decision_function', 'predict_proba'), average=weighted, multi_class=ovr)' failed and error score 0.0 has been returned instead. If this is a custom metric, this usually means that the error is in the metric code. Full exception below:
Traceback (most recent call last):
  File "C:\Users\dhadu\AppData\Roaming\Python\Python311\site-packages\pycaret\internal\metrics.py", line 196, in _score
    return super()._score(
           ^^^^^^^^^^^^^^^
  File "C:\Users\dhadu\AppData\Roaming\Python\Python311\site-packages\sklearn\metrics\_scorer.py", line 350, in _score
    return self._sign * self._score_func(y_true, y_pred, **scoring_kwargs)
                        ^^^^^^^^^^^^^^^^^^^^^^^^^^^^^^^^^^^^^^^^^^^^^^^^^^
  File "C:\Users\dhadu\AppData\Roaming\Python\Python311\site-packages\pycaret\internal\metrics.py", line 144, in __call__
    return self.score_func(y_true, y_pred, **kwargs)
           ^^^^^^^^^^^^^^^^^^^^^^^^^^^^^^^^^^^^^^^^^
  File "C:\Users\dhadu\AppData\Roaming\Python\Python311\site-packages\sklearn\utils\_param_validation.py", line 213, in wrapper
    return func(*args, **kwargs)
           ^^^^^^^^^^^^^^^^^^^^^
  File "C:\Users\dhadu\AppData\Roaming\Python\Python311\site-packages\sklearn\metrics\_ranking.py", line 634, in roc_auc_score
    return _multiclass_roc_auc_score(
           ^^^^^^^^^^^^^^^^^^^^^^^^^^
  File "C:\Users\dhadu\AppData\Roaming\Python\Python311\site-packages\sklearn\metrics\_ranking.py", line 707, in _multiclass_roc_auc_score
    raise ValueError(
ValueError: Target scores need to be probabilities for multiclass roc_auc, i.e. they should sum up to 1.0 over classes


2025-10-27 15:11:23,621:WARNING:C:\Users\dhadu\AppData\Roaming\Python\Python311\site-packages\pycaret\internal\metrics.py:204: FitFailedWarning: Metric 'make_scorer(roc_auc_score, response_method=('decision_function', 'predict_proba'), average=weighted, multi_class=ovr)' failed and error score 0.0 has been returned instead. If this is a custom metric, this usually means that the error is in the metric code. Full exception below:
Traceback (most recent call last):
  File "C:\Users\dhadu\AppData\Roaming\Python\Python311\site-packages\pycaret\internal\metrics.py", line 196, in _score
    return super()._score(
           ^^^^^^^^^^^^^^^
  File "C:\Users\dhadu\AppData\Roaming\Python\Python311\site-packages\sklearn\metrics\_scorer.py", line 350, in _score
    return self._sign * self._score_func(y_true, y_pred, **scoring_kwargs)
                        ^^^^^^^^^^^^^^^^^^^^^^^^^^^^^^^^^^^^^^^^^^^^^^^^^^
  File "C:\Users\dhadu\AppData\Roaming\Python\Python311\site-packages\pycaret\internal\metrics.py", line 144, in __call__
    return self.score_func(y_true, y_pred, **kwargs)
           ^^^^^^^^^^^^^^^^^^^^^^^^^^^^^^^^^^^^^^^^^
  File "C:\Users\dhadu\AppData\Roaming\Python\Python311\site-packages\sklearn\utils\_param_validation.py", line 213, in wrapper
    return func(*args, **kwargs)
           ^^^^^^^^^^^^^^^^^^^^^
  File "C:\Users\dhadu\AppData\Roaming\Python\Python311\site-packages\sklearn\metrics\_ranking.py", line 634, in roc_auc_score
    return _multiclass_roc_auc_score(
           ^^^^^^^^^^^^^^^^^^^^^^^^^^
  File "C:\Users\dhadu\AppData\Roaming\Python\Python311\site-packages\sklearn\metrics\_ranking.py", line 707, in _multiclass_roc_auc_score
    raise ValueError(
ValueError: Target scores need to be probabilities for multiclass roc_auc, i.e. they should sum up to 1.0 over classes


2025-10-27 15:11:23,757:WARNING:C:\Users\dhadu\AppData\Roaming\Python\Python311\site-packages\pycaret\internal\metrics.py:204: FitFailedWarning: Metric 'make_scorer(roc_auc_score, response_method=('decision_function', 'predict_proba'), average=weighted, multi_class=ovr)' failed and error score 0.0 has been returned instead. If this is a custom metric, this usually means that the error is in the metric code. Full exception below:
Traceback (most recent call last):
  File "C:\Users\dhadu\AppData\Roaming\Python\Python311\site-packages\pycaret\internal\metrics.py", line 196, in _score
    return super()._score(
           ^^^^^^^^^^^^^^^
  File "C:\Users\dhadu\AppData\Roaming\Python\Python311\site-packages\sklearn\metrics\_scorer.py", line 350, in _score
    return self._sign * self._score_func(y_true, y_pred, **scoring_kwargs)
                        ^^^^^^^^^^^^^^^^^^^^^^^^^^^^^^^^^^^^^^^^^^^^^^^^^^
  File "C:\Users\dhadu\AppData\Roaming\Python\Python311\site-packages\pycaret\internal\metrics.py", line 144, in __call__
    return self.score_func(y_true, y_pred, **kwargs)
           ^^^^^^^^^^^^^^^^^^^^^^^^^^^^^^^^^^^^^^^^^
  File "C:\Users\dhadu\AppData\Roaming\Python\Python311\site-packages\sklearn\utils\_param_validation.py", line 213, in wrapper
    return func(*args, **kwargs)
           ^^^^^^^^^^^^^^^^^^^^^
  File "C:\Users\dhadu\AppData\Roaming\Python\Python311\site-packages\sklearn\metrics\_ranking.py", line 634, in roc_auc_score
    return _multiclass_roc_auc_score(
           ^^^^^^^^^^^^^^^^^^^^^^^^^^
  File "C:\Users\dhadu\AppData\Roaming\Python\Python311\site-packages\sklearn\metrics\_ranking.py", line 707, in _multiclass_roc_auc_score
    raise ValueError(
ValueError: Target scores need to be probabilities for multiclass roc_auc, i.e. they should sum up to 1.0 over classes


2025-10-27 15:11:23,768:INFO:Calculating mean and std
2025-10-27 15:11:23,769:INFO:Creating metrics dataframe
2025-10-27 15:11:23,775:INFO:Uploading results into container
2025-10-27 15:11:23,778:INFO:Uploading model into container now
2025-10-27 15:11:23,778:INFO:_master_model_container: 1
2025-10-27 15:11:23,778:INFO:_display_container: 2
2025-10-27 15:11:23,779:INFO:LogisticRegression(C=1.0, class_weight=None, dual=False, fit_intercept=True,
                   intercept_scaling=1, l1_ratio=None, max_iter=1000,
                   multi_class='auto', n_jobs=None, penalty='l2',
                   random_state=123, solver='lbfgs', tol=0.0001, verbose=0,
                   warm_start=False)
2025-10-27 15:11:23,779:INFO:create_model() successfully completed......................................
2025-10-27 15:11:24,022:INFO:SubProcess create_model() end ==================================
2025-10-27 15:11:24,022:INFO:Creating metrics dataframe
2025-10-27 15:11:24,049:INFO:Initializing K Neighbors Classifier
2025-10-27 15:11:24,049:INFO:Total runtime is 0.03891265789667765 minutes
2025-10-27 15:11:24,061:INFO:SubProcess create_model() called ==================================
2025-10-27 15:11:24,063:INFO:Initializing create_model()
2025-10-27 15:11:24,063:INFO:create_model(self=<pycaret.classification.oop.ClassificationExperiment object at 0x0000014C74C2F610>, estimator=knn, fold=StratifiedKFold(n_splits=10, random_state=None, shuffle=False), round=4, cross_validation=True, predict=True, fit_kwargs={}, groups=None, refit=False, probability_threshold=None, experiment_custom_tags=None, verbose=False, system=False, add_to_model_list=True, metrics=None, display=<pycaret.internal.display.display.CommonDisplay object at 0x0000014C255B6590>, model_only=True, return_train_score=False, error_score=0.0, kwargs={})
2025-10-27 15:11:24,063:INFO:Checking exceptions
2025-10-27 15:11:24,064:INFO:Importing libraries
2025-10-27 15:11:24,064:INFO:Copying training dataset
2025-10-27 15:11:24,090:INFO:Defining folds
2025-10-27 15:11:24,090:INFO:Declaring metric variables
2025-10-27 15:11:24,102:INFO:Importing untrained model
2025-10-27 15:11:24,111:INFO:K Neighbors Classifier Imported successfully
2025-10-27 15:11:24,123:INFO:Starting cross validation
2025-10-27 15:11:24,125:INFO:Cross validating with StratifiedKFold(n_splits=10, random_state=None, shuffle=False), n_jobs=1
2025-10-27 15:11:25,881:INFO:Calculating mean and std
2025-10-27 15:11:25,885:INFO:Creating metrics dataframe
2025-10-27 15:11:25,889:INFO:Uploading results into container
2025-10-27 15:11:25,889:INFO:Uploading model into container now
2025-10-27 15:11:25,890:INFO:_master_model_container: 2
2025-10-27 15:11:25,890:INFO:_display_container: 2
2025-10-27 15:11:25,890:INFO:KNeighborsClassifier(algorithm='auto', leaf_size=30, metric='minkowski',
                     metric_params=None, n_jobs=-1, n_neighbors=5, p=2,
                     weights='uniform')
2025-10-27 15:11:25,890:INFO:create_model() successfully completed......................................
2025-10-27 15:11:26,089:INFO:SubProcess create_model() end ==================================
2025-10-27 15:11:26,090:INFO:Creating metrics dataframe
2025-10-27 15:11:26,114:INFO:Initializing Naive Bayes
2025-10-27 15:11:26,115:INFO:Total runtime is 0.07335383097330729 minutes
2025-10-27 15:11:26,125:INFO:SubProcess create_model() called ==================================
2025-10-27 15:11:26,126:INFO:Initializing create_model()
2025-10-27 15:11:26,127:INFO:create_model(self=<pycaret.classification.oop.ClassificationExperiment object at 0x0000014C74C2F610>, estimator=nb, fold=StratifiedKFold(n_splits=10, random_state=None, shuffle=False), round=4, cross_validation=True, predict=True, fit_kwargs={}, groups=None, refit=False, probability_threshold=None, experiment_custom_tags=None, verbose=False, system=False, add_to_model_list=True, metrics=None, display=<pycaret.internal.display.display.CommonDisplay object at 0x0000014C255B6590>, model_only=True, return_train_score=False, error_score=0.0, kwargs={})
2025-10-27 15:11:26,127:INFO:Checking exceptions
2025-10-27 15:11:26,128:INFO:Importing libraries
2025-10-27 15:11:26,128:INFO:Copying training dataset
2025-10-27 15:11:26,147:INFO:Defining folds
2025-10-27 15:11:26,148:INFO:Declaring metric variables
2025-10-27 15:11:26,159:INFO:Importing untrained model
2025-10-27 15:11:26,172:INFO:Naive Bayes Imported successfully
2025-10-27 15:11:26,193:INFO:Starting cross validation
2025-10-27 15:11:26,196:INFO:Cross validating with StratifiedKFold(n_splits=10, random_state=None, shuffle=False), n_jobs=1
2025-10-27 15:11:27,839:INFO:Calculating mean and std
2025-10-27 15:11:27,840:INFO:Creating metrics dataframe
2025-10-27 15:11:27,842:INFO:Uploading results into container
2025-10-27 15:11:27,843:INFO:Uploading model into container now
2025-10-27 15:11:27,843:INFO:_master_model_container: 3
2025-10-27 15:11:27,844:INFO:_display_container: 2
2025-10-27 15:11:27,844:INFO:GaussianNB(priors=None, var_smoothing=1e-09)
2025-10-27 15:11:27,844:INFO:create_model() successfully completed......................................
2025-10-27 15:11:28,080:INFO:SubProcess create_model() end ==================================
2025-10-27 15:11:28,080:INFO:Creating metrics dataframe
2025-10-27 15:11:28,106:INFO:Initializing Decision Tree Classifier
2025-10-27 15:11:28,107:INFO:Total runtime is 0.10654828151067097 minutes
2025-10-27 15:11:28,118:INFO:SubProcess create_model() called ==================================
2025-10-27 15:11:28,119:INFO:Initializing create_model()
2025-10-27 15:11:28,119:INFO:create_model(self=<pycaret.classification.oop.ClassificationExperiment object at 0x0000014C74C2F610>, estimator=dt, fold=StratifiedKFold(n_splits=10, random_state=None, shuffle=False), round=4, cross_validation=True, predict=True, fit_kwargs={}, groups=None, refit=False, probability_threshold=None, experiment_custom_tags=None, verbose=False, system=False, add_to_model_list=True, metrics=None, display=<pycaret.internal.display.display.CommonDisplay object at 0x0000014C255B6590>, model_only=True, return_train_score=False, error_score=0.0, kwargs={})
2025-10-27 15:11:28,119:INFO:Checking exceptions
2025-10-27 15:11:28,120:INFO:Importing libraries
2025-10-27 15:11:28,120:INFO:Copying training dataset
2025-10-27 15:11:28,148:INFO:Defining folds
2025-10-27 15:11:28,148:INFO:Declaring metric variables
2025-10-27 15:11:28,160:INFO:Importing untrained model
2025-10-27 15:11:28,172:INFO:Decision Tree Classifier Imported successfully
2025-10-27 15:11:28,194:INFO:Starting cross validation
2025-10-27 15:11:28,198:INFO:Cross validating with StratifiedKFold(n_splits=10, random_state=None, shuffle=False), n_jobs=1
2025-10-27 15:11:29,713:INFO:Calculating mean and std
2025-10-27 15:11:29,714:INFO:Creating metrics dataframe
2025-10-27 15:11:29,717:INFO:Uploading results into container
2025-10-27 15:11:29,718:INFO:Uploading model into container now
2025-10-27 15:11:29,718:INFO:_master_model_container: 4
2025-10-27 15:11:29,718:INFO:_display_container: 2
2025-10-27 15:11:29,719:INFO:DecisionTreeClassifier(ccp_alpha=0.0, class_weight=None, criterion='gini',
                       max_depth=None, max_features=None, max_leaf_nodes=None,
                       min_impurity_decrease=0.0, min_samples_leaf=1,
                       min_samples_split=2, min_weight_fraction_leaf=0.0,
                       monotonic_cst=None, random_state=123, splitter='best')
2025-10-27 15:11:29,719:INFO:create_model() successfully completed......................................
2025-10-27 15:11:29,947:INFO:SubProcess create_model() end ==================================
2025-10-27 15:11:29,948:INFO:Creating metrics dataframe
2025-10-27 15:11:29,971:INFO:Initializing SVM - Linear Kernel
2025-10-27 15:11:29,971:INFO:Total runtime is 0.1376192768414815 minutes
2025-10-27 15:11:29,984:INFO:SubProcess create_model() called ==================================
2025-10-27 15:11:29,985:INFO:Initializing create_model()
2025-10-27 15:11:29,985:INFO:create_model(self=<pycaret.classification.oop.ClassificationExperiment object at 0x0000014C74C2F610>, estimator=svm, fold=StratifiedKFold(n_splits=10, random_state=None, shuffle=False), round=4, cross_validation=True, predict=True, fit_kwargs={}, groups=None, refit=False, probability_threshold=None, experiment_custom_tags=None, verbose=False, system=False, add_to_model_list=True, metrics=None, display=<pycaret.internal.display.display.CommonDisplay object at 0x0000014C255B6590>, model_only=True, return_train_score=False, error_score=0.0, kwargs={})
2025-10-27 15:11:29,985:INFO:Checking exceptions
2025-10-27 15:11:29,986:INFO:Importing libraries
2025-10-27 15:11:29,986:INFO:Copying training dataset
2025-10-27 15:11:30,011:INFO:Defining folds
2025-10-27 15:11:30,012:INFO:Declaring metric variables
2025-10-27 15:11:30,024:INFO:Importing untrained model
2025-10-27 15:11:30,036:INFO:SVM - Linear Kernel Imported successfully
2025-10-27 15:11:30,060:INFO:Starting cross validation
2025-10-27 15:11:30,063:INFO:Cross validating with StratifiedKFold(n_splits=10, random_state=None, shuffle=False), n_jobs=1
2025-10-27 15:11:30,395:WARNING:C:\Users\dhadu\AppData\Roaming\Python\Python311\site-packages\pycaret\internal\metrics.py:204: FitFailedWarning: Metric 'make_scorer(roc_auc_score, response_method=('decision_function', 'predict_proba'), average=weighted, multi_class=ovr)' failed and error score 0.0 has been returned instead. If this is a custom metric, this usually means that the error is in the metric code. Full exception below:
Traceback (most recent call last):
  File "C:\Users\dhadu\AppData\Roaming\Python\Python311\site-packages\pycaret\internal\metrics.py", line 196, in _score
    return super()._score(
           ^^^^^^^^^^^^^^^
  File "C:\Users\dhadu\AppData\Roaming\Python\Python311\site-packages\sklearn\metrics\_scorer.py", line 350, in _score
    return self._sign * self._score_func(y_true, y_pred, **scoring_kwargs)
                        ^^^^^^^^^^^^^^^^^^^^^^^^^^^^^^^^^^^^^^^^^^^^^^^^^^
  File "C:\Users\dhadu\AppData\Roaming\Python\Python311\site-packages\pycaret\internal\metrics.py", line 144, in __call__
    return self.score_func(y_true, y_pred, **kwargs)
           ^^^^^^^^^^^^^^^^^^^^^^^^^^^^^^^^^^^^^^^^^
  File "C:\Users\dhadu\AppData\Roaming\Python\Python311\site-packages\sklearn\utils\_param_validation.py", line 213, in wrapper
    return func(*args, **kwargs)
           ^^^^^^^^^^^^^^^^^^^^^
  File "C:\Users\dhadu\AppData\Roaming\Python\Python311\site-packages\sklearn\metrics\_ranking.py", line 634, in roc_auc_score
    return _multiclass_roc_auc_score(
           ^^^^^^^^^^^^^^^^^^^^^^^^^^
  File "C:\Users\dhadu\AppData\Roaming\Python\Python311\site-packages\sklearn\metrics\_ranking.py", line 707, in _multiclass_roc_auc_score
    raise ValueError(
ValueError: Target scores need to be probabilities for multiclass roc_auc, i.e. they should sum up to 1.0 over classes


2025-10-27 15:11:30,612:WARNING:C:\Users\dhadu\AppData\Roaming\Python\Python311\site-packages\pycaret\internal\metrics.py:204: FitFailedWarning: Metric 'make_scorer(roc_auc_score, response_method=('decision_function', 'predict_proba'), average=weighted, multi_class=ovr)' failed and error score 0.0 has been returned instead. If this is a custom metric, this usually means that the error is in the metric code. Full exception below:
Traceback (most recent call last):
  File "C:\Users\dhadu\AppData\Roaming\Python\Python311\site-packages\pycaret\internal\metrics.py", line 196, in _score
    return super()._score(
           ^^^^^^^^^^^^^^^
  File "C:\Users\dhadu\AppData\Roaming\Python\Python311\site-packages\sklearn\metrics\_scorer.py", line 350, in _score
    return self._sign * self._score_func(y_true, y_pred, **scoring_kwargs)
                        ^^^^^^^^^^^^^^^^^^^^^^^^^^^^^^^^^^^^^^^^^^^^^^^^^^
  File "C:\Users\dhadu\AppData\Roaming\Python\Python311\site-packages\pycaret\internal\metrics.py", line 144, in __call__
    return self.score_func(y_true, y_pred, **kwargs)
           ^^^^^^^^^^^^^^^^^^^^^^^^^^^^^^^^^^^^^^^^^
  File "C:\Users\dhadu\AppData\Roaming\Python\Python311\site-packages\sklearn\utils\_param_validation.py", line 213, in wrapper
    return func(*args, **kwargs)
           ^^^^^^^^^^^^^^^^^^^^^
  File "C:\Users\dhadu\AppData\Roaming\Python\Python311\site-packages\sklearn\metrics\_ranking.py", line 634, in roc_auc_score
    return _multiclass_roc_auc_score(
           ^^^^^^^^^^^^^^^^^^^^^^^^^^
  File "C:\Users\dhadu\AppData\Roaming\Python\Python311\site-packages\sklearn\metrics\_ranking.py", line 707, in _multiclass_roc_auc_score
    raise ValueError(
ValueError: Target scores need to be probabilities for multiclass roc_auc, i.e. they should sum up to 1.0 over classes


2025-10-27 15:11:30,769:WARNING:C:\Users\dhadu\AppData\Roaming\Python\Python311\site-packages\pycaret\internal\metrics.py:204: FitFailedWarning: Metric 'make_scorer(roc_auc_score, response_method=('decision_function', 'predict_proba'), average=weighted, multi_class=ovr)' failed and error score 0.0 has been returned instead. If this is a custom metric, this usually means that the error is in the metric code. Full exception below:
Traceback (most recent call last):
  File "C:\Users\dhadu\AppData\Roaming\Python\Python311\site-packages\pycaret\internal\metrics.py", line 196, in _score
    return super()._score(
           ^^^^^^^^^^^^^^^
  File "C:\Users\dhadu\AppData\Roaming\Python\Python311\site-packages\sklearn\metrics\_scorer.py", line 350, in _score
    return self._sign * self._score_func(y_true, y_pred, **scoring_kwargs)
                        ^^^^^^^^^^^^^^^^^^^^^^^^^^^^^^^^^^^^^^^^^^^^^^^^^^
  File "C:\Users\dhadu\AppData\Roaming\Python\Python311\site-packages\pycaret\internal\metrics.py", line 144, in __call__
    return self.score_func(y_true, y_pred, **kwargs)
           ^^^^^^^^^^^^^^^^^^^^^^^^^^^^^^^^^^^^^^^^^
  File "C:\Users\dhadu\AppData\Roaming\Python\Python311\site-packages\sklearn\utils\_param_validation.py", line 213, in wrapper
    return func(*args, **kwargs)
           ^^^^^^^^^^^^^^^^^^^^^
  File "C:\Users\dhadu\AppData\Roaming\Python\Python311\site-packages\sklearn\metrics\_ranking.py", line 634, in roc_auc_score
    return _multiclass_roc_auc_score(
           ^^^^^^^^^^^^^^^^^^^^^^^^^^
  File "C:\Users\dhadu\AppData\Roaming\Python\Python311\site-packages\sklearn\metrics\_ranking.py", line 707, in _multiclass_roc_auc_score
    raise ValueError(
ValueError: Target scores need to be probabilities for multiclass roc_auc, i.e. they should sum up to 1.0 over classes


2025-10-27 15:11:30,926:WARNING:C:\Users\dhadu\AppData\Roaming\Python\Python311\site-packages\pycaret\internal\metrics.py:204: FitFailedWarning: Metric 'make_scorer(roc_auc_score, response_method=('decision_function', 'predict_proba'), average=weighted, multi_class=ovr)' failed and error score 0.0 has been returned instead. If this is a custom metric, this usually means that the error is in the metric code. Full exception below:
Traceback (most recent call last):
  File "C:\Users\dhadu\AppData\Roaming\Python\Python311\site-packages\pycaret\internal\metrics.py", line 196, in _score
    return super()._score(
           ^^^^^^^^^^^^^^^
  File "C:\Users\dhadu\AppData\Roaming\Python\Python311\site-packages\sklearn\metrics\_scorer.py", line 350, in _score
    return self._sign * self._score_func(y_true, y_pred, **scoring_kwargs)
                        ^^^^^^^^^^^^^^^^^^^^^^^^^^^^^^^^^^^^^^^^^^^^^^^^^^
  File "C:\Users\dhadu\AppData\Roaming\Python\Python311\site-packages\pycaret\internal\metrics.py", line 144, in __call__
    return self.score_func(y_true, y_pred, **kwargs)
           ^^^^^^^^^^^^^^^^^^^^^^^^^^^^^^^^^^^^^^^^^
  File "C:\Users\dhadu\AppData\Roaming\Python\Python311\site-packages\sklearn\utils\_param_validation.py", line 213, in wrapper
    return func(*args, **kwargs)
           ^^^^^^^^^^^^^^^^^^^^^
  File "C:\Users\dhadu\AppData\Roaming\Python\Python311\site-packages\sklearn\metrics\_ranking.py", line 634, in roc_auc_score
    return _multiclass_roc_auc_score(
           ^^^^^^^^^^^^^^^^^^^^^^^^^^
  File "C:\Users\dhadu\AppData\Roaming\Python\Python311\site-packages\sklearn\metrics\_ranking.py", line 707, in _multiclass_roc_auc_score
    raise ValueError(
ValueError: Target scores need to be probabilities for multiclass roc_auc, i.e. they should sum up to 1.0 over classes


2025-10-27 15:11:31,087:WARNING:C:\Users\dhadu\AppData\Roaming\Python\Python311\site-packages\pycaret\internal\metrics.py:204: FitFailedWarning: Metric 'make_scorer(roc_auc_score, response_method=('decision_function', 'predict_proba'), average=weighted, multi_class=ovr)' failed and error score 0.0 has been returned instead. If this is a custom metric, this usually means that the error is in the metric code. Full exception below:
Traceback (most recent call last):
  File "C:\Users\dhadu\AppData\Roaming\Python\Python311\site-packages\pycaret\internal\metrics.py", line 196, in _score
    return super()._score(
           ^^^^^^^^^^^^^^^
  File "C:\Users\dhadu\AppData\Roaming\Python\Python311\site-packages\sklearn\metrics\_scorer.py", line 350, in _score
    return self._sign * self._score_func(y_true, y_pred, **scoring_kwargs)
                        ^^^^^^^^^^^^^^^^^^^^^^^^^^^^^^^^^^^^^^^^^^^^^^^^^^
  File "C:\Users\dhadu\AppData\Roaming\Python\Python311\site-packages\pycaret\internal\metrics.py", line 144, in __call__
    return self.score_func(y_true, y_pred, **kwargs)
           ^^^^^^^^^^^^^^^^^^^^^^^^^^^^^^^^^^^^^^^^^
  File "C:\Users\dhadu\AppData\Roaming\Python\Python311\site-packages\sklearn\utils\_param_validation.py", line 213, in wrapper
    return func(*args, **kwargs)
           ^^^^^^^^^^^^^^^^^^^^^
  File "C:\Users\dhadu\AppData\Roaming\Python\Python311\site-packages\sklearn\metrics\_ranking.py", line 634, in roc_auc_score
    return _multiclass_roc_auc_score(
           ^^^^^^^^^^^^^^^^^^^^^^^^^^
  File "C:\Users\dhadu\AppData\Roaming\Python\Python311\site-packages\sklearn\metrics\_ranking.py", line 707, in _multiclass_roc_auc_score
    raise ValueError(
ValueError: Target scores need to be probabilities for multiclass roc_auc, i.e. they should sum up to 1.0 over classes


2025-10-27 15:11:31,280:WARNING:C:\Users\dhadu\AppData\Roaming\Python\Python311\site-packages\pycaret\internal\metrics.py:204: FitFailedWarning: Metric 'make_scorer(roc_auc_score, response_method=('decision_function', 'predict_proba'), average=weighted, multi_class=ovr)' failed and error score 0.0 has been returned instead. If this is a custom metric, this usually means that the error is in the metric code. Full exception below:
Traceback (most recent call last):
  File "C:\Users\dhadu\AppData\Roaming\Python\Python311\site-packages\pycaret\internal\metrics.py", line 196, in _score
    return super()._score(
           ^^^^^^^^^^^^^^^
  File "C:\Users\dhadu\AppData\Roaming\Python\Python311\site-packages\sklearn\metrics\_scorer.py", line 350, in _score
    return self._sign * self._score_func(y_true, y_pred, **scoring_kwargs)
                        ^^^^^^^^^^^^^^^^^^^^^^^^^^^^^^^^^^^^^^^^^^^^^^^^^^
  File "C:\Users\dhadu\AppData\Roaming\Python\Python311\site-packages\pycaret\internal\metrics.py", line 144, in __call__
    return self.score_func(y_true, y_pred, **kwargs)
           ^^^^^^^^^^^^^^^^^^^^^^^^^^^^^^^^^^^^^^^^^
  File "C:\Users\dhadu\AppData\Roaming\Python\Python311\site-packages\sklearn\utils\_param_validation.py", line 213, in wrapper
    return func(*args, **kwargs)
           ^^^^^^^^^^^^^^^^^^^^^
  File "C:\Users\dhadu\AppData\Roaming\Python\Python311\site-packages\sklearn\metrics\_ranking.py", line 634, in roc_auc_score
    return _multiclass_roc_auc_score(
           ^^^^^^^^^^^^^^^^^^^^^^^^^^
  File "C:\Users\dhadu\AppData\Roaming\Python\Python311\site-packages\sklearn\metrics\_ranking.py", line 707, in _multiclass_roc_auc_score
    raise ValueError(
ValueError: Target scores need to be probabilities for multiclass roc_auc, i.e. they should sum up to 1.0 over classes


2025-10-27 15:11:31,478:WARNING:C:\Users\dhadu\AppData\Roaming\Python\Python311\site-packages\pycaret\internal\metrics.py:204: FitFailedWarning: Metric 'make_scorer(roc_auc_score, response_method=('decision_function', 'predict_proba'), average=weighted, multi_class=ovr)' failed and error score 0.0 has been returned instead. If this is a custom metric, this usually means that the error is in the metric code. Full exception below:
Traceback (most recent call last):
  File "C:\Users\dhadu\AppData\Roaming\Python\Python311\site-packages\pycaret\internal\metrics.py", line 196, in _score
    return super()._score(
           ^^^^^^^^^^^^^^^
  File "C:\Users\dhadu\AppData\Roaming\Python\Python311\site-packages\sklearn\metrics\_scorer.py", line 350, in _score
    return self._sign * self._score_func(y_true, y_pred, **scoring_kwargs)
                        ^^^^^^^^^^^^^^^^^^^^^^^^^^^^^^^^^^^^^^^^^^^^^^^^^^
  File "C:\Users\dhadu\AppData\Roaming\Python\Python311\site-packages\pycaret\internal\metrics.py", line 144, in __call__
    return self.score_func(y_true, y_pred, **kwargs)
           ^^^^^^^^^^^^^^^^^^^^^^^^^^^^^^^^^^^^^^^^^
  File "C:\Users\dhadu\AppData\Roaming\Python\Python311\site-packages\sklearn\utils\_param_validation.py", line 213, in wrapper
    return func(*args, **kwargs)
           ^^^^^^^^^^^^^^^^^^^^^
  File "C:\Users\dhadu\AppData\Roaming\Python\Python311\site-packages\sklearn\metrics\_ranking.py", line 634, in roc_auc_score
    return _multiclass_roc_auc_score(
           ^^^^^^^^^^^^^^^^^^^^^^^^^^
  File "C:\Users\dhadu\AppData\Roaming\Python\Python311\site-packages\sklearn\metrics\_ranking.py", line 707, in _multiclass_roc_auc_score
    raise ValueError(
ValueError: Target scores need to be probabilities for multiclass roc_auc, i.e. they should sum up to 1.0 over classes


2025-10-27 15:11:31,635:WARNING:C:\Users\dhadu\AppData\Roaming\Python\Python311\site-packages\pycaret\internal\metrics.py:204: FitFailedWarning: Metric 'make_scorer(roc_auc_score, response_method=('decision_function', 'predict_proba'), average=weighted, multi_class=ovr)' failed and error score 0.0 has been returned instead. If this is a custom metric, this usually means that the error is in the metric code. Full exception below:
Traceback (most recent call last):
  File "C:\Users\dhadu\AppData\Roaming\Python\Python311\site-packages\pycaret\internal\metrics.py", line 196, in _score
    return super()._score(
           ^^^^^^^^^^^^^^^
  File "C:\Users\dhadu\AppData\Roaming\Python\Python311\site-packages\sklearn\metrics\_scorer.py", line 350, in _score
    return self._sign * self._score_func(y_true, y_pred, **scoring_kwargs)
                        ^^^^^^^^^^^^^^^^^^^^^^^^^^^^^^^^^^^^^^^^^^^^^^^^^^
  File "C:\Users\dhadu\AppData\Roaming\Python\Python311\site-packages\pycaret\internal\metrics.py", line 144, in __call__
    return self.score_func(y_true, y_pred, **kwargs)
           ^^^^^^^^^^^^^^^^^^^^^^^^^^^^^^^^^^^^^^^^^
  File "C:\Users\dhadu\AppData\Roaming\Python\Python311\site-packages\sklearn\utils\_param_validation.py", line 213, in wrapper
    return func(*args, **kwargs)
           ^^^^^^^^^^^^^^^^^^^^^
  File "C:\Users\dhadu\AppData\Roaming\Python\Python311\site-packages\sklearn\metrics\_ranking.py", line 634, in roc_auc_score
    return _multiclass_roc_auc_score(
           ^^^^^^^^^^^^^^^^^^^^^^^^^^
  File "C:\Users\dhadu\AppData\Roaming\Python\Python311\site-packages\sklearn\metrics\_ranking.py", line 707, in _multiclass_roc_auc_score
    raise ValueError(
ValueError: Target scores need to be probabilities for multiclass roc_auc, i.e. they should sum up to 1.0 over classes


2025-10-27 15:11:31,788:WARNING:C:\Users\dhadu\AppData\Roaming\Python\Python311\site-packages\pycaret\internal\metrics.py:204: FitFailedWarning: Metric 'make_scorer(roc_auc_score, response_method=('decision_function', 'predict_proba'), average=weighted, multi_class=ovr)' failed and error score 0.0 has been returned instead. If this is a custom metric, this usually means that the error is in the metric code. Full exception below:
Traceback (most recent call last):
  File "C:\Users\dhadu\AppData\Roaming\Python\Python311\site-packages\pycaret\internal\metrics.py", line 196, in _score
    return super()._score(
           ^^^^^^^^^^^^^^^
  File "C:\Users\dhadu\AppData\Roaming\Python\Python311\site-packages\sklearn\metrics\_scorer.py", line 350, in _score
    return self._sign * self._score_func(y_true, y_pred, **scoring_kwargs)
                        ^^^^^^^^^^^^^^^^^^^^^^^^^^^^^^^^^^^^^^^^^^^^^^^^^^
  File "C:\Users\dhadu\AppData\Roaming\Python\Python311\site-packages\pycaret\internal\metrics.py", line 144, in __call__
    return self.score_func(y_true, y_pred, **kwargs)
           ^^^^^^^^^^^^^^^^^^^^^^^^^^^^^^^^^^^^^^^^^
  File "C:\Users\dhadu\AppData\Roaming\Python\Python311\site-packages\sklearn\utils\_param_validation.py", line 213, in wrapper
    return func(*args, **kwargs)
           ^^^^^^^^^^^^^^^^^^^^^
  File "C:\Users\dhadu\AppData\Roaming\Python\Python311\site-packages\sklearn\metrics\_ranking.py", line 634, in roc_auc_score
    return _multiclass_roc_auc_score(
           ^^^^^^^^^^^^^^^^^^^^^^^^^^
  File "C:\Users\dhadu\AppData\Roaming\Python\Python311\site-packages\sklearn\metrics\_ranking.py", line 707, in _multiclass_roc_auc_score
    raise ValueError(
ValueError: Target scores need to be probabilities for multiclass roc_auc, i.e. they should sum up to 1.0 over classes


2025-10-27 15:11:31,948:WARNING:C:\Users\dhadu\AppData\Roaming\Python\Python311\site-packages\pycaret\internal\metrics.py:204: FitFailedWarning: Metric 'make_scorer(roc_auc_score, response_method=('decision_function', 'predict_proba'), average=weighted, multi_class=ovr)' failed and error score 0.0 has been returned instead. If this is a custom metric, this usually means that the error is in the metric code. Full exception below:
Traceback (most recent call last):
  File "C:\Users\dhadu\AppData\Roaming\Python\Python311\site-packages\pycaret\internal\metrics.py", line 196, in _score
    return super()._score(
           ^^^^^^^^^^^^^^^
  File "C:\Users\dhadu\AppData\Roaming\Python\Python311\site-packages\sklearn\metrics\_scorer.py", line 350, in _score
    return self._sign * self._score_func(y_true, y_pred, **scoring_kwargs)
                        ^^^^^^^^^^^^^^^^^^^^^^^^^^^^^^^^^^^^^^^^^^^^^^^^^^
  File "C:\Users\dhadu\AppData\Roaming\Python\Python311\site-packages\pycaret\internal\metrics.py", line 144, in __call__
    return self.score_func(y_true, y_pred, **kwargs)
           ^^^^^^^^^^^^^^^^^^^^^^^^^^^^^^^^^^^^^^^^^
  File "C:\Users\dhadu\AppData\Roaming\Python\Python311\site-packages\sklearn\utils\_param_validation.py", line 213, in wrapper
    return func(*args, **kwargs)
           ^^^^^^^^^^^^^^^^^^^^^
  File "C:\Users\dhadu\AppData\Roaming\Python\Python311\site-packages\sklearn\metrics\_ranking.py", line 634, in roc_auc_score
    return _multiclass_roc_auc_score(
           ^^^^^^^^^^^^^^^^^^^^^^^^^^
  File "C:\Users\dhadu\AppData\Roaming\Python\Python311\site-packages\sklearn\metrics\_ranking.py", line 707, in _multiclass_roc_auc_score
    raise ValueError(
ValueError: Target scores need to be probabilities for multiclass roc_auc, i.e. they should sum up to 1.0 over classes


2025-10-27 15:11:31,958:INFO:Calculating mean and std
2025-10-27 15:11:31,960:INFO:Creating metrics dataframe
2025-10-27 15:11:31,962:INFO:Uploading results into container
2025-10-27 15:11:31,962:INFO:Uploading model into container now
2025-10-27 15:11:31,963:INFO:_master_model_container: 5
2025-10-27 15:11:31,963:INFO:_display_container: 2
2025-10-27 15:11:31,963:INFO:SGDClassifier(alpha=0.0001, average=False, class_weight=None,
              early_stopping=False, epsilon=0.1, eta0=0.001, fit_intercept=True,
              l1_ratio=0.15, learning_rate='optimal', loss='hinge',
              max_iter=1000, n_iter_no_change=5, n_jobs=-1, penalty='l2',
              power_t=0.5, random_state=123, shuffle=True, tol=0.001,
              validation_fraction=0.1, verbose=0, warm_start=False)
2025-10-27 15:11:31,964:INFO:create_model() successfully completed......................................
2025-10-27 15:11:32,187:INFO:SubProcess create_model() end ==================================
2025-10-27 15:11:32,188:INFO:Creating metrics dataframe
2025-10-27 15:11:32,225:INFO:Initializing Ridge Classifier
2025-10-27 15:11:32,226:INFO:Total runtime is 0.17518059412638345 minutes
2025-10-27 15:11:32,240:INFO:SubProcess create_model() called ==================================
2025-10-27 15:11:32,241:INFO:Initializing create_model()
2025-10-27 15:11:32,241:INFO:create_model(self=<pycaret.classification.oop.ClassificationExperiment object at 0x0000014C74C2F610>, estimator=ridge, fold=StratifiedKFold(n_splits=10, random_state=None, shuffle=False), round=4, cross_validation=True, predict=True, fit_kwargs={}, groups=None, refit=False, probability_threshold=None, experiment_custom_tags=None, verbose=False, system=False, add_to_model_list=True, metrics=None, display=<pycaret.internal.display.display.CommonDisplay object at 0x0000014C255B6590>, model_only=True, return_train_score=False, error_score=0.0, kwargs={})
2025-10-27 15:11:32,242:INFO:Checking exceptions
2025-10-27 15:11:32,242:INFO:Importing libraries
2025-10-27 15:11:32,243:INFO:Copying training dataset
2025-10-27 15:11:32,275:INFO:Defining folds
2025-10-27 15:11:32,275:INFO:Declaring metric variables
2025-10-27 15:11:32,315:INFO:Importing untrained model
2025-10-27 15:11:32,334:INFO:Ridge Classifier Imported successfully
2025-10-27 15:11:32,389:INFO:Starting cross validation
2025-10-27 15:11:32,396:INFO:Cross validating with StratifiedKFold(n_splits=10, random_state=None, shuffle=False), n_jobs=1
2025-10-27 15:11:32,582:WARNING:C:\Users\dhadu\AppData\Roaming\Python\Python311\site-packages\pycaret\internal\metrics.py:204: FitFailedWarning: Metric 'make_scorer(roc_auc_score, response_method=('decision_function', 'predict_proba'), average=weighted, multi_class=ovr)' failed and error score 0.0 has been returned instead. If this is a custom metric, this usually means that the error is in the metric code. Full exception below:
Traceback (most recent call last):
  File "C:\Users\dhadu\AppData\Roaming\Python\Python311\site-packages\pycaret\internal\metrics.py", line 196, in _score
    return super()._score(
           ^^^^^^^^^^^^^^^
  File "C:\Users\dhadu\AppData\Roaming\Python\Python311\site-packages\sklearn\metrics\_scorer.py", line 350, in _score
    return self._sign * self._score_func(y_true, y_pred, **scoring_kwargs)
                        ^^^^^^^^^^^^^^^^^^^^^^^^^^^^^^^^^^^^^^^^^^^^^^^^^^
  File "C:\Users\dhadu\AppData\Roaming\Python\Python311\site-packages\pycaret\internal\metrics.py", line 144, in __call__
    return self.score_func(y_true, y_pred, **kwargs)
           ^^^^^^^^^^^^^^^^^^^^^^^^^^^^^^^^^^^^^^^^^
  File "C:\Users\dhadu\AppData\Roaming\Python\Python311\site-packages\sklearn\utils\_param_validation.py", line 213, in wrapper
    return func(*args, **kwargs)
           ^^^^^^^^^^^^^^^^^^^^^
  File "C:\Users\dhadu\AppData\Roaming\Python\Python311\site-packages\sklearn\metrics\_ranking.py", line 634, in roc_auc_score
    return _multiclass_roc_auc_score(
           ^^^^^^^^^^^^^^^^^^^^^^^^^^
  File "C:\Users\dhadu\AppData\Roaming\Python\Python311\site-packages\sklearn\metrics\_ranking.py", line 707, in _multiclass_roc_auc_score
    raise ValueError(
ValueError: Target scores need to be probabilities for multiclass roc_auc, i.e. they should sum up to 1.0 over classes


2025-10-27 15:11:32,752:WARNING:C:\Users\dhadu\AppData\Roaming\Python\Python311\site-packages\pycaret\internal\metrics.py:204: FitFailedWarning: Metric 'make_scorer(roc_auc_score, response_method=('decision_function', 'predict_proba'), average=weighted, multi_class=ovr)' failed and error score 0.0 has been returned instead. If this is a custom metric, this usually means that the error is in the metric code. Full exception below:
Traceback (most recent call last):
  File "C:\Users\dhadu\AppData\Roaming\Python\Python311\site-packages\pycaret\internal\metrics.py", line 196, in _score
    return super()._score(
           ^^^^^^^^^^^^^^^
  File "C:\Users\dhadu\AppData\Roaming\Python\Python311\site-packages\sklearn\metrics\_scorer.py", line 350, in _score
    return self._sign * self._score_func(y_true, y_pred, **scoring_kwargs)
                        ^^^^^^^^^^^^^^^^^^^^^^^^^^^^^^^^^^^^^^^^^^^^^^^^^^
  File "C:\Users\dhadu\AppData\Roaming\Python\Python311\site-packages\pycaret\internal\metrics.py", line 144, in __call__
    return self.score_func(y_true, y_pred, **kwargs)
           ^^^^^^^^^^^^^^^^^^^^^^^^^^^^^^^^^^^^^^^^^
  File "C:\Users\dhadu\AppData\Roaming\Python\Python311\site-packages\sklearn\utils\_param_validation.py", line 213, in wrapper
    return func(*args, **kwargs)
           ^^^^^^^^^^^^^^^^^^^^^
  File "C:\Users\dhadu\AppData\Roaming\Python\Python311\site-packages\sklearn\metrics\_ranking.py", line 634, in roc_auc_score
    return _multiclass_roc_auc_score(
           ^^^^^^^^^^^^^^^^^^^^^^^^^^
  File "C:\Users\dhadu\AppData\Roaming\Python\Python311\site-packages\sklearn\metrics\_ranking.py", line 707, in _multiclass_roc_auc_score
    raise ValueError(
ValueError: Target scores need to be probabilities for multiclass roc_auc, i.e. they should sum up to 1.0 over classes


2025-10-27 15:11:32,871:WARNING:C:\Users\dhadu\AppData\Roaming\Python\Python311\site-packages\pycaret\internal\metrics.py:204: FitFailedWarning: Metric 'make_scorer(roc_auc_score, response_method=('decision_function', 'predict_proba'), average=weighted, multi_class=ovr)' failed and error score 0.0 has been returned instead. If this is a custom metric, this usually means that the error is in the metric code. Full exception below:
Traceback (most recent call last):
  File "C:\Users\dhadu\AppData\Roaming\Python\Python311\site-packages\pycaret\internal\metrics.py", line 196, in _score
    return super()._score(
           ^^^^^^^^^^^^^^^
  File "C:\Users\dhadu\AppData\Roaming\Python\Python311\site-packages\sklearn\metrics\_scorer.py", line 350, in _score
    return self._sign * self._score_func(y_true, y_pred, **scoring_kwargs)
                        ^^^^^^^^^^^^^^^^^^^^^^^^^^^^^^^^^^^^^^^^^^^^^^^^^^
  File "C:\Users\dhadu\AppData\Roaming\Python\Python311\site-packages\pycaret\internal\metrics.py", line 144, in __call__
    return self.score_func(y_true, y_pred, **kwargs)
           ^^^^^^^^^^^^^^^^^^^^^^^^^^^^^^^^^^^^^^^^^
  File "C:\Users\dhadu\AppData\Roaming\Python\Python311\site-packages\sklearn\utils\_param_validation.py", line 213, in wrapper
    return func(*args, **kwargs)
           ^^^^^^^^^^^^^^^^^^^^^
  File "C:\Users\dhadu\AppData\Roaming\Python\Python311\site-packages\sklearn\metrics\_ranking.py", line 634, in roc_auc_score
    return _multiclass_roc_auc_score(
           ^^^^^^^^^^^^^^^^^^^^^^^^^^
  File "C:\Users\dhadu\AppData\Roaming\Python\Python311\site-packages\sklearn\metrics\_ranking.py", line 707, in _multiclass_roc_auc_score
    raise ValueError(
ValueError: Target scores need to be probabilities for multiclass roc_auc, i.e. they should sum up to 1.0 over classes


2025-10-27 15:11:32,993:WARNING:C:\Users\dhadu\AppData\Roaming\Python\Python311\site-packages\pycaret\internal\metrics.py:204: FitFailedWarning: Metric 'make_scorer(roc_auc_score, response_method=('decision_function', 'predict_proba'), average=weighted, multi_class=ovr)' failed and error score 0.0 has been returned instead. If this is a custom metric, this usually means that the error is in the metric code. Full exception below:
Traceback (most recent call last):
  File "C:\Users\dhadu\AppData\Roaming\Python\Python311\site-packages\pycaret\internal\metrics.py", line 196, in _score
    return super()._score(
           ^^^^^^^^^^^^^^^
  File "C:\Users\dhadu\AppData\Roaming\Python\Python311\site-packages\sklearn\metrics\_scorer.py", line 350, in _score
    return self._sign * self._score_func(y_true, y_pred, **scoring_kwargs)
                        ^^^^^^^^^^^^^^^^^^^^^^^^^^^^^^^^^^^^^^^^^^^^^^^^^^
  File "C:\Users\dhadu\AppData\Roaming\Python\Python311\site-packages\pycaret\internal\metrics.py", line 144, in __call__
    return self.score_func(y_true, y_pred, **kwargs)
           ^^^^^^^^^^^^^^^^^^^^^^^^^^^^^^^^^^^^^^^^^
  File "C:\Users\dhadu\AppData\Roaming\Python\Python311\site-packages\sklearn\utils\_param_validation.py", line 213, in wrapper
    return func(*args, **kwargs)
           ^^^^^^^^^^^^^^^^^^^^^
  File "C:\Users\dhadu\AppData\Roaming\Python\Python311\site-packages\sklearn\metrics\_ranking.py", line 634, in roc_auc_score
    return _multiclass_roc_auc_score(
           ^^^^^^^^^^^^^^^^^^^^^^^^^^
  File "C:\Users\dhadu\AppData\Roaming\Python\Python311\site-packages\sklearn\metrics\_ranking.py", line 707, in _multiclass_roc_auc_score
    raise ValueError(
ValueError: Target scores need to be probabilities for multiclass roc_auc, i.e. they should sum up to 1.0 over classes


2025-10-27 15:11:33,125:WARNING:C:\Users\dhadu\AppData\Roaming\Python\Python311\site-packages\pycaret\internal\metrics.py:204: FitFailedWarning: Metric 'make_scorer(roc_auc_score, response_method=('decision_function', 'predict_proba'), average=weighted, multi_class=ovr)' failed and error score 0.0 has been returned instead. If this is a custom metric, this usually means that the error is in the metric code. Full exception below:
Traceback (most recent call last):
  File "C:\Users\dhadu\AppData\Roaming\Python\Python311\site-packages\pycaret\internal\metrics.py", line 196, in _score
    return super()._score(
           ^^^^^^^^^^^^^^^
  File "C:\Users\dhadu\AppData\Roaming\Python\Python311\site-packages\sklearn\metrics\_scorer.py", line 350, in _score
    return self._sign * self._score_func(y_true, y_pred, **scoring_kwargs)
                        ^^^^^^^^^^^^^^^^^^^^^^^^^^^^^^^^^^^^^^^^^^^^^^^^^^
  File "C:\Users\dhadu\AppData\Roaming\Python\Python311\site-packages\pycaret\internal\metrics.py", line 144, in __call__
    return self.score_func(y_true, y_pred, **kwargs)
           ^^^^^^^^^^^^^^^^^^^^^^^^^^^^^^^^^^^^^^^^^
  File "C:\Users\dhadu\AppData\Roaming\Python\Python311\site-packages\sklearn\utils\_param_validation.py", line 213, in wrapper
    return func(*args, **kwargs)
           ^^^^^^^^^^^^^^^^^^^^^
  File "C:\Users\dhadu\AppData\Roaming\Python\Python311\site-packages\sklearn\metrics\_ranking.py", line 634, in roc_auc_score
    return _multiclass_roc_auc_score(
           ^^^^^^^^^^^^^^^^^^^^^^^^^^
  File "C:\Users\dhadu\AppData\Roaming\Python\Python311\site-packages\sklearn\metrics\_ranking.py", line 707, in _multiclass_roc_auc_score
    raise ValueError(
ValueError: Target scores need to be probabilities for multiclass roc_auc, i.e. they should sum up to 1.0 over classes


2025-10-27 15:11:33,282:WARNING:C:\Users\dhadu\AppData\Roaming\Python\Python311\site-packages\pycaret\internal\metrics.py:204: FitFailedWarning: Metric 'make_scorer(roc_auc_score, response_method=('decision_function', 'predict_proba'), average=weighted, multi_class=ovr)' failed and error score 0.0 has been returned instead. If this is a custom metric, this usually means that the error is in the metric code. Full exception below:
Traceback (most recent call last):
  File "C:\Users\dhadu\AppData\Roaming\Python\Python311\site-packages\pycaret\internal\metrics.py", line 196, in _score
    return super()._score(
           ^^^^^^^^^^^^^^^
  File "C:\Users\dhadu\AppData\Roaming\Python\Python311\site-packages\sklearn\metrics\_scorer.py", line 350, in _score
    return self._sign * self._score_func(y_true, y_pred, **scoring_kwargs)
                        ^^^^^^^^^^^^^^^^^^^^^^^^^^^^^^^^^^^^^^^^^^^^^^^^^^
  File "C:\Users\dhadu\AppData\Roaming\Python\Python311\site-packages\pycaret\internal\metrics.py", line 144, in __call__
    return self.score_func(y_true, y_pred, **kwargs)
           ^^^^^^^^^^^^^^^^^^^^^^^^^^^^^^^^^^^^^^^^^
  File "C:\Users\dhadu\AppData\Roaming\Python\Python311\site-packages\sklearn\utils\_param_validation.py", line 213, in wrapper
    return func(*args, **kwargs)
           ^^^^^^^^^^^^^^^^^^^^^
  File "C:\Users\dhadu\AppData\Roaming\Python\Python311\site-packages\sklearn\metrics\_ranking.py", line 634, in roc_auc_score
    return _multiclass_roc_auc_score(
           ^^^^^^^^^^^^^^^^^^^^^^^^^^
  File "C:\Users\dhadu\AppData\Roaming\Python\Python311\site-packages\sklearn\metrics\_ranking.py", line 707, in _multiclass_roc_auc_score
    raise ValueError(
ValueError: Target scores need to be probabilities for multiclass roc_auc, i.e. they should sum up to 1.0 over classes


2025-10-27 15:11:33,404:WARNING:C:\Users\dhadu\AppData\Roaming\Python\Python311\site-packages\pycaret\internal\metrics.py:204: FitFailedWarning: Metric 'make_scorer(roc_auc_score, response_method=('decision_function', 'predict_proba'), average=weighted, multi_class=ovr)' failed and error score 0.0 has been returned instead. If this is a custom metric, this usually means that the error is in the metric code. Full exception below:
Traceback (most recent call last):
  File "C:\Users\dhadu\AppData\Roaming\Python\Python311\site-packages\pycaret\internal\metrics.py", line 196, in _score
    return super()._score(
           ^^^^^^^^^^^^^^^
  File "C:\Users\dhadu\AppData\Roaming\Python\Python311\site-packages\sklearn\metrics\_scorer.py", line 350, in _score
    return self._sign * self._score_func(y_true, y_pred, **scoring_kwargs)
                        ^^^^^^^^^^^^^^^^^^^^^^^^^^^^^^^^^^^^^^^^^^^^^^^^^^
  File "C:\Users\dhadu\AppData\Roaming\Python\Python311\site-packages\pycaret\internal\metrics.py", line 144, in __call__
    return self.score_func(y_true, y_pred, **kwargs)
           ^^^^^^^^^^^^^^^^^^^^^^^^^^^^^^^^^^^^^^^^^
  File "C:\Users\dhadu\AppData\Roaming\Python\Python311\site-packages\sklearn\utils\_param_validation.py", line 213, in wrapper
    return func(*args, **kwargs)
           ^^^^^^^^^^^^^^^^^^^^^
  File "C:\Users\dhadu\AppData\Roaming\Python\Python311\site-packages\sklearn\metrics\_ranking.py", line 634, in roc_auc_score
    return _multiclass_roc_auc_score(
           ^^^^^^^^^^^^^^^^^^^^^^^^^^
  File "C:\Users\dhadu\AppData\Roaming\Python\Python311\site-packages\sklearn\metrics\_ranking.py", line 707, in _multiclass_roc_auc_score
    raise ValueError(
ValueError: Target scores need to be probabilities for multiclass roc_auc, i.e. they should sum up to 1.0 over classes


2025-10-27 15:11:33,529:WARNING:C:\Users\dhadu\AppData\Roaming\Python\Python311\site-packages\pycaret\internal\metrics.py:204: FitFailedWarning: Metric 'make_scorer(roc_auc_score, response_method=('decision_function', 'predict_proba'), average=weighted, multi_class=ovr)' failed and error score 0.0 has been returned instead. If this is a custom metric, this usually means that the error is in the metric code. Full exception below:
Traceback (most recent call last):
  File "C:\Users\dhadu\AppData\Roaming\Python\Python311\site-packages\pycaret\internal\metrics.py", line 196, in _score
    return super()._score(
           ^^^^^^^^^^^^^^^
  File "C:\Users\dhadu\AppData\Roaming\Python\Python311\site-packages\sklearn\metrics\_scorer.py", line 350, in _score
    return self._sign * self._score_func(y_true, y_pred, **scoring_kwargs)
                        ^^^^^^^^^^^^^^^^^^^^^^^^^^^^^^^^^^^^^^^^^^^^^^^^^^
  File "C:\Users\dhadu\AppData\Roaming\Python\Python311\site-packages\pycaret\internal\metrics.py", line 144, in __call__
    return self.score_func(y_true, y_pred, **kwargs)
           ^^^^^^^^^^^^^^^^^^^^^^^^^^^^^^^^^^^^^^^^^
  File "C:\Users\dhadu\AppData\Roaming\Python\Python311\site-packages\sklearn\utils\_param_validation.py", line 213, in wrapper
    return func(*args, **kwargs)
           ^^^^^^^^^^^^^^^^^^^^^
  File "C:\Users\dhadu\AppData\Roaming\Python\Python311\site-packages\sklearn\metrics\_ranking.py", line 634, in roc_auc_score
    return _multiclass_roc_auc_score(
           ^^^^^^^^^^^^^^^^^^^^^^^^^^
  File "C:\Users\dhadu\AppData\Roaming\Python\Python311\site-packages\sklearn\metrics\_ranking.py", line 707, in _multiclass_roc_auc_score
    raise ValueError(
ValueError: Target scores need to be probabilities for multiclass roc_auc, i.e. they should sum up to 1.0 over classes


2025-10-27 15:11:33,647:WARNING:C:\Users\dhadu\AppData\Roaming\Python\Python311\site-packages\pycaret\internal\metrics.py:204: FitFailedWarning: Metric 'make_scorer(roc_auc_score, response_method=('decision_function', 'predict_proba'), average=weighted, multi_class=ovr)' failed and error score 0.0 has been returned instead. If this is a custom metric, this usually means that the error is in the metric code. Full exception below:
Traceback (most recent call last):
  File "C:\Users\dhadu\AppData\Roaming\Python\Python311\site-packages\pycaret\internal\metrics.py", line 196, in _score
    return super()._score(
           ^^^^^^^^^^^^^^^
  File "C:\Users\dhadu\AppData\Roaming\Python\Python311\site-packages\sklearn\metrics\_scorer.py", line 350, in _score
    return self._sign * self._score_func(y_true, y_pred, **scoring_kwargs)
                        ^^^^^^^^^^^^^^^^^^^^^^^^^^^^^^^^^^^^^^^^^^^^^^^^^^
  File "C:\Users\dhadu\AppData\Roaming\Python\Python311\site-packages\pycaret\internal\metrics.py", line 144, in __call__
    return self.score_func(y_true, y_pred, **kwargs)
           ^^^^^^^^^^^^^^^^^^^^^^^^^^^^^^^^^^^^^^^^^
  File "C:\Users\dhadu\AppData\Roaming\Python\Python311\site-packages\sklearn\utils\_param_validation.py", line 213, in wrapper
    return func(*args, **kwargs)
           ^^^^^^^^^^^^^^^^^^^^^
  File "C:\Users\dhadu\AppData\Roaming\Python\Python311\site-packages\sklearn\metrics\_ranking.py", line 634, in roc_auc_score
    return _multiclass_roc_auc_score(
           ^^^^^^^^^^^^^^^^^^^^^^^^^^
  File "C:\Users\dhadu\AppData\Roaming\Python\Python311\site-packages\sklearn\metrics\_ranking.py", line 707, in _multiclass_roc_auc_score
    raise ValueError(
ValueError: Target scores need to be probabilities for multiclass roc_auc, i.e. they should sum up to 1.0 over classes


2025-10-27 15:11:33,776:WARNING:C:\Users\dhadu\AppData\Roaming\Python\Python311\site-packages\pycaret\internal\metrics.py:204: FitFailedWarning: Metric 'make_scorer(roc_auc_score, response_method=('decision_function', 'predict_proba'), average=weighted, multi_class=ovr)' failed and error score 0.0 has been returned instead. If this is a custom metric, this usually means that the error is in the metric code. Full exception below:
Traceback (most recent call last):
  File "C:\Users\dhadu\AppData\Roaming\Python\Python311\site-packages\pycaret\internal\metrics.py", line 196, in _score
    return super()._score(
           ^^^^^^^^^^^^^^^
  File "C:\Users\dhadu\AppData\Roaming\Python\Python311\site-packages\sklearn\metrics\_scorer.py", line 350, in _score
    return self._sign * self._score_func(y_true, y_pred, **scoring_kwargs)
                        ^^^^^^^^^^^^^^^^^^^^^^^^^^^^^^^^^^^^^^^^^^^^^^^^^^
  File "C:\Users\dhadu\AppData\Roaming\Python\Python311\site-packages\pycaret\internal\metrics.py", line 144, in __call__
    return self.score_func(y_true, y_pred, **kwargs)
           ^^^^^^^^^^^^^^^^^^^^^^^^^^^^^^^^^^^^^^^^^
  File "C:\Users\dhadu\AppData\Roaming\Python\Python311\site-packages\sklearn\utils\_param_validation.py", line 213, in wrapper
    return func(*args, **kwargs)
           ^^^^^^^^^^^^^^^^^^^^^
  File "C:\Users\dhadu\AppData\Roaming\Python\Python311\site-packages\sklearn\metrics\_ranking.py", line 634, in roc_auc_score
    return _multiclass_roc_auc_score(
           ^^^^^^^^^^^^^^^^^^^^^^^^^^
  File "C:\Users\dhadu\AppData\Roaming\Python\Python311\site-packages\sklearn\metrics\_ranking.py", line 707, in _multiclass_roc_auc_score
    raise ValueError(
ValueError: Target scores need to be probabilities for multiclass roc_auc, i.e. they should sum up to 1.0 over classes


2025-10-27 15:11:33,786:INFO:Calculating mean and std
2025-10-27 15:11:33,787:INFO:Creating metrics dataframe
2025-10-27 15:11:33,789:INFO:Uploading results into container
2025-10-27 15:11:33,790:INFO:Uploading model into container now
2025-10-27 15:11:33,790:INFO:_master_model_container: 6
2025-10-27 15:11:33,790:INFO:_display_container: 2
2025-10-27 15:11:33,791:INFO:RidgeClassifier(alpha=1.0, class_weight=None, copy_X=True, fit_intercept=True,
                max_iter=None, positive=False, random_state=123, solver='auto',
                tol=0.0001)
2025-10-27 15:11:33,791:INFO:create_model() successfully completed......................................
2025-10-27 15:11:34,009:INFO:SubProcess create_model() end ==================================
2025-10-27 15:11:34,009:INFO:Creating metrics dataframe
2025-10-27 15:11:34,037:INFO:Initializing Random Forest Classifier
2025-10-27 15:11:34,038:INFO:Total runtime is 0.20540308554967243 minutes
2025-10-27 15:11:34,049:INFO:SubProcess create_model() called ==================================
2025-10-27 15:11:34,050:INFO:Initializing create_model()
2025-10-27 15:11:34,050:INFO:create_model(self=<pycaret.classification.oop.ClassificationExperiment object at 0x0000014C74C2F610>, estimator=rf, fold=StratifiedKFold(n_splits=10, random_state=None, shuffle=False), round=4, cross_validation=True, predict=True, fit_kwargs={}, groups=None, refit=False, probability_threshold=None, experiment_custom_tags=None, verbose=False, system=False, add_to_model_list=True, metrics=None, display=<pycaret.internal.display.display.CommonDisplay object at 0x0000014C255B6590>, model_only=True, return_train_score=False, error_score=0.0, kwargs={})
2025-10-27 15:11:34,050:INFO:Checking exceptions
2025-10-27 15:11:34,051:INFO:Importing libraries
2025-10-27 15:11:34,051:INFO:Copying training dataset
2025-10-27 15:11:34,076:INFO:Defining folds
2025-10-27 15:11:34,076:INFO:Declaring metric variables
2025-10-27 15:11:34,087:INFO:Importing untrained model
2025-10-27 15:11:34,101:INFO:Random Forest Classifier Imported successfully
2025-10-27 15:11:34,123:INFO:Starting cross validation
2025-10-27 15:11:34,126:INFO:Cross validating with StratifiedKFold(n_splits=10, random_state=None, shuffle=False), n_jobs=1
2025-10-27 15:11:39,820:INFO:Calculating mean and std
2025-10-27 15:11:39,821:INFO:Creating metrics dataframe
2025-10-27 15:11:39,823:INFO:Uploading results into container
2025-10-27 15:11:39,825:INFO:Uploading model into container now
2025-10-27 15:11:39,825:INFO:_master_model_container: 7
2025-10-27 15:11:39,825:INFO:_display_container: 2
2025-10-27 15:11:39,826:INFO:RandomForestClassifier(bootstrap=True, ccp_alpha=0.0, class_weight=None,
                       criterion='gini', max_depth=None, max_features='sqrt',
                       max_leaf_nodes=None, max_samples=None,
                       min_impurity_decrease=0.0, min_samples_leaf=1,
                       min_samples_split=2, min_weight_fraction_leaf=0.0,
                       monotonic_cst=None, n_estimators=100, n_jobs=-1,
                       oob_score=False, random_state=123, verbose=0,
                       warm_start=False)
2025-10-27 15:11:39,826:INFO:create_model() successfully completed......................................
2025-10-27 15:11:40,084:INFO:SubProcess create_model() end ==================================
2025-10-27 15:11:40,084:INFO:Creating metrics dataframe
2025-10-27 15:11:40,111:INFO:Initializing Quadratic Discriminant Analysis
2025-10-27 15:11:40,111:INFO:Total runtime is 0.30660857756932575 minutes
2025-10-27 15:11:40,121:INFO:SubProcess create_model() called ==================================
2025-10-27 15:11:40,123:INFO:Initializing create_model()
2025-10-27 15:11:40,123:INFO:create_model(self=<pycaret.classification.oop.ClassificationExperiment object at 0x0000014C74C2F610>, estimator=qda, fold=StratifiedKFold(n_splits=10, random_state=None, shuffle=False), round=4, cross_validation=True, predict=True, fit_kwargs={}, groups=None, refit=False, probability_threshold=None, experiment_custom_tags=None, verbose=False, system=False, add_to_model_list=True, metrics=None, display=<pycaret.internal.display.display.CommonDisplay object at 0x0000014C255B6590>, model_only=True, return_train_score=False, error_score=0.0, kwargs={})
2025-10-27 15:11:40,123:INFO:Checking exceptions
2025-10-27 15:11:40,123:INFO:Importing libraries
2025-10-27 15:11:40,125:INFO:Copying training dataset
2025-10-27 15:11:40,145:INFO:Defining folds
2025-10-27 15:11:40,145:INFO:Declaring metric variables
2025-10-27 15:11:40,153:INFO:Importing untrained model
2025-10-27 15:11:40,165:INFO:Quadratic Discriminant Analysis Imported successfully
2025-10-27 15:11:40,184:INFO:Starting cross validation
2025-10-27 15:11:40,186:INFO:Cross validating with StratifiedKFold(n_splits=10, random_state=None, shuffle=False), n_jobs=1
2025-10-27 15:11:40,587:WARNING:C:\Users\dhadu\AppData\Roaming\Python\Python311\site-packages\pycaret\internal\metrics.py:204: FitFailedWarning: Metric 'make_scorer(roc_auc_score, response_method=('decision_function', 'predict_proba'), average=weighted, multi_class=ovr)' failed and error score 0.0 has been returned instead. If this is a custom metric, this usually means that the error is in the metric code. Full exception below:
Traceback (most recent call last):
  File "C:\Users\dhadu\AppData\Roaming\Python\Python311\site-packages\pycaret\internal\metrics.py", line 196, in _score
    return super()._score(
           ^^^^^^^^^^^^^^^
  File "C:\Users\dhadu\AppData\Roaming\Python\Python311\site-packages\sklearn\metrics\_scorer.py", line 350, in _score
    return self._sign * self._score_func(y_true, y_pred, **scoring_kwargs)
                        ^^^^^^^^^^^^^^^^^^^^^^^^^^^^^^^^^^^^^^^^^^^^^^^^^^
  File "C:\Users\dhadu\AppData\Roaming\Python\Python311\site-packages\pycaret\internal\metrics.py", line 144, in __call__
    return self.score_func(y_true, y_pred, **kwargs)
           ^^^^^^^^^^^^^^^^^^^^^^^^^^^^^^^^^^^^^^^^^
  File "C:\Users\dhadu\AppData\Roaming\Python\Python311\site-packages\sklearn\utils\_param_validation.py", line 213, in wrapper
    return func(*args, **kwargs)
           ^^^^^^^^^^^^^^^^^^^^^
  File "C:\Users\dhadu\AppData\Roaming\Python\Python311\site-packages\sklearn\metrics\_ranking.py", line 634, in roc_auc_score
    return _multiclass_roc_auc_score(
           ^^^^^^^^^^^^^^^^^^^^^^^^^^
  File "C:\Users\dhadu\AppData\Roaming\Python\Python311\site-packages\sklearn\metrics\_ranking.py", line 707, in _multiclass_roc_auc_score
    raise ValueError(
ValueError: Target scores need to be probabilities for multiclass roc_auc, i.e. they should sum up to 1.0 over classes


2025-10-27 15:11:40,999:WARNING:C:\Users\dhadu\AppData\Roaming\Python\Python311\site-packages\pycaret\internal\metrics.py:204: FitFailedWarning: Metric 'make_scorer(roc_auc_score, response_method=('decision_function', 'predict_proba'), average=weighted, multi_class=ovr)' failed and error score 0.0 has been returned instead. If this is a custom metric, this usually means that the error is in the metric code. Full exception below:
Traceback (most recent call last):
  File "C:\Users\dhadu\AppData\Roaming\Python\Python311\site-packages\pycaret\internal\metrics.py", line 196, in _score
    return super()._score(
           ^^^^^^^^^^^^^^^
  File "C:\Users\dhadu\AppData\Roaming\Python\Python311\site-packages\sklearn\metrics\_scorer.py", line 350, in _score
    return self._sign * self._score_func(y_true, y_pred, **scoring_kwargs)
                        ^^^^^^^^^^^^^^^^^^^^^^^^^^^^^^^^^^^^^^^^^^^^^^^^^^
  File "C:\Users\dhadu\AppData\Roaming\Python\Python311\site-packages\pycaret\internal\metrics.py", line 144, in __call__
    return self.score_func(y_true, y_pred, **kwargs)
           ^^^^^^^^^^^^^^^^^^^^^^^^^^^^^^^^^^^^^^^^^
  File "C:\Users\dhadu\AppData\Roaming\Python\Python311\site-packages\sklearn\utils\_param_validation.py", line 213, in wrapper
    return func(*args, **kwargs)
           ^^^^^^^^^^^^^^^^^^^^^
  File "C:\Users\dhadu\AppData\Roaming\Python\Python311\site-packages\sklearn\metrics\_ranking.py", line 634, in roc_auc_score
    return _multiclass_roc_auc_score(
           ^^^^^^^^^^^^^^^^^^^^^^^^^^
  File "C:\Users\dhadu\AppData\Roaming\Python\Python311\site-packages\sklearn\metrics\_ranking.py", line 707, in _multiclass_roc_auc_score
    raise ValueError(
ValueError: Target scores need to be probabilities for multiclass roc_auc, i.e. they should sum up to 1.0 over classes


2025-10-27 15:11:41,441:WARNING:C:\Users\dhadu\AppData\Roaming\Python\Python311\site-packages\pycaret\internal\metrics.py:204: FitFailedWarning: Metric 'make_scorer(roc_auc_score, response_method=('decision_function', 'predict_proba'), average=weighted, multi_class=ovr)' failed and error score 0.0 has been returned instead. If this is a custom metric, this usually means that the error is in the metric code. Full exception below:
Traceback (most recent call last):
  File "C:\Users\dhadu\AppData\Roaming\Python\Python311\site-packages\pycaret\internal\metrics.py", line 196, in _score
    return super()._score(
           ^^^^^^^^^^^^^^^
  File "C:\Users\dhadu\AppData\Roaming\Python\Python311\site-packages\sklearn\metrics\_scorer.py", line 350, in _score
    return self._sign * self._score_func(y_true, y_pred, **scoring_kwargs)
                        ^^^^^^^^^^^^^^^^^^^^^^^^^^^^^^^^^^^^^^^^^^^^^^^^^^
  File "C:\Users\dhadu\AppData\Roaming\Python\Python311\site-packages\pycaret\internal\metrics.py", line 144, in __call__
    return self.score_func(y_true, y_pred, **kwargs)
           ^^^^^^^^^^^^^^^^^^^^^^^^^^^^^^^^^^^^^^^^^
  File "C:\Users\dhadu\AppData\Roaming\Python\Python311\site-packages\sklearn\utils\_param_validation.py", line 213, in wrapper
    return func(*args, **kwargs)
           ^^^^^^^^^^^^^^^^^^^^^
  File "C:\Users\dhadu\AppData\Roaming\Python\Python311\site-packages\sklearn\metrics\_ranking.py", line 634, in roc_auc_score
    return _multiclass_roc_auc_score(
           ^^^^^^^^^^^^^^^^^^^^^^^^^^
  File "C:\Users\dhadu\AppData\Roaming\Python\Python311\site-packages\sklearn\metrics\_ranking.py", line 707, in _multiclass_roc_auc_score
    raise ValueError(
ValueError: Target scores need to be probabilities for multiclass roc_auc, i.e. they should sum up to 1.0 over classes


2025-10-27 15:11:41,867:WARNING:C:\Users\dhadu\AppData\Roaming\Python\Python311\site-packages\pycaret\internal\metrics.py:204: FitFailedWarning: Metric 'make_scorer(roc_auc_score, response_method=('decision_function', 'predict_proba'), average=weighted, multi_class=ovr)' failed and error score 0.0 has been returned instead. If this is a custom metric, this usually means that the error is in the metric code. Full exception below:
Traceback (most recent call last):
  File "C:\Users\dhadu\AppData\Roaming\Python\Python311\site-packages\pycaret\internal\metrics.py", line 196, in _score
    return super()._score(
           ^^^^^^^^^^^^^^^
  File "C:\Users\dhadu\AppData\Roaming\Python\Python311\site-packages\sklearn\metrics\_scorer.py", line 350, in _score
    return self._sign * self._score_func(y_true, y_pred, **scoring_kwargs)
                        ^^^^^^^^^^^^^^^^^^^^^^^^^^^^^^^^^^^^^^^^^^^^^^^^^^
  File "C:\Users\dhadu\AppData\Roaming\Python\Python311\site-packages\pycaret\internal\metrics.py", line 144, in __call__
    return self.score_func(y_true, y_pred, **kwargs)
           ^^^^^^^^^^^^^^^^^^^^^^^^^^^^^^^^^^^^^^^^^
  File "C:\Users\dhadu\AppData\Roaming\Python\Python311\site-packages\sklearn\utils\_param_validation.py", line 213, in wrapper
    return func(*args, **kwargs)
           ^^^^^^^^^^^^^^^^^^^^^
  File "C:\Users\dhadu\AppData\Roaming\Python\Python311\site-packages\sklearn\metrics\_ranking.py", line 634, in roc_auc_score
    return _multiclass_roc_auc_score(
           ^^^^^^^^^^^^^^^^^^^^^^^^^^
  File "C:\Users\dhadu\AppData\Roaming\Python\Python311\site-packages\sklearn\metrics\_ranking.py", line 707, in _multiclass_roc_auc_score
    raise ValueError(
ValueError: Target scores need to be probabilities for multiclass roc_auc, i.e. they should sum up to 1.0 over classes


2025-10-27 15:11:42,054:WARNING:C:\Users\dhadu\AppData\Roaming\Python\Python311\site-packages\pycaret\internal\metrics.py:204: FitFailedWarning: Metric 'make_scorer(roc_auc_score, response_method=('decision_function', 'predict_proba'), average=weighted, multi_class=ovr)' failed and error score 0.0 has been returned instead. If this is a custom metric, this usually means that the error is in the metric code. Full exception below:
Traceback (most recent call last):
  File "C:\Users\dhadu\AppData\Roaming\Python\Python311\site-packages\pycaret\internal\metrics.py", line 196, in _score
    return super()._score(
           ^^^^^^^^^^^^^^^
  File "C:\Users\dhadu\AppData\Roaming\Python\Python311\site-packages\sklearn\metrics\_scorer.py", line 350, in _score
    return self._sign * self._score_func(y_true, y_pred, **scoring_kwargs)
                        ^^^^^^^^^^^^^^^^^^^^^^^^^^^^^^^^^^^^^^^^^^^^^^^^^^
  File "C:\Users\dhadu\AppData\Roaming\Python\Python311\site-packages\pycaret\internal\metrics.py", line 144, in __call__
    return self.score_func(y_true, y_pred, **kwargs)
           ^^^^^^^^^^^^^^^^^^^^^^^^^^^^^^^^^^^^^^^^^
  File "C:\Users\dhadu\AppData\Roaming\Python\Python311\site-packages\sklearn\utils\_param_validation.py", line 213, in wrapper
    return func(*args, **kwargs)
           ^^^^^^^^^^^^^^^^^^^^^
  File "C:\Users\dhadu\AppData\Roaming\Python\Python311\site-packages\sklearn\metrics\_ranking.py", line 634, in roc_auc_score
    return _multiclass_roc_auc_score(
           ^^^^^^^^^^^^^^^^^^^^^^^^^^
  File "C:\Users\dhadu\AppData\Roaming\Python\Python311\site-packages\sklearn\metrics\_ranking.py", line 707, in _multiclass_roc_auc_score
    raise ValueError(
ValueError: Target scores need to be probabilities for multiclass roc_auc, i.e. they should sum up to 1.0 over classes


2025-10-27 15:11:42,186:WARNING:C:\Users\dhadu\AppData\Roaming\Python\Python311\site-packages\pycaret\internal\metrics.py:204: FitFailedWarning: Metric 'make_scorer(roc_auc_score, response_method=('decision_function', 'predict_proba'), average=weighted, multi_class=ovr)' failed and error score 0.0 has been returned instead. If this is a custom metric, this usually means that the error is in the metric code. Full exception below:
Traceback (most recent call last):
  File "C:\Users\dhadu\AppData\Roaming\Python\Python311\site-packages\pycaret\internal\metrics.py", line 196, in _score
    return super()._score(
           ^^^^^^^^^^^^^^^
  File "C:\Users\dhadu\AppData\Roaming\Python\Python311\site-packages\sklearn\metrics\_scorer.py", line 350, in _score
    return self._sign * self._score_func(y_true, y_pred, **scoring_kwargs)
                        ^^^^^^^^^^^^^^^^^^^^^^^^^^^^^^^^^^^^^^^^^^^^^^^^^^
  File "C:\Users\dhadu\AppData\Roaming\Python\Python311\site-packages\pycaret\internal\metrics.py", line 144, in __call__
    return self.score_func(y_true, y_pred, **kwargs)
           ^^^^^^^^^^^^^^^^^^^^^^^^^^^^^^^^^^^^^^^^^
  File "C:\Users\dhadu\AppData\Roaming\Python\Python311\site-packages\sklearn\utils\_param_validation.py", line 213, in wrapper
    return func(*args, **kwargs)
           ^^^^^^^^^^^^^^^^^^^^^
  File "C:\Users\dhadu\AppData\Roaming\Python\Python311\site-packages\sklearn\metrics\_ranking.py", line 634, in roc_auc_score
    return _multiclass_roc_auc_score(
           ^^^^^^^^^^^^^^^^^^^^^^^^^^
  File "C:\Users\dhadu\AppData\Roaming\Python\Python311\site-packages\sklearn\metrics\_ranking.py", line 707, in _multiclass_roc_auc_score
    raise ValueError(
ValueError: Target scores need to be probabilities for multiclass roc_auc, i.e. they should sum up to 1.0 over classes


2025-10-27 15:11:42,328:WARNING:C:\Users\dhadu\AppData\Roaming\Python\Python311\site-packages\pycaret\internal\metrics.py:204: FitFailedWarning: Metric 'make_scorer(roc_auc_score, response_method=('decision_function', 'predict_proba'), average=weighted, multi_class=ovr)' failed and error score 0.0 has been returned instead. If this is a custom metric, this usually means that the error is in the metric code. Full exception below:
Traceback (most recent call last):
  File "C:\Users\dhadu\AppData\Roaming\Python\Python311\site-packages\pycaret\internal\metrics.py", line 196, in _score
    return super()._score(
           ^^^^^^^^^^^^^^^
  File "C:\Users\dhadu\AppData\Roaming\Python\Python311\site-packages\sklearn\metrics\_scorer.py", line 350, in _score
    return self._sign * self._score_func(y_true, y_pred, **scoring_kwargs)
                        ^^^^^^^^^^^^^^^^^^^^^^^^^^^^^^^^^^^^^^^^^^^^^^^^^^
  File "C:\Users\dhadu\AppData\Roaming\Python\Python311\site-packages\pycaret\internal\metrics.py", line 144, in __call__
    return self.score_func(y_true, y_pred, **kwargs)
           ^^^^^^^^^^^^^^^^^^^^^^^^^^^^^^^^^^^^^^^^^
  File "C:\Users\dhadu\AppData\Roaming\Python\Python311\site-packages\sklearn\utils\_param_validation.py", line 213, in wrapper
    return func(*args, **kwargs)
           ^^^^^^^^^^^^^^^^^^^^^
  File "C:\Users\dhadu\AppData\Roaming\Python\Python311\site-packages\sklearn\metrics\_ranking.py", line 634, in roc_auc_score
    return _multiclass_roc_auc_score(
           ^^^^^^^^^^^^^^^^^^^^^^^^^^
  File "C:\Users\dhadu\AppData\Roaming\Python\Python311\site-packages\sklearn\metrics\_ranking.py", line 707, in _multiclass_roc_auc_score
    raise ValueError(
ValueError: Target scores need to be probabilities for multiclass roc_auc, i.e. they should sum up to 1.0 over classes


2025-10-27 15:11:42,458:WARNING:C:\Users\dhadu\AppData\Roaming\Python\Python311\site-packages\pycaret\internal\metrics.py:204: FitFailedWarning: Metric 'make_scorer(roc_auc_score, response_method=('decision_function', 'predict_proba'), average=weighted, multi_class=ovr)' failed and error score 0.0 has been returned instead. If this is a custom metric, this usually means that the error is in the metric code. Full exception below:
Traceback (most recent call last):
  File "C:\Users\dhadu\AppData\Roaming\Python\Python311\site-packages\pycaret\internal\metrics.py", line 196, in _score
    return super()._score(
           ^^^^^^^^^^^^^^^
  File "C:\Users\dhadu\AppData\Roaming\Python\Python311\site-packages\sklearn\metrics\_scorer.py", line 350, in _score
    return self._sign * self._score_func(y_true, y_pred, **scoring_kwargs)
                        ^^^^^^^^^^^^^^^^^^^^^^^^^^^^^^^^^^^^^^^^^^^^^^^^^^
  File "C:\Users\dhadu\AppData\Roaming\Python\Python311\site-packages\pycaret\internal\metrics.py", line 144, in __call__
    return self.score_func(y_true, y_pred, **kwargs)
           ^^^^^^^^^^^^^^^^^^^^^^^^^^^^^^^^^^^^^^^^^
  File "C:\Users\dhadu\AppData\Roaming\Python\Python311\site-packages\sklearn\utils\_param_validation.py", line 213, in wrapper
    return func(*args, **kwargs)
           ^^^^^^^^^^^^^^^^^^^^^
  File "C:\Users\dhadu\AppData\Roaming\Python\Python311\site-packages\sklearn\metrics\_ranking.py", line 634, in roc_auc_score
    return _multiclass_roc_auc_score(
           ^^^^^^^^^^^^^^^^^^^^^^^^^^
  File "C:\Users\dhadu\AppData\Roaming\Python\Python311\site-packages\sklearn\metrics\_ranking.py", line 707, in _multiclass_roc_auc_score
    raise ValueError(
ValueError: Target scores need to be probabilities for multiclass roc_auc, i.e. they should sum up to 1.0 over classes


2025-10-27 15:11:42,597:WARNING:C:\Users\dhadu\AppData\Roaming\Python\Python311\site-packages\pycaret\internal\metrics.py:204: FitFailedWarning: Metric 'make_scorer(roc_auc_score, response_method=('decision_function', 'predict_proba'), average=weighted, multi_class=ovr)' failed and error score 0.0 has been returned instead. If this is a custom metric, this usually means that the error is in the metric code. Full exception below:
Traceback (most recent call last):
  File "C:\Users\dhadu\AppData\Roaming\Python\Python311\site-packages\pycaret\internal\metrics.py", line 196, in _score
    return super()._score(
           ^^^^^^^^^^^^^^^
  File "C:\Users\dhadu\AppData\Roaming\Python\Python311\site-packages\sklearn\metrics\_scorer.py", line 350, in _score
    return self._sign * self._score_func(y_true, y_pred, **scoring_kwargs)
                        ^^^^^^^^^^^^^^^^^^^^^^^^^^^^^^^^^^^^^^^^^^^^^^^^^^
  File "C:\Users\dhadu\AppData\Roaming\Python\Python311\site-packages\pycaret\internal\metrics.py", line 144, in __call__
    return self.score_func(y_true, y_pred, **kwargs)
           ^^^^^^^^^^^^^^^^^^^^^^^^^^^^^^^^^^^^^^^^^
  File "C:\Users\dhadu\AppData\Roaming\Python\Python311\site-packages\sklearn\utils\_param_validation.py", line 213, in wrapper
    return func(*args, **kwargs)
           ^^^^^^^^^^^^^^^^^^^^^
  File "C:\Users\dhadu\AppData\Roaming\Python\Python311\site-packages\sklearn\metrics\_ranking.py", line 634, in roc_auc_score
    return _multiclass_roc_auc_score(
           ^^^^^^^^^^^^^^^^^^^^^^^^^^
  File "C:\Users\dhadu\AppData\Roaming\Python\Python311\site-packages\sklearn\metrics\_ranking.py", line 707, in _multiclass_roc_auc_score
    raise ValueError(
ValueError: Target scores need to be probabilities for multiclass roc_auc, i.e. they should sum up to 1.0 over classes


2025-10-27 15:11:42,742:WARNING:C:\Users\dhadu\AppData\Roaming\Python\Python311\site-packages\pycaret\internal\metrics.py:204: FitFailedWarning: Metric 'make_scorer(roc_auc_score, response_method=('decision_function', 'predict_proba'), average=weighted, multi_class=ovr)' failed and error score 0.0 has been returned instead. If this is a custom metric, this usually means that the error is in the metric code. Full exception below:
Traceback (most recent call last):
  File "C:\Users\dhadu\AppData\Roaming\Python\Python311\site-packages\pycaret\internal\metrics.py", line 196, in _score
    return super()._score(
           ^^^^^^^^^^^^^^^
  File "C:\Users\dhadu\AppData\Roaming\Python\Python311\site-packages\sklearn\metrics\_scorer.py", line 350, in _score
    return self._sign * self._score_func(y_true, y_pred, **scoring_kwargs)
                        ^^^^^^^^^^^^^^^^^^^^^^^^^^^^^^^^^^^^^^^^^^^^^^^^^^
  File "C:\Users\dhadu\AppData\Roaming\Python\Python311\site-packages\pycaret\internal\metrics.py", line 144, in __call__
    return self.score_func(y_true, y_pred, **kwargs)
           ^^^^^^^^^^^^^^^^^^^^^^^^^^^^^^^^^^^^^^^^^
  File "C:\Users\dhadu\AppData\Roaming\Python\Python311\site-packages\sklearn\utils\_param_validation.py", line 213, in wrapper
    return func(*args, **kwargs)
           ^^^^^^^^^^^^^^^^^^^^^
  File "C:\Users\dhadu\AppData\Roaming\Python\Python311\site-packages\sklearn\metrics\_ranking.py", line 634, in roc_auc_score
    return _multiclass_roc_auc_score(
           ^^^^^^^^^^^^^^^^^^^^^^^^^^
  File "C:\Users\dhadu\AppData\Roaming\Python\Python311\site-packages\sklearn\metrics\_ranking.py", line 707, in _multiclass_roc_auc_score
    raise ValueError(
ValueError: Target scores need to be probabilities for multiclass roc_auc, i.e. they should sum up to 1.0 over classes


2025-10-27 15:11:42,754:INFO:Calculating mean and std
2025-10-27 15:11:42,757:INFO:Creating metrics dataframe
2025-10-27 15:11:42,759:INFO:Uploading results into container
2025-10-27 15:11:42,759:INFO:Uploading model into container now
2025-10-27 15:11:42,760:INFO:_master_model_container: 8
2025-10-27 15:11:42,760:INFO:_display_container: 2
2025-10-27 15:11:42,760:INFO:QuadraticDiscriminantAnalysis(priors=None, reg_param=0.0,
                              store_covariance=False, tol=0.0001)
2025-10-27 15:11:42,760:INFO:create_model() successfully completed......................................
2025-10-27 15:11:42,977:INFO:SubProcess create_model() end ==================================
2025-10-27 15:11:42,977:INFO:Creating metrics dataframe
2025-10-27 15:11:43,002:INFO:Initializing Ada Boost Classifier
2025-10-27 15:11:43,003:INFO:Total runtime is 0.35480843782424926 minutes
2025-10-27 15:11:43,016:INFO:SubProcess create_model() called ==================================
2025-10-27 15:11:43,017:INFO:Initializing create_model()
2025-10-27 15:11:43,017:INFO:create_model(self=<pycaret.classification.oop.ClassificationExperiment object at 0x0000014C74C2F610>, estimator=ada, fold=StratifiedKFold(n_splits=10, random_state=None, shuffle=False), round=4, cross_validation=True, predict=True, fit_kwargs={}, groups=None, refit=False, probability_threshold=None, experiment_custom_tags=None, verbose=False, system=False, add_to_model_list=True, metrics=None, display=<pycaret.internal.display.display.CommonDisplay object at 0x0000014C255B6590>, model_only=True, return_train_score=False, error_score=0.0, kwargs={})
2025-10-27 15:11:43,017:INFO:Checking exceptions
2025-10-27 15:11:43,018:INFO:Importing libraries
2025-10-27 15:11:43,018:INFO:Copying training dataset
2025-10-27 15:11:43,041:INFO:Defining folds
2025-10-27 15:11:43,043:INFO:Declaring metric variables
2025-10-27 15:11:43,052:INFO:Importing untrained model
2025-10-27 15:11:43,064:INFO:Ada Boost Classifier Imported successfully
2025-10-27 15:11:43,083:INFO:Starting cross validation
2025-10-27 15:11:43,087:INFO:Cross validating with StratifiedKFold(n_splits=10, random_state=None, shuffle=False), n_jobs=1
2025-10-27 15:11:43,367:WARNING:C:\Users\dhadu\AppData\Roaming\Python\Python311\site-packages\sklearn\ensemble\_weight_boosting.py:519: FutureWarning: The SAMME.R algorithm (the default) is deprecated and will be removed in 1.6. Use the SAMME algorithm to circumvent this warning.

2025-10-27 15:11:44,010:WARNING:C:\Users\dhadu\AppData\Roaming\Python\Python311\site-packages\pycaret\internal\metrics.py:204: FitFailedWarning: Metric 'make_scorer(roc_auc_score, response_method=('decision_function', 'predict_proba'), average=weighted, multi_class=ovr)' failed and error score 0.0 has been returned instead. If this is a custom metric, this usually means that the error is in the metric code. Full exception below:
Traceback (most recent call last):
  File "C:\Users\dhadu\AppData\Roaming\Python\Python311\site-packages\pycaret\internal\metrics.py", line 196, in _score
    return super()._score(
           ^^^^^^^^^^^^^^^
  File "C:\Users\dhadu\AppData\Roaming\Python\Python311\site-packages\sklearn\metrics\_scorer.py", line 350, in _score
    return self._sign * self._score_func(y_true, y_pred, **scoring_kwargs)
                        ^^^^^^^^^^^^^^^^^^^^^^^^^^^^^^^^^^^^^^^^^^^^^^^^^^
  File "C:\Users\dhadu\AppData\Roaming\Python\Python311\site-packages\pycaret\internal\metrics.py", line 144, in __call__
    return self.score_func(y_true, y_pred, **kwargs)
           ^^^^^^^^^^^^^^^^^^^^^^^^^^^^^^^^^^^^^^^^^
  File "C:\Users\dhadu\AppData\Roaming\Python\Python311\site-packages\sklearn\utils\_param_validation.py", line 213, in wrapper
    return func(*args, **kwargs)
           ^^^^^^^^^^^^^^^^^^^^^
  File "C:\Users\dhadu\AppData\Roaming\Python\Python311\site-packages\sklearn\metrics\_ranking.py", line 634, in roc_auc_score
    return _multiclass_roc_auc_score(
           ^^^^^^^^^^^^^^^^^^^^^^^^^^
  File "C:\Users\dhadu\AppData\Roaming\Python\Python311\site-packages\sklearn\metrics\_ranking.py", line 707, in _multiclass_roc_auc_score
    raise ValueError(
ValueError: Target scores need to be probabilities for multiclass roc_auc, i.e. they should sum up to 1.0 over classes


2025-10-27 15:11:44,138:WARNING:C:\Users\dhadu\AppData\Roaming\Python\Python311\site-packages\sklearn\ensemble\_weight_boosting.py:519: FutureWarning: The SAMME.R algorithm (the default) is deprecated and will be removed in 1.6. Use the SAMME algorithm to circumvent this warning.

2025-10-27 15:11:44,388:WARNING:C:\Users\dhadu\AppData\Roaming\Python\Python311\site-packages\pycaret\internal\metrics.py:204: FitFailedWarning: Metric 'make_scorer(roc_auc_score, response_method=('decision_function', 'predict_proba'), average=weighted, multi_class=ovr)' failed and error score 0.0 has been returned instead. If this is a custom metric, this usually means that the error is in the metric code. Full exception below:
Traceback (most recent call last):
  File "C:\Users\dhadu\AppData\Roaming\Python\Python311\site-packages\pycaret\internal\metrics.py", line 196, in _score
    return super()._score(
           ^^^^^^^^^^^^^^^
  File "C:\Users\dhadu\AppData\Roaming\Python\Python311\site-packages\sklearn\metrics\_scorer.py", line 350, in _score
    return self._sign * self._score_func(y_true, y_pred, **scoring_kwargs)
                        ^^^^^^^^^^^^^^^^^^^^^^^^^^^^^^^^^^^^^^^^^^^^^^^^^^
  File "C:\Users\dhadu\AppData\Roaming\Python\Python311\site-packages\pycaret\internal\metrics.py", line 144, in __call__
    return self.score_func(y_true, y_pred, **kwargs)
           ^^^^^^^^^^^^^^^^^^^^^^^^^^^^^^^^^^^^^^^^^
  File "C:\Users\dhadu\AppData\Roaming\Python\Python311\site-packages\sklearn\utils\_param_validation.py", line 213, in wrapper
    return func(*args, **kwargs)
           ^^^^^^^^^^^^^^^^^^^^^
  File "C:\Users\dhadu\AppData\Roaming\Python\Python311\site-packages\sklearn\metrics\_ranking.py", line 634, in roc_auc_score
    return _multiclass_roc_auc_score(
           ^^^^^^^^^^^^^^^^^^^^^^^^^^
  File "C:\Users\dhadu\AppData\Roaming\Python\Python311\site-packages\sklearn\metrics\_ranking.py", line 707, in _multiclass_roc_auc_score
    raise ValueError(
ValueError: Target scores need to be probabilities for multiclass roc_auc, i.e. they should sum up to 1.0 over classes


2025-10-27 15:11:44,495:WARNING:C:\Users\dhadu\AppData\Roaming\Python\Python311\site-packages\sklearn\ensemble\_weight_boosting.py:519: FutureWarning: The SAMME.R algorithm (the default) is deprecated and will be removed in 1.6. Use the SAMME algorithm to circumvent this warning.

2025-10-27 15:11:44,718:WARNING:C:\Users\dhadu\AppData\Roaming\Python\Python311\site-packages\pycaret\internal\metrics.py:204: FitFailedWarning: Metric 'make_scorer(roc_auc_score, response_method=('decision_function', 'predict_proba'), average=weighted, multi_class=ovr)' failed and error score 0.0 has been returned instead. If this is a custom metric, this usually means that the error is in the metric code. Full exception below:
Traceback (most recent call last):
  File "C:\Users\dhadu\AppData\Roaming\Python\Python311\site-packages\pycaret\internal\metrics.py", line 196, in _score
    return super()._score(
           ^^^^^^^^^^^^^^^
  File "C:\Users\dhadu\AppData\Roaming\Python\Python311\site-packages\sklearn\metrics\_scorer.py", line 350, in _score
    return self._sign * self._score_func(y_true, y_pred, **scoring_kwargs)
                        ^^^^^^^^^^^^^^^^^^^^^^^^^^^^^^^^^^^^^^^^^^^^^^^^^^
  File "C:\Users\dhadu\AppData\Roaming\Python\Python311\site-packages\pycaret\internal\metrics.py", line 144, in __call__
    return self.score_func(y_true, y_pred, **kwargs)
           ^^^^^^^^^^^^^^^^^^^^^^^^^^^^^^^^^^^^^^^^^
  File "C:\Users\dhadu\AppData\Roaming\Python\Python311\site-packages\sklearn\utils\_param_validation.py", line 213, in wrapper
    return func(*args, **kwargs)
           ^^^^^^^^^^^^^^^^^^^^^
  File "C:\Users\dhadu\AppData\Roaming\Python\Python311\site-packages\sklearn\metrics\_ranking.py", line 634, in roc_auc_score
    return _multiclass_roc_auc_score(
           ^^^^^^^^^^^^^^^^^^^^^^^^^^
  File "C:\Users\dhadu\AppData\Roaming\Python\Python311\site-packages\sklearn\metrics\_ranking.py", line 707, in _multiclass_roc_auc_score
    raise ValueError(
ValueError: Target scores need to be probabilities for multiclass roc_auc, i.e. they should sum up to 1.0 over classes


2025-10-27 15:11:44,879:WARNING:C:\Users\dhadu\AppData\Roaming\Python\Python311\site-packages\sklearn\ensemble\_weight_boosting.py:519: FutureWarning: The SAMME.R algorithm (the default) is deprecated and will be removed in 1.6. Use the SAMME algorithm to circumvent this warning.

2025-10-27 15:11:45,102:WARNING:C:\Users\dhadu\AppData\Roaming\Python\Python311\site-packages\pycaret\internal\metrics.py:204: FitFailedWarning: Metric 'make_scorer(roc_auc_score, response_method=('decision_function', 'predict_proba'), average=weighted, multi_class=ovr)' failed and error score 0.0 has been returned instead. If this is a custom metric, this usually means that the error is in the metric code. Full exception below:
Traceback (most recent call last):
  File "C:\Users\dhadu\AppData\Roaming\Python\Python311\site-packages\pycaret\internal\metrics.py", line 196, in _score
    return super()._score(
           ^^^^^^^^^^^^^^^
  File "C:\Users\dhadu\AppData\Roaming\Python\Python311\site-packages\sklearn\metrics\_scorer.py", line 350, in _score
    return self._sign * self._score_func(y_true, y_pred, **scoring_kwargs)
                        ^^^^^^^^^^^^^^^^^^^^^^^^^^^^^^^^^^^^^^^^^^^^^^^^^^
  File "C:\Users\dhadu\AppData\Roaming\Python\Python311\site-packages\pycaret\internal\metrics.py", line 144, in __call__
    return self.score_func(y_true, y_pred, **kwargs)
           ^^^^^^^^^^^^^^^^^^^^^^^^^^^^^^^^^^^^^^^^^
  File "C:\Users\dhadu\AppData\Roaming\Python\Python311\site-packages\sklearn\utils\_param_validation.py", line 213, in wrapper
    return func(*args, **kwargs)
           ^^^^^^^^^^^^^^^^^^^^^
  File "C:\Users\dhadu\AppData\Roaming\Python\Python311\site-packages\sklearn\metrics\_ranking.py", line 634, in roc_auc_score
    return _multiclass_roc_auc_score(
           ^^^^^^^^^^^^^^^^^^^^^^^^^^
  File "C:\Users\dhadu\AppData\Roaming\Python\Python311\site-packages\sklearn\metrics\_ranking.py", line 707, in _multiclass_roc_auc_score
    raise ValueError(
ValueError: Target scores need to be probabilities for multiclass roc_auc, i.e. they should sum up to 1.0 over classes


2025-10-27 15:11:45,211:WARNING:C:\Users\dhadu\AppData\Roaming\Python\Python311\site-packages\sklearn\ensemble\_weight_boosting.py:519: FutureWarning: The SAMME.R algorithm (the default) is deprecated and will be removed in 1.6. Use the SAMME algorithm to circumvent this warning.

2025-10-27 15:11:45,435:WARNING:C:\Users\dhadu\AppData\Roaming\Python\Python311\site-packages\pycaret\internal\metrics.py:204: FitFailedWarning: Metric 'make_scorer(roc_auc_score, response_method=('decision_function', 'predict_proba'), average=weighted, multi_class=ovr)' failed and error score 0.0 has been returned instead. If this is a custom metric, this usually means that the error is in the metric code. Full exception below:
Traceback (most recent call last):
  File "C:\Users\dhadu\AppData\Roaming\Python\Python311\site-packages\pycaret\internal\metrics.py", line 196, in _score
    return super()._score(
           ^^^^^^^^^^^^^^^
  File "C:\Users\dhadu\AppData\Roaming\Python\Python311\site-packages\sklearn\metrics\_scorer.py", line 350, in _score
    return self._sign * self._score_func(y_true, y_pred, **scoring_kwargs)
                        ^^^^^^^^^^^^^^^^^^^^^^^^^^^^^^^^^^^^^^^^^^^^^^^^^^
  File "C:\Users\dhadu\AppData\Roaming\Python\Python311\site-packages\pycaret\internal\metrics.py", line 144, in __call__
    return self.score_func(y_true, y_pred, **kwargs)
           ^^^^^^^^^^^^^^^^^^^^^^^^^^^^^^^^^^^^^^^^^
  File "C:\Users\dhadu\AppData\Roaming\Python\Python311\site-packages\sklearn\utils\_param_validation.py", line 213, in wrapper
    return func(*args, **kwargs)
           ^^^^^^^^^^^^^^^^^^^^^
  File "C:\Users\dhadu\AppData\Roaming\Python\Python311\site-packages\sklearn\metrics\_ranking.py", line 634, in roc_auc_score
    return _multiclass_roc_auc_score(
           ^^^^^^^^^^^^^^^^^^^^^^^^^^
  File "C:\Users\dhadu\AppData\Roaming\Python\Python311\site-packages\sklearn\metrics\_ranking.py", line 707, in _multiclass_roc_auc_score
    raise ValueError(
ValueError: Target scores need to be probabilities for multiclass roc_auc, i.e. they should sum up to 1.0 over classes


2025-10-27 15:11:45,557:WARNING:C:\Users\dhadu\AppData\Roaming\Python\Python311\site-packages\sklearn\ensemble\_weight_boosting.py:519: FutureWarning: The SAMME.R algorithm (the default) is deprecated and will be removed in 1.6. Use the SAMME algorithm to circumvent this warning.

2025-10-27 15:11:45,799:WARNING:C:\Users\dhadu\AppData\Roaming\Python\Python311\site-packages\pycaret\internal\metrics.py:204: FitFailedWarning: Metric 'make_scorer(roc_auc_score, response_method=('decision_function', 'predict_proba'), average=weighted, multi_class=ovr)' failed and error score 0.0 has been returned instead. If this is a custom metric, this usually means that the error is in the metric code. Full exception below:
Traceback (most recent call last):
  File "C:\Users\dhadu\AppData\Roaming\Python\Python311\site-packages\pycaret\internal\metrics.py", line 196, in _score
    return super()._score(
           ^^^^^^^^^^^^^^^
  File "C:\Users\dhadu\AppData\Roaming\Python\Python311\site-packages\sklearn\metrics\_scorer.py", line 350, in _score
    return self._sign * self._score_func(y_true, y_pred, **scoring_kwargs)
                        ^^^^^^^^^^^^^^^^^^^^^^^^^^^^^^^^^^^^^^^^^^^^^^^^^^
  File "C:\Users\dhadu\AppData\Roaming\Python\Python311\site-packages\pycaret\internal\metrics.py", line 144, in __call__
    return self.score_func(y_true, y_pred, **kwargs)
           ^^^^^^^^^^^^^^^^^^^^^^^^^^^^^^^^^^^^^^^^^
  File "C:\Users\dhadu\AppData\Roaming\Python\Python311\site-packages\sklearn\utils\_param_validation.py", line 213, in wrapper
    return func(*args, **kwargs)
           ^^^^^^^^^^^^^^^^^^^^^
  File "C:\Users\dhadu\AppData\Roaming\Python\Python311\site-packages\sklearn\metrics\_ranking.py", line 634, in roc_auc_score
    return _multiclass_roc_auc_score(
           ^^^^^^^^^^^^^^^^^^^^^^^^^^
  File "C:\Users\dhadu\AppData\Roaming\Python\Python311\site-packages\sklearn\metrics\_ranking.py", line 707, in _multiclass_roc_auc_score
    raise ValueError(
ValueError: Target scores need to be probabilities for multiclass roc_auc, i.e. they should sum up to 1.0 over classes


2025-10-27 15:11:45,906:WARNING:C:\Users\dhadu\AppData\Roaming\Python\Python311\site-packages\sklearn\ensemble\_weight_boosting.py:519: FutureWarning: The SAMME.R algorithm (the default) is deprecated and will be removed in 1.6. Use the SAMME algorithm to circumvent this warning.

2025-10-27 15:11:46,127:WARNING:C:\Users\dhadu\AppData\Roaming\Python\Python311\site-packages\pycaret\internal\metrics.py:204: FitFailedWarning: Metric 'make_scorer(roc_auc_score, response_method=('decision_function', 'predict_proba'), average=weighted, multi_class=ovr)' failed and error score 0.0 has been returned instead. If this is a custom metric, this usually means that the error is in the metric code. Full exception below:
Traceback (most recent call last):
  File "C:\Users\dhadu\AppData\Roaming\Python\Python311\site-packages\pycaret\internal\metrics.py", line 196, in _score
    return super()._score(
           ^^^^^^^^^^^^^^^
  File "C:\Users\dhadu\AppData\Roaming\Python\Python311\site-packages\sklearn\metrics\_scorer.py", line 350, in _score
    return self._sign * self._score_func(y_true, y_pred, **scoring_kwargs)
                        ^^^^^^^^^^^^^^^^^^^^^^^^^^^^^^^^^^^^^^^^^^^^^^^^^^
  File "C:\Users\dhadu\AppData\Roaming\Python\Python311\site-packages\pycaret\internal\metrics.py", line 144, in __call__
    return self.score_func(y_true, y_pred, **kwargs)
           ^^^^^^^^^^^^^^^^^^^^^^^^^^^^^^^^^^^^^^^^^
  File "C:\Users\dhadu\AppData\Roaming\Python\Python311\site-packages\sklearn\utils\_param_validation.py", line 213, in wrapper
    return func(*args, **kwargs)
           ^^^^^^^^^^^^^^^^^^^^^
  File "C:\Users\dhadu\AppData\Roaming\Python\Python311\site-packages\sklearn\metrics\_ranking.py", line 634, in roc_auc_score
    return _multiclass_roc_auc_score(
           ^^^^^^^^^^^^^^^^^^^^^^^^^^
  File "C:\Users\dhadu\AppData\Roaming\Python\Python311\site-packages\sklearn\metrics\_ranking.py", line 707, in _multiclass_roc_auc_score
    raise ValueError(
ValueError: Target scores need to be probabilities for multiclass roc_auc, i.e. they should sum up to 1.0 over classes


2025-10-27 15:11:46,239:WARNING:C:\Users\dhadu\AppData\Roaming\Python\Python311\site-packages\sklearn\ensemble\_weight_boosting.py:519: FutureWarning: The SAMME.R algorithm (the default) is deprecated and will be removed in 1.6. Use the SAMME algorithm to circumvent this warning.

2025-10-27 15:11:46,459:WARNING:C:\Users\dhadu\AppData\Roaming\Python\Python311\site-packages\pycaret\internal\metrics.py:204: FitFailedWarning: Metric 'make_scorer(roc_auc_score, response_method=('decision_function', 'predict_proba'), average=weighted, multi_class=ovr)' failed and error score 0.0 has been returned instead. If this is a custom metric, this usually means that the error is in the metric code. Full exception below:
Traceback (most recent call last):
  File "C:\Users\dhadu\AppData\Roaming\Python\Python311\site-packages\pycaret\internal\metrics.py", line 196, in _score
    return super()._score(
           ^^^^^^^^^^^^^^^
  File "C:\Users\dhadu\AppData\Roaming\Python\Python311\site-packages\sklearn\metrics\_scorer.py", line 350, in _score
    return self._sign * self._score_func(y_true, y_pred, **scoring_kwargs)
                        ^^^^^^^^^^^^^^^^^^^^^^^^^^^^^^^^^^^^^^^^^^^^^^^^^^
  File "C:\Users\dhadu\AppData\Roaming\Python\Python311\site-packages\pycaret\internal\metrics.py", line 144, in __call__
    return self.score_func(y_true, y_pred, **kwargs)
           ^^^^^^^^^^^^^^^^^^^^^^^^^^^^^^^^^^^^^^^^^
  File "C:\Users\dhadu\AppData\Roaming\Python\Python311\site-packages\sklearn\utils\_param_validation.py", line 213, in wrapper
    return func(*args, **kwargs)
           ^^^^^^^^^^^^^^^^^^^^^
  File "C:\Users\dhadu\AppData\Roaming\Python\Python311\site-packages\sklearn\metrics\_ranking.py", line 634, in roc_auc_score
    return _multiclass_roc_auc_score(
           ^^^^^^^^^^^^^^^^^^^^^^^^^^
  File "C:\Users\dhadu\AppData\Roaming\Python\Python311\site-packages\sklearn\metrics\_ranking.py", line 707, in _multiclass_roc_auc_score
    raise ValueError(
ValueError: Target scores need to be probabilities for multiclass roc_auc, i.e. they should sum up to 1.0 over classes


2025-10-27 15:11:46,565:WARNING:C:\Users\dhadu\AppData\Roaming\Python\Python311\site-packages\sklearn\ensemble\_weight_boosting.py:519: FutureWarning: The SAMME.R algorithm (the default) is deprecated and will be removed in 1.6. Use the SAMME algorithm to circumvent this warning.

2025-10-27 15:11:46,785:WARNING:C:\Users\dhadu\AppData\Roaming\Python\Python311\site-packages\pycaret\internal\metrics.py:204: FitFailedWarning: Metric 'make_scorer(roc_auc_score, response_method=('decision_function', 'predict_proba'), average=weighted, multi_class=ovr)' failed and error score 0.0 has been returned instead. If this is a custom metric, this usually means that the error is in the metric code. Full exception below:
Traceback (most recent call last):
  File "C:\Users\dhadu\AppData\Roaming\Python\Python311\site-packages\pycaret\internal\metrics.py", line 196, in _score
    return super()._score(
           ^^^^^^^^^^^^^^^
  File "C:\Users\dhadu\AppData\Roaming\Python\Python311\site-packages\sklearn\metrics\_scorer.py", line 350, in _score
    return self._sign * self._score_func(y_true, y_pred, **scoring_kwargs)
                        ^^^^^^^^^^^^^^^^^^^^^^^^^^^^^^^^^^^^^^^^^^^^^^^^^^
  File "C:\Users\dhadu\AppData\Roaming\Python\Python311\site-packages\pycaret\internal\metrics.py", line 144, in __call__
    return self.score_func(y_true, y_pred, **kwargs)
           ^^^^^^^^^^^^^^^^^^^^^^^^^^^^^^^^^^^^^^^^^
  File "C:\Users\dhadu\AppData\Roaming\Python\Python311\site-packages\sklearn\utils\_param_validation.py", line 213, in wrapper
    return func(*args, **kwargs)
           ^^^^^^^^^^^^^^^^^^^^^
  File "C:\Users\dhadu\AppData\Roaming\Python\Python311\site-packages\sklearn\metrics\_ranking.py", line 634, in roc_auc_score
    return _multiclass_roc_auc_score(
           ^^^^^^^^^^^^^^^^^^^^^^^^^^
  File "C:\Users\dhadu\AppData\Roaming\Python\Python311\site-packages\sklearn\metrics\_ranking.py", line 707, in _multiclass_roc_auc_score
    raise ValueError(
ValueError: Target scores need to be probabilities for multiclass roc_auc, i.e. they should sum up to 1.0 over classes


2025-10-27 15:11:46,901:WARNING:C:\Users\dhadu\AppData\Roaming\Python\Python311\site-packages\sklearn\ensemble\_weight_boosting.py:519: FutureWarning: The SAMME.R algorithm (the default) is deprecated and will be removed in 1.6. Use the SAMME algorithm to circumvent this warning.

2025-10-27 15:11:47,120:WARNING:C:\Users\dhadu\AppData\Roaming\Python\Python311\site-packages\pycaret\internal\metrics.py:204: FitFailedWarning: Metric 'make_scorer(roc_auc_score, response_method=('decision_function', 'predict_proba'), average=weighted, multi_class=ovr)' failed and error score 0.0 has been returned instead. If this is a custom metric, this usually means that the error is in the metric code. Full exception below:
Traceback (most recent call last):
  File "C:\Users\dhadu\AppData\Roaming\Python\Python311\site-packages\pycaret\internal\metrics.py", line 196, in _score
    return super()._score(
           ^^^^^^^^^^^^^^^
  File "C:\Users\dhadu\AppData\Roaming\Python\Python311\site-packages\sklearn\metrics\_scorer.py", line 350, in _score
    return self._sign * self._score_func(y_true, y_pred, **scoring_kwargs)
                        ^^^^^^^^^^^^^^^^^^^^^^^^^^^^^^^^^^^^^^^^^^^^^^^^^^
  File "C:\Users\dhadu\AppData\Roaming\Python\Python311\site-packages\pycaret\internal\metrics.py", line 144, in __call__
    return self.score_func(y_true, y_pred, **kwargs)
           ^^^^^^^^^^^^^^^^^^^^^^^^^^^^^^^^^^^^^^^^^
  File "C:\Users\dhadu\AppData\Roaming\Python\Python311\site-packages\sklearn\utils\_param_validation.py", line 213, in wrapper
    return func(*args, **kwargs)
           ^^^^^^^^^^^^^^^^^^^^^
  File "C:\Users\dhadu\AppData\Roaming\Python\Python311\site-packages\sklearn\metrics\_ranking.py", line 634, in roc_auc_score
    return _multiclass_roc_auc_score(
           ^^^^^^^^^^^^^^^^^^^^^^^^^^
  File "C:\Users\dhadu\AppData\Roaming\Python\Python311\site-packages\sklearn\metrics\_ranking.py", line 707, in _multiclass_roc_auc_score
    raise ValueError(
ValueError: Target scores need to be probabilities for multiclass roc_auc, i.e. they should sum up to 1.0 over classes


2025-10-27 15:11:47,131:INFO:Calculating mean and std
2025-10-27 15:11:47,132:INFO:Creating metrics dataframe
2025-10-27 15:11:47,134:INFO:Uploading results into container
2025-10-27 15:11:47,135:INFO:Uploading model into container now
2025-10-27 15:11:47,136:INFO:_master_model_container: 9
2025-10-27 15:11:47,136:INFO:_display_container: 2
2025-10-27 15:11:47,136:INFO:AdaBoostClassifier(algorithm='SAMME.R', estimator=None, learning_rate=1.0,
                   n_estimators=50, random_state=123)
2025-10-27 15:11:47,136:INFO:create_model() successfully completed......................................
2025-10-27 15:11:47,349:INFO:SubProcess create_model() end ==================================
2025-10-27 15:11:47,349:INFO:Creating metrics dataframe
2025-10-27 15:11:47,376:INFO:Initializing Gradient Boosting Classifier
2025-10-27 15:11:47,376:INFO:Total runtime is 0.4277032772699992 minutes
2025-10-27 15:11:47,388:INFO:SubProcess create_model() called ==================================
2025-10-27 15:11:47,389:INFO:Initializing create_model()
2025-10-27 15:11:47,389:INFO:create_model(self=<pycaret.classification.oop.ClassificationExperiment object at 0x0000014C74C2F610>, estimator=gbc, fold=StratifiedKFold(n_splits=10, random_state=None, shuffle=False), round=4, cross_validation=True, predict=True, fit_kwargs={}, groups=None, refit=False, probability_threshold=None, experiment_custom_tags=None, verbose=False, system=False, add_to_model_list=True, metrics=None, display=<pycaret.internal.display.display.CommonDisplay object at 0x0000014C255B6590>, model_only=True, return_train_score=False, error_score=0.0, kwargs={})
2025-10-27 15:11:47,390:INFO:Checking exceptions
2025-10-27 15:11:47,390:INFO:Importing libraries
2025-10-27 15:11:47,390:INFO:Copying training dataset
2025-10-27 15:11:47,415:INFO:Defining folds
2025-10-27 15:11:47,416:INFO:Declaring metric variables
2025-10-27 15:11:47,426:INFO:Importing untrained model
2025-10-27 15:11:47,439:INFO:Gradient Boosting Classifier Imported successfully
2025-10-27 15:11:47,457:INFO:Starting cross validation
2025-10-27 15:11:47,458:INFO:Cross validating with StratifiedKFold(n_splits=10, random_state=None, shuffle=False), n_jobs=1
2025-10-27 15:11:50,044:WARNING:C:\Users\dhadu\AppData\Roaming\Python\Python311\site-packages\pycaret\internal\metrics.py:204: FitFailedWarning: Metric 'make_scorer(roc_auc_score, response_method=('decision_function', 'predict_proba'), average=weighted, multi_class=ovr)' failed and error score 0.0 has been returned instead. If this is a custom metric, this usually means that the error is in the metric code. Full exception below:
Traceback (most recent call last):
  File "C:\Users\dhadu\AppData\Roaming\Python\Python311\site-packages\pycaret\internal\metrics.py", line 196, in _score
    return super()._score(
           ^^^^^^^^^^^^^^^
  File "C:\Users\dhadu\AppData\Roaming\Python\Python311\site-packages\sklearn\metrics\_scorer.py", line 350, in _score
    return self._sign * self._score_func(y_true, y_pred, **scoring_kwargs)
                        ^^^^^^^^^^^^^^^^^^^^^^^^^^^^^^^^^^^^^^^^^^^^^^^^^^
  File "C:\Users\dhadu\AppData\Roaming\Python\Python311\site-packages\pycaret\internal\metrics.py", line 144, in __call__
    return self.score_func(y_true, y_pred, **kwargs)
           ^^^^^^^^^^^^^^^^^^^^^^^^^^^^^^^^^^^^^^^^^
  File "C:\Users\dhadu\AppData\Roaming\Python\Python311\site-packages\sklearn\utils\_param_validation.py", line 213, in wrapper
    return func(*args, **kwargs)
           ^^^^^^^^^^^^^^^^^^^^^
  File "C:\Users\dhadu\AppData\Roaming\Python\Python311\site-packages\sklearn\metrics\_ranking.py", line 634, in roc_auc_score
    return _multiclass_roc_auc_score(
           ^^^^^^^^^^^^^^^^^^^^^^^^^^
  File "C:\Users\dhadu\AppData\Roaming\Python\Python311\site-packages\sklearn\metrics\_ranking.py", line 707, in _multiclass_roc_auc_score
    raise ValueError(
ValueError: Target scores need to be probabilities for multiclass roc_auc, i.e. they should sum up to 1.0 over classes


2025-10-27 15:11:52,463:WARNING:C:\Users\dhadu\AppData\Roaming\Python\Python311\site-packages\pycaret\internal\metrics.py:204: FitFailedWarning: Metric 'make_scorer(roc_auc_score, response_method=('decision_function', 'predict_proba'), average=weighted, multi_class=ovr)' failed and error score 0.0 has been returned instead. If this is a custom metric, this usually means that the error is in the metric code. Full exception below:
Traceback (most recent call last):
  File "C:\Users\dhadu\AppData\Roaming\Python\Python311\site-packages\pycaret\internal\metrics.py", line 196, in _score
    return super()._score(
           ^^^^^^^^^^^^^^^
  File "C:\Users\dhadu\AppData\Roaming\Python\Python311\site-packages\sklearn\metrics\_scorer.py", line 350, in _score
    return self._sign * self._score_func(y_true, y_pred, **scoring_kwargs)
                        ^^^^^^^^^^^^^^^^^^^^^^^^^^^^^^^^^^^^^^^^^^^^^^^^^^
  File "C:\Users\dhadu\AppData\Roaming\Python\Python311\site-packages\pycaret\internal\metrics.py", line 144, in __call__
    return self.score_func(y_true, y_pred, **kwargs)
           ^^^^^^^^^^^^^^^^^^^^^^^^^^^^^^^^^^^^^^^^^
  File "C:\Users\dhadu\AppData\Roaming\Python\Python311\site-packages\sklearn\utils\_param_validation.py", line 213, in wrapper
    return func(*args, **kwargs)
           ^^^^^^^^^^^^^^^^^^^^^
  File "C:\Users\dhadu\AppData\Roaming\Python\Python311\site-packages\sklearn\metrics\_ranking.py", line 634, in roc_auc_score
    return _multiclass_roc_auc_score(
           ^^^^^^^^^^^^^^^^^^^^^^^^^^
  File "C:\Users\dhadu\AppData\Roaming\Python\Python311\site-packages\sklearn\metrics\_ranking.py", line 707, in _multiclass_roc_auc_score
    raise ValueError(
ValueError: Target scores need to be probabilities for multiclass roc_auc, i.e. they should sum up to 1.0 over classes


2025-10-27 15:11:54,889:WARNING:C:\Users\dhadu\AppData\Roaming\Python\Python311\site-packages\pycaret\internal\metrics.py:204: FitFailedWarning: Metric 'make_scorer(roc_auc_score, response_method=('decision_function', 'predict_proba'), average=weighted, multi_class=ovr)' failed and error score 0.0 has been returned instead. If this is a custom metric, this usually means that the error is in the metric code. Full exception below:
Traceback (most recent call last):
  File "C:\Users\dhadu\AppData\Roaming\Python\Python311\site-packages\pycaret\internal\metrics.py", line 196, in _score
    return super()._score(
           ^^^^^^^^^^^^^^^
  File "C:\Users\dhadu\AppData\Roaming\Python\Python311\site-packages\sklearn\metrics\_scorer.py", line 350, in _score
    return self._sign * self._score_func(y_true, y_pred, **scoring_kwargs)
                        ^^^^^^^^^^^^^^^^^^^^^^^^^^^^^^^^^^^^^^^^^^^^^^^^^^
  File "C:\Users\dhadu\AppData\Roaming\Python\Python311\site-packages\pycaret\internal\metrics.py", line 144, in __call__
    return self.score_func(y_true, y_pred, **kwargs)
           ^^^^^^^^^^^^^^^^^^^^^^^^^^^^^^^^^^^^^^^^^
  File "C:\Users\dhadu\AppData\Roaming\Python\Python311\site-packages\sklearn\utils\_param_validation.py", line 213, in wrapper
    return func(*args, **kwargs)
           ^^^^^^^^^^^^^^^^^^^^^
  File "C:\Users\dhadu\AppData\Roaming\Python\Python311\site-packages\sklearn\metrics\_ranking.py", line 634, in roc_auc_score
    return _multiclass_roc_auc_score(
           ^^^^^^^^^^^^^^^^^^^^^^^^^^
  File "C:\Users\dhadu\AppData\Roaming\Python\Python311\site-packages\sklearn\metrics\_ranking.py", line 707, in _multiclass_roc_auc_score
    raise ValueError(
ValueError: Target scores need to be probabilities for multiclass roc_auc, i.e. they should sum up to 1.0 over classes


2025-10-27 15:11:57,278:WARNING:C:\Users\dhadu\AppData\Roaming\Python\Python311\site-packages\pycaret\internal\metrics.py:204: FitFailedWarning: Metric 'make_scorer(roc_auc_score, response_method=('decision_function', 'predict_proba'), average=weighted, multi_class=ovr)' failed and error score 0.0 has been returned instead. If this is a custom metric, this usually means that the error is in the metric code. Full exception below:
Traceback (most recent call last):
  File "C:\Users\dhadu\AppData\Roaming\Python\Python311\site-packages\pycaret\internal\metrics.py", line 196, in _score
    return super()._score(
           ^^^^^^^^^^^^^^^
  File "C:\Users\dhadu\AppData\Roaming\Python\Python311\site-packages\sklearn\metrics\_scorer.py", line 350, in _score
    return self._sign * self._score_func(y_true, y_pred, **scoring_kwargs)
                        ^^^^^^^^^^^^^^^^^^^^^^^^^^^^^^^^^^^^^^^^^^^^^^^^^^
  File "C:\Users\dhadu\AppData\Roaming\Python\Python311\site-packages\pycaret\internal\metrics.py", line 144, in __call__
    return self.score_func(y_true, y_pred, **kwargs)
           ^^^^^^^^^^^^^^^^^^^^^^^^^^^^^^^^^^^^^^^^^
  File "C:\Users\dhadu\AppData\Roaming\Python\Python311\site-packages\sklearn\utils\_param_validation.py", line 213, in wrapper
    return func(*args, **kwargs)
           ^^^^^^^^^^^^^^^^^^^^^
  File "C:\Users\dhadu\AppData\Roaming\Python\Python311\site-packages\sklearn\metrics\_ranking.py", line 634, in roc_auc_score
    return _multiclass_roc_auc_score(
           ^^^^^^^^^^^^^^^^^^^^^^^^^^
  File "C:\Users\dhadu\AppData\Roaming\Python\Python311\site-packages\sklearn\metrics\_ranking.py", line 707, in _multiclass_roc_auc_score
    raise ValueError(
ValueError: Target scores need to be probabilities for multiclass roc_auc, i.e. they should sum up to 1.0 over classes


2025-10-27 15:11:59,633:WARNING:C:\Users\dhadu\AppData\Roaming\Python\Python311\site-packages\pycaret\internal\metrics.py:204: FitFailedWarning: Metric 'make_scorer(roc_auc_score, response_method=('decision_function', 'predict_proba'), average=weighted, multi_class=ovr)' failed and error score 0.0 has been returned instead. If this is a custom metric, this usually means that the error is in the metric code. Full exception below:
Traceback (most recent call last):
  File "C:\Users\dhadu\AppData\Roaming\Python\Python311\site-packages\pycaret\internal\metrics.py", line 196, in _score
    return super()._score(
           ^^^^^^^^^^^^^^^
  File "C:\Users\dhadu\AppData\Roaming\Python\Python311\site-packages\sklearn\metrics\_scorer.py", line 350, in _score
    return self._sign * self._score_func(y_true, y_pred, **scoring_kwargs)
                        ^^^^^^^^^^^^^^^^^^^^^^^^^^^^^^^^^^^^^^^^^^^^^^^^^^
  File "C:\Users\dhadu\AppData\Roaming\Python\Python311\site-packages\pycaret\internal\metrics.py", line 144, in __call__
    return self.score_func(y_true, y_pred, **kwargs)
           ^^^^^^^^^^^^^^^^^^^^^^^^^^^^^^^^^^^^^^^^^
  File "C:\Users\dhadu\AppData\Roaming\Python\Python311\site-packages\sklearn\utils\_param_validation.py", line 213, in wrapper
    return func(*args, **kwargs)
           ^^^^^^^^^^^^^^^^^^^^^
  File "C:\Users\dhadu\AppData\Roaming\Python\Python311\site-packages\sklearn\metrics\_ranking.py", line 634, in roc_auc_score
    return _multiclass_roc_auc_score(
           ^^^^^^^^^^^^^^^^^^^^^^^^^^
  File "C:\Users\dhadu\AppData\Roaming\Python\Python311\site-packages\sklearn\metrics\_ranking.py", line 707, in _multiclass_roc_auc_score
    raise ValueError(
ValueError: Target scores need to be probabilities for multiclass roc_auc, i.e. they should sum up to 1.0 over classes


2025-10-27 15:12:02,142:WARNING:C:\Users\dhadu\AppData\Roaming\Python\Python311\site-packages\pycaret\internal\metrics.py:204: FitFailedWarning: Metric 'make_scorer(roc_auc_score, response_method=('decision_function', 'predict_proba'), average=weighted, multi_class=ovr)' failed and error score 0.0 has been returned instead. If this is a custom metric, this usually means that the error is in the metric code. Full exception below:
Traceback (most recent call last):
  File "C:\Users\dhadu\AppData\Roaming\Python\Python311\site-packages\pycaret\internal\metrics.py", line 196, in _score
    return super()._score(
           ^^^^^^^^^^^^^^^
  File "C:\Users\dhadu\AppData\Roaming\Python\Python311\site-packages\sklearn\metrics\_scorer.py", line 350, in _score
    return self._sign * self._score_func(y_true, y_pred, **scoring_kwargs)
                        ^^^^^^^^^^^^^^^^^^^^^^^^^^^^^^^^^^^^^^^^^^^^^^^^^^
  File "C:\Users\dhadu\AppData\Roaming\Python\Python311\site-packages\pycaret\internal\metrics.py", line 144, in __call__
    return self.score_func(y_true, y_pred, **kwargs)
           ^^^^^^^^^^^^^^^^^^^^^^^^^^^^^^^^^^^^^^^^^
  File "C:\Users\dhadu\AppData\Roaming\Python\Python311\site-packages\sklearn\utils\_param_validation.py", line 213, in wrapper
    return func(*args, **kwargs)
           ^^^^^^^^^^^^^^^^^^^^^
  File "C:\Users\dhadu\AppData\Roaming\Python\Python311\site-packages\sklearn\metrics\_ranking.py", line 634, in roc_auc_score
    return _multiclass_roc_auc_score(
           ^^^^^^^^^^^^^^^^^^^^^^^^^^
  File "C:\Users\dhadu\AppData\Roaming\Python\Python311\site-packages\sklearn\metrics\_ranking.py", line 707, in _multiclass_roc_auc_score
    raise ValueError(
ValueError: Target scores need to be probabilities for multiclass roc_auc, i.e. they should sum up to 1.0 over classes


2025-10-27 15:12:04,485:WARNING:C:\Users\dhadu\AppData\Roaming\Python\Python311\site-packages\pycaret\internal\metrics.py:204: FitFailedWarning: Metric 'make_scorer(roc_auc_score, response_method=('decision_function', 'predict_proba'), average=weighted, multi_class=ovr)' failed and error score 0.0 has been returned instead. If this is a custom metric, this usually means that the error is in the metric code. Full exception below:
Traceback (most recent call last):
  File "C:\Users\dhadu\AppData\Roaming\Python\Python311\site-packages\pycaret\internal\metrics.py", line 196, in _score
    return super()._score(
           ^^^^^^^^^^^^^^^
  File "C:\Users\dhadu\AppData\Roaming\Python\Python311\site-packages\sklearn\metrics\_scorer.py", line 350, in _score
    return self._sign * self._score_func(y_true, y_pred, **scoring_kwargs)
                        ^^^^^^^^^^^^^^^^^^^^^^^^^^^^^^^^^^^^^^^^^^^^^^^^^^
  File "C:\Users\dhadu\AppData\Roaming\Python\Python311\site-packages\pycaret\internal\metrics.py", line 144, in __call__
    return self.score_func(y_true, y_pred, **kwargs)
           ^^^^^^^^^^^^^^^^^^^^^^^^^^^^^^^^^^^^^^^^^
  File "C:\Users\dhadu\AppData\Roaming\Python\Python311\site-packages\sklearn\utils\_param_validation.py", line 213, in wrapper
    return func(*args, **kwargs)
           ^^^^^^^^^^^^^^^^^^^^^
  File "C:\Users\dhadu\AppData\Roaming\Python\Python311\site-packages\sklearn\metrics\_ranking.py", line 634, in roc_auc_score
    return _multiclass_roc_auc_score(
           ^^^^^^^^^^^^^^^^^^^^^^^^^^
  File "C:\Users\dhadu\AppData\Roaming\Python\Python311\site-packages\sklearn\metrics\_ranking.py", line 707, in _multiclass_roc_auc_score
    raise ValueError(
ValueError: Target scores need to be probabilities for multiclass roc_auc, i.e. they should sum up to 1.0 over classes


2025-10-27 15:12:06,892:WARNING:C:\Users\dhadu\AppData\Roaming\Python\Python311\site-packages\pycaret\internal\metrics.py:204: FitFailedWarning: Metric 'make_scorer(roc_auc_score, response_method=('decision_function', 'predict_proba'), average=weighted, multi_class=ovr)' failed and error score 0.0 has been returned instead. If this is a custom metric, this usually means that the error is in the metric code. Full exception below:
Traceback (most recent call last):
  File "C:\Users\dhadu\AppData\Roaming\Python\Python311\site-packages\pycaret\internal\metrics.py", line 196, in _score
    return super()._score(
           ^^^^^^^^^^^^^^^
  File "C:\Users\dhadu\AppData\Roaming\Python\Python311\site-packages\sklearn\metrics\_scorer.py", line 350, in _score
    return self._sign * self._score_func(y_true, y_pred, **scoring_kwargs)
                        ^^^^^^^^^^^^^^^^^^^^^^^^^^^^^^^^^^^^^^^^^^^^^^^^^^
  File "C:\Users\dhadu\AppData\Roaming\Python\Python311\site-packages\pycaret\internal\metrics.py", line 144, in __call__
    return self.score_func(y_true, y_pred, **kwargs)
           ^^^^^^^^^^^^^^^^^^^^^^^^^^^^^^^^^^^^^^^^^
  File "C:\Users\dhadu\AppData\Roaming\Python\Python311\site-packages\sklearn\utils\_param_validation.py", line 213, in wrapper
    return func(*args, **kwargs)
           ^^^^^^^^^^^^^^^^^^^^^
  File "C:\Users\dhadu\AppData\Roaming\Python\Python311\site-packages\sklearn\metrics\_ranking.py", line 634, in roc_auc_score
    return _multiclass_roc_auc_score(
           ^^^^^^^^^^^^^^^^^^^^^^^^^^
  File "C:\Users\dhadu\AppData\Roaming\Python\Python311\site-packages\sklearn\metrics\_ranking.py", line 707, in _multiclass_roc_auc_score
    raise ValueError(
ValueError: Target scores need to be probabilities for multiclass roc_auc, i.e. they should sum up to 1.0 over classes


2025-10-27 15:12:09,313:WARNING:C:\Users\dhadu\AppData\Roaming\Python\Python311\site-packages\pycaret\internal\metrics.py:204: FitFailedWarning: Metric 'make_scorer(roc_auc_score, response_method=('decision_function', 'predict_proba'), average=weighted, multi_class=ovr)' failed and error score 0.0 has been returned instead. If this is a custom metric, this usually means that the error is in the metric code. Full exception below:
Traceback (most recent call last):
  File "C:\Users\dhadu\AppData\Roaming\Python\Python311\site-packages\pycaret\internal\metrics.py", line 196, in _score
    return super()._score(
           ^^^^^^^^^^^^^^^
  File "C:\Users\dhadu\AppData\Roaming\Python\Python311\site-packages\sklearn\metrics\_scorer.py", line 350, in _score
    return self._sign * self._score_func(y_true, y_pred, **scoring_kwargs)
                        ^^^^^^^^^^^^^^^^^^^^^^^^^^^^^^^^^^^^^^^^^^^^^^^^^^
  File "C:\Users\dhadu\AppData\Roaming\Python\Python311\site-packages\pycaret\internal\metrics.py", line 144, in __call__
    return self.score_func(y_true, y_pred, **kwargs)
           ^^^^^^^^^^^^^^^^^^^^^^^^^^^^^^^^^^^^^^^^^
  File "C:\Users\dhadu\AppData\Roaming\Python\Python311\site-packages\sklearn\utils\_param_validation.py", line 213, in wrapper
    return func(*args, **kwargs)
           ^^^^^^^^^^^^^^^^^^^^^
  File "C:\Users\dhadu\AppData\Roaming\Python\Python311\site-packages\sklearn\metrics\_ranking.py", line 634, in roc_auc_score
    return _multiclass_roc_auc_score(
           ^^^^^^^^^^^^^^^^^^^^^^^^^^
  File "C:\Users\dhadu\AppData\Roaming\Python\Python311\site-packages\sklearn\metrics\_ranking.py", line 707, in _multiclass_roc_auc_score
    raise ValueError(
ValueError: Target scores need to be probabilities for multiclass roc_auc, i.e. they should sum up to 1.0 over classes


2025-10-27 15:12:11,764:WARNING:C:\Users\dhadu\AppData\Roaming\Python\Python311\site-packages\pycaret\internal\metrics.py:204: FitFailedWarning: Metric 'make_scorer(roc_auc_score, response_method=('decision_function', 'predict_proba'), average=weighted, multi_class=ovr)' failed and error score 0.0 has been returned instead. If this is a custom metric, this usually means that the error is in the metric code. Full exception below:
Traceback (most recent call last):
  File "C:\Users\dhadu\AppData\Roaming\Python\Python311\site-packages\pycaret\internal\metrics.py", line 196, in _score
    return super()._score(
           ^^^^^^^^^^^^^^^
  File "C:\Users\dhadu\AppData\Roaming\Python\Python311\site-packages\sklearn\metrics\_scorer.py", line 350, in _score
    return self._sign * self._score_func(y_true, y_pred, **scoring_kwargs)
                        ^^^^^^^^^^^^^^^^^^^^^^^^^^^^^^^^^^^^^^^^^^^^^^^^^^
  File "C:\Users\dhadu\AppData\Roaming\Python\Python311\site-packages\pycaret\internal\metrics.py", line 144, in __call__
    return self.score_func(y_true, y_pred, **kwargs)
           ^^^^^^^^^^^^^^^^^^^^^^^^^^^^^^^^^^^^^^^^^
  File "C:\Users\dhadu\AppData\Roaming\Python\Python311\site-packages\sklearn\utils\_param_validation.py", line 213, in wrapper
    return func(*args, **kwargs)
           ^^^^^^^^^^^^^^^^^^^^^
  File "C:\Users\dhadu\AppData\Roaming\Python\Python311\site-packages\sklearn\metrics\_ranking.py", line 634, in roc_auc_score
    return _multiclass_roc_auc_score(
           ^^^^^^^^^^^^^^^^^^^^^^^^^^
  File "C:\Users\dhadu\AppData\Roaming\Python\Python311\site-packages\sklearn\metrics\_ranking.py", line 707, in _multiclass_roc_auc_score
    raise ValueError(
ValueError: Target scores need to be probabilities for multiclass roc_auc, i.e. they should sum up to 1.0 over classes


2025-10-27 15:12:11,775:INFO:Calculating mean and std
2025-10-27 15:12:11,776:INFO:Creating metrics dataframe
2025-10-27 15:12:11,778:INFO:Uploading results into container
2025-10-27 15:12:11,779:INFO:Uploading model into container now
2025-10-27 15:12:11,779:INFO:_master_model_container: 10
2025-10-27 15:12:11,779:INFO:_display_container: 2
2025-10-27 15:12:11,780:INFO:GradientBoostingClassifier(ccp_alpha=0.0, criterion='friedman_mse', init=None,
                           learning_rate=0.1, loss='log_loss', max_depth=3,
                           max_features=None, max_leaf_nodes=None,
                           min_impurity_decrease=0.0, min_samples_leaf=1,
                           min_samples_split=2, min_weight_fraction_leaf=0.0,
                           n_estimators=100, n_iter_no_change=None,
                           random_state=123, subsample=1.0, tol=0.0001,
                           validation_fraction=0.1, verbose=0,
                           warm_start=False)
2025-10-27 15:12:11,780:INFO:create_model() successfully completed......................................
2025-10-27 15:12:12,005:INFO:SubProcess create_model() end ==================================
2025-10-27 15:12:12,006:INFO:Creating metrics dataframe
2025-10-27 15:12:12,039:INFO:Initializing Linear Discriminant Analysis
2025-10-27 15:12:12,040:INFO:Total runtime is 0.8387733340263367 minutes
2025-10-27 15:12:12,051:INFO:SubProcess create_model() called ==================================
2025-10-27 15:12:12,052:INFO:Initializing create_model()
2025-10-27 15:12:12,052:INFO:create_model(self=<pycaret.classification.oop.ClassificationExperiment object at 0x0000014C74C2F610>, estimator=lda, fold=StratifiedKFold(n_splits=10, random_state=None, shuffle=False), round=4, cross_validation=True, predict=True, fit_kwargs={}, groups=None, refit=False, probability_threshold=None, experiment_custom_tags=None, verbose=False, system=False, add_to_model_list=True, metrics=None, display=<pycaret.internal.display.display.CommonDisplay object at 0x0000014C255B6590>, model_only=True, return_train_score=False, error_score=0.0, kwargs={})
2025-10-27 15:12:12,052:INFO:Checking exceptions
2025-10-27 15:12:12,052:INFO:Importing libraries
2025-10-27 15:12:12,053:INFO:Copying training dataset
2025-10-27 15:12:12,078:INFO:Defining folds
2025-10-27 15:12:12,079:INFO:Declaring metric variables
2025-10-27 15:12:12,095:INFO:Importing untrained model
2025-10-27 15:12:12,111:INFO:Linear Discriminant Analysis Imported successfully
2025-10-27 15:12:12,140:INFO:Starting cross validation
2025-10-27 15:12:12,143:INFO:Cross validating with StratifiedKFold(n_splits=10, random_state=None, shuffle=False), n_jobs=1
2025-10-27 15:12:12,364:WARNING:C:\Users\dhadu\AppData\Roaming\Python\Python311\site-packages\pycaret\internal\metrics.py:204: FitFailedWarning: Metric 'make_scorer(roc_auc_score, response_method=('decision_function', 'predict_proba'), average=weighted, multi_class=ovr)' failed and error score 0.0 has been returned instead. If this is a custom metric, this usually means that the error is in the metric code. Full exception below:
Traceback (most recent call last):
  File "C:\Users\dhadu\AppData\Roaming\Python\Python311\site-packages\pycaret\internal\metrics.py", line 196, in _score
    return super()._score(
           ^^^^^^^^^^^^^^^
  File "C:\Users\dhadu\AppData\Roaming\Python\Python311\site-packages\sklearn\metrics\_scorer.py", line 350, in _score
    return self._sign * self._score_func(y_true, y_pred, **scoring_kwargs)
                        ^^^^^^^^^^^^^^^^^^^^^^^^^^^^^^^^^^^^^^^^^^^^^^^^^^
  File "C:\Users\dhadu\AppData\Roaming\Python\Python311\site-packages\pycaret\internal\metrics.py", line 144, in __call__
    return self.score_func(y_true, y_pred, **kwargs)
           ^^^^^^^^^^^^^^^^^^^^^^^^^^^^^^^^^^^^^^^^^
  File "C:\Users\dhadu\AppData\Roaming\Python\Python311\site-packages\sklearn\utils\_param_validation.py", line 213, in wrapper
    return func(*args, **kwargs)
           ^^^^^^^^^^^^^^^^^^^^^
  File "C:\Users\dhadu\AppData\Roaming\Python\Python311\site-packages\sklearn\metrics\_ranking.py", line 634, in roc_auc_score
    return _multiclass_roc_auc_score(
           ^^^^^^^^^^^^^^^^^^^^^^^^^^
  File "C:\Users\dhadu\AppData\Roaming\Python\Python311\site-packages\sklearn\metrics\_ranking.py", line 707, in _multiclass_roc_auc_score
    raise ValueError(
ValueError: Target scores need to be probabilities for multiclass roc_auc, i.e. they should sum up to 1.0 over classes


2025-10-27 15:12:12,500:WARNING:C:\Users\dhadu\AppData\Roaming\Python\Python311\site-packages\pycaret\internal\metrics.py:204: FitFailedWarning: Metric 'make_scorer(roc_auc_score, response_method=('decision_function', 'predict_proba'), average=weighted, multi_class=ovr)' failed and error score 0.0 has been returned instead. If this is a custom metric, this usually means that the error is in the metric code. Full exception below:
Traceback (most recent call last):
  File "C:\Users\dhadu\AppData\Roaming\Python\Python311\site-packages\pycaret\internal\metrics.py", line 196, in _score
    return super()._score(
           ^^^^^^^^^^^^^^^
  File "C:\Users\dhadu\AppData\Roaming\Python\Python311\site-packages\sklearn\metrics\_scorer.py", line 350, in _score
    return self._sign * self._score_func(y_true, y_pred, **scoring_kwargs)
                        ^^^^^^^^^^^^^^^^^^^^^^^^^^^^^^^^^^^^^^^^^^^^^^^^^^
  File "C:\Users\dhadu\AppData\Roaming\Python\Python311\site-packages\pycaret\internal\metrics.py", line 144, in __call__
    return self.score_func(y_true, y_pred, **kwargs)
           ^^^^^^^^^^^^^^^^^^^^^^^^^^^^^^^^^^^^^^^^^
  File "C:\Users\dhadu\AppData\Roaming\Python\Python311\site-packages\sklearn\utils\_param_validation.py", line 213, in wrapper
    return func(*args, **kwargs)
           ^^^^^^^^^^^^^^^^^^^^^
  File "C:\Users\dhadu\AppData\Roaming\Python\Python311\site-packages\sklearn\metrics\_ranking.py", line 634, in roc_auc_score
    return _multiclass_roc_auc_score(
           ^^^^^^^^^^^^^^^^^^^^^^^^^^
  File "C:\Users\dhadu\AppData\Roaming\Python\Python311\site-packages\sklearn\metrics\_ranking.py", line 707, in _multiclass_roc_auc_score
    raise ValueError(
ValueError: Target scores need to be probabilities for multiclass roc_auc, i.e. they should sum up to 1.0 over classes


2025-10-27 15:12:12,637:WARNING:C:\Users\dhadu\AppData\Roaming\Python\Python311\site-packages\pycaret\internal\metrics.py:204: FitFailedWarning: Metric 'make_scorer(roc_auc_score, response_method=('decision_function', 'predict_proba'), average=weighted, multi_class=ovr)' failed and error score 0.0 has been returned instead. If this is a custom metric, this usually means that the error is in the metric code. Full exception below:
Traceback (most recent call last):
  File "C:\Users\dhadu\AppData\Roaming\Python\Python311\site-packages\pycaret\internal\metrics.py", line 196, in _score
    return super()._score(
           ^^^^^^^^^^^^^^^
  File "C:\Users\dhadu\AppData\Roaming\Python\Python311\site-packages\sklearn\metrics\_scorer.py", line 350, in _score
    return self._sign * self._score_func(y_true, y_pred, **scoring_kwargs)
                        ^^^^^^^^^^^^^^^^^^^^^^^^^^^^^^^^^^^^^^^^^^^^^^^^^^
  File "C:\Users\dhadu\AppData\Roaming\Python\Python311\site-packages\pycaret\internal\metrics.py", line 144, in __call__
    return self.score_func(y_true, y_pred, **kwargs)
           ^^^^^^^^^^^^^^^^^^^^^^^^^^^^^^^^^^^^^^^^^
  File "C:\Users\dhadu\AppData\Roaming\Python\Python311\site-packages\sklearn\utils\_param_validation.py", line 213, in wrapper
    return func(*args, **kwargs)
           ^^^^^^^^^^^^^^^^^^^^^
  File "C:\Users\dhadu\AppData\Roaming\Python\Python311\site-packages\sklearn\metrics\_ranking.py", line 634, in roc_auc_score
    return _multiclass_roc_auc_score(
           ^^^^^^^^^^^^^^^^^^^^^^^^^^
  File "C:\Users\dhadu\AppData\Roaming\Python\Python311\site-packages\sklearn\metrics\_ranking.py", line 707, in _multiclass_roc_auc_score
    raise ValueError(
ValueError: Target scores need to be probabilities for multiclass roc_auc, i.e. they should sum up to 1.0 over classes


2025-10-27 15:12:12,804:WARNING:C:\Users\dhadu\AppData\Roaming\Python\Python311\site-packages\pycaret\internal\metrics.py:204: FitFailedWarning: Metric 'make_scorer(roc_auc_score, response_method=('decision_function', 'predict_proba'), average=weighted, multi_class=ovr)' failed and error score 0.0 has been returned instead. If this is a custom metric, this usually means that the error is in the metric code. Full exception below:
Traceback (most recent call last):
  File "C:\Users\dhadu\AppData\Roaming\Python\Python311\site-packages\pycaret\internal\metrics.py", line 196, in _score
    return super()._score(
           ^^^^^^^^^^^^^^^
  File "C:\Users\dhadu\AppData\Roaming\Python\Python311\site-packages\sklearn\metrics\_scorer.py", line 350, in _score
    return self._sign * self._score_func(y_true, y_pred, **scoring_kwargs)
                        ^^^^^^^^^^^^^^^^^^^^^^^^^^^^^^^^^^^^^^^^^^^^^^^^^^
  File "C:\Users\dhadu\AppData\Roaming\Python\Python311\site-packages\pycaret\internal\metrics.py", line 144, in __call__
    return self.score_func(y_true, y_pred, **kwargs)
           ^^^^^^^^^^^^^^^^^^^^^^^^^^^^^^^^^^^^^^^^^
  File "C:\Users\dhadu\AppData\Roaming\Python\Python311\site-packages\sklearn\utils\_param_validation.py", line 213, in wrapper
    return func(*args, **kwargs)
           ^^^^^^^^^^^^^^^^^^^^^
  File "C:\Users\dhadu\AppData\Roaming\Python\Python311\site-packages\sklearn\metrics\_ranking.py", line 634, in roc_auc_score
    return _multiclass_roc_auc_score(
           ^^^^^^^^^^^^^^^^^^^^^^^^^^
  File "C:\Users\dhadu\AppData\Roaming\Python\Python311\site-packages\sklearn\metrics\_ranking.py", line 707, in _multiclass_roc_auc_score
    raise ValueError(
ValueError: Target scores need to be probabilities for multiclass roc_auc, i.e. they should sum up to 1.0 over classes


2025-10-27 15:12:12,937:WARNING:C:\Users\dhadu\AppData\Roaming\Python\Python311\site-packages\pycaret\internal\metrics.py:204: FitFailedWarning: Metric 'make_scorer(roc_auc_score, response_method=('decision_function', 'predict_proba'), average=weighted, multi_class=ovr)' failed and error score 0.0 has been returned instead. If this is a custom metric, this usually means that the error is in the metric code. Full exception below:
Traceback (most recent call last):
  File "C:\Users\dhadu\AppData\Roaming\Python\Python311\site-packages\pycaret\internal\metrics.py", line 196, in _score
    return super()._score(
           ^^^^^^^^^^^^^^^
  File "C:\Users\dhadu\AppData\Roaming\Python\Python311\site-packages\sklearn\metrics\_scorer.py", line 350, in _score
    return self._sign * self._score_func(y_true, y_pred, **scoring_kwargs)
                        ^^^^^^^^^^^^^^^^^^^^^^^^^^^^^^^^^^^^^^^^^^^^^^^^^^
  File "C:\Users\dhadu\AppData\Roaming\Python\Python311\site-packages\pycaret\internal\metrics.py", line 144, in __call__
    return self.score_func(y_true, y_pred, **kwargs)
           ^^^^^^^^^^^^^^^^^^^^^^^^^^^^^^^^^^^^^^^^^
  File "C:\Users\dhadu\AppData\Roaming\Python\Python311\site-packages\sklearn\utils\_param_validation.py", line 213, in wrapper
    return func(*args, **kwargs)
           ^^^^^^^^^^^^^^^^^^^^^
  File "C:\Users\dhadu\AppData\Roaming\Python\Python311\site-packages\sklearn\metrics\_ranking.py", line 634, in roc_auc_score
    return _multiclass_roc_auc_score(
           ^^^^^^^^^^^^^^^^^^^^^^^^^^
  File "C:\Users\dhadu\AppData\Roaming\Python\Python311\site-packages\sklearn\metrics\_ranking.py", line 707, in _multiclass_roc_auc_score
    raise ValueError(
ValueError: Target scores need to be probabilities for multiclass roc_auc, i.e. they should sum up to 1.0 over classes


2025-10-27 15:12:13,072:WARNING:C:\Users\dhadu\AppData\Roaming\Python\Python311\site-packages\pycaret\internal\metrics.py:204: FitFailedWarning: Metric 'make_scorer(roc_auc_score, response_method=('decision_function', 'predict_proba'), average=weighted, multi_class=ovr)' failed and error score 0.0 has been returned instead. If this is a custom metric, this usually means that the error is in the metric code. Full exception below:
Traceback (most recent call last):
  File "C:\Users\dhadu\AppData\Roaming\Python\Python311\site-packages\pycaret\internal\metrics.py", line 196, in _score
    return super()._score(
           ^^^^^^^^^^^^^^^
  File "C:\Users\dhadu\AppData\Roaming\Python\Python311\site-packages\sklearn\metrics\_scorer.py", line 350, in _score
    return self._sign * self._score_func(y_true, y_pred, **scoring_kwargs)
                        ^^^^^^^^^^^^^^^^^^^^^^^^^^^^^^^^^^^^^^^^^^^^^^^^^^
  File "C:\Users\dhadu\AppData\Roaming\Python\Python311\site-packages\pycaret\internal\metrics.py", line 144, in __call__
    return self.score_func(y_true, y_pred, **kwargs)
           ^^^^^^^^^^^^^^^^^^^^^^^^^^^^^^^^^^^^^^^^^
  File "C:\Users\dhadu\AppData\Roaming\Python\Python311\site-packages\sklearn\utils\_param_validation.py", line 213, in wrapper
    return func(*args, **kwargs)
           ^^^^^^^^^^^^^^^^^^^^^
  File "C:\Users\dhadu\AppData\Roaming\Python\Python311\site-packages\sklearn\metrics\_ranking.py", line 634, in roc_auc_score
    return _multiclass_roc_auc_score(
           ^^^^^^^^^^^^^^^^^^^^^^^^^^
  File "C:\Users\dhadu\AppData\Roaming\Python\Python311\site-packages\sklearn\metrics\_ranking.py", line 707, in _multiclass_roc_auc_score
    raise ValueError(
ValueError: Target scores need to be probabilities for multiclass roc_auc, i.e. they should sum up to 1.0 over classes


2025-10-27 15:12:13,205:WARNING:C:\Users\dhadu\AppData\Roaming\Python\Python311\site-packages\pycaret\internal\metrics.py:204: FitFailedWarning: Metric 'make_scorer(roc_auc_score, response_method=('decision_function', 'predict_proba'), average=weighted, multi_class=ovr)' failed and error score 0.0 has been returned instead. If this is a custom metric, this usually means that the error is in the metric code. Full exception below:
Traceback (most recent call last):
  File "C:\Users\dhadu\AppData\Roaming\Python\Python311\site-packages\pycaret\internal\metrics.py", line 196, in _score
    return super()._score(
           ^^^^^^^^^^^^^^^
  File "C:\Users\dhadu\AppData\Roaming\Python\Python311\site-packages\sklearn\metrics\_scorer.py", line 350, in _score
    return self._sign * self._score_func(y_true, y_pred, **scoring_kwargs)
                        ^^^^^^^^^^^^^^^^^^^^^^^^^^^^^^^^^^^^^^^^^^^^^^^^^^
  File "C:\Users\dhadu\AppData\Roaming\Python\Python311\site-packages\pycaret\internal\metrics.py", line 144, in __call__
    return self.score_func(y_true, y_pred, **kwargs)
           ^^^^^^^^^^^^^^^^^^^^^^^^^^^^^^^^^^^^^^^^^
  File "C:\Users\dhadu\AppData\Roaming\Python\Python311\site-packages\sklearn\utils\_param_validation.py", line 213, in wrapper
    return func(*args, **kwargs)
           ^^^^^^^^^^^^^^^^^^^^^
  File "C:\Users\dhadu\AppData\Roaming\Python\Python311\site-packages\sklearn\metrics\_ranking.py", line 634, in roc_auc_score
    return _multiclass_roc_auc_score(
           ^^^^^^^^^^^^^^^^^^^^^^^^^^
  File "C:\Users\dhadu\AppData\Roaming\Python\Python311\site-packages\sklearn\metrics\_ranking.py", line 707, in _multiclass_roc_auc_score
    raise ValueError(
ValueError: Target scores need to be probabilities for multiclass roc_auc, i.e. they should sum up to 1.0 over classes


2025-10-27 15:12:13,342:WARNING:C:\Users\dhadu\AppData\Roaming\Python\Python311\site-packages\pycaret\internal\metrics.py:204: FitFailedWarning: Metric 'make_scorer(roc_auc_score, response_method=('decision_function', 'predict_proba'), average=weighted, multi_class=ovr)' failed and error score 0.0 has been returned instead. If this is a custom metric, this usually means that the error is in the metric code. Full exception below:
Traceback (most recent call last):
  File "C:\Users\dhadu\AppData\Roaming\Python\Python311\site-packages\pycaret\internal\metrics.py", line 196, in _score
    return super()._score(
           ^^^^^^^^^^^^^^^
  File "C:\Users\dhadu\AppData\Roaming\Python\Python311\site-packages\sklearn\metrics\_scorer.py", line 350, in _score
    return self._sign * self._score_func(y_true, y_pred, **scoring_kwargs)
                        ^^^^^^^^^^^^^^^^^^^^^^^^^^^^^^^^^^^^^^^^^^^^^^^^^^
  File "C:\Users\dhadu\AppData\Roaming\Python\Python311\site-packages\pycaret\internal\metrics.py", line 144, in __call__
    return self.score_func(y_true, y_pred, **kwargs)
           ^^^^^^^^^^^^^^^^^^^^^^^^^^^^^^^^^^^^^^^^^
  File "C:\Users\dhadu\AppData\Roaming\Python\Python311\site-packages\sklearn\utils\_param_validation.py", line 213, in wrapper
    return func(*args, **kwargs)
           ^^^^^^^^^^^^^^^^^^^^^
  File "C:\Users\dhadu\AppData\Roaming\Python\Python311\site-packages\sklearn\metrics\_ranking.py", line 634, in roc_auc_score
    return _multiclass_roc_auc_score(
           ^^^^^^^^^^^^^^^^^^^^^^^^^^
  File "C:\Users\dhadu\AppData\Roaming\Python\Python311\site-packages\sklearn\metrics\_ranking.py", line 707, in _multiclass_roc_auc_score
    raise ValueError(
ValueError: Target scores need to be probabilities for multiclass roc_auc, i.e. they should sum up to 1.0 over classes


2025-10-27 15:12:13,469:WARNING:C:\Users\dhadu\AppData\Roaming\Python\Python311\site-packages\pycaret\internal\metrics.py:204: FitFailedWarning: Metric 'make_scorer(roc_auc_score, response_method=('decision_function', 'predict_proba'), average=weighted, multi_class=ovr)' failed and error score 0.0 has been returned instead. If this is a custom metric, this usually means that the error is in the metric code. Full exception below:
Traceback (most recent call last):
  File "C:\Users\dhadu\AppData\Roaming\Python\Python311\site-packages\pycaret\internal\metrics.py", line 196, in _score
    return super()._score(
           ^^^^^^^^^^^^^^^
  File "C:\Users\dhadu\AppData\Roaming\Python\Python311\site-packages\sklearn\metrics\_scorer.py", line 350, in _score
    return self._sign * self._score_func(y_true, y_pred, **scoring_kwargs)
                        ^^^^^^^^^^^^^^^^^^^^^^^^^^^^^^^^^^^^^^^^^^^^^^^^^^
  File "C:\Users\dhadu\AppData\Roaming\Python\Python311\site-packages\pycaret\internal\metrics.py", line 144, in __call__
    return self.score_func(y_true, y_pred, **kwargs)
           ^^^^^^^^^^^^^^^^^^^^^^^^^^^^^^^^^^^^^^^^^
  File "C:\Users\dhadu\AppData\Roaming\Python\Python311\site-packages\sklearn\utils\_param_validation.py", line 213, in wrapper
    return func(*args, **kwargs)
           ^^^^^^^^^^^^^^^^^^^^^
  File "C:\Users\dhadu\AppData\Roaming\Python\Python311\site-packages\sklearn\metrics\_ranking.py", line 634, in roc_auc_score
    return _multiclass_roc_auc_score(
           ^^^^^^^^^^^^^^^^^^^^^^^^^^
  File "C:\Users\dhadu\AppData\Roaming\Python\Python311\site-packages\sklearn\metrics\_ranking.py", line 707, in _multiclass_roc_auc_score
    raise ValueError(
ValueError: Target scores need to be probabilities for multiclass roc_auc, i.e. they should sum up to 1.0 over classes


2025-10-27 15:12:13,605:WARNING:C:\Users\dhadu\AppData\Roaming\Python\Python311\site-packages\pycaret\internal\metrics.py:204: FitFailedWarning: Metric 'make_scorer(roc_auc_score, response_method=('decision_function', 'predict_proba'), average=weighted, multi_class=ovr)' failed and error score 0.0 has been returned instead. If this is a custom metric, this usually means that the error is in the metric code. Full exception below:
Traceback (most recent call last):
  File "C:\Users\dhadu\AppData\Roaming\Python\Python311\site-packages\pycaret\internal\metrics.py", line 196, in _score
    return super()._score(
           ^^^^^^^^^^^^^^^
  File "C:\Users\dhadu\AppData\Roaming\Python\Python311\site-packages\sklearn\metrics\_scorer.py", line 350, in _score
    return self._sign * self._score_func(y_true, y_pred, **scoring_kwargs)
                        ^^^^^^^^^^^^^^^^^^^^^^^^^^^^^^^^^^^^^^^^^^^^^^^^^^
  File "C:\Users\dhadu\AppData\Roaming\Python\Python311\site-packages\pycaret\internal\metrics.py", line 144, in __call__
    return self.score_func(y_true, y_pred, **kwargs)
           ^^^^^^^^^^^^^^^^^^^^^^^^^^^^^^^^^^^^^^^^^
  File "C:\Users\dhadu\AppData\Roaming\Python\Python311\site-packages\sklearn\utils\_param_validation.py", line 213, in wrapper
    return func(*args, **kwargs)
           ^^^^^^^^^^^^^^^^^^^^^
  File "C:\Users\dhadu\AppData\Roaming\Python\Python311\site-packages\sklearn\metrics\_ranking.py", line 634, in roc_auc_score
    return _multiclass_roc_auc_score(
           ^^^^^^^^^^^^^^^^^^^^^^^^^^
  File "C:\Users\dhadu\AppData\Roaming\Python\Python311\site-packages\sklearn\metrics\_ranking.py", line 707, in _multiclass_roc_auc_score
    raise ValueError(
ValueError: Target scores need to be probabilities for multiclass roc_auc, i.e. they should sum up to 1.0 over classes


2025-10-27 15:12:13,616:INFO:Calculating mean and std
2025-10-27 15:12:13,617:INFO:Creating metrics dataframe
2025-10-27 15:12:13,619:INFO:Uploading results into container
2025-10-27 15:12:13,620:INFO:Uploading model into container now
2025-10-27 15:12:13,620:INFO:_master_model_container: 11
2025-10-27 15:12:13,620:INFO:_display_container: 2
2025-10-27 15:12:13,621:INFO:LinearDiscriminantAnalysis(covariance_estimator=None, n_components=None,
                           priors=None, shrinkage=None, solver='svd',
                           store_covariance=False, tol=0.0001)
2025-10-27 15:12:13,621:INFO:create_model() successfully completed......................................
2025-10-27 15:12:13,846:INFO:SubProcess create_model() end ==================================
2025-10-27 15:12:13,847:INFO:Creating metrics dataframe
2025-10-27 15:12:13,877:INFO:Initializing Extra Trees Classifier
2025-10-27 15:12:13,877:INFO:Total runtime is 0.869378391901652 minutes
2025-10-27 15:12:13,889:INFO:SubProcess create_model() called ==================================
2025-10-27 15:12:13,890:INFO:Initializing create_model()
2025-10-27 15:12:13,890:INFO:create_model(self=<pycaret.classification.oop.ClassificationExperiment object at 0x0000014C74C2F610>, estimator=et, fold=StratifiedKFold(n_splits=10, random_state=None, shuffle=False), round=4, cross_validation=True, predict=True, fit_kwargs={}, groups=None, refit=False, probability_threshold=None, experiment_custom_tags=None, verbose=False, system=False, add_to_model_list=True, metrics=None, display=<pycaret.internal.display.display.CommonDisplay object at 0x0000014C255B6590>, model_only=True, return_train_score=False, error_score=0.0, kwargs={})
2025-10-27 15:12:13,890:INFO:Checking exceptions
2025-10-27 15:12:13,890:INFO:Importing libraries
2025-10-27 15:12:13,891:INFO:Copying training dataset
2025-10-27 15:12:13,918:INFO:Defining folds
2025-10-27 15:12:13,919:INFO:Declaring metric variables
2025-10-27 15:12:13,933:INFO:Importing untrained model
2025-10-27 15:12:13,949:INFO:Extra Trees Classifier Imported successfully
2025-10-27 15:12:13,973:INFO:Starting cross validation
2025-10-27 15:12:13,976:INFO:Cross validating with StratifiedKFold(n_splits=10, random_state=None, shuffle=False), n_jobs=1
2025-10-27 15:12:17,970:INFO:Calculating mean and std
2025-10-27 15:12:17,971:INFO:Creating metrics dataframe
2025-10-27 15:12:17,973:INFO:Uploading results into container
2025-10-27 15:12:17,974:INFO:Uploading model into container now
2025-10-27 15:12:17,974:INFO:_master_model_container: 12
2025-10-27 15:12:17,974:INFO:_display_container: 2
2025-10-27 15:12:17,975:INFO:ExtraTreesClassifier(bootstrap=False, ccp_alpha=0.0, class_weight=None,
                     criterion='gini', max_depth=None, max_features='sqrt',
                     max_leaf_nodes=None, max_samples=None,
                     min_impurity_decrease=0.0, min_samples_leaf=1,
                     min_samples_split=2, min_weight_fraction_leaf=0.0,
                     monotonic_cst=None, n_estimators=100, n_jobs=-1,
                     oob_score=False, random_state=123, verbose=0,
                     warm_start=False)
2025-10-27 15:12:17,975:INFO:create_model() successfully completed......................................
2025-10-27 15:12:18,201:INFO:SubProcess create_model() end ==================================
2025-10-27 15:12:18,201:INFO:Creating metrics dataframe
2025-10-27 15:12:18,237:INFO:Initializing Light Gradient Boosting Machine
2025-10-27 15:12:18,238:INFO:Total runtime is 0.9420673489570618 minutes
2025-10-27 15:12:18,249:INFO:SubProcess create_model() called ==================================
2025-10-27 15:12:18,250:INFO:Initializing create_model()
2025-10-27 15:12:18,250:INFO:create_model(self=<pycaret.classification.oop.ClassificationExperiment object at 0x0000014C74C2F610>, estimator=lightgbm, fold=StratifiedKFold(n_splits=10, random_state=None, shuffle=False), round=4, cross_validation=True, predict=True, fit_kwargs={}, groups=None, refit=False, probability_threshold=None, experiment_custom_tags=None, verbose=False, system=False, add_to_model_list=True, metrics=None, display=<pycaret.internal.display.display.CommonDisplay object at 0x0000014C255B6590>, model_only=True, return_train_score=False, error_score=0.0, kwargs={})
2025-10-27 15:12:18,250:INFO:Checking exceptions
2025-10-27 15:12:18,250:INFO:Importing libraries
2025-10-27 15:12:18,250:INFO:Copying training dataset
2025-10-27 15:12:18,277:INFO:Defining folds
2025-10-27 15:12:18,278:INFO:Declaring metric variables
2025-10-27 15:12:18,294:INFO:Importing untrained model
2025-10-27 15:12:18,314:INFO:Light Gradient Boosting Machine Imported successfully
2025-10-27 15:12:18,344:INFO:Starting cross validation
2025-10-27 15:12:18,346:INFO:Cross validating with StratifiedKFold(n_splits=10, random_state=None, shuffle=False), n_jobs=1
2025-10-27 15:12:18,535:INFO:[LightGBM] [Info] This is the GPU trainer!!
2025-10-27 15:12:18,536:INFO:[LightGBM] [Info] Total Bins 1368
2025-10-27 15:12:18,536:INFO:[LightGBM] [Info] Number of data points in the train set: 1260, number of used features: 20
2025-10-27 15:12:18,538:INFO:[LightGBM] [Info] Using GPU Device: Intel(R) UHD Graphics, Vendor: Intel(R) Corporation
2025-10-27 15:12:18,538:INFO:[LightGBM] [Info] Compiling OpenCL Kernel with 256 bins...
2025-10-27 15:12:18,646:INFO:[LightGBM] [Info] GPU programs have been built
2025-10-27 15:12:18,654:INFO:[LightGBM] [Info] Size of histogram bin entry: 8
2025-10-27 15:12:18,660:INFO:[LightGBM] [Info] 19 dense feature groups (0.02 MB) transferred to GPU in 0.005562 secs. 1 sparse feature groups
2025-10-27 15:12:18,661:INFO:[LightGBM] [Info] Start training from score -1.386294
2025-10-27 15:12:18,661:INFO:[LightGBM] [Info] Start training from score -1.386294
2025-10-27 15:12:18,662:INFO:[LightGBM] [Info] Start training from score -1.386294
2025-10-27 15:12:18,662:INFO:[LightGBM] [Info] Start training from score -1.386294
2025-10-27 15:12:18,679:INFO:[LightGBM] [Warning] No further splits with positive gain, best gain: -inf
2025-10-27 15:12:18,697:INFO:[LightGBM] [Warning] No further splits with positive gain, best gain: -inf
2025-10-27 15:12:18,715:INFO:[LightGBM] [Warning] No further splits with positive gain, best gain: -inf
2025-10-27 15:12:18,726:INFO:[LightGBM] [Warning] No further splits with positive gain, best gain: -inf
2025-10-27 15:12:25,665:INFO:[LightGBM] [Info] This is the GPU trainer!!
2025-10-27 15:12:25,665:INFO:[LightGBM] [Info] Total Bins 1369
2025-10-27 15:12:25,666:INFO:[LightGBM] [Info] Number of data points in the train set: 1260, number of used features: 20
2025-10-27 15:12:25,666:INFO:[LightGBM] [Info] Using GPU Device: Intel(R) UHD Graphics, Vendor: Intel(R) Corporation
2025-10-27 15:12:25,666:INFO:[LightGBM] [Info] Compiling OpenCL Kernel with 256 bins...
2025-10-27 15:12:25,674:INFO:[LightGBM] [Info] GPU programs have been built
2025-10-27 15:12:25,676:INFO:[LightGBM] [Info] Size of histogram bin entry: 8
2025-10-27 15:12:25,679:INFO:[LightGBM] [Info] 19 dense feature groups (0.02 MB) transferred to GPU in 0.001244 secs. 1 sparse feature groups
2025-10-27 15:12:25,680:INFO:[LightGBM] [Info] Start training from score -1.386294
2025-10-27 15:12:25,680:INFO:[LightGBM] [Info] Start training from score -1.386294
2025-10-27 15:12:25,680:INFO:[LightGBM] [Info] Start training from score -1.386294
2025-10-27 15:12:25,680:INFO:[LightGBM] [Info] Start training from score -1.386294
2025-10-27 15:12:25,692:INFO:[LightGBM] [Warning] No further splits with positive gain, best gain: -inf
2025-10-27 15:12:25,709:INFO:[LightGBM] [Warning] No further splits with positive gain, best gain: -inf
2025-10-27 15:12:25,727:INFO:[LightGBM] [Warning] No further splits with positive gain, best gain: -inf
2025-10-27 15:12:25,739:INFO:[LightGBM] [Warning] No further splits with positive gain, best gain: -inf
2025-10-27 15:12:32,897:INFO:[LightGBM] [Info] This is the GPU trainer!!
2025-10-27 15:12:32,898:INFO:[LightGBM] [Info] Total Bins 1369
2025-10-27 15:12:32,898:INFO:[LightGBM] [Info] Number of data points in the train set: 1260, number of used features: 20
2025-10-27 15:12:32,899:INFO:[LightGBM] [Info] Using GPU Device: Intel(R) UHD Graphics, Vendor: Intel(R) Corporation
2025-10-27 15:12:32,899:INFO:[LightGBM] [Info] Compiling OpenCL Kernel with 256 bins...
2025-10-27 15:12:32,907:INFO:[LightGBM] [Info] GPU programs have been built
2025-10-27 15:12:32,910:INFO:[LightGBM] [Info] Size of histogram bin entry: 8
2025-10-27 15:12:32,912:INFO:[LightGBM] [Info] 19 dense feature groups (0.02 MB) transferred to GPU in 0.001361 secs. 1 sparse feature groups
2025-10-27 15:12:32,913:INFO:[LightGBM] [Info] Start training from score -1.386294
2025-10-27 15:12:32,913:INFO:[LightGBM] [Info] Start training from score -1.386294
2025-10-27 15:12:32,913:INFO:[LightGBM] [Info] Start training from score -1.386294
2025-10-27 15:12:32,913:INFO:[LightGBM] [Info] Start training from score -1.386294
2025-10-27 15:12:32,924:INFO:[LightGBM] [Warning] No further splits with positive gain, best gain: -inf
2025-10-27 15:12:32,939:INFO:[LightGBM] [Warning] No further splits with positive gain, best gain: -inf
2025-10-27 15:12:32,960:INFO:[LightGBM] [Warning] No further splits with positive gain, best gain: -inf
2025-10-27 15:12:32,969:INFO:[LightGBM] [Warning] No further splits with positive gain, best gain: -inf
2025-10-27 15:12:39,745:INFO:[LightGBM] [Info] This is the GPU trainer!!
2025-10-27 15:12:39,746:INFO:[LightGBM] [Info] Total Bins 1368
2025-10-27 15:12:39,746:INFO:[LightGBM] [Info] Number of data points in the train set: 1260, number of used features: 20
2025-10-27 15:12:39,746:INFO:[LightGBM] [Info] Using GPU Device: Intel(R) UHD Graphics, Vendor: Intel(R) Corporation
2025-10-27 15:12:39,747:INFO:[LightGBM] [Info] Compiling OpenCL Kernel with 256 bins...
2025-10-27 15:12:39,759:INFO:[LightGBM] [Info] GPU programs have been built
2025-10-27 15:12:39,761:INFO:[LightGBM] [Info] Size of histogram bin entry: 8
2025-10-27 15:12:39,764:INFO:[LightGBM] [Info] 19 dense feature groups (0.02 MB) transferred to GPU in 0.001674 secs. 1 sparse feature groups
2025-10-27 15:12:39,765:INFO:[LightGBM] [Info] Start training from score -1.386294
2025-10-27 15:12:39,765:INFO:[LightGBM] [Info] Start training from score -1.386294
2025-10-27 15:12:39,765:INFO:[LightGBM] [Info] Start training from score -1.386294
2025-10-27 15:12:39,765:INFO:[LightGBM] [Info] Start training from score -1.386294
2025-10-27 15:12:39,775:INFO:[LightGBM] [Warning] No further splits with positive gain, best gain: -inf
2025-10-27 15:12:39,791:INFO:[LightGBM] [Warning] No further splits with positive gain, best gain: -inf
2025-10-27 15:12:39,806:INFO:[LightGBM] [Warning] No further splits with positive gain, best gain: -inf
2025-10-27 15:12:39,816:INFO:[LightGBM] [Warning] No further splits with positive gain, best gain: -inf
2025-10-27 15:12:46,545:INFO:[LightGBM] [Info] This is the GPU trainer!!
2025-10-27 15:12:46,545:INFO:[LightGBM] [Info] Total Bins 1369
2025-10-27 15:12:46,546:INFO:[LightGBM] [Info] Number of data points in the train set: 1260, number of used features: 20
2025-10-27 15:12:46,546:INFO:[LightGBM] [Info] Using GPU Device: Intel(R) UHD Graphics, Vendor: Intel(R) Corporation
2025-10-27 15:12:46,546:INFO:[LightGBM] [Info] Compiling OpenCL Kernel with 256 bins...
2025-10-27 15:12:46,554:INFO:[LightGBM] [Info] GPU programs have been built
2025-10-27 15:12:46,557:INFO:[LightGBM] [Info] Size of histogram bin entry: 8
2025-10-27 15:12:46,559:INFO:[LightGBM] [Info] 19 dense feature groups (0.02 MB) transferred to GPU in 0.001253 secs. 1 sparse feature groups
2025-10-27 15:12:46,560:INFO:[LightGBM] [Info] Start training from score -1.386294
2025-10-27 15:12:46,560:INFO:[LightGBM] [Info] Start training from score -1.386294
2025-10-27 15:12:46,560:INFO:[LightGBM] [Info] Start training from score -1.386294
2025-10-27 15:12:46,560:INFO:[LightGBM] [Info] Start training from score -1.386294
2025-10-27 15:12:46,571:INFO:[LightGBM] [Warning] No further splits with positive gain, best gain: -inf
2025-10-27 15:12:46,586:INFO:[LightGBM] [Warning] No further splits with positive gain, best gain: -inf
2025-10-27 15:12:46,603:INFO:[LightGBM] [Warning] No further splits with positive gain, best gain: -inf
2025-10-27 15:12:46,614:INFO:[LightGBM] [Warning] No further splits with positive gain, best gain: -inf
2025-10-27 15:12:53,539:INFO:[LightGBM] [Info] This is the GPU trainer!!
2025-10-27 15:12:53,540:INFO:[LightGBM] [Info] Total Bins 1369
2025-10-27 15:12:53,540:INFO:[LightGBM] [Info] Number of data points in the train set: 1260, number of used features: 20
2025-10-27 15:12:53,540:INFO:[LightGBM] [Info] Using GPU Device: Intel(R) UHD Graphics, Vendor: Intel(R) Corporation
2025-10-27 15:12:53,540:INFO:[LightGBM] [Info] Compiling OpenCL Kernel with 256 bins...
2025-10-27 15:12:53,548:INFO:[LightGBM] [Info] GPU programs have been built
2025-10-27 15:12:53,551:INFO:[LightGBM] [Info] Size of histogram bin entry: 8
2025-10-27 15:12:53,553:INFO:[LightGBM] [Info] 19 dense feature groups (0.02 MB) transferred to GPU in 0.001401 secs. 1 sparse feature groups
2025-10-27 15:12:53,554:INFO:[LightGBM] [Info] Start training from score -1.386294
2025-10-27 15:12:53,554:INFO:[LightGBM] [Info] Start training from score -1.386294
2025-10-27 15:12:53,554:INFO:[LightGBM] [Info] Start training from score -1.386294
2025-10-27 15:12:53,554:INFO:[LightGBM] [Info] Start training from score -1.386294
2025-10-27 15:12:53,564:INFO:[LightGBM] [Warning] No further splits with positive gain, best gain: -inf
2025-10-27 15:12:53,578:INFO:[LightGBM] [Warning] No further splits with positive gain, best gain: -inf
2025-10-27 15:12:53,593:INFO:[LightGBM] [Warning] No further splits with positive gain, best gain: -inf
2025-10-27 15:12:53,602:INFO:[LightGBM] [Warning] No further splits with positive gain, best gain: -inf
2025-10-27 15:13:00,114:INFO:[LightGBM] [Info] This is the GPU trainer!!
2025-10-27 15:13:00,115:INFO:[LightGBM] [Info] Total Bins 1369
2025-10-27 15:13:00,115:INFO:[LightGBM] [Info] Number of data points in the train set: 1260, number of used features: 20
2025-10-27 15:13:00,115:INFO:[LightGBM] [Info] Using GPU Device: Intel(R) UHD Graphics, Vendor: Intel(R) Corporation
2025-10-27 15:13:00,116:INFO:[LightGBM] [Info] Compiling OpenCL Kernel with 256 bins...
2025-10-27 15:13:00,129:INFO:[LightGBM] [Info] GPU programs have been built
2025-10-27 15:13:00,131:INFO:[LightGBM] [Info] Size of histogram bin entry: 8
2025-10-27 15:13:00,133:INFO:[LightGBM] [Info] 19 dense feature groups (0.02 MB) transferred to GPU in 0.001210 secs. 1 sparse feature groups
2025-10-27 15:13:00,134:INFO:[LightGBM] [Info] Start training from score -1.386294
2025-10-27 15:13:00,134:INFO:[LightGBM] [Info] Start training from score -1.386294
2025-10-27 15:13:00,134:INFO:[LightGBM] [Info] Start training from score -1.386294
2025-10-27 15:13:00,134:INFO:[LightGBM] [Info] Start training from score -1.386294
2025-10-27 15:13:00,144:INFO:[LightGBM] [Warning] No further splits with positive gain, best gain: -inf
2025-10-27 15:13:00,160:INFO:[LightGBM] [Warning] No further splits with positive gain, best gain: -inf
2025-10-27 15:13:00,175:INFO:[LightGBM] [Warning] No further splits with positive gain, best gain: -inf
2025-10-27 15:13:00,184:INFO:[LightGBM] [Warning] No further splits with positive gain, best gain: -inf
2025-10-27 15:13:07,309:INFO:[LightGBM] [Info] This is the GPU trainer!!
2025-10-27 15:13:07,310:INFO:[LightGBM] [Info] Total Bins 1369
2025-10-27 15:13:07,310:INFO:[LightGBM] [Info] Number of data points in the train set: 1260, number of used features: 20
2025-10-27 15:13:07,311:INFO:[LightGBM] [Info] Using GPU Device: Intel(R) UHD Graphics, Vendor: Intel(R) Corporation
2025-10-27 15:13:07,311:INFO:[LightGBM] [Info] Compiling OpenCL Kernel with 256 bins...
2025-10-27 15:13:07,322:INFO:[LightGBM] [Info] GPU programs have been built
2025-10-27 15:13:07,325:INFO:[LightGBM] [Info] Size of histogram bin entry: 8
2025-10-27 15:13:07,327:INFO:[LightGBM] [Info] 19 dense feature groups (0.02 MB) transferred to GPU in 0.001540 secs. 1 sparse feature groups
2025-10-27 15:13:07,328:INFO:[LightGBM] [Info] Start training from score -1.386294
2025-10-27 15:13:07,328:INFO:[LightGBM] [Info] Start training from score -1.386294
2025-10-27 15:13:07,328:INFO:[LightGBM] [Info] Start training from score -1.386294
2025-10-27 15:13:07,328:INFO:[LightGBM] [Info] Start training from score -1.386294
2025-10-27 15:13:07,342:INFO:[LightGBM] [Warning] No further splits with positive gain, best gain: -inf
2025-10-27 15:13:07,357:INFO:[LightGBM] [Warning] No further splits with positive gain, best gain: -inf
2025-10-27 15:13:07,374:INFO:[LightGBM] [Warning] No further splits with positive gain, best gain: -inf
2025-10-27 15:13:07,383:INFO:[LightGBM] [Warning] No further splits with positive gain, best gain: -inf
2025-10-27 15:13:14,193:INFO:[LightGBM] [Info] This is the GPU trainer!!
2025-10-27 15:13:14,193:INFO:[LightGBM] [Info] Total Bins 1368
2025-10-27 15:13:14,194:INFO:[LightGBM] [Info] Number of data points in the train set: 1260, number of used features: 20
2025-10-27 15:13:14,194:INFO:[LightGBM] [Info] Using GPU Device: Intel(R) UHD Graphics, Vendor: Intel(R) Corporation
2025-10-27 15:13:14,194:INFO:[LightGBM] [Info] Compiling OpenCL Kernel with 256 bins...
2025-10-27 15:13:14,202:INFO:[LightGBM] [Info] GPU programs have been built
2025-10-27 15:13:14,205:INFO:[LightGBM] [Info] Size of histogram bin entry: 8
2025-10-27 15:13:14,211:INFO:[LightGBM] [Info] 19 dense feature groups (0.02 MB) transferred to GPU in 0.001565 secs. 1 sparse feature groups
2025-10-27 15:13:14,212:INFO:[LightGBM] [Info] Start training from score -1.386294
2025-10-27 15:13:14,212:INFO:[LightGBM] [Info] Start training from score -1.386294
2025-10-27 15:13:14,212:INFO:[LightGBM] [Info] Start training from score -1.386294
2025-10-27 15:13:14,212:INFO:[LightGBM] [Info] Start training from score -1.386294
2025-10-27 15:13:14,225:INFO:[LightGBM] [Warning] No further splits with positive gain, best gain: -inf
2025-10-27 15:13:14,241:INFO:[LightGBM] [Warning] No further splits with positive gain, best gain: -inf
2025-10-27 15:13:14,259:INFO:[LightGBM] [Warning] No further splits with positive gain, best gain: -inf
2025-10-27 15:13:14,270:INFO:[LightGBM] [Warning] No further splits with positive gain, best gain: -inf
2025-10-27 15:13:21,280:INFO:[LightGBM] [Info] This is the GPU trainer!!
2025-10-27 15:13:21,280:INFO:[LightGBM] [Info] Total Bins 1368
2025-10-27 15:13:21,280:INFO:[LightGBM] [Info] Number of data points in the train set: 1260, number of used features: 20
2025-10-27 15:13:21,281:INFO:[LightGBM] [Info] Using GPU Device: Intel(R) UHD Graphics, Vendor: Intel(R) Corporation
2025-10-27 15:13:21,281:INFO:[LightGBM] [Info] Compiling OpenCL Kernel with 256 bins...
2025-10-27 15:13:21,289:INFO:[LightGBM] [Info] GPU programs have been built
2025-10-27 15:13:21,291:INFO:[LightGBM] [Info] Size of histogram bin entry: 8
2025-10-27 15:13:21,293:INFO:[LightGBM] [Info] 19 dense feature groups (0.02 MB) transferred to GPU in 0.001169 secs. 1 sparse feature groups
2025-10-27 15:13:21,294:INFO:[LightGBM] [Info] Start training from score -1.386294
2025-10-27 15:13:21,294:INFO:[LightGBM] [Info] Start training from score -1.386294
2025-10-27 15:13:21,294:INFO:[LightGBM] [Info] Start training from score -1.386294
2025-10-27 15:13:21,294:INFO:[LightGBM] [Info] Start training from score -1.386294
2025-10-27 15:13:21,306:INFO:[LightGBM] [Warning] No further splits with positive gain, best gain: -inf
2025-10-27 15:13:21,322:INFO:[LightGBM] [Warning] No further splits with positive gain, best gain: -inf
2025-10-27 15:13:21,339:INFO:[LightGBM] [Warning] No further splits with positive gain, best gain: -inf
2025-10-27 15:13:21,348:INFO:[LightGBM] [Warning] No further splits with positive gain, best gain: -inf
2025-10-27 15:13:28,082:INFO:Calculating mean and std
2025-10-27 15:13:28,085:INFO:Creating metrics dataframe
2025-10-27 15:13:28,089:INFO:Uploading results into container
2025-10-27 15:13:28,090:INFO:Uploading model into container now
2025-10-27 15:13:28,091:INFO:_master_model_container: 13
2025-10-27 15:13:28,091:INFO:_display_container: 2
2025-10-27 15:13:28,093:INFO:LGBMClassifier(boosting_type='gbdt', class_weight=None, colsample_bytree=1.0,
               device='gpu', importance_type='split', learning_rate=0.1,
               max_depth=-1, min_child_samples=20, min_child_weight=0.001,
               min_split_gain=0.0, n_estimators=100, n_jobs=-1, num_leaves=31,
               objective=None, random_state=123, reg_alpha=0.0, reg_lambda=0.0,
               subsample=1.0, subsample_for_bin=200000, subsample_freq=0)
2025-10-27 15:13:28,093:INFO:create_model() successfully completed......................................
2025-10-27 15:13:28,313:INFO:SubProcess create_model() end ==================================
2025-10-27 15:13:28,313:INFO:Creating metrics dataframe
2025-10-27 15:13:28,336:INFO:Initializing CatBoost Classifier
2025-10-27 15:13:28,336:INFO:Total runtime is 2.11037472486496 minutes
2025-10-27 15:13:28,342:INFO:SubProcess create_model() called ==================================
2025-10-27 15:13:28,343:INFO:Initializing create_model()
2025-10-27 15:13:28,343:INFO:create_model(self=<pycaret.classification.oop.ClassificationExperiment object at 0x0000014C74C2F610>, estimator=catboost, fold=StratifiedKFold(n_splits=10, random_state=None, shuffle=False), round=4, cross_validation=True, predict=True, fit_kwargs={}, groups=None, refit=False, probability_threshold=None, experiment_custom_tags=None, verbose=False, system=False, add_to_model_list=True, metrics=None, display=<pycaret.internal.display.display.CommonDisplay object at 0x0000014C255B6590>, model_only=True, return_train_score=False, error_score=0.0, kwargs={})
2025-10-27 15:13:28,344:INFO:Checking exceptions
2025-10-27 15:13:28,344:INFO:Importing libraries
2025-10-27 15:13:28,344:INFO:Copying training dataset
2025-10-27 15:13:28,357:INFO:Defining folds
2025-10-27 15:13:28,357:INFO:Declaring metric variables
2025-10-27 15:13:28,363:INFO:Importing untrained model
2025-10-27 15:13:28,371:INFO:CatBoost Classifier Imported successfully
2025-10-27 15:13:28,386:INFO:Starting cross validation
2025-10-27 15:13:28,388:INFO:Cross validating with StratifiedKFold(n_splits=10, random_state=None, shuffle=False), n_jobs=1
2025-10-27 15:15:30,929:INFO:Calculating mean and std
2025-10-27 15:15:30,931:INFO:Creating metrics dataframe
2025-10-27 15:15:30,934:INFO:Uploading results into container
2025-10-27 15:15:30,934:INFO:Uploading model into container now
2025-10-27 15:15:30,935:INFO:_master_model_container: 14
2025-10-27 15:15:30,935:INFO:_display_container: 2
2025-10-27 15:15:30,936:INFO:<catboost.core.CatBoostClassifier object at 0x0000014C2E9DF790>
2025-10-27 15:15:30,936:INFO:create_model() successfully completed......................................
2025-10-27 15:15:31,127:INFO:SubProcess create_model() end ==================================
2025-10-27 15:15:31,127:INFO:Creating metrics dataframe
2025-10-27 15:15:31,148:INFO:Initializing Dummy Classifier
2025-10-27 15:15:31,148:INFO:Total runtime is 4.157240823904673 minutes
2025-10-27 15:15:31,154:INFO:SubProcess create_model() called ==================================
2025-10-27 15:15:31,155:INFO:Initializing create_model()
2025-10-27 15:15:31,155:INFO:create_model(self=<pycaret.classification.oop.ClassificationExperiment object at 0x0000014C74C2F610>, estimator=dummy, fold=StratifiedKFold(n_splits=10, random_state=None, shuffle=False), round=4, cross_validation=True, predict=True, fit_kwargs={}, groups=None, refit=False, probability_threshold=None, experiment_custom_tags=None, verbose=False, system=False, add_to_model_list=True, metrics=None, display=<pycaret.internal.display.display.CommonDisplay object at 0x0000014C255B6590>, model_only=True, return_train_score=False, error_score=0.0, kwargs={})
2025-10-27 15:15:31,155:INFO:Checking exceptions
2025-10-27 15:15:31,155:INFO:Importing libraries
2025-10-27 15:15:31,155:INFO:Copying training dataset
2025-10-27 15:15:31,165:INFO:Defining folds
2025-10-27 15:15:31,165:INFO:Declaring metric variables
2025-10-27 15:15:31,173:INFO:Importing untrained model
2025-10-27 15:15:31,180:INFO:Dummy Classifier Imported successfully
2025-10-27 15:15:31,192:INFO:Starting cross validation
2025-10-27 15:15:31,194:INFO:Cross validating with StratifiedKFold(n_splits=10, random_state=None, shuffle=False), n_jobs=1
2025-10-27 15:15:31,326:WARNING:C:\Users\dhadu\AppData\Roaming\Python\Python311\site-packages\sklearn\metrics\_classification.py:1509: UndefinedMetricWarning: Precision is ill-defined and being set to 0.0 in labels with no predicted samples. Use `zero_division` parameter to control this behavior.

2025-10-27 15:15:31,451:WARNING:C:\Users\dhadu\AppData\Roaming\Python\Python311\site-packages\sklearn\metrics\_classification.py:1509: UndefinedMetricWarning: Precision is ill-defined and being set to 0.0 in labels with no predicted samples. Use `zero_division` parameter to control this behavior.

2025-10-27 15:15:31,560:WARNING:C:\Users\dhadu\AppData\Roaming\Python\Python311\site-packages\sklearn\metrics\_classification.py:1509: UndefinedMetricWarning: Precision is ill-defined and being set to 0.0 in labels with no predicted samples. Use `zero_division` parameter to control this behavior.

2025-10-27 15:15:31,671:WARNING:C:\Users\dhadu\AppData\Roaming\Python\Python311\site-packages\sklearn\metrics\_classification.py:1509: UndefinedMetricWarning: Precision is ill-defined and being set to 0.0 in labels with no predicted samples. Use `zero_division` parameter to control this behavior.

2025-10-27 15:15:31,794:WARNING:C:\Users\dhadu\AppData\Roaming\Python\Python311\site-packages\sklearn\metrics\_classification.py:1509: UndefinedMetricWarning: Precision is ill-defined and being set to 0.0 in labels with no predicted samples. Use `zero_division` parameter to control this behavior.

2025-10-27 15:15:31,909:WARNING:C:\Users\dhadu\AppData\Roaming\Python\Python311\site-packages\sklearn\metrics\_classification.py:1509: UndefinedMetricWarning: Precision is ill-defined and being set to 0.0 in labels with no predicted samples. Use `zero_division` parameter to control this behavior.

2025-10-27 15:15:32,057:WARNING:C:\Users\dhadu\AppData\Roaming\Python\Python311\site-packages\sklearn\metrics\_classification.py:1509: UndefinedMetricWarning: Precision is ill-defined and being set to 0.0 in labels with no predicted samples. Use `zero_division` parameter to control this behavior.

2025-10-27 15:15:32,213:WARNING:C:\Users\dhadu\AppData\Roaming\Python\Python311\site-packages\sklearn\metrics\_classification.py:1509: UndefinedMetricWarning: Precision is ill-defined and being set to 0.0 in labels with no predicted samples. Use `zero_division` parameter to control this behavior.

2025-10-27 15:15:32,336:WARNING:C:\Users\dhadu\AppData\Roaming\Python\Python311\site-packages\sklearn\metrics\_classification.py:1509: UndefinedMetricWarning: Precision is ill-defined and being set to 0.0 in labels with no predicted samples. Use `zero_division` parameter to control this behavior.

2025-10-27 15:15:32,460:WARNING:C:\Users\dhadu\AppData\Roaming\Python\Python311\site-packages\sklearn\metrics\_classification.py:1509: UndefinedMetricWarning: Precision is ill-defined and being set to 0.0 in labels with no predicted samples. Use `zero_division` parameter to control this behavior.

2025-10-27 15:15:32,466:INFO:Calculating mean and std
2025-10-27 15:15:32,467:INFO:Creating metrics dataframe
2025-10-27 15:15:32,469:INFO:Uploading results into container
2025-10-27 15:15:32,470:INFO:Uploading model into container now
2025-10-27 15:15:32,470:INFO:_master_model_container: 15
2025-10-27 15:15:32,470:INFO:_display_container: 2
2025-10-27 15:15:32,471:INFO:DummyClassifier(constant=None, random_state=123, strategy='prior')
2025-10-27 15:15:32,471:INFO:create_model() successfully completed......................................
2025-10-27 15:15:32,680:INFO:SubProcess create_model() end ==================================
2025-10-27 15:15:32,680:INFO:Creating metrics dataframe
2025-10-27 15:15:32,716:WARNING:C:\Users\dhadu\AppData\Roaming\Python\Python311\site-packages\pycaret\internal\pycaret_experiment\supervised_experiment.py:339: FutureWarning: Styler.applymap has been deprecated. Use Styler.map instead.

2025-10-27 15:15:32,742:INFO:Initializing create_model()
2025-10-27 15:15:32,743:INFO:create_model(self=<pycaret.classification.oop.ClassificationExperiment object at 0x0000014C74C2F610>, estimator=LogisticRegression(C=1.0, class_weight=None, dual=False, fit_intercept=True,
                   intercept_scaling=1, l1_ratio=None, max_iter=1000,
                   multi_class='auto', n_jobs=None, penalty='l2',
                   random_state=123, solver='lbfgs', tol=0.0001, verbose=0,
                   warm_start=False), fold=StratifiedKFold(n_splits=10, random_state=None, shuffle=False), round=4, cross_validation=False, predict=False, fit_kwargs={}, groups=None, refit=True, probability_threshold=None, experiment_custom_tags=None, verbose=False, system=False, add_to_model_list=True, metrics=None, display=None, model_only=True, return_train_score=False, error_score=0.0, kwargs={})
2025-10-27 15:15:32,744:INFO:Checking exceptions
2025-10-27 15:15:32,748:INFO:Importing libraries
2025-10-27 15:15:32,748:INFO:Copying training dataset
2025-10-27 15:15:32,771:INFO:Defining folds
2025-10-27 15:15:32,772:INFO:Declaring metric variables
2025-10-27 15:15:32,772:INFO:Importing untrained model
2025-10-27 15:15:32,773:INFO:Declaring custom model
2025-10-27 15:15:32,775:INFO:Logistic Regression Imported successfully
2025-10-27 15:15:32,778:INFO:Cross validation set to False
2025-10-27 15:15:32,778:INFO:Fitting Model
2025-10-27 15:15:33,021:INFO:LogisticRegression(C=1.0, class_weight=None, dual=False, fit_intercept=True,
                   intercept_scaling=1, l1_ratio=None, max_iter=1000,
                   multi_class='auto', n_jobs=None, penalty='l2',
                   random_state=123, solver='lbfgs', tol=0.0001, verbose=0,
                   warm_start=False)
2025-10-27 15:15:33,022:INFO:create_model() successfully completed......................................
2025-10-27 15:15:33,337:INFO:_master_model_container: 15
2025-10-27 15:15:33,337:INFO:_display_container: 2
2025-10-27 15:15:33,339:INFO:LogisticRegression(C=1.0, class_weight=None, dual=False, fit_intercept=True,
                   intercept_scaling=1, l1_ratio=None, max_iter=1000,
                   multi_class='auto', n_jobs=None, penalty='l2',
                   random_state=123, solver='lbfgs', tol=0.0001, verbose=0,
                   warm_start=False)
2025-10-27 15:15:33,339:INFO:compare_models() successfully completed......................................
2025-10-27 15:15:33,420:INFO:Initializing evaluate_model()
2025-10-27 15:15:33,420:INFO:evaluate_model(self=<pycaret.classification.oop.ClassificationExperiment object at 0x0000014C74C2F610>, estimator=LogisticRegression(C=1.0, class_weight=None, dual=False, fit_intercept=True,
                   intercept_scaling=1, l1_ratio=None, max_iter=1000,
                   multi_class='auto', n_jobs=None, penalty='l2',
                   random_state=123, solver='lbfgs', tol=0.0001, verbose=0,
                   warm_start=False), fold=None, fit_kwargs=None, plot_kwargs=None, feature_name=None, groups=None)
2025-10-27 15:15:33,464:INFO:Initializing plot_model()
2025-10-27 15:15:33,464:INFO:plot_model(self=<pycaret.classification.oop.ClassificationExperiment object at 0x0000014C74C2F610>, estimator=LogisticRegression(C=1.0, class_weight=None, dual=False, fit_intercept=True,
                   intercept_scaling=1, l1_ratio=None, max_iter=1000,
                   multi_class='auto', n_jobs=None, penalty='l2',
                   random_state=123, solver='lbfgs', tol=0.0001, verbose=0,
                   warm_start=False), plot=pipeline, scale=1, save=False, fold=StratifiedKFold(n_splits=10, random_state=None, shuffle=False), fit_kwargs={}, plot_kwargs=None, groups=None, feature_name=None, label=False, verbose=False, system=True, display=None, display_format=None)
2025-10-27 15:15:33,465:INFO:Checking exceptions
2025-10-27 15:15:33,478:INFO:Preloading libraries
2025-10-27 15:15:33,478:INFO:Copying training dataset
2025-10-27 15:15:33,478:INFO:Plot type: pipeline
2025-10-27 15:15:33,850:INFO:Visual Rendered Successfully
2025-10-27 15:15:34,167:INFO:plot_model() successfully completed......................................
2025-10-27 15:15:34,312:INFO:Initializing save_model()
2025-10-27 15:15:34,313:INFO:save_model(model=LogisticRegression(C=1.0, class_weight=None, dual=False, fit_intercept=True,
                   intercept_scaling=1, l1_ratio=None, max_iter=1000,
                   multi_class='auto', n_jobs=None, penalty='l2',
                   random_state=123, solver='lbfgs', tol=0.0001, verbose=0,
                   warm_start=False), model_name=best_student_performance_model, prep_pipe_=Pipeline(memory=FastMemory(location=C:\Users\dhadu\AppData\Local\Temp\joblib),
         steps=[('numerical_imputer',
                 TransformerWrapper(exclude=None,
                                    include=['battery_power', 'bluetooth',
                                             'clock_speed', 'dual_sim',
                                             'fc_megapixel', 'four_g',
                                             'int_memory', 'm_depth',
                                             'mobile_wt', 'n_cores',
                                             'pc_megapixel', 'px_height',
                                             'px_width', 'ram', 'screen_height',
                                             'screen_width', 'talk_...
                                                              keep_empty_features=False,
                                                              missing_values=nan,
                                                              strategy='most_frequent'))),
                ('transformation',
                 TransformerWrapper(exclude=None, include=None,
                                    transformer=PowerTransformer(copy=True,
                                                                 method='yeo-johnson',
                                                                 standardize=False))),
                ('normalize',
                 TransformerWrapper(exclude=None, include=None,
                                    transformer=StandardScaler(copy=True,
                                                               with_mean=True,
                                                               with_std=True)))],
         verbose=False), verbose=True, use_case=MLUsecase.CLASSIFICATION, kwargs={})
2025-10-27 15:15:34,313:INFO:Adding model into prep_pipe
2025-10-27 15:15:34,340:INFO:best_student_performance_model.pkl saved in current working directory
2025-10-27 15:15:34,383:INFO:Pipeline(memory=Memory(location=None),
         steps=[('numerical_imputer',
                 TransformerWrapper(exclude=None,
                                    include=['battery_power', 'bluetooth',
                                             'clock_speed', 'dual_sim',
                                             'fc_megapixel', 'four_g',
                                             'int_memory', 'm_depth',
                                             'mobile_wt', 'n_cores',
                                             'pc_megapixel', 'px_height',
                                             'px_width', 'ram', 'screen_height',
                                             'screen_width', 'talk_time',
                                             'three_g', 'touch_screen',
                                             'wifi'],
                                    t...
                 TransformerWrapper(exclude=None, include=None,
                                    transformer=StandardScaler(copy=True,
                                                               with_mean=True,
                                                               with_std=True))),
                ('trained_model',
                 LogisticRegression(C=1.0, class_weight=None, dual=False,
                                    fit_intercept=True, intercept_scaling=1,
                                    l1_ratio=None, max_iter=1000,
                                    multi_class='auto', n_jobs=None,
                                    penalty='l2', random_state=123,
                                    solver='lbfgs', tol=0.0001, verbose=0,
                                    warm_start=False))],
         verbose=False)
2025-10-27 15:15:34,384:INFO:save_model() successfully completed......................................
2025-10-27 15:15:34,767:INFO:Initializing predict_model()
2025-10-27 15:15:34,768:INFO:predict_model(self=<pycaret.classification.oop.ClassificationExperiment object at 0x0000014C74C2F610>, estimator=LogisticRegression(C=1.0, class_weight=None, dual=False, fit_intercept=True,
                   intercept_scaling=1, l1_ratio=None, max_iter=1000,
                   multi_class='auto', n_jobs=None, penalty='l2',
                   random_state=123, solver='lbfgs', tol=0.0001, verbose=0,
                   warm_start=False), probability_threshold=None, encoded_labels=False, raw_score=False, round=4, verbose=True, ml_usecase=None, preprocess=True, encode_labels=<function _SupervisedExperiment.predict_model.<locals>.encode_labels at 0x0000014C05CB89A0>)
2025-10-27 15:15:34,768:INFO:Checking exceptions
2025-10-27 15:15:34,768:INFO:Preloading libraries
2025-10-27 15:15:35,614:INFO:Initializing create_model()
2025-10-27 15:15:35,615:INFO:create_model(self=<pycaret.classification.oop.ClassificationExperiment object at 0x0000014C74C2F610>, estimator=lightgbm, fold=None, round=4, cross_validation=True, predict=True, fit_kwargs=None, groups=None, refit=True, probability_threshold=None, experiment_custom_tags=None, verbose=True, system=True, add_to_model_list=True, metrics=None, display=None, model_only=True, return_train_score=False, error_score=0.0, kwargs={})
2025-10-27 15:15:35,615:INFO:Checking exceptions
2025-10-27 15:15:35,662:INFO:Importing libraries
2025-10-27 15:15:35,663:INFO:Copying training dataset
2025-10-27 15:15:35,684:INFO:Defining folds
2025-10-27 15:15:35,684:INFO:Declaring metric variables
2025-10-27 15:15:35,704:INFO:Importing untrained model
2025-10-27 15:15:35,713:INFO:Light Gradient Boosting Machine Imported successfully
2025-10-27 15:15:35,727:INFO:Starting cross validation
2025-10-27 15:15:35,729:INFO:Cross validating with StratifiedKFold(n_splits=10, random_state=None, shuffle=False), n_jobs=1
2025-10-27 15:15:35,874:INFO:[LightGBM] [Info] This is the GPU trainer!!
2025-10-27 15:15:35,874:INFO:[LightGBM] [Info] Total Bins 1368
2025-10-27 15:15:35,874:INFO:[LightGBM] [Info] Number of data points in the train set: 1260, number of used features: 20
2025-10-27 15:15:35,875:INFO:[LightGBM] [Info] Using GPU Device: Intel(R) UHD Graphics, Vendor: Intel(R) Corporation
2025-10-27 15:15:35,875:INFO:[LightGBM] [Info] Compiling OpenCL Kernel with 256 bins...
2025-10-27 15:15:35,883:INFO:[LightGBM] [Info] GPU programs have been built
2025-10-27 15:15:35,887:INFO:[LightGBM] [Info] Size of histogram bin entry: 8
2025-10-27 15:15:35,890:INFO:[LightGBM] [Info] 19 dense feature groups (0.02 MB) transferred to GPU in 0.002003 secs. 1 sparse feature groups
2025-10-27 15:15:35,891:INFO:[LightGBM] [Info] Start training from score -1.386294
2025-10-27 15:15:35,891:INFO:[LightGBM] [Info] Start training from score -1.386294
2025-10-27 15:15:35,891:INFO:[LightGBM] [Info] Start training from score -1.386294
2025-10-27 15:15:35,891:INFO:[LightGBM] [Info] Start training from score -1.386294
2025-10-27 15:15:35,903:INFO:[LightGBM] [Warning] No further splits with positive gain, best gain: -inf
2025-10-27 15:15:35,918:INFO:[LightGBM] [Warning] No further splits with positive gain, best gain: -inf
2025-10-27 15:15:35,932:INFO:[LightGBM] [Warning] No further splits with positive gain, best gain: -inf
2025-10-27 15:15:35,942:INFO:[LightGBM] [Warning] No further splits with positive gain, best gain: -inf
2025-10-27 15:15:42,840:INFO:[LightGBM] [Info] This is the GPU trainer!!
2025-10-27 15:15:42,841:INFO:[LightGBM] [Info] Total Bins 1369
2025-10-27 15:15:42,841:INFO:[LightGBM] [Info] Number of data points in the train set: 1260, number of used features: 20
2025-10-27 15:15:42,842:INFO:[LightGBM] [Info] Using GPU Device: Intel(R) UHD Graphics, Vendor: Intel(R) Corporation
2025-10-27 15:15:42,842:INFO:[LightGBM] [Info] Compiling OpenCL Kernel with 256 bins...
2025-10-27 15:15:42,852:INFO:[LightGBM] [Info] GPU programs have been built
2025-10-27 15:15:42,855:INFO:[LightGBM] [Info] Size of histogram bin entry: 8
2025-10-27 15:15:42,857:INFO:[LightGBM] [Info] 19 dense feature groups (0.02 MB) transferred to GPU in 0.001706 secs. 1 sparse feature groups
2025-10-27 15:15:42,858:INFO:[LightGBM] [Info] Start training from score -1.386294
2025-10-27 15:15:42,859:INFO:[LightGBM] [Info] Start training from score -1.386294
2025-10-27 15:15:42,859:INFO:[LightGBM] [Info] Start training from score -1.386294
2025-10-27 15:15:42,859:INFO:[LightGBM] [Info] Start training from score -1.386294
2025-10-27 15:15:42,872:INFO:[LightGBM] [Warning] No further splits with positive gain, best gain: -inf
2025-10-27 15:15:42,892:INFO:[LightGBM] [Warning] No further splits with positive gain, best gain: -inf
2025-10-27 15:15:42,911:INFO:[LightGBM] [Warning] No further splits with positive gain, best gain: -inf
2025-10-27 15:15:42,922:INFO:[LightGBM] [Warning] No further splits with positive gain, best gain: -inf
2025-10-27 15:15:50,275:INFO:[LightGBM] [Info] This is the GPU trainer!!
2025-10-27 15:15:50,275:INFO:[LightGBM] [Info] Total Bins 1369
2025-10-27 15:15:50,276:INFO:[LightGBM] [Info] Number of data points in the train set: 1260, number of used features: 20
2025-10-27 15:15:50,276:INFO:[LightGBM] [Info] Using GPU Device: Intel(R) UHD Graphics, Vendor: Intel(R) Corporation
2025-10-27 15:15:50,276:INFO:[LightGBM] [Info] Compiling OpenCL Kernel with 256 bins...
2025-10-27 15:15:50,283:INFO:[LightGBM] [Info] GPU programs have been built
2025-10-27 15:15:50,286:INFO:[LightGBM] [Info] Size of histogram bin entry: 8
2025-10-27 15:15:50,288:INFO:[LightGBM] [Info] 19 dense feature groups (0.02 MB) transferred to GPU in 0.001459 secs. 1 sparse feature groups
2025-10-27 15:15:50,289:INFO:[LightGBM] [Info] Start training from score -1.386294
2025-10-27 15:15:50,289:INFO:[LightGBM] [Info] Start training from score -1.386294
2025-10-27 15:15:50,289:INFO:[LightGBM] [Info] Start training from score -1.386294
2025-10-27 15:15:50,290:INFO:[LightGBM] [Info] Start training from score -1.386294
2025-10-27 15:15:50,300:INFO:[LightGBM] [Warning] No further splits with positive gain, best gain: -inf
2025-10-27 15:15:50,317:INFO:[LightGBM] [Warning] No further splits with positive gain, best gain: -inf
2025-10-27 15:15:50,333:INFO:[LightGBM] [Warning] No further splits with positive gain, best gain: -inf
2025-10-27 15:15:50,345:INFO:[LightGBM] [Warning] No further splits with positive gain, best gain: -inf
2025-10-27 15:15:57,368:INFO:[LightGBM] [Info] This is the GPU trainer!!
2025-10-27 15:15:57,369:INFO:[LightGBM] [Info] Total Bins 1368
2025-10-27 15:15:57,369:INFO:[LightGBM] [Info] Number of data points in the train set: 1260, number of used features: 20
2025-10-27 15:15:57,369:INFO:[LightGBM] [Info] Using GPU Device: Intel(R) UHD Graphics, Vendor: Intel(R) Corporation
2025-10-27 15:15:57,369:INFO:[LightGBM] [Info] Compiling OpenCL Kernel with 256 bins...
2025-10-27 15:15:57,377:INFO:[LightGBM] [Info] GPU programs have been built
2025-10-27 15:15:57,379:INFO:[LightGBM] [Info] Size of histogram bin entry: 8
2025-10-27 15:15:57,382:INFO:[LightGBM] [Info] 19 dense feature groups (0.02 MB) transferred to GPU in 0.001641 secs. 1 sparse feature groups
2025-10-27 15:15:57,383:INFO:[LightGBM] [Info] Start training from score -1.386294
2025-10-27 15:15:57,383:INFO:[LightGBM] [Info] Start training from score -1.386294
2025-10-27 15:15:57,383:INFO:[LightGBM] [Info] Start training from score -1.386294
2025-10-27 15:15:57,383:INFO:[LightGBM] [Info] Start training from score -1.386294
2025-10-27 15:15:57,393:INFO:[LightGBM] [Warning] No further splits with positive gain, best gain: -inf
2025-10-27 15:15:57,409:INFO:[LightGBM] [Warning] No further splits with positive gain, best gain: -inf
2025-10-27 15:15:57,425:INFO:[LightGBM] [Warning] No further splits with positive gain, best gain: -inf
2025-10-27 15:15:57,433:INFO:[LightGBM] [Warning] No further splits with positive gain, best gain: -inf
2025-10-27 15:16:04,396:INFO:[LightGBM] [Info] This is the GPU trainer!!
2025-10-27 15:16:04,397:INFO:[LightGBM] [Info] Total Bins 1369
2025-10-27 15:16:04,397:INFO:[LightGBM] [Info] Number of data points in the train set: 1260, number of used features: 20
2025-10-27 15:16:04,397:INFO:[LightGBM] [Info] Using GPU Device: Intel(R) UHD Graphics, Vendor: Intel(R) Corporation
2025-10-27 15:16:04,397:INFO:[LightGBM] [Info] Compiling OpenCL Kernel with 256 bins...
2025-10-27 15:16:04,405:INFO:[LightGBM] [Info] GPU programs have been built
2025-10-27 15:16:04,408:INFO:[LightGBM] [Info] Size of histogram bin entry: 8
2025-10-27 15:16:04,410:INFO:[LightGBM] [Info] 19 dense feature groups (0.02 MB) transferred to GPU in 0.001474 secs. 1 sparse feature groups
2025-10-27 15:16:04,411:INFO:[LightGBM] [Info] Start training from score -1.386294
2025-10-27 15:16:04,411:INFO:[LightGBM] [Info] Start training from score -1.386294
2025-10-27 15:16:04,411:INFO:[LightGBM] [Info] Start training from score -1.386294
2025-10-27 15:16:04,412:INFO:[LightGBM] [Info] Start training from score -1.386294
2025-10-27 15:16:04,422:INFO:[LightGBM] [Warning] No further splits with positive gain, best gain: -inf
2025-10-27 15:16:04,437:INFO:[LightGBM] [Warning] No further splits with positive gain, best gain: -inf
2025-10-27 15:16:04,459:INFO:[LightGBM] [Warning] No further splits with positive gain, best gain: -inf
2025-10-27 15:16:04,470:INFO:[LightGBM] [Warning] No further splits with positive gain, best gain: -inf
2025-10-27 15:16:11,450:INFO:[LightGBM] [Info] This is the GPU trainer!!
2025-10-27 15:16:11,450:INFO:[LightGBM] [Info] Total Bins 1369
2025-10-27 15:16:11,451:INFO:[LightGBM] [Info] Number of data points in the train set: 1260, number of used features: 20
2025-10-27 15:16:11,451:INFO:[LightGBM] [Info] Using GPU Device: Intel(R) UHD Graphics, Vendor: Intel(R) Corporation
2025-10-27 15:16:11,451:INFO:[LightGBM] [Info] Compiling OpenCL Kernel with 256 bins...
2025-10-27 15:16:11,458:INFO:[LightGBM] [Info] GPU programs have been built
2025-10-27 15:16:11,461:INFO:[LightGBM] [Info] Size of histogram bin entry: 8
2025-10-27 15:16:11,464:INFO:[LightGBM] [Info] 19 dense feature groups (0.02 MB) transferred to GPU in 0.001358 secs. 1 sparse feature groups
2025-10-27 15:16:11,464:INFO:[LightGBM] [Info] Start training from score -1.386294
2025-10-27 15:16:11,464:INFO:[LightGBM] [Info] Start training from score -1.386294
2025-10-27 15:16:11,465:INFO:[LightGBM] [Info] Start training from score -1.386294
2025-10-27 15:16:11,465:INFO:[LightGBM] [Info] Start training from score -1.386294
2025-10-27 15:16:11,475:INFO:[LightGBM] [Warning] No further splits with positive gain, best gain: -inf
2025-10-27 15:16:11,491:INFO:[LightGBM] [Warning] No further splits with positive gain, best gain: -inf
2025-10-27 15:16:11,507:INFO:[LightGBM] [Warning] No further splits with positive gain, best gain: -inf
2025-10-27 15:16:11,518:INFO:[LightGBM] [Warning] No further splits with positive gain, best gain: -inf
2025-10-27 15:16:18,629:INFO:[LightGBM] [Info] This is the GPU trainer!!
2025-10-27 15:16:18,629:INFO:[LightGBM] [Info] Total Bins 1369
2025-10-27 15:16:18,629:INFO:[LightGBM] [Info] Number of data points in the train set: 1260, number of used features: 20
2025-10-27 15:16:18,630:INFO:[LightGBM] [Info] Using GPU Device: Intel(R) UHD Graphics, Vendor: Intel(R) Corporation
2025-10-27 15:16:18,630:INFO:[LightGBM] [Info] Compiling OpenCL Kernel with 256 bins...
2025-10-27 15:16:18,637:INFO:[LightGBM] [Info] GPU programs have been built
2025-10-27 15:16:18,639:INFO:[LightGBM] [Info] Size of histogram bin entry: 8
2025-10-27 15:16:18,641:INFO:[LightGBM] [Info] 19 dense feature groups (0.02 MB) transferred to GPU in 0.001248 secs. 1 sparse feature groups
2025-10-27 15:16:18,642:INFO:[LightGBM] [Info] Start training from score -1.386294
2025-10-27 15:16:18,642:INFO:[LightGBM] [Info] Start training from score -1.386294
2025-10-27 15:16:18,643:INFO:[LightGBM] [Info] Start training from score -1.386294
2025-10-27 15:16:18,643:INFO:[LightGBM] [Info] Start training from score -1.386294
2025-10-27 15:16:18,654:INFO:[LightGBM] [Warning] No further splits with positive gain, best gain: -inf
2025-10-27 15:16:18,670:INFO:[LightGBM] [Warning] No further splits with positive gain, best gain: -inf
2025-10-27 15:16:18,686:INFO:[LightGBM] [Warning] No further splits with positive gain, best gain: -inf
2025-10-27 15:16:18,695:INFO:[LightGBM] [Warning] No further splits with positive gain, best gain: -inf
2025-10-27 15:16:25,681:INFO:[LightGBM] [Info] This is the GPU trainer!!
2025-10-27 15:16:25,681:INFO:[LightGBM] [Info] Total Bins 1369
2025-10-27 15:16:25,681:INFO:[LightGBM] [Info] Number of data points in the train set: 1260, number of used features: 20
2025-10-27 15:16:25,682:INFO:[LightGBM] [Info] Using GPU Device: Intel(R) UHD Graphics, Vendor: Intel(R) Corporation
2025-10-27 15:16:25,682:INFO:[LightGBM] [Info] Compiling OpenCL Kernel with 256 bins...
2025-10-27 15:16:25,693:INFO:[LightGBM] [Info] GPU programs have been built
2025-10-27 15:16:25,695:INFO:[LightGBM] [Info] Size of histogram bin entry: 8
2025-10-27 15:16:25,698:INFO:[LightGBM] [Info] 19 dense feature groups (0.02 MB) transferred to GPU in 0.001472 secs. 1 sparse feature groups
2025-10-27 15:16:25,699:INFO:[LightGBM] [Info] Start training from score -1.386294
2025-10-27 15:16:25,699:INFO:[LightGBM] [Info] Start training from score -1.386294
2025-10-27 15:16:25,699:INFO:[LightGBM] [Info] Start training from score -1.386294
2025-10-27 15:16:25,699:INFO:[LightGBM] [Info] Start training from score -1.386294
2025-10-27 15:16:25,711:INFO:[LightGBM] [Warning] No further splits with positive gain, best gain: -inf
2025-10-27 15:16:25,726:INFO:[LightGBM] [Warning] No further splits with positive gain, best gain: -inf
2025-10-27 15:16:25,741:INFO:[LightGBM] [Warning] No further splits with positive gain, best gain: -inf
2025-10-27 15:16:25,751:INFO:[LightGBM] [Warning] No further splits with positive gain, best gain: -inf
2025-10-27 15:16:32,522:INFO:[LightGBM] [Info] This is the GPU trainer!!
2025-10-27 15:16:32,522:INFO:[LightGBM] [Info] Total Bins 1368
2025-10-27 15:16:32,523:INFO:[LightGBM] [Info] Number of data points in the train set: 1260, number of used features: 20
2025-10-27 15:16:32,523:INFO:[LightGBM] [Info] Using GPU Device: Intel(R) UHD Graphics, Vendor: Intel(R) Corporation
2025-10-27 15:16:32,523:INFO:[LightGBM] [Info] Compiling OpenCL Kernel with 256 bins...
2025-10-27 15:16:32,532:INFO:[LightGBM] [Info] GPU programs have been built
2025-10-27 15:16:32,534:INFO:[LightGBM] [Info] Size of histogram bin entry: 8
2025-10-27 15:16:32,536:INFO:[LightGBM] [Info] 19 dense feature groups (0.02 MB) transferred to GPU in 0.001308 secs. 1 sparse feature groups
2025-10-27 15:16:32,537:INFO:[LightGBM] [Info] Start training from score -1.386294
2025-10-27 15:16:32,537:INFO:[LightGBM] [Info] Start training from score -1.386294
2025-10-27 15:16:32,537:INFO:[LightGBM] [Info] Start training from score -1.386294
2025-10-27 15:16:32,538:INFO:[LightGBM] [Info] Start training from score -1.386294
2025-10-27 15:16:32,548:INFO:[LightGBM] [Warning] No further splits with positive gain, best gain: -inf
2025-10-27 15:16:32,565:INFO:[LightGBM] [Warning] No further splits with positive gain, best gain: -inf
2025-10-27 15:16:32,583:INFO:[LightGBM] [Warning] No further splits with positive gain, best gain: -inf
2025-10-27 15:16:32,594:INFO:[LightGBM] [Warning] No further splits with positive gain, best gain: -inf
2025-10-27 15:16:39,559:INFO:[LightGBM] [Info] This is the GPU trainer!!
2025-10-27 15:16:39,559:INFO:[LightGBM] [Info] Total Bins 1368
2025-10-27 15:16:39,559:INFO:[LightGBM] [Info] Number of data points in the train set: 1260, number of used features: 20
2025-10-27 15:16:39,560:INFO:[LightGBM] [Info] Using GPU Device: Intel(R) UHD Graphics, Vendor: Intel(R) Corporation
2025-10-27 15:16:39,560:INFO:[LightGBM] [Info] Compiling OpenCL Kernel with 256 bins...
2025-10-27 15:16:39,568:INFO:[LightGBM] [Info] GPU programs have been built
2025-10-27 15:16:39,570:INFO:[LightGBM] [Info] Size of histogram bin entry: 8
2025-10-27 15:16:39,572:INFO:[LightGBM] [Info] 19 dense feature groups (0.02 MB) transferred to GPU in 0.001622 secs. 1 sparse feature groups
2025-10-27 15:16:39,573:INFO:[LightGBM] [Info] Start training from score -1.386294
2025-10-27 15:16:39,573:INFO:[LightGBM] [Info] Start training from score -1.386294
2025-10-27 15:16:39,573:INFO:[LightGBM] [Info] Start training from score -1.386294
2025-10-27 15:16:39,574:INFO:[LightGBM] [Info] Start training from score -1.386294
2025-10-27 15:16:39,585:INFO:[LightGBM] [Warning] No further splits with positive gain, best gain: -inf
2025-10-27 15:16:39,599:INFO:[LightGBM] [Warning] No further splits with positive gain, best gain: -inf
2025-10-27 15:16:39,615:INFO:[LightGBM] [Warning] No further splits with positive gain, best gain: -inf
2025-10-27 15:16:39,625:INFO:[LightGBM] [Warning] No further splits with positive gain, best gain: -inf
2025-10-27 15:16:45,956:INFO:Calculating mean and std
2025-10-27 15:16:45,959:INFO:Creating metrics dataframe
2025-10-27 15:16:45,968:INFO:Finalizing model
2025-10-27 15:16:46,097:INFO:[LightGBM] [Info] This is the GPU trainer!!
2025-10-27 15:16:46,097:INFO:[LightGBM] [Info] Total Bins 1369
2025-10-27 15:16:46,097:INFO:[LightGBM] [Info] Number of data points in the train set: 1400, number of used features: 20
2025-10-27 15:16:46,098:INFO:[LightGBM] [Info] Using GPU Device: Intel(R) UHD Graphics, Vendor: Intel(R) Corporation
2025-10-27 15:16:46,098:INFO:[LightGBM] [Info] Compiling OpenCL Kernel with 256 bins...
2025-10-27 15:16:46,108:INFO:[LightGBM] [Info] GPU programs have been built
2025-10-27 15:16:46,111:INFO:[LightGBM] [Info] Size of histogram bin entry: 8
2025-10-27 15:16:46,113:INFO:[LightGBM] [Info] 19 dense feature groups (0.03 MB) transferred to GPU in 0.001237 secs. 1 sparse feature groups
2025-10-27 15:16:46,114:INFO:[LightGBM] [Info] Start training from score -1.386294
2025-10-27 15:16:46,114:INFO:[LightGBM] [Info] Start training from score -1.386294
2025-10-27 15:16:46,114:INFO:[LightGBM] [Info] Start training from score -1.386294
2025-10-27 15:16:46,114:INFO:[LightGBM] [Info] Start training from score -1.386294
2025-10-27 15:16:46,126:INFO:[LightGBM] [Warning] No further splits with positive gain, best gain: -inf
2025-10-27 15:16:46,146:INFO:[LightGBM] [Warning] No further splits with positive gain, best gain: -inf
2025-10-27 15:16:46,175:INFO:[LightGBM] [Warning] No further splits with positive gain, best gain: -inf
2025-10-27 15:16:53,253:INFO:Uploading results into container
2025-10-27 15:16:53,255:INFO:Uploading model into container now
2025-10-27 15:16:53,274:INFO:_master_model_container: 16
2025-10-27 15:16:53,275:INFO:_display_container: 4
2025-10-27 15:16:53,276:INFO:LGBMClassifier(boosting_type='gbdt', class_weight=None, colsample_bytree=1.0,
               device='gpu', importance_type='split', learning_rate=0.1,
               max_depth=-1, min_child_samples=20, min_child_weight=0.001,
               min_split_gain=0.0, n_estimators=100, n_jobs=-1, num_leaves=31,
               objective=None, random_state=123, reg_alpha=0.0, reg_lambda=0.0,
               subsample=1.0, subsample_for_bin=200000, subsample_freq=0)
2025-10-27 15:16:53,276:INFO:create_model() successfully completed......................................
2025-10-27 15:16:53,682:INFO:Soft dependency imported: gradio: 5.49.1
2025-10-27 15:29:23,772:INFO:PyCaret ClassificationExperiment
2025-10-27 15:29:23,888:INFO:Logging name: clf-default-name
2025-10-27 15:29:23,889:INFO:ML Usecase: MLUsecase.CLASSIFICATION
2025-10-27 15:29:23,889:INFO:version 3.3.2
2025-10-27 15:29:23,890:INFO:Initializing setup()
2025-10-27 15:29:23,890:INFO:self.USI: 3a49
2025-10-27 15:29:23,891:INFO:self._variable_keys: {'fold_shuffle_param', 'fold_groups_param', 'idx', 'fold_generator', 'gpu_param', 'gpu_n_jobs_param', 'y_train', 'X_train', 'fix_imbalance', 'target_param', 'exp_id', 'logging_param', '_available_plots', 'seed', '_ml_usecase', 'y_test', 'X_test', 'html_param', 'n_jobs_param', 'log_plots_param', 'pipeline', 'X', 'exp_name_log', 'USI', 'data', 'is_multiclass', 'memory', 'y'}
2025-10-27 15:29:23,891:INFO:Checking environment
2025-10-27 15:29:23,891:INFO:python_version: 3.11.6
2025-10-27 15:29:23,891:INFO:python_build: ('tags/v3.11.6:8b6ee5b', 'Oct  2 2023 14:57:12')
2025-10-27 15:29:23,892:INFO:machine: AMD64
2025-10-27 15:29:23,892:INFO:platform: Windows-10-10.0.22631-SP0
2025-10-27 15:29:23,902:INFO:Memory: svmem(total=8373600256, available=1153974272, percent=86.2, used=7219625984, free=1153974272)
2025-10-27 15:29:23,902:INFO:Physical Core: 4
2025-10-27 15:29:23,902:INFO:Logical Core: 8
2025-10-27 15:29:23,903:INFO:Checking libraries
2025-10-27 15:29:23,903:INFO:System:
2025-10-27 15:29:23,903:INFO:    python: 3.11.6 (tags/v3.11.6:8b6ee5b, Oct  2 2023, 14:57:12) [MSC v.1935 64 bit (AMD64)]
2025-10-27 15:29:23,903:INFO:executable: c:\Users\dhadu\AppData\Local\Programs\Python\Python311\python.exe
2025-10-27 15:29:23,903:INFO:   machine: Windows-10-10.0.22631-SP0
2025-10-27 15:29:23,904:INFO:PyCaret required dependencies:
2025-10-27 15:29:23,904:INFO:                 pip: 25.3
2025-10-27 15:29:23,905:INFO:          setuptools: 65.5.0
2025-10-27 15:29:23,905:INFO:             pycaret: 3.3.2
2025-10-27 15:29:23,905:INFO:             IPython: 9.6.0
2025-10-27 15:29:23,906:INFO:          ipywidgets: 8.1.7
2025-10-27 15:29:23,906:INFO:                tqdm: 4.67.1
2025-10-27 15:29:23,906:INFO:               numpy: 1.26.4
2025-10-27 15:29:23,906:INFO:              pandas: 2.1.4
2025-10-27 15:29:23,907:INFO:              jinja2: 3.1.6
2025-10-27 15:29:23,907:INFO:               scipy: 1.11.4
2025-10-27 15:29:23,907:INFO:              joblib: 1.3.2
2025-10-27 15:29:23,907:INFO:             sklearn: 1.4.2
2025-10-27 15:29:23,907:INFO:                pyod: 2.0.5
2025-10-27 15:29:23,908:INFO:            imblearn: 0.14.0
2025-10-27 15:29:23,908:INFO:   category_encoders: 2.7.0
2025-10-27 15:29:23,908:INFO:            lightgbm: 4.6.0
2025-10-27 15:29:23,908:INFO:               numba: 0.61.0
2025-10-27 15:29:23,908:INFO:            requests: 2.32.5
2025-10-27 15:29:23,909:INFO:          matplotlib: 3.7.5
2025-10-27 15:29:23,909:INFO:          scikitplot: 0.3.7
2025-10-27 15:29:23,909:INFO:         yellowbrick: 1.5
2025-10-27 15:29:23,909:INFO:              plotly: 5.24.1
2025-10-27 15:29:23,909:INFO:    plotly-resampler: Not installed
2025-10-27 15:29:23,909:INFO:             kaleido: 1.1.0
2025-10-27 15:29:23,910:INFO:           schemdraw: 0.15
2025-10-27 15:29:23,910:INFO:         statsmodels: 0.14.5
2025-10-27 15:29:23,910:INFO:              sktime: 0.26.0
2025-10-27 15:29:23,911:INFO:               tbats: 1.1.3
2025-10-27 15:29:23,911:INFO:            pmdarima: 2.0.4
2025-10-27 15:29:23,911:INFO:              psutil: 7.1.2
2025-10-27 15:29:23,911:INFO:          markupsafe: 3.0.3
2025-10-27 15:29:23,911:INFO:             pickle5: Not installed
2025-10-27 15:29:23,912:INFO:         cloudpickle: 3.1.1
2025-10-27 15:29:23,912:INFO:         deprecation: 2.1.0
2025-10-27 15:29:23,913:INFO:              xxhash: 3.6.0
2025-10-27 15:29:23,913:INFO:           wurlitzer: Not installed
2025-10-27 15:29:23,914:INFO:PyCaret optional dependencies:
2025-10-27 15:29:23,914:INFO:                shap: 0.44.1
2025-10-27 15:29:23,914:INFO:           interpret: 0.7.3
2025-10-27 15:29:23,915:INFO:                umap: 0.5.7
2025-10-27 15:29:23,915:INFO:     ydata_profiling: 4.17.0
2025-10-27 15:29:23,915:INFO:  explainerdashboard: 0.5.1
2025-10-27 15:29:23,915:INFO:             autoviz: Not installed
2025-10-27 15:29:23,916:INFO:           fairlearn: 0.7.0
2025-10-27 15:29:23,916:INFO:          deepchecks: Not installed
2025-10-27 15:29:23,916:INFO:             xgboost: Not installed
2025-10-27 15:29:23,916:INFO:            catboost: 1.2.8
2025-10-27 15:29:23,916:INFO:              kmodes: 0.12.2
2025-10-27 15:29:23,916:INFO:             mlxtend: 0.23.4
2025-10-27 15:29:23,917:INFO:       statsforecast: 1.5.0
2025-10-27 15:29:23,917:INFO:        tune_sklearn: Not installed
2025-10-27 15:29:23,917:INFO:                 ray: Not installed
2025-10-27 15:29:23,917:INFO:            hyperopt: 0.2.7
2025-10-27 15:29:23,917:INFO:              optuna: 4.5.0
2025-10-27 15:29:23,917:INFO:               skopt: 0.10.2
2025-10-27 15:29:23,918:INFO:              mlflow: 3.5.1
2025-10-27 15:29:23,918:INFO:              gradio: 5.49.1
2025-10-27 15:29:23,918:INFO:             fastapi: 0.120.0
2025-10-27 15:29:23,918:INFO:             uvicorn: 0.38.0
2025-10-27 15:29:23,918:INFO:              m2cgen: 0.10.0
2025-10-27 15:29:23,919:INFO:           evidently: 0.4.40
2025-10-27 15:29:23,919:INFO:               fugue: 0.8.7
2025-10-27 15:29:23,919:INFO:           streamlit: Not installed
2025-10-27 15:29:23,919:INFO:             prophet: Not installed
2025-10-27 15:29:23,919:INFO:None
2025-10-27 15:29:23,919:INFO:Set up GPU usage.
2025-10-27 15:29:23,920:WARNING:
'cuml' is a soft dependency and not included in the pycaret installation. Please run: `pip install cuml` to install.
2025-10-27 15:29:23,920:WARNING:cuML is outdated or not found. Required version is >=23.08.
                Please visit https://rapids.ai/install for installation instructions.
2025-10-27 15:29:23,920:INFO:Set up data.
2025-10-27 15:29:23,955:INFO:Set up folding strategy.
2025-10-27 15:29:23,956:INFO:Set up train/test split.
2025-10-27 15:29:23,983:INFO:Set up index.
2025-10-27 15:29:23,984:INFO:Assigning column types.
2025-10-27 15:29:24,011:INFO:Engine successfully changes for model 'lr' to 'sklearn'.
2025-10-27 15:29:24,012:WARNING:
'cuml' is a soft dependency and not included in the pycaret installation. Please run: `pip install cuml` to install.
2025-10-27 15:29:24,216:INFO:Engine for model 'knn' has not been set explicitly, hence returning None.
2025-10-27 15:29:24,216:WARNING:
'cuml' is a soft dependency and not included in the pycaret installation. Please run: `pip install cuml` to install.
2025-10-27 15:29:24,218:WARNING:
'cuml' is a soft dependency and not included in the pycaret installation. Please run: `pip install cuml` to install.
2025-10-27 15:29:24,221:INFO:Engine for model 'rbfsvm' has not been set explicitly, hence returning None.
2025-10-27 15:29:24,221:WARNING:
'cuml' is a soft dependency and not included in the pycaret installation. Please run: `pip install cuml` to install.
2025-10-27 15:29:24,328:WARNING:
'cuml' is a soft dependency and not included in the pycaret installation. Please run: `pip install cuml` to install.
2025-10-27 15:29:24,348:WARNING:
'cuml' is a soft dependency and not included in the pycaret installation. Please run: `pip install cuml` to install.
2025-10-27 15:29:24,353:WARNING:
'xgboost' is a soft dependency and not included in the pycaret installation. Please run: `pip install xgboost` to install.
Alternately, you can install this by running `pip install pycaret[models]`
2025-10-27 15:29:24,475:INFO:Soft dependency imported: catboost: 1.2.8
2025-10-27 15:29:24,480:WARNING:
'cuml' is a soft dependency and not included in the pycaret installation. Please run: `pip install cuml` to install.
2025-10-27 15:29:24,619:INFO:Engine for model 'knn' has not been set explicitly, hence returning None.
2025-10-27 15:29:24,619:WARNING:
'cuml' is a soft dependency and not included in the pycaret installation. Please run: `pip install cuml` to install.
2025-10-27 15:29:24,619:WARNING:
'cuml' is a soft dependency and not included in the pycaret installation. Please run: `pip install cuml` to install.
2025-10-27 15:29:24,621:INFO:Engine for model 'rbfsvm' has not been set explicitly, hence returning None.
2025-10-27 15:29:24,621:WARNING:
'cuml' is a soft dependency and not included in the pycaret installation. Please run: `pip install cuml` to install.
2025-10-27 15:29:24,670:WARNING:
'cuml' is a soft dependency and not included in the pycaret installation. Please run: `pip install cuml` to install.
2025-10-27 15:29:24,681:WARNING:
'cuml' is a soft dependency and not included in the pycaret installation. Please run: `pip install cuml` to install.
2025-10-27 15:29:24,684:WARNING:
'xgboost' is a soft dependency and not included in the pycaret installation. Please run: `pip install xgboost` to install.
Alternately, you can install this by running `pip install pycaret[models]`
2025-10-27 15:29:24,744:INFO:Soft dependency imported: catboost: 1.2.8
2025-10-27 15:29:24,748:INFO:Engine successfully changes for model 'knn' to 'sklearn'.
2025-10-27 15:29:24,749:WARNING:
'cuml' is a soft dependency and not included in the pycaret installation. Please run: `pip install cuml` to install.
2025-10-27 15:29:24,971:WARNING:
'cuml' is a soft dependency and not included in the pycaret installation. Please run: `pip install cuml` to install.
2025-10-27 15:29:24,973:WARNING:
'cuml' is a soft dependency and not included in the pycaret installation. Please run: `pip install cuml` to install.
2025-10-27 15:29:24,976:INFO:Engine for model 'rbfsvm' has not been set explicitly, hence returning None.
2025-10-27 15:29:24,977:WARNING:
'cuml' is a soft dependency and not included in the pycaret installation. Please run: `pip install cuml` to install.
2025-10-27 15:29:25,102:WARNING:
'cuml' is a soft dependency and not included in the pycaret installation. Please run: `pip install cuml` to install.
2025-10-27 15:29:25,126:WARNING:
'cuml' is a soft dependency and not included in the pycaret installation. Please run: `pip install cuml` to install.
2025-10-27 15:29:25,131:WARNING:
'xgboost' is a soft dependency and not included in the pycaret installation. Please run: `pip install xgboost` to install.
Alternately, you can install this by running `pip install pycaret[models]`
2025-10-27 15:29:25,213:INFO:Soft dependency imported: catboost: 1.2.8
2025-10-27 15:29:25,218:WARNING:
'cuml' is a soft dependency and not included in the pycaret installation. Please run: `pip install cuml` to install.
2025-10-27 15:29:25,318:WARNING:
'cuml' is a soft dependency and not included in the pycaret installation. Please run: `pip install cuml` to install.
2025-10-27 15:29:25,318:WARNING:
'cuml' is a soft dependency and not included in the pycaret installation. Please run: `pip install cuml` to install.
2025-10-27 15:29:25,319:INFO:Engine for model 'rbfsvm' has not been set explicitly, hence returning None.
2025-10-27 15:29:25,319:WARNING:
'cuml' is a soft dependency and not included in the pycaret installation. Please run: `pip install cuml` to install.
2025-10-27 15:29:25,350:WARNING:
'cuml' is a soft dependency and not included in the pycaret installation. Please run: `pip install cuml` to install.
2025-10-27 15:29:25,357:WARNING:
'cuml' is a soft dependency and not included in the pycaret installation. Please run: `pip install cuml` to install.
2025-10-27 15:29:25,359:WARNING:
'xgboost' is a soft dependency and not included in the pycaret installation. Please run: `pip install xgboost` to install.
Alternately, you can install this by running `pip install pycaret[models]`
2025-10-27 15:29:25,381:INFO:Soft dependency imported: catboost: 1.2.8
2025-10-27 15:29:25,382:INFO:Engine successfully changes for model 'rbfsvm' to 'sklearn'.
2025-10-27 15:29:25,382:WARNING:
'cuml' is a soft dependency and not included in the pycaret installation. Please run: `pip install cuml` to install.
2025-10-27 15:29:25,470:WARNING:
'cuml' is a soft dependency and not included in the pycaret installation. Please run: `pip install cuml` to install.
2025-10-27 15:29:25,470:WARNING:
'cuml' is a soft dependency and not included in the pycaret installation. Please run: `pip install cuml` to install.
2025-10-27 15:29:25,472:WARNING:
'cuml' is a soft dependency and not included in the pycaret installation. Please run: `pip install cuml` to install.
2025-10-27 15:29:25,513:WARNING:
'cuml' is a soft dependency and not included in the pycaret installation. Please run: `pip install cuml` to install.
2025-10-27 15:29:25,519:WARNING:
'cuml' is a soft dependency and not included in the pycaret installation. Please run: `pip install cuml` to install.
2025-10-27 15:29:25,521:WARNING:
'xgboost' is a soft dependency and not included in the pycaret installation. Please run: `pip install xgboost` to install.
Alternately, you can install this by running `pip install pycaret[models]`
2025-10-27 15:29:25,547:INFO:Soft dependency imported: catboost: 1.2.8
2025-10-27 15:29:25,548:WARNING:
'cuml' is a soft dependency and not included in the pycaret installation. Please run: `pip install cuml` to install.
2025-10-27 15:29:25,629:WARNING:
'cuml' is a soft dependency and not included in the pycaret installation. Please run: `pip install cuml` to install.
2025-10-27 15:29:25,630:WARNING:
'cuml' is a soft dependency and not included in the pycaret installation. Please run: `pip install cuml` to install.
2025-10-27 15:29:25,631:WARNING:
'cuml' is a soft dependency and not included in the pycaret installation. Please run: `pip install cuml` to install.
2025-10-27 15:29:25,664:WARNING:
'cuml' is a soft dependency and not included in the pycaret installation. Please run: `pip install cuml` to install.
2025-10-27 15:29:25,671:WARNING:
'cuml' is a soft dependency and not included in the pycaret installation. Please run: `pip install cuml` to install.
2025-10-27 15:29:25,672:WARNING:
'xgboost' is a soft dependency and not included in the pycaret installation. Please run: `pip install xgboost` to install.
Alternately, you can install this by running `pip install pycaret[models]`
2025-10-27 15:29:25,696:INFO:Soft dependency imported: catboost: 1.2.8
2025-10-27 15:29:25,699:INFO:Preparing preprocessing pipeline...
2025-10-27 15:29:25,700:INFO:Set up simple imputation.
2025-10-27 15:29:25,700:INFO:Set up column transformation.
2025-10-27 15:29:25,700:INFO:Set up feature normalization.
2025-10-27 15:29:25,867:INFO:Finished creating preprocessing pipeline.
2025-10-27 15:29:25,877:INFO:Pipeline: Pipeline(memory=FastMemory(location=C:\Users\dhadu\AppData\Local\Temp\joblib),
         steps=[('numerical_imputer',
                 TransformerWrapper(exclude=None,
                                    include=['battery_power', 'bluetooth',
                                             'clock_speed', 'dual_sim',
                                             'fc_megapixel', 'four_g',
                                             'int_memory', 'm_depth',
                                             'mobile_wt', 'n_cores',
                                             'pc_megapixel', 'px_height',
                                             'px_width', 'ram', 'screen_height',
                                             'screen_width', 'talk_...
                                                              keep_empty_features=False,
                                                              missing_values=nan,
                                                              strategy='most_frequent'))),
                ('transformation',
                 TransformerWrapper(exclude=None, include=None,
                                    transformer=PowerTransformer(copy=True,
                                                                 method='yeo-johnson',
                                                                 standardize=False))),
                ('normalize',
                 TransformerWrapper(exclude=None, include=None,
                                    transformer=StandardScaler(copy=True,
                                                               with_mean=True,
                                                               with_std=True)))],
         verbose=False)
2025-10-27 15:29:25,878:INFO:Creating final display dataframe.
2025-10-27 15:29:26,370:INFO:Setup _display_container:                     Description             Value
0                    Session id               123
1                        Target       price_range
2                   Target type        Multiclass
3           Original data shape        (2000, 21)
4        Transformed data shape        (2000, 21)
5   Transformed train set shape        (1400, 21)
6    Transformed test set shape         (600, 21)
7              Numeric features                20
8                    Preprocess              True
9               Imputation type            simple
10           Numeric imputation              mean
11       Categorical imputation              mode
12               Transformation              True
13        Transformation method       yeo-johnson
14                    Normalize              True
15             Normalize method            zscore
16               Fold Generator   StratifiedKFold
17                  Fold Number                10
18                     CPU Jobs                -1
19                      Use GPU              True
20               Log Experiment             False
21              Experiment Name  clf-default-name
22                          USI              3a49
2025-10-27 15:29:26,415:WARNING:
'cuml' is a soft dependency and not included in the pycaret installation. Please run: `pip install cuml` to install.
2025-10-27 15:29:26,567:WARNING:
'cuml' is a soft dependency and not included in the pycaret installation. Please run: `pip install cuml` to install.
2025-10-27 15:29:26,567:WARNING:
'cuml' is a soft dependency and not included in the pycaret installation. Please run: `pip install cuml` to install.
2025-10-27 15:29:26,568:WARNING:
'cuml' is a soft dependency and not included in the pycaret installation. Please run: `pip install cuml` to install.
2025-10-27 15:29:26,633:WARNING:
'cuml' is a soft dependency and not included in the pycaret installation. Please run: `pip install cuml` to install.
2025-10-27 15:29:26,645:WARNING:
'cuml' is a soft dependency and not included in the pycaret installation. Please run: `pip install cuml` to install.
2025-10-27 15:29:26,648:WARNING:
'xgboost' is a soft dependency and not included in the pycaret installation. Please run: `pip install xgboost` to install.
Alternately, you can install this by running `pip install pycaret[models]`
2025-10-27 15:29:26,684:INFO:Soft dependency imported: catboost: 1.2.8
2025-10-27 15:29:26,688:WARNING:
'cuml' is a soft dependency and not included in the pycaret installation. Please run: `pip install cuml` to install.
2025-10-27 15:29:26,799:WARNING:
'cuml' is a soft dependency and not included in the pycaret installation. Please run: `pip install cuml` to install.
2025-10-27 15:29:26,799:WARNING:
'cuml' is a soft dependency and not included in the pycaret installation. Please run: `pip install cuml` to install.
2025-10-27 15:29:26,800:WARNING:
'cuml' is a soft dependency and not included in the pycaret installation. Please run: `pip install cuml` to install.
2025-10-27 15:29:26,831:WARNING:
'cuml' is a soft dependency and not included in the pycaret installation. Please run: `pip install cuml` to install.
2025-10-27 15:29:26,838:WARNING:
'cuml' is a soft dependency and not included in the pycaret installation. Please run: `pip install cuml` to install.
2025-10-27 15:29:26,839:WARNING:
'xgboost' is a soft dependency and not included in the pycaret installation. Please run: `pip install xgboost` to install.
Alternately, you can install this by running `pip install pycaret[models]`
2025-10-27 15:29:26,865:INFO:Soft dependency imported: catboost: 1.2.8
2025-10-27 15:29:26,868:INFO:setup() successfully completed in 3.11s...............
2025-10-27 15:29:26,943:INFO:Initializing compare_models()
2025-10-27 15:29:26,943:INFO:compare_models(self=<pycaret.classification.oop.ClassificationExperiment object at 0x0000014C16E5F150>, include=None, exclude=None, fold=None, round=4, cross_validation=True, sort=Accuracy, n_select=1, budget_time=None, turbo=True, errors=ignore, fit_kwargs=None, groups=None, experiment_custom_tags=None, probability_threshold=None, verbose=True, parallel=None, caller_params={'self': <pycaret.classification.oop.ClassificationExperiment object at 0x0000014C16E5F150>, 'include': None, 'exclude': None, 'fold': None, 'round': 4, 'cross_validation': True, 'sort': 'Accuracy', 'n_select': 1, 'budget_time': None, 'turbo': True, 'errors': 'ignore', 'fit_kwargs': None, 'groups': None, 'experiment_custom_tags': None, 'probability_threshold': None, 'engine': None, 'verbose': True, 'parallel': None, '__class__': <class 'pycaret.classification.oop.ClassificationExperiment'>})
2025-10-27 15:29:26,943:INFO:Checking exceptions
2025-10-27 15:29:26,955:INFO:Preparing display monitor
2025-10-27 15:29:26,996:INFO:Initializing Logistic Regression
2025-10-27 15:29:26,997:INFO:Total runtime is 1.6629695892333984e-05 minutes
2025-10-27 15:29:27,007:INFO:SubProcess create_model() called ==================================
2025-10-27 15:29:27,008:INFO:Initializing create_model()
2025-10-27 15:29:27,008:INFO:create_model(self=<pycaret.classification.oop.ClassificationExperiment object at 0x0000014C16E5F150>, estimator=lr, fold=StratifiedKFold(n_splits=10, random_state=None, shuffle=False), round=4, cross_validation=True, predict=True, fit_kwargs={}, groups=None, refit=False, probability_threshold=None, experiment_custom_tags=None, verbose=False, system=False, add_to_model_list=True, metrics=None, display=<pycaret.internal.display.display.CommonDisplay object at 0x0000014C37413A90>, model_only=True, return_train_score=False, error_score=0.0, kwargs={})
2025-10-27 15:29:27,008:INFO:Checking exceptions
2025-10-27 15:29:27,009:INFO:Importing libraries
2025-10-27 15:29:27,009:INFO:Copying training dataset
2025-10-27 15:29:27,024:INFO:Defining folds
2025-10-27 15:29:27,024:INFO:Declaring metric variables
2025-10-27 15:29:27,029:INFO:Importing untrained model
2025-10-27 15:29:27,036:INFO:Logistic Regression Imported successfully
2025-10-27 15:29:27,049:INFO:Starting cross validation
2025-10-27 15:29:27,051:INFO:Cross validating with StratifiedKFold(n_splits=10, random_state=None, shuffle=False), n_jobs=1
2025-10-27 15:29:27,254:WARNING:C:\Users\dhadu\AppData\Roaming\Python\Python311\site-packages\pycaret\internal\metrics.py:204: FitFailedWarning: Metric 'make_scorer(roc_auc_score, response_method=('decision_function', 'predict_proba'), average=weighted, multi_class=ovr)' failed and error score 0.0 has been returned instead. If this is a custom metric, this usually means that the error is in the metric code. Full exception below:
Traceback (most recent call last):
  File "C:\Users\dhadu\AppData\Roaming\Python\Python311\site-packages\pycaret\internal\metrics.py", line 196, in _score
    return super()._score(
           ^^^^^^^^^^^^^^^
  File "C:\Users\dhadu\AppData\Roaming\Python\Python311\site-packages\sklearn\metrics\_scorer.py", line 350, in _score
    return self._sign * self._score_func(y_true, y_pred, **scoring_kwargs)
                        ^^^^^^^^^^^^^^^^^^^^^^^^^^^^^^^^^^^^^^^^^^^^^^^^^^
  File "C:\Users\dhadu\AppData\Roaming\Python\Python311\site-packages\pycaret\internal\metrics.py", line 144, in __call__
    return self.score_func(y_true, y_pred, **kwargs)
           ^^^^^^^^^^^^^^^^^^^^^^^^^^^^^^^^^^^^^^^^^
  File "C:\Users\dhadu\AppData\Roaming\Python\Python311\site-packages\sklearn\utils\_param_validation.py", line 213, in wrapper
    return func(*args, **kwargs)
           ^^^^^^^^^^^^^^^^^^^^^
  File "C:\Users\dhadu\AppData\Roaming\Python\Python311\site-packages\sklearn\metrics\_ranking.py", line 634, in roc_auc_score
    return _multiclass_roc_auc_score(
           ^^^^^^^^^^^^^^^^^^^^^^^^^^
  File "C:\Users\dhadu\AppData\Roaming\Python\Python311\site-packages\sklearn\metrics\_ranking.py", line 707, in _multiclass_roc_auc_score
    raise ValueError(
ValueError: Target scores need to be probabilities for multiclass roc_auc, i.e. they should sum up to 1.0 over classes


2025-10-27 15:29:27,520:WARNING:C:\Users\dhadu\AppData\Roaming\Python\Python311\site-packages\pycaret\internal\metrics.py:204: FitFailedWarning: Metric 'make_scorer(roc_auc_score, response_method=('decision_function', 'predict_proba'), average=weighted, multi_class=ovr)' failed and error score 0.0 has been returned instead. If this is a custom metric, this usually means that the error is in the metric code. Full exception below:
Traceback (most recent call last):
  File "C:\Users\dhadu\AppData\Roaming\Python\Python311\site-packages\pycaret\internal\metrics.py", line 196, in _score
    return super()._score(
           ^^^^^^^^^^^^^^^
  File "C:\Users\dhadu\AppData\Roaming\Python\Python311\site-packages\sklearn\metrics\_scorer.py", line 350, in _score
    return self._sign * self._score_func(y_true, y_pred, **scoring_kwargs)
                        ^^^^^^^^^^^^^^^^^^^^^^^^^^^^^^^^^^^^^^^^^^^^^^^^^^
  File "C:\Users\dhadu\AppData\Roaming\Python\Python311\site-packages\pycaret\internal\metrics.py", line 144, in __call__
    return self.score_func(y_true, y_pred, **kwargs)
           ^^^^^^^^^^^^^^^^^^^^^^^^^^^^^^^^^^^^^^^^^
  File "C:\Users\dhadu\AppData\Roaming\Python\Python311\site-packages\sklearn\utils\_param_validation.py", line 213, in wrapper
    return func(*args, **kwargs)
           ^^^^^^^^^^^^^^^^^^^^^
  File "C:\Users\dhadu\AppData\Roaming\Python\Python311\site-packages\sklearn\metrics\_ranking.py", line 634, in roc_auc_score
    return _multiclass_roc_auc_score(
           ^^^^^^^^^^^^^^^^^^^^^^^^^^
  File "C:\Users\dhadu\AppData\Roaming\Python\Python311\site-packages\sklearn\metrics\_ranking.py", line 707, in _multiclass_roc_auc_score
    raise ValueError(
ValueError: Target scores need to be probabilities for multiclass roc_auc, i.e. they should sum up to 1.0 over classes


2025-10-27 15:29:27,684:WARNING:C:\Users\dhadu\AppData\Roaming\Python\Python311\site-packages\pycaret\internal\metrics.py:204: FitFailedWarning: Metric 'make_scorer(roc_auc_score, response_method=('decision_function', 'predict_proba'), average=weighted, multi_class=ovr)' failed and error score 0.0 has been returned instead. If this is a custom metric, this usually means that the error is in the metric code. Full exception below:
Traceback (most recent call last):
  File "C:\Users\dhadu\AppData\Roaming\Python\Python311\site-packages\pycaret\internal\metrics.py", line 196, in _score
    return super()._score(
           ^^^^^^^^^^^^^^^
  File "C:\Users\dhadu\AppData\Roaming\Python\Python311\site-packages\sklearn\metrics\_scorer.py", line 350, in _score
    return self._sign * self._score_func(y_true, y_pred, **scoring_kwargs)
                        ^^^^^^^^^^^^^^^^^^^^^^^^^^^^^^^^^^^^^^^^^^^^^^^^^^
  File "C:\Users\dhadu\AppData\Roaming\Python\Python311\site-packages\pycaret\internal\metrics.py", line 144, in __call__
    return self.score_func(y_true, y_pred, **kwargs)
           ^^^^^^^^^^^^^^^^^^^^^^^^^^^^^^^^^^^^^^^^^
  File "C:\Users\dhadu\AppData\Roaming\Python\Python311\site-packages\sklearn\utils\_param_validation.py", line 213, in wrapper
    return func(*args, **kwargs)
           ^^^^^^^^^^^^^^^^^^^^^
  File "C:\Users\dhadu\AppData\Roaming\Python\Python311\site-packages\sklearn\metrics\_ranking.py", line 634, in roc_auc_score
    return _multiclass_roc_auc_score(
           ^^^^^^^^^^^^^^^^^^^^^^^^^^
  File "C:\Users\dhadu\AppData\Roaming\Python\Python311\site-packages\sklearn\metrics\_ranking.py", line 707, in _multiclass_roc_auc_score
    raise ValueError(
ValueError: Target scores need to be probabilities for multiclass roc_auc, i.e. they should sum up to 1.0 over classes


2025-10-27 15:29:27,821:WARNING:C:\Users\dhadu\AppData\Roaming\Python\Python311\site-packages\pycaret\internal\metrics.py:204: FitFailedWarning: Metric 'make_scorer(roc_auc_score, response_method=('decision_function', 'predict_proba'), average=weighted, multi_class=ovr)' failed and error score 0.0 has been returned instead. If this is a custom metric, this usually means that the error is in the metric code. Full exception below:
Traceback (most recent call last):
  File "C:\Users\dhadu\AppData\Roaming\Python\Python311\site-packages\pycaret\internal\metrics.py", line 196, in _score
    return super()._score(
           ^^^^^^^^^^^^^^^
  File "C:\Users\dhadu\AppData\Roaming\Python\Python311\site-packages\sklearn\metrics\_scorer.py", line 350, in _score
    return self._sign * self._score_func(y_true, y_pred, **scoring_kwargs)
                        ^^^^^^^^^^^^^^^^^^^^^^^^^^^^^^^^^^^^^^^^^^^^^^^^^^
  File "C:\Users\dhadu\AppData\Roaming\Python\Python311\site-packages\pycaret\internal\metrics.py", line 144, in __call__
    return self.score_func(y_true, y_pred, **kwargs)
           ^^^^^^^^^^^^^^^^^^^^^^^^^^^^^^^^^^^^^^^^^
  File "C:\Users\dhadu\AppData\Roaming\Python\Python311\site-packages\sklearn\utils\_param_validation.py", line 213, in wrapper
    return func(*args, **kwargs)
           ^^^^^^^^^^^^^^^^^^^^^
  File "C:\Users\dhadu\AppData\Roaming\Python\Python311\site-packages\sklearn\metrics\_ranking.py", line 634, in roc_auc_score
    return _multiclass_roc_auc_score(
           ^^^^^^^^^^^^^^^^^^^^^^^^^^
  File "C:\Users\dhadu\AppData\Roaming\Python\Python311\site-packages\sklearn\metrics\_ranking.py", line 707, in _multiclass_roc_auc_score
    raise ValueError(
ValueError: Target scores need to be probabilities for multiclass roc_auc, i.e. they should sum up to 1.0 over classes


2025-10-27 15:29:27,954:WARNING:C:\Users\dhadu\AppData\Roaming\Python\Python311\site-packages\pycaret\internal\metrics.py:204: FitFailedWarning: Metric 'make_scorer(roc_auc_score, response_method=('decision_function', 'predict_proba'), average=weighted, multi_class=ovr)' failed and error score 0.0 has been returned instead. If this is a custom metric, this usually means that the error is in the metric code. Full exception below:
Traceback (most recent call last):
  File "C:\Users\dhadu\AppData\Roaming\Python\Python311\site-packages\pycaret\internal\metrics.py", line 196, in _score
    return super()._score(
           ^^^^^^^^^^^^^^^
  File "C:\Users\dhadu\AppData\Roaming\Python\Python311\site-packages\sklearn\metrics\_scorer.py", line 350, in _score
    return self._sign * self._score_func(y_true, y_pred, **scoring_kwargs)
                        ^^^^^^^^^^^^^^^^^^^^^^^^^^^^^^^^^^^^^^^^^^^^^^^^^^
  File "C:\Users\dhadu\AppData\Roaming\Python\Python311\site-packages\pycaret\internal\metrics.py", line 144, in __call__
    return self.score_func(y_true, y_pred, **kwargs)
           ^^^^^^^^^^^^^^^^^^^^^^^^^^^^^^^^^^^^^^^^^
  File "C:\Users\dhadu\AppData\Roaming\Python\Python311\site-packages\sklearn\utils\_param_validation.py", line 213, in wrapper
    return func(*args, **kwargs)
           ^^^^^^^^^^^^^^^^^^^^^
  File "C:\Users\dhadu\AppData\Roaming\Python\Python311\site-packages\sklearn\metrics\_ranking.py", line 634, in roc_auc_score
    return _multiclass_roc_auc_score(
           ^^^^^^^^^^^^^^^^^^^^^^^^^^
  File "C:\Users\dhadu\AppData\Roaming\Python\Python311\site-packages\sklearn\metrics\_ranking.py", line 707, in _multiclass_roc_auc_score
    raise ValueError(
ValueError: Target scores need to be probabilities for multiclass roc_auc, i.e. they should sum up to 1.0 over classes


2025-10-27 15:29:28,091:WARNING:C:\Users\dhadu\AppData\Roaming\Python\Python311\site-packages\pycaret\internal\metrics.py:204: FitFailedWarning: Metric 'make_scorer(roc_auc_score, response_method=('decision_function', 'predict_proba'), average=weighted, multi_class=ovr)' failed and error score 0.0 has been returned instead. If this is a custom metric, this usually means that the error is in the metric code. Full exception below:
Traceback (most recent call last):
  File "C:\Users\dhadu\AppData\Roaming\Python\Python311\site-packages\pycaret\internal\metrics.py", line 196, in _score
    return super()._score(
           ^^^^^^^^^^^^^^^
  File "C:\Users\dhadu\AppData\Roaming\Python\Python311\site-packages\sklearn\metrics\_scorer.py", line 350, in _score
    return self._sign * self._score_func(y_true, y_pred, **scoring_kwargs)
                        ^^^^^^^^^^^^^^^^^^^^^^^^^^^^^^^^^^^^^^^^^^^^^^^^^^
  File "C:\Users\dhadu\AppData\Roaming\Python\Python311\site-packages\pycaret\internal\metrics.py", line 144, in __call__
    return self.score_func(y_true, y_pred, **kwargs)
           ^^^^^^^^^^^^^^^^^^^^^^^^^^^^^^^^^^^^^^^^^
  File "C:\Users\dhadu\AppData\Roaming\Python\Python311\site-packages\sklearn\utils\_param_validation.py", line 213, in wrapper
    return func(*args, **kwargs)
           ^^^^^^^^^^^^^^^^^^^^^
  File "C:\Users\dhadu\AppData\Roaming\Python\Python311\site-packages\sklearn\metrics\_ranking.py", line 634, in roc_auc_score
    return _multiclass_roc_auc_score(
           ^^^^^^^^^^^^^^^^^^^^^^^^^^
  File "C:\Users\dhadu\AppData\Roaming\Python\Python311\site-packages\sklearn\metrics\_ranking.py", line 707, in _multiclass_roc_auc_score
    raise ValueError(
ValueError: Target scores need to be probabilities for multiclass roc_auc, i.e. they should sum up to 1.0 over classes


2025-10-27 15:29:28,223:WARNING:C:\Users\dhadu\AppData\Roaming\Python\Python311\site-packages\pycaret\internal\metrics.py:204: FitFailedWarning: Metric 'make_scorer(roc_auc_score, response_method=('decision_function', 'predict_proba'), average=weighted, multi_class=ovr)' failed and error score 0.0 has been returned instead. If this is a custom metric, this usually means that the error is in the metric code. Full exception below:
Traceback (most recent call last):
  File "C:\Users\dhadu\AppData\Roaming\Python\Python311\site-packages\pycaret\internal\metrics.py", line 196, in _score
    return super()._score(
           ^^^^^^^^^^^^^^^
  File "C:\Users\dhadu\AppData\Roaming\Python\Python311\site-packages\sklearn\metrics\_scorer.py", line 350, in _score
    return self._sign * self._score_func(y_true, y_pred, **scoring_kwargs)
                        ^^^^^^^^^^^^^^^^^^^^^^^^^^^^^^^^^^^^^^^^^^^^^^^^^^
  File "C:\Users\dhadu\AppData\Roaming\Python\Python311\site-packages\pycaret\internal\metrics.py", line 144, in __call__
    return self.score_func(y_true, y_pred, **kwargs)
           ^^^^^^^^^^^^^^^^^^^^^^^^^^^^^^^^^^^^^^^^^
  File "C:\Users\dhadu\AppData\Roaming\Python\Python311\site-packages\sklearn\utils\_param_validation.py", line 213, in wrapper
    return func(*args, **kwargs)
           ^^^^^^^^^^^^^^^^^^^^^
  File "C:\Users\dhadu\AppData\Roaming\Python\Python311\site-packages\sklearn\metrics\_ranking.py", line 634, in roc_auc_score
    return _multiclass_roc_auc_score(
           ^^^^^^^^^^^^^^^^^^^^^^^^^^
  File "C:\Users\dhadu\AppData\Roaming\Python\Python311\site-packages\sklearn\metrics\_ranking.py", line 707, in _multiclass_roc_auc_score
    raise ValueError(
ValueError: Target scores need to be probabilities for multiclass roc_auc, i.e. they should sum up to 1.0 over classes


2025-10-27 15:29:28,359:WARNING:C:\Users\dhadu\AppData\Roaming\Python\Python311\site-packages\pycaret\internal\metrics.py:204: FitFailedWarning: Metric 'make_scorer(roc_auc_score, response_method=('decision_function', 'predict_proba'), average=weighted, multi_class=ovr)' failed and error score 0.0 has been returned instead. If this is a custom metric, this usually means that the error is in the metric code. Full exception below:
Traceback (most recent call last):
  File "C:\Users\dhadu\AppData\Roaming\Python\Python311\site-packages\pycaret\internal\metrics.py", line 196, in _score
    return super()._score(
           ^^^^^^^^^^^^^^^
  File "C:\Users\dhadu\AppData\Roaming\Python\Python311\site-packages\sklearn\metrics\_scorer.py", line 350, in _score
    return self._sign * self._score_func(y_true, y_pred, **scoring_kwargs)
                        ^^^^^^^^^^^^^^^^^^^^^^^^^^^^^^^^^^^^^^^^^^^^^^^^^^
  File "C:\Users\dhadu\AppData\Roaming\Python\Python311\site-packages\pycaret\internal\metrics.py", line 144, in __call__
    return self.score_func(y_true, y_pred, **kwargs)
           ^^^^^^^^^^^^^^^^^^^^^^^^^^^^^^^^^^^^^^^^^
  File "C:\Users\dhadu\AppData\Roaming\Python\Python311\site-packages\sklearn\utils\_param_validation.py", line 213, in wrapper
    return func(*args, **kwargs)
           ^^^^^^^^^^^^^^^^^^^^^
  File "C:\Users\dhadu\AppData\Roaming\Python\Python311\site-packages\sklearn\metrics\_ranking.py", line 634, in roc_auc_score
    return _multiclass_roc_auc_score(
           ^^^^^^^^^^^^^^^^^^^^^^^^^^
  File "C:\Users\dhadu\AppData\Roaming\Python\Python311\site-packages\sklearn\metrics\_ranking.py", line 707, in _multiclass_roc_auc_score
    raise ValueError(
ValueError: Target scores need to be probabilities for multiclass roc_auc, i.e. they should sum up to 1.0 over classes


2025-10-27 15:29:28,498:WARNING:C:\Users\dhadu\AppData\Roaming\Python\Python311\site-packages\pycaret\internal\metrics.py:204: FitFailedWarning: Metric 'make_scorer(roc_auc_score, response_method=('decision_function', 'predict_proba'), average=weighted, multi_class=ovr)' failed and error score 0.0 has been returned instead. If this is a custom metric, this usually means that the error is in the metric code. Full exception below:
Traceback (most recent call last):
  File "C:\Users\dhadu\AppData\Roaming\Python\Python311\site-packages\pycaret\internal\metrics.py", line 196, in _score
    return super()._score(
           ^^^^^^^^^^^^^^^
  File "C:\Users\dhadu\AppData\Roaming\Python\Python311\site-packages\sklearn\metrics\_scorer.py", line 350, in _score
    return self._sign * self._score_func(y_true, y_pred, **scoring_kwargs)
                        ^^^^^^^^^^^^^^^^^^^^^^^^^^^^^^^^^^^^^^^^^^^^^^^^^^
  File "C:\Users\dhadu\AppData\Roaming\Python\Python311\site-packages\pycaret\internal\metrics.py", line 144, in __call__
    return self.score_func(y_true, y_pred, **kwargs)
           ^^^^^^^^^^^^^^^^^^^^^^^^^^^^^^^^^^^^^^^^^
  File "C:\Users\dhadu\AppData\Roaming\Python\Python311\site-packages\sklearn\utils\_param_validation.py", line 213, in wrapper
    return func(*args, **kwargs)
           ^^^^^^^^^^^^^^^^^^^^^
  File "C:\Users\dhadu\AppData\Roaming\Python\Python311\site-packages\sklearn\metrics\_ranking.py", line 634, in roc_auc_score
    return _multiclass_roc_auc_score(
           ^^^^^^^^^^^^^^^^^^^^^^^^^^
  File "C:\Users\dhadu\AppData\Roaming\Python\Python311\site-packages\sklearn\metrics\_ranking.py", line 707, in _multiclass_roc_auc_score
    raise ValueError(
ValueError: Target scores need to be probabilities for multiclass roc_auc, i.e. they should sum up to 1.0 over classes


2025-10-27 15:29:28,643:WARNING:C:\Users\dhadu\AppData\Roaming\Python\Python311\site-packages\pycaret\internal\metrics.py:204: FitFailedWarning: Metric 'make_scorer(roc_auc_score, response_method=('decision_function', 'predict_proba'), average=weighted, multi_class=ovr)' failed and error score 0.0 has been returned instead. If this is a custom metric, this usually means that the error is in the metric code. Full exception below:
Traceback (most recent call last):
  File "C:\Users\dhadu\AppData\Roaming\Python\Python311\site-packages\pycaret\internal\metrics.py", line 196, in _score
    return super()._score(
           ^^^^^^^^^^^^^^^
  File "C:\Users\dhadu\AppData\Roaming\Python\Python311\site-packages\sklearn\metrics\_scorer.py", line 350, in _score
    return self._sign * self._score_func(y_true, y_pred, **scoring_kwargs)
                        ^^^^^^^^^^^^^^^^^^^^^^^^^^^^^^^^^^^^^^^^^^^^^^^^^^
  File "C:\Users\dhadu\AppData\Roaming\Python\Python311\site-packages\pycaret\internal\metrics.py", line 144, in __call__
    return self.score_func(y_true, y_pred, **kwargs)
           ^^^^^^^^^^^^^^^^^^^^^^^^^^^^^^^^^^^^^^^^^
  File "C:\Users\dhadu\AppData\Roaming\Python\Python311\site-packages\sklearn\utils\_param_validation.py", line 213, in wrapper
    return func(*args, **kwargs)
           ^^^^^^^^^^^^^^^^^^^^^
  File "C:\Users\dhadu\AppData\Roaming\Python\Python311\site-packages\sklearn\metrics\_ranking.py", line 634, in roc_auc_score
    return _multiclass_roc_auc_score(
           ^^^^^^^^^^^^^^^^^^^^^^^^^^
  File "C:\Users\dhadu\AppData\Roaming\Python\Python311\site-packages\sklearn\metrics\_ranking.py", line 707, in _multiclass_roc_auc_score
    raise ValueError(
ValueError: Target scores need to be probabilities for multiclass roc_auc, i.e. they should sum up to 1.0 over classes


2025-10-27 15:29:28,655:INFO:Calculating mean and std
2025-10-27 15:29:28,656:INFO:Creating metrics dataframe
2025-10-27 15:29:28,658:INFO:Uploading results into container
2025-10-27 15:29:28,659:INFO:Uploading model into container now
2025-10-27 15:29:28,659:INFO:_master_model_container: 1
2025-10-27 15:29:28,659:INFO:_display_container: 2
2025-10-27 15:29:28,660:INFO:LogisticRegression(C=1.0, class_weight=None, dual=False, fit_intercept=True,
                   intercept_scaling=1, l1_ratio=None, max_iter=1000,
                   multi_class='auto', n_jobs=None, penalty='l2',
                   random_state=123, solver='lbfgs', tol=0.0001, verbose=0,
                   warm_start=False)
2025-10-27 15:29:28,660:INFO:create_model() successfully completed......................................
2025-10-27 15:29:29,010:INFO:SubProcess create_model() end ==================================
2025-10-27 15:29:29,010:INFO:Creating metrics dataframe
2025-10-27 15:29:29,029:INFO:Initializing K Neighbors Classifier
2025-10-27 15:29:29,029:INFO:Total runtime is 0.03388459285100301 minutes
2025-10-27 15:29:29,037:INFO:SubProcess create_model() called ==================================
2025-10-27 15:29:29,038:INFO:Initializing create_model()
2025-10-27 15:29:29,038:INFO:create_model(self=<pycaret.classification.oop.ClassificationExperiment object at 0x0000014C16E5F150>, estimator=knn, fold=StratifiedKFold(n_splits=10, random_state=None, shuffle=False), round=4, cross_validation=True, predict=True, fit_kwargs={}, groups=None, refit=False, probability_threshold=None, experiment_custom_tags=None, verbose=False, system=False, add_to_model_list=True, metrics=None, display=<pycaret.internal.display.display.CommonDisplay object at 0x0000014C37413A90>, model_only=True, return_train_score=False, error_score=0.0, kwargs={})
2025-10-27 15:29:29,038:INFO:Checking exceptions
2025-10-27 15:29:29,039:INFO:Importing libraries
2025-10-27 15:29:29,039:INFO:Copying training dataset
2025-10-27 15:29:29,056:INFO:Defining folds
2025-10-27 15:29:29,056:INFO:Declaring metric variables
2025-10-27 15:29:29,065:INFO:Importing untrained model
2025-10-27 15:29:29,075:INFO:K Neighbors Classifier Imported successfully
2025-10-27 15:29:29,093:INFO:Starting cross validation
2025-10-27 15:29:29,096:INFO:Cross validating with StratifiedKFold(n_splits=10, random_state=None, shuffle=False), n_jobs=1
2025-10-27 15:29:31,027:INFO:Calculating mean and std
2025-10-27 15:29:31,029:INFO:Creating metrics dataframe
2025-10-27 15:29:31,034:INFO:Uploading results into container
2025-10-27 15:29:31,035:INFO:Uploading model into container now
2025-10-27 15:29:31,036:INFO:_master_model_container: 2
2025-10-27 15:29:31,036:INFO:_display_container: 2
2025-10-27 15:29:31,037:INFO:KNeighborsClassifier(algorithm='auto', leaf_size=30, metric='minkowski',
                     metric_params=None, n_jobs=-1, n_neighbors=5, p=2,
                     weights='uniform')
2025-10-27 15:29:31,037:INFO:create_model() successfully completed......................................
2025-10-27 15:29:31,291:INFO:SubProcess create_model() end ==================================
2025-10-27 15:29:31,291:INFO:Creating metrics dataframe
2025-10-27 15:29:31,321:INFO:Initializing Naive Bayes
2025-10-27 15:29:31,322:INFO:Total runtime is 0.07209797302881876 minutes
2025-10-27 15:29:31,335:INFO:SubProcess create_model() called ==================================
2025-10-27 15:29:31,336:INFO:Initializing create_model()
2025-10-27 15:29:31,337:INFO:create_model(self=<pycaret.classification.oop.ClassificationExperiment object at 0x0000014C16E5F150>, estimator=nb, fold=StratifiedKFold(n_splits=10, random_state=None, shuffle=False), round=4, cross_validation=True, predict=True, fit_kwargs={}, groups=None, refit=False, probability_threshold=None, experiment_custom_tags=None, verbose=False, system=False, add_to_model_list=True, metrics=None, display=<pycaret.internal.display.display.CommonDisplay object at 0x0000014C37413A90>, model_only=True, return_train_score=False, error_score=0.0, kwargs={})
2025-10-27 15:29:31,337:INFO:Checking exceptions
2025-10-27 15:29:31,337:INFO:Importing libraries
2025-10-27 15:29:31,338:INFO:Copying training dataset
2025-10-27 15:29:31,366:INFO:Defining folds
2025-10-27 15:29:31,366:INFO:Declaring metric variables
2025-10-27 15:29:31,380:INFO:Importing untrained model
2025-10-27 15:29:31,396:INFO:Naive Bayes Imported successfully
2025-10-27 15:29:31,425:INFO:Starting cross validation
2025-10-27 15:29:31,428:INFO:Cross validating with StratifiedKFold(n_splits=10, random_state=None, shuffle=False), n_jobs=1
2025-10-27 15:29:33,097:INFO:Calculating mean and std
2025-10-27 15:29:33,098:INFO:Creating metrics dataframe
2025-10-27 15:29:33,101:INFO:Uploading results into container
2025-10-27 15:29:33,102:INFO:Uploading model into container now
2025-10-27 15:29:33,103:INFO:_master_model_container: 3
2025-10-27 15:29:33,103:INFO:_display_container: 2
2025-10-27 15:29:33,103:INFO:GaussianNB(priors=None, var_smoothing=1e-09)
2025-10-27 15:29:33,104:INFO:create_model() successfully completed......................................
2025-10-27 15:29:33,338:INFO:SubProcess create_model() end ==================================
2025-10-27 15:29:33,338:INFO:Creating metrics dataframe
2025-10-27 15:29:33,361:INFO:Initializing Decision Tree Classifier
2025-10-27 15:29:33,362:INFO:Total runtime is 0.1060957670211792 minutes
2025-10-27 15:29:33,373:INFO:SubProcess create_model() called ==================================
2025-10-27 15:29:33,373:INFO:Initializing create_model()
2025-10-27 15:29:33,374:INFO:create_model(self=<pycaret.classification.oop.ClassificationExperiment object at 0x0000014C16E5F150>, estimator=dt, fold=StratifiedKFold(n_splits=10, random_state=None, shuffle=False), round=4, cross_validation=True, predict=True, fit_kwargs={}, groups=None, refit=False, probability_threshold=None, experiment_custom_tags=None, verbose=False, system=False, add_to_model_list=True, metrics=None, display=<pycaret.internal.display.display.CommonDisplay object at 0x0000014C37413A90>, model_only=True, return_train_score=False, error_score=0.0, kwargs={})
2025-10-27 15:29:33,374:INFO:Checking exceptions
2025-10-27 15:29:33,374:INFO:Importing libraries
2025-10-27 15:29:33,374:INFO:Copying training dataset
2025-10-27 15:29:33,399:INFO:Defining folds
2025-10-27 15:29:33,400:INFO:Declaring metric variables
2025-10-27 15:29:33,413:INFO:Importing untrained model
2025-10-27 15:29:33,426:INFO:Decision Tree Classifier Imported successfully
2025-10-27 15:29:33,449:INFO:Starting cross validation
2025-10-27 15:29:33,452:INFO:Cross validating with StratifiedKFold(n_splits=10, random_state=None, shuffle=False), n_jobs=1
2025-10-27 15:29:34,935:INFO:Calculating mean and std
2025-10-27 15:29:34,936:INFO:Creating metrics dataframe
2025-10-27 15:29:34,938:INFO:Uploading results into container
2025-10-27 15:29:34,939:INFO:Uploading model into container now
2025-10-27 15:29:34,939:INFO:_master_model_container: 4
2025-10-27 15:29:34,939:INFO:_display_container: 2
2025-10-27 15:29:34,940:INFO:DecisionTreeClassifier(ccp_alpha=0.0, class_weight=None, criterion='gini',
                       max_depth=None, max_features=None, max_leaf_nodes=None,
                       min_impurity_decrease=0.0, min_samples_leaf=1,
                       min_samples_split=2, min_weight_fraction_leaf=0.0,
                       monotonic_cst=None, random_state=123, splitter='best')
2025-10-27 15:29:34,940:INFO:create_model() successfully completed......................................
2025-10-27 15:29:35,179:INFO:SubProcess create_model() end ==================================
2025-10-27 15:29:35,179:INFO:Creating metrics dataframe
2025-10-27 15:29:35,201:INFO:Initializing SVM - Linear Kernel
2025-10-27 15:29:35,202:INFO:Total runtime is 0.13676021496454877 minutes
2025-10-27 15:29:35,210:INFO:SubProcess create_model() called ==================================
2025-10-27 15:29:35,211:INFO:Initializing create_model()
2025-10-27 15:29:35,211:INFO:create_model(self=<pycaret.classification.oop.ClassificationExperiment object at 0x0000014C16E5F150>, estimator=svm, fold=StratifiedKFold(n_splits=10, random_state=None, shuffle=False), round=4, cross_validation=True, predict=True, fit_kwargs={}, groups=None, refit=False, probability_threshold=None, experiment_custom_tags=None, verbose=False, system=False, add_to_model_list=True, metrics=None, display=<pycaret.internal.display.display.CommonDisplay object at 0x0000014C37413A90>, model_only=True, return_train_score=False, error_score=0.0, kwargs={})
2025-10-27 15:29:35,211:INFO:Checking exceptions
2025-10-27 15:29:35,211:INFO:Importing libraries
2025-10-27 15:29:35,211:INFO:Copying training dataset
2025-10-27 15:29:35,226:INFO:Defining folds
2025-10-27 15:29:35,227:INFO:Declaring metric variables
2025-10-27 15:29:35,233:INFO:Importing untrained model
2025-10-27 15:29:35,241:INFO:SVM - Linear Kernel Imported successfully
2025-10-27 15:29:35,254:INFO:Starting cross validation
2025-10-27 15:29:35,256:INFO:Cross validating with StratifiedKFold(n_splits=10, random_state=None, shuffle=False), n_jobs=1
2025-10-27 15:29:35,431:WARNING:C:\Users\dhadu\AppData\Roaming\Python\Python311\site-packages\pycaret\internal\metrics.py:204: FitFailedWarning: Metric 'make_scorer(roc_auc_score, response_method=('decision_function', 'predict_proba'), average=weighted, multi_class=ovr)' failed and error score 0.0 has been returned instead. If this is a custom metric, this usually means that the error is in the metric code. Full exception below:
Traceback (most recent call last):
  File "C:\Users\dhadu\AppData\Roaming\Python\Python311\site-packages\pycaret\internal\metrics.py", line 196, in _score
    return super()._score(
           ^^^^^^^^^^^^^^^
  File "C:\Users\dhadu\AppData\Roaming\Python\Python311\site-packages\sklearn\metrics\_scorer.py", line 350, in _score
    return self._sign * self._score_func(y_true, y_pred, **scoring_kwargs)
                        ^^^^^^^^^^^^^^^^^^^^^^^^^^^^^^^^^^^^^^^^^^^^^^^^^^
  File "C:\Users\dhadu\AppData\Roaming\Python\Python311\site-packages\pycaret\internal\metrics.py", line 144, in __call__
    return self.score_func(y_true, y_pred, **kwargs)
           ^^^^^^^^^^^^^^^^^^^^^^^^^^^^^^^^^^^^^^^^^
  File "C:\Users\dhadu\AppData\Roaming\Python\Python311\site-packages\sklearn\utils\_param_validation.py", line 213, in wrapper
    return func(*args, **kwargs)
           ^^^^^^^^^^^^^^^^^^^^^
  File "C:\Users\dhadu\AppData\Roaming\Python\Python311\site-packages\sklearn\metrics\_ranking.py", line 634, in roc_auc_score
    return _multiclass_roc_auc_score(
           ^^^^^^^^^^^^^^^^^^^^^^^^^^
  File "C:\Users\dhadu\AppData\Roaming\Python\Python311\site-packages\sklearn\metrics\_ranking.py", line 707, in _multiclass_roc_auc_score
    raise ValueError(
ValueError: Target scores need to be probabilities for multiclass roc_auc, i.e. they should sum up to 1.0 over classes


2025-10-27 15:29:35,587:WARNING:C:\Users\dhadu\AppData\Roaming\Python\Python311\site-packages\pycaret\internal\metrics.py:204: FitFailedWarning: Metric 'make_scorer(roc_auc_score, response_method=('decision_function', 'predict_proba'), average=weighted, multi_class=ovr)' failed and error score 0.0 has been returned instead. If this is a custom metric, this usually means that the error is in the metric code. Full exception below:
Traceback (most recent call last):
  File "C:\Users\dhadu\AppData\Roaming\Python\Python311\site-packages\pycaret\internal\metrics.py", line 196, in _score
    return super()._score(
           ^^^^^^^^^^^^^^^
  File "C:\Users\dhadu\AppData\Roaming\Python\Python311\site-packages\sklearn\metrics\_scorer.py", line 350, in _score
    return self._sign * self._score_func(y_true, y_pred, **scoring_kwargs)
                        ^^^^^^^^^^^^^^^^^^^^^^^^^^^^^^^^^^^^^^^^^^^^^^^^^^
  File "C:\Users\dhadu\AppData\Roaming\Python\Python311\site-packages\pycaret\internal\metrics.py", line 144, in __call__
    return self.score_func(y_true, y_pred, **kwargs)
           ^^^^^^^^^^^^^^^^^^^^^^^^^^^^^^^^^^^^^^^^^
  File "C:\Users\dhadu\AppData\Roaming\Python\Python311\site-packages\sklearn\utils\_param_validation.py", line 213, in wrapper
    return func(*args, **kwargs)
           ^^^^^^^^^^^^^^^^^^^^^
  File "C:\Users\dhadu\AppData\Roaming\Python\Python311\site-packages\sklearn\metrics\_ranking.py", line 634, in roc_auc_score
    return _multiclass_roc_auc_score(
           ^^^^^^^^^^^^^^^^^^^^^^^^^^
  File "C:\Users\dhadu\AppData\Roaming\Python\Python311\site-packages\sklearn\metrics\_ranking.py", line 707, in _multiclass_roc_auc_score
    raise ValueError(
ValueError: Target scores need to be probabilities for multiclass roc_auc, i.e. they should sum up to 1.0 over classes


2025-10-27 15:29:35,739:WARNING:C:\Users\dhadu\AppData\Roaming\Python\Python311\site-packages\pycaret\internal\metrics.py:204: FitFailedWarning: Metric 'make_scorer(roc_auc_score, response_method=('decision_function', 'predict_proba'), average=weighted, multi_class=ovr)' failed and error score 0.0 has been returned instead. If this is a custom metric, this usually means that the error is in the metric code. Full exception below:
Traceback (most recent call last):
  File "C:\Users\dhadu\AppData\Roaming\Python\Python311\site-packages\pycaret\internal\metrics.py", line 196, in _score
    return super()._score(
           ^^^^^^^^^^^^^^^
  File "C:\Users\dhadu\AppData\Roaming\Python\Python311\site-packages\sklearn\metrics\_scorer.py", line 350, in _score
    return self._sign * self._score_func(y_true, y_pred, **scoring_kwargs)
                        ^^^^^^^^^^^^^^^^^^^^^^^^^^^^^^^^^^^^^^^^^^^^^^^^^^
  File "C:\Users\dhadu\AppData\Roaming\Python\Python311\site-packages\pycaret\internal\metrics.py", line 144, in __call__
    return self.score_func(y_true, y_pred, **kwargs)
           ^^^^^^^^^^^^^^^^^^^^^^^^^^^^^^^^^^^^^^^^^
  File "C:\Users\dhadu\AppData\Roaming\Python\Python311\site-packages\sklearn\utils\_param_validation.py", line 213, in wrapper
    return func(*args, **kwargs)
           ^^^^^^^^^^^^^^^^^^^^^
  File "C:\Users\dhadu\AppData\Roaming\Python\Python311\site-packages\sklearn\metrics\_ranking.py", line 634, in roc_auc_score
    return _multiclass_roc_auc_score(
           ^^^^^^^^^^^^^^^^^^^^^^^^^^
  File "C:\Users\dhadu\AppData\Roaming\Python\Python311\site-packages\sklearn\metrics\_ranking.py", line 707, in _multiclass_roc_auc_score
    raise ValueError(
ValueError: Target scores need to be probabilities for multiclass roc_auc, i.e. they should sum up to 1.0 over classes


2025-10-27 15:29:35,925:WARNING:C:\Users\dhadu\AppData\Roaming\Python\Python311\site-packages\pycaret\internal\metrics.py:204: FitFailedWarning: Metric 'make_scorer(roc_auc_score, response_method=('decision_function', 'predict_proba'), average=weighted, multi_class=ovr)' failed and error score 0.0 has been returned instead. If this is a custom metric, this usually means that the error is in the metric code. Full exception below:
Traceback (most recent call last):
  File "C:\Users\dhadu\AppData\Roaming\Python\Python311\site-packages\pycaret\internal\metrics.py", line 196, in _score
    return super()._score(
           ^^^^^^^^^^^^^^^
  File "C:\Users\dhadu\AppData\Roaming\Python\Python311\site-packages\sklearn\metrics\_scorer.py", line 350, in _score
    return self._sign * self._score_func(y_true, y_pred, **scoring_kwargs)
                        ^^^^^^^^^^^^^^^^^^^^^^^^^^^^^^^^^^^^^^^^^^^^^^^^^^
  File "C:\Users\dhadu\AppData\Roaming\Python\Python311\site-packages\pycaret\internal\metrics.py", line 144, in __call__
    return self.score_func(y_true, y_pred, **kwargs)
           ^^^^^^^^^^^^^^^^^^^^^^^^^^^^^^^^^^^^^^^^^
  File "C:\Users\dhadu\AppData\Roaming\Python\Python311\site-packages\sklearn\utils\_param_validation.py", line 213, in wrapper
    return func(*args, **kwargs)
           ^^^^^^^^^^^^^^^^^^^^^
  File "C:\Users\dhadu\AppData\Roaming\Python\Python311\site-packages\sklearn\metrics\_ranking.py", line 634, in roc_auc_score
    return _multiclass_roc_auc_score(
           ^^^^^^^^^^^^^^^^^^^^^^^^^^
  File "C:\Users\dhadu\AppData\Roaming\Python\Python311\site-packages\sklearn\metrics\_ranking.py", line 707, in _multiclass_roc_auc_score
    raise ValueError(
ValueError: Target scores need to be probabilities for multiclass roc_auc, i.e. they should sum up to 1.0 over classes


2025-10-27 15:29:36,121:WARNING:C:\Users\dhadu\AppData\Roaming\Python\Python311\site-packages\pycaret\internal\metrics.py:204: FitFailedWarning: Metric 'make_scorer(roc_auc_score, response_method=('decision_function', 'predict_proba'), average=weighted, multi_class=ovr)' failed and error score 0.0 has been returned instead. If this is a custom metric, this usually means that the error is in the metric code. Full exception below:
Traceback (most recent call last):
  File "C:\Users\dhadu\AppData\Roaming\Python\Python311\site-packages\pycaret\internal\metrics.py", line 196, in _score
    return super()._score(
           ^^^^^^^^^^^^^^^
  File "C:\Users\dhadu\AppData\Roaming\Python\Python311\site-packages\sklearn\metrics\_scorer.py", line 350, in _score
    return self._sign * self._score_func(y_true, y_pred, **scoring_kwargs)
                        ^^^^^^^^^^^^^^^^^^^^^^^^^^^^^^^^^^^^^^^^^^^^^^^^^^
  File "C:\Users\dhadu\AppData\Roaming\Python\Python311\site-packages\pycaret\internal\metrics.py", line 144, in __call__
    return self.score_func(y_true, y_pred, **kwargs)
           ^^^^^^^^^^^^^^^^^^^^^^^^^^^^^^^^^^^^^^^^^
  File "C:\Users\dhadu\AppData\Roaming\Python\Python311\site-packages\sklearn\utils\_param_validation.py", line 213, in wrapper
    return func(*args, **kwargs)
           ^^^^^^^^^^^^^^^^^^^^^
  File "C:\Users\dhadu\AppData\Roaming\Python\Python311\site-packages\sklearn\metrics\_ranking.py", line 634, in roc_auc_score
    return _multiclass_roc_auc_score(
           ^^^^^^^^^^^^^^^^^^^^^^^^^^
  File "C:\Users\dhadu\AppData\Roaming\Python\Python311\site-packages\sklearn\metrics\_ranking.py", line 707, in _multiclass_roc_auc_score
    raise ValueError(
ValueError: Target scores need to be probabilities for multiclass roc_auc, i.e. they should sum up to 1.0 over classes


2025-10-27 15:29:36,276:WARNING:C:\Users\dhadu\AppData\Roaming\Python\Python311\site-packages\pycaret\internal\metrics.py:204: FitFailedWarning: Metric 'make_scorer(roc_auc_score, response_method=('decision_function', 'predict_proba'), average=weighted, multi_class=ovr)' failed and error score 0.0 has been returned instead. If this is a custom metric, this usually means that the error is in the metric code. Full exception below:
Traceback (most recent call last):
  File "C:\Users\dhadu\AppData\Roaming\Python\Python311\site-packages\pycaret\internal\metrics.py", line 196, in _score
    return super()._score(
           ^^^^^^^^^^^^^^^
  File "C:\Users\dhadu\AppData\Roaming\Python\Python311\site-packages\sklearn\metrics\_scorer.py", line 350, in _score
    return self._sign * self._score_func(y_true, y_pred, **scoring_kwargs)
                        ^^^^^^^^^^^^^^^^^^^^^^^^^^^^^^^^^^^^^^^^^^^^^^^^^^
  File "C:\Users\dhadu\AppData\Roaming\Python\Python311\site-packages\pycaret\internal\metrics.py", line 144, in __call__
    return self.score_func(y_true, y_pred, **kwargs)
           ^^^^^^^^^^^^^^^^^^^^^^^^^^^^^^^^^^^^^^^^^
  File "C:\Users\dhadu\AppData\Roaming\Python\Python311\site-packages\sklearn\utils\_param_validation.py", line 213, in wrapper
    return func(*args, **kwargs)
           ^^^^^^^^^^^^^^^^^^^^^
  File "C:\Users\dhadu\AppData\Roaming\Python\Python311\site-packages\sklearn\metrics\_ranking.py", line 634, in roc_auc_score
    return _multiclass_roc_auc_score(
           ^^^^^^^^^^^^^^^^^^^^^^^^^^
  File "C:\Users\dhadu\AppData\Roaming\Python\Python311\site-packages\sklearn\metrics\_ranking.py", line 707, in _multiclass_roc_auc_score
    raise ValueError(
ValueError: Target scores need to be probabilities for multiclass roc_auc, i.e. they should sum up to 1.0 over classes


2025-10-27 15:29:36,428:WARNING:C:\Users\dhadu\AppData\Roaming\Python\Python311\site-packages\pycaret\internal\metrics.py:204: FitFailedWarning: Metric 'make_scorer(roc_auc_score, response_method=('decision_function', 'predict_proba'), average=weighted, multi_class=ovr)' failed and error score 0.0 has been returned instead. If this is a custom metric, this usually means that the error is in the metric code. Full exception below:
Traceback (most recent call last):
  File "C:\Users\dhadu\AppData\Roaming\Python\Python311\site-packages\pycaret\internal\metrics.py", line 196, in _score
    return super()._score(
           ^^^^^^^^^^^^^^^
  File "C:\Users\dhadu\AppData\Roaming\Python\Python311\site-packages\sklearn\metrics\_scorer.py", line 350, in _score
    return self._sign * self._score_func(y_true, y_pred, **scoring_kwargs)
                        ^^^^^^^^^^^^^^^^^^^^^^^^^^^^^^^^^^^^^^^^^^^^^^^^^^
  File "C:\Users\dhadu\AppData\Roaming\Python\Python311\site-packages\pycaret\internal\metrics.py", line 144, in __call__
    return self.score_func(y_true, y_pred, **kwargs)
           ^^^^^^^^^^^^^^^^^^^^^^^^^^^^^^^^^^^^^^^^^
  File "C:\Users\dhadu\AppData\Roaming\Python\Python311\site-packages\sklearn\utils\_param_validation.py", line 213, in wrapper
    return func(*args, **kwargs)
           ^^^^^^^^^^^^^^^^^^^^^
  File "C:\Users\dhadu\AppData\Roaming\Python\Python311\site-packages\sklearn\metrics\_ranking.py", line 634, in roc_auc_score
    return _multiclass_roc_auc_score(
           ^^^^^^^^^^^^^^^^^^^^^^^^^^
  File "C:\Users\dhadu\AppData\Roaming\Python\Python311\site-packages\sklearn\metrics\_ranking.py", line 707, in _multiclass_roc_auc_score
    raise ValueError(
ValueError: Target scores need to be probabilities for multiclass roc_auc, i.e. they should sum up to 1.0 over classes


2025-10-27 15:29:36,577:WARNING:C:\Users\dhadu\AppData\Roaming\Python\Python311\site-packages\pycaret\internal\metrics.py:204: FitFailedWarning: Metric 'make_scorer(roc_auc_score, response_method=('decision_function', 'predict_proba'), average=weighted, multi_class=ovr)' failed and error score 0.0 has been returned instead. If this is a custom metric, this usually means that the error is in the metric code. Full exception below:
Traceback (most recent call last):
  File "C:\Users\dhadu\AppData\Roaming\Python\Python311\site-packages\pycaret\internal\metrics.py", line 196, in _score
    return super()._score(
           ^^^^^^^^^^^^^^^
  File "C:\Users\dhadu\AppData\Roaming\Python\Python311\site-packages\sklearn\metrics\_scorer.py", line 350, in _score
    return self._sign * self._score_func(y_true, y_pred, **scoring_kwargs)
                        ^^^^^^^^^^^^^^^^^^^^^^^^^^^^^^^^^^^^^^^^^^^^^^^^^^
  File "C:\Users\dhadu\AppData\Roaming\Python\Python311\site-packages\pycaret\internal\metrics.py", line 144, in __call__
    return self.score_func(y_true, y_pred, **kwargs)
           ^^^^^^^^^^^^^^^^^^^^^^^^^^^^^^^^^^^^^^^^^
  File "C:\Users\dhadu\AppData\Roaming\Python\Python311\site-packages\sklearn\utils\_param_validation.py", line 213, in wrapper
    return func(*args, **kwargs)
           ^^^^^^^^^^^^^^^^^^^^^
  File "C:\Users\dhadu\AppData\Roaming\Python\Python311\site-packages\sklearn\metrics\_ranking.py", line 634, in roc_auc_score
    return _multiclass_roc_auc_score(
           ^^^^^^^^^^^^^^^^^^^^^^^^^^
  File "C:\Users\dhadu\AppData\Roaming\Python\Python311\site-packages\sklearn\metrics\_ranking.py", line 707, in _multiclass_roc_auc_score
    raise ValueError(
ValueError: Target scores need to be probabilities for multiclass roc_auc, i.e. they should sum up to 1.0 over classes


2025-10-27 15:29:36,722:WARNING:C:\Users\dhadu\AppData\Roaming\Python\Python311\site-packages\pycaret\internal\metrics.py:204: FitFailedWarning: Metric 'make_scorer(roc_auc_score, response_method=('decision_function', 'predict_proba'), average=weighted, multi_class=ovr)' failed and error score 0.0 has been returned instead. If this is a custom metric, this usually means that the error is in the metric code. Full exception below:
Traceback (most recent call last):
  File "C:\Users\dhadu\AppData\Roaming\Python\Python311\site-packages\pycaret\internal\metrics.py", line 196, in _score
    return super()._score(
           ^^^^^^^^^^^^^^^
  File "C:\Users\dhadu\AppData\Roaming\Python\Python311\site-packages\sklearn\metrics\_scorer.py", line 350, in _score
    return self._sign * self._score_func(y_true, y_pred, **scoring_kwargs)
                        ^^^^^^^^^^^^^^^^^^^^^^^^^^^^^^^^^^^^^^^^^^^^^^^^^^
  File "C:\Users\dhadu\AppData\Roaming\Python\Python311\site-packages\pycaret\internal\metrics.py", line 144, in __call__
    return self.score_func(y_true, y_pred, **kwargs)
           ^^^^^^^^^^^^^^^^^^^^^^^^^^^^^^^^^^^^^^^^^
  File "C:\Users\dhadu\AppData\Roaming\Python\Python311\site-packages\sklearn\utils\_param_validation.py", line 213, in wrapper
    return func(*args, **kwargs)
           ^^^^^^^^^^^^^^^^^^^^^
  File "C:\Users\dhadu\AppData\Roaming\Python\Python311\site-packages\sklearn\metrics\_ranking.py", line 634, in roc_auc_score
    return _multiclass_roc_auc_score(
           ^^^^^^^^^^^^^^^^^^^^^^^^^^
  File "C:\Users\dhadu\AppData\Roaming\Python\Python311\site-packages\sklearn\metrics\_ranking.py", line 707, in _multiclass_roc_auc_score
    raise ValueError(
ValueError: Target scores need to be probabilities for multiclass roc_auc, i.e. they should sum up to 1.0 over classes


2025-10-27 15:29:36,874:WARNING:C:\Users\dhadu\AppData\Roaming\Python\Python311\site-packages\pycaret\internal\metrics.py:204: FitFailedWarning: Metric 'make_scorer(roc_auc_score, response_method=('decision_function', 'predict_proba'), average=weighted, multi_class=ovr)' failed and error score 0.0 has been returned instead. If this is a custom metric, this usually means that the error is in the metric code. Full exception below:
Traceback (most recent call last):
  File "C:\Users\dhadu\AppData\Roaming\Python\Python311\site-packages\pycaret\internal\metrics.py", line 196, in _score
    return super()._score(
           ^^^^^^^^^^^^^^^
  File "C:\Users\dhadu\AppData\Roaming\Python\Python311\site-packages\sklearn\metrics\_scorer.py", line 350, in _score
    return self._sign * self._score_func(y_true, y_pred, **scoring_kwargs)
                        ^^^^^^^^^^^^^^^^^^^^^^^^^^^^^^^^^^^^^^^^^^^^^^^^^^
  File "C:\Users\dhadu\AppData\Roaming\Python\Python311\site-packages\pycaret\internal\metrics.py", line 144, in __call__
    return self.score_func(y_true, y_pred, **kwargs)
           ^^^^^^^^^^^^^^^^^^^^^^^^^^^^^^^^^^^^^^^^^
  File "C:\Users\dhadu\AppData\Roaming\Python\Python311\site-packages\sklearn\utils\_param_validation.py", line 213, in wrapper
    return func(*args, **kwargs)
           ^^^^^^^^^^^^^^^^^^^^^
  File "C:\Users\dhadu\AppData\Roaming\Python\Python311\site-packages\sklearn\metrics\_ranking.py", line 634, in roc_auc_score
    return _multiclass_roc_auc_score(
           ^^^^^^^^^^^^^^^^^^^^^^^^^^
  File "C:\Users\dhadu\AppData\Roaming\Python\Python311\site-packages\sklearn\metrics\_ranking.py", line 707, in _multiclass_roc_auc_score
    raise ValueError(
ValueError: Target scores need to be probabilities for multiclass roc_auc, i.e. they should sum up to 1.0 over classes


2025-10-27 15:29:36,885:INFO:Calculating mean and std
2025-10-27 15:29:36,886:INFO:Creating metrics dataframe
2025-10-27 15:29:36,888:INFO:Uploading results into container
2025-10-27 15:29:36,889:INFO:Uploading model into container now
2025-10-27 15:29:36,889:INFO:_master_model_container: 5
2025-10-27 15:29:36,889:INFO:_display_container: 2
2025-10-27 15:29:36,890:INFO:SGDClassifier(alpha=0.0001, average=False, class_weight=None,
              early_stopping=False, epsilon=0.1, eta0=0.001, fit_intercept=True,
              l1_ratio=0.15, learning_rate='optimal', loss='hinge',
              max_iter=1000, n_iter_no_change=5, n_jobs=-1, penalty='l2',
              power_t=0.5, random_state=123, shuffle=True, tol=0.001,
              validation_fraction=0.1, verbose=0, warm_start=False)
2025-10-27 15:29:36,890:INFO:create_model() successfully completed......................................
2025-10-27 15:29:37,132:INFO:SubProcess create_model() end ==================================
2025-10-27 15:29:37,133:INFO:Creating metrics dataframe
2025-10-27 15:29:37,158:INFO:Initializing Ridge Classifier
2025-10-27 15:29:37,159:INFO:Total runtime is 0.16937712430953983 minutes
2025-10-27 15:29:37,171:INFO:SubProcess create_model() called ==================================
2025-10-27 15:29:37,172:INFO:Initializing create_model()
2025-10-27 15:29:37,173:INFO:create_model(self=<pycaret.classification.oop.ClassificationExperiment object at 0x0000014C16E5F150>, estimator=ridge, fold=StratifiedKFold(n_splits=10, random_state=None, shuffle=False), round=4, cross_validation=True, predict=True, fit_kwargs={}, groups=None, refit=False, probability_threshold=None, experiment_custom_tags=None, verbose=False, system=False, add_to_model_list=True, metrics=None, display=<pycaret.internal.display.display.CommonDisplay object at 0x0000014C37413A90>, model_only=True, return_train_score=False, error_score=0.0, kwargs={})
2025-10-27 15:29:37,173:INFO:Checking exceptions
2025-10-27 15:29:37,173:INFO:Importing libraries
2025-10-27 15:29:37,173:INFO:Copying training dataset
2025-10-27 15:29:37,198:INFO:Defining folds
2025-10-27 15:29:37,199:INFO:Declaring metric variables
2025-10-27 15:29:37,211:INFO:Importing untrained model
2025-10-27 15:29:37,224:INFO:Ridge Classifier Imported successfully
2025-10-27 15:29:37,246:INFO:Starting cross validation
2025-10-27 15:29:37,249:INFO:Cross validating with StratifiedKFold(n_splits=10, random_state=None, shuffle=False), n_jobs=1
2025-10-27 15:29:37,402:WARNING:C:\Users\dhadu\AppData\Roaming\Python\Python311\site-packages\pycaret\internal\metrics.py:204: FitFailedWarning: Metric 'make_scorer(roc_auc_score, response_method=('decision_function', 'predict_proba'), average=weighted, multi_class=ovr)' failed and error score 0.0 has been returned instead. If this is a custom metric, this usually means that the error is in the metric code. Full exception below:
Traceback (most recent call last):
  File "C:\Users\dhadu\AppData\Roaming\Python\Python311\site-packages\pycaret\internal\metrics.py", line 196, in _score
    return super()._score(
           ^^^^^^^^^^^^^^^
  File "C:\Users\dhadu\AppData\Roaming\Python\Python311\site-packages\sklearn\metrics\_scorer.py", line 350, in _score
    return self._sign * self._score_func(y_true, y_pred, **scoring_kwargs)
                        ^^^^^^^^^^^^^^^^^^^^^^^^^^^^^^^^^^^^^^^^^^^^^^^^^^
  File "C:\Users\dhadu\AppData\Roaming\Python\Python311\site-packages\pycaret\internal\metrics.py", line 144, in __call__
    return self.score_func(y_true, y_pred, **kwargs)
           ^^^^^^^^^^^^^^^^^^^^^^^^^^^^^^^^^^^^^^^^^
  File "C:\Users\dhadu\AppData\Roaming\Python\Python311\site-packages\sklearn\utils\_param_validation.py", line 213, in wrapper
    return func(*args, **kwargs)
           ^^^^^^^^^^^^^^^^^^^^^
  File "C:\Users\dhadu\AppData\Roaming\Python\Python311\site-packages\sklearn\metrics\_ranking.py", line 634, in roc_auc_score
    return _multiclass_roc_auc_score(
           ^^^^^^^^^^^^^^^^^^^^^^^^^^
  File "C:\Users\dhadu\AppData\Roaming\Python\Python311\site-packages\sklearn\metrics\_ranking.py", line 707, in _multiclass_roc_auc_score
    raise ValueError(
ValueError: Target scores need to be probabilities for multiclass roc_auc, i.e. they should sum up to 1.0 over classes


2025-10-27 15:29:37,534:WARNING:C:\Users\dhadu\AppData\Roaming\Python\Python311\site-packages\pycaret\internal\metrics.py:204: FitFailedWarning: Metric 'make_scorer(roc_auc_score, response_method=('decision_function', 'predict_proba'), average=weighted, multi_class=ovr)' failed and error score 0.0 has been returned instead. If this is a custom metric, this usually means that the error is in the metric code. Full exception below:
Traceback (most recent call last):
  File "C:\Users\dhadu\AppData\Roaming\Python\Python311\site-packages\pycaret\internal\metrics.py", line 196, in _score
    return super()._score(
           ^^^^^^^^^^^^^^^
  File "C:\Users\dhadu\AppData\Roaming\Python\Python311\site-packages\sklearn\metrics\_scorer.py", line 350, in _score
    return self._sign * self._score_func(y_true, y_pred, **scoring_kwargs)
                        ^^^^^^^^^^^^^^^^^^^^^^^^^^^^^^^^^^^^^^^^^^^^^^^^^^
  File "C:\Users\dhadu\AppData\Roaming\Python\Python311\site-packages\pycaret\internal\metrics.py", line 144, in __call__
    return self.score_func(y_true, y_pred, **kwargs)
           ^^^^^^^^^^^^^^^^^^^^^^^^^^^^^^^^^^^^^^^^^
  File "C:\Users\dhadu\AppData\Roaming\Python\Python311\site-packages\sklearn\utils\_param_validation.py", line 213, in wrapper
    return func(*args, **kwargs)
           ^^^^^^^^^^^^^^^^^^^^^
  File "C:\Users\dhadu\AppData\Roaming\Python\Python311\site-packages\sklearn\metrics\_ranking.py", line 634, in roc_auc_score
    return _multiclass_roc_auc_score(
           ^^^^^^^^^^^^^^^^^^^^^^^^^^
  File "C:\Users\dhadu\AppData\Roaming\Python\Python311\site-packages\sklearn\metrics\_ranking.py", line 707, in _multiclass_roc_auc_score
    raise ValueError(
ValueError: Target scores need to be probabilities for multiclass roc_auc, i.e. they should sum up to 1.0 over classes


2025-10-27 15:29:37,688:WARNING:C:\Users\dhadu\AppData\Roaming\Python\Python311\site-packages\pycaret\internal\metrics.py:204: FitFailedWarning: Metric 'make_scorer(roc_auc_score, response_method=('decision_function', 'predict_proba'), average=weighted, multi_class=ovr)' failed and error score 0.0 has been returned instead. If this is a custom metric, this usually means that the error is in the metric code. Full exception below:
Traceback (most recent call last):
  File "C:\Users\dhadu\AppData\Roaming\Python\Python311\site-packages\pycaret\internal\metrics.py", line 196, in _score
    return super()._score(
           ^^^^^^^^^^^^^^^
  File "C:\Users\dhadu\AppData\Roaming\Python\Python311\site-packages\sklearn\metrics\_scorer.py", line 350, in _score
    return self._sign * self._score_func(y_true, y_pred, **scoring_kwargs)
                        ^^^^^^^^^^^^^^^^^^^^^^^^^^^^^^^^^^^^^^^^^^^^^^^^^^
  File "C:\Users\dhadu\AppData\Roaming\Python\Python311\site-packages\pycaret\internal\metrics.py", line 144, in __call__
    return self.score_func(y_true, y_pred, **kwargs)
           ^^^^^^^^^^^^^^^^^^^^^^^^^^^^^^^^^^^^^^^^^
  File "C:\Users\dhadu\AppData\Roaming\Python\Python311\site-packages\sklearn\utils\_param_validation.py", line 213, in wrapper
    return func(*args, **kwargs)
           ^^^^^^^^^^^^^^^^^^^^^
  File "C:\Users\dhadu\AppData\Roaming\Python\Python311\site-packages\sklearn\metrics\_ranking.py", line 634, in roc_auc_score
    return _multiclass_roc_auc_score(
           ^^^^^^^^^^^^^^^^^^^^^^^^^^
  File "C:\Users\dhadu\AppData\Roaming\Python\Python311\site-packages\sklearn\metrics\_ranking.py", line 707, in _multiclass_roc_auc_score
    raise ValueError(
ValueError: Target scores need to be probabilities for multiclass roc_auc, i.e. they should sum up to 1.0 over classes


2025-10-27 15:29:37,849:WARNING:C:\Users\dhadu\AppData\Roaming\Python\Python311\site-packages\pycaret\internal\metrics.py:204: FitFailedWarning: Metric 'make_scorer(roc_auc_score, response_method=('decision_function', 'predict_proba'), average=weighted, multi_class=ovr)' failed and error score 0.0 has been returned instead. If this is a custom metric, this usually means that the error is in the metric code. Full exception below:
Traceback (most recent call last):
  File "C:\Users\dhadu\AppData\Roaming\Python\Python311\site-packages\pycaret\internal\metrics.py", line 196, in _score
    return super()._score(
           ^^^^^^^^^^^^^^^
  File "C:\Users\dhadu\AppData\Roaming\Python\Python311\site-packages\sklearn\metrics\_scorer.py", line 350, in _score
    return self._sign * self._score_func(y_true, y_pred, **scoring_kwargs)
                        ^^^^^^^^^^^^^^^^^^^^^^^^^^^^^^^^^^^^^^^^^^^^^^^^^^
  File "C:\Users\dhadu\AppData\Roaming\Python\Python311\site-packages\pycaret\internal\metrics.py", line 144, in __call__
    return self.score_func(y_true, y_pred, **kwargs)
           ^^^^^^^^^^^^^^^^^^^^^^^^^^^^^^^^^^^^^^^^^
  File "C:\Users\dhadu\AppData\Roaming\Python\Python311\site-packages\sklearn\utils\_param_validation.py", line 213, in wrapper
    return func(*args, **kwargs)
           ^^^^^^^^^^^^^^^^^^^^^
  File "C:\Users\dhadu\AppData\Roaming\Python\Python311\site-packages\sklearn\metrics\_ranking.py", line 634, in roc_auc_score
    return _multiclass_roc_auc_score(
           ^^^^^^^^^^^^^^^^^^^^^^^^^^
  File "C:\Users\dhadu\AppData\Roaming\Python\Python311\site-packages\sklearn\metrics\_ranking.py", line 707, in _multiclass_roc_auc_score
    raise ValueError(
ValueError: Target scores need to be probabilities for multiclass roc_auc, i.e. they should sum up to 1.0 over classes


2025-10-27 15:29:38,028:WARNING:C:\Users\dhadu\AppData\Roaming\Python\Python311\site-packages\pycaret\internal\metrics.py:204: FitFailedWarning: Metric 'make_scorer(roc_auc_score, response_method=('decision_function', 'predict_proba'), average=weighted, multi_class=ovr)' failed and error score 0.0 has been returned instead. If this is a custom metric, this usually means that the error is in the metric code. Full exception below:
Traceback (most recent call last):
  File "C:\Users\dhadu\AppData\Roaming\Python\Python311\site-packages\pycaret\internal\metrics.py", line 196, in _score
    return super()._score(
           ^^^^^^^^^^^^^^^
  File "C:\Users\dhadu\AppData\Roaming\Python\Python311\site-packages\sklearn\metrics\_scorer.py", line 350, in _score
    return self._sign * self._score_func(y_true, y_pred, **scoring_kwargs)
                        ^^^^^^^^^^^^^^^^^^^^^^^^^^^^^^^^^^^^^^^^^^^^^^^^^^
  File "C:\Users\dhadu\AppData\Roaming\Python\Python311\site-packages\pycaret\internal\metrics.py", line 144, in __call__
    return self.score_func(y_true, y_pred, **kwargs)
           ^^^^^^^^^^^^^^^^^^^^^^^^^^^^^^^^^^^^^^^^^
  File "C:\Users\dhadu\AppData\Roaming\Python\Python311\site-packages\sklearn\utils\_param_validation.py", line 213, in wrapper
    return func(*args, **kwargs)
           ^^^^^^^^^^^^^^^^^^^^^
  File "C:\Users\dhadu\AppData\Roaming\Python\Python311\site-packages\sklearn\metrics\_ranking.py", line 634, in roc_auc_score
    return _multiclass_roc_auc_score(
           ^^^^^^^^^^^^^^^^^^^^^^^^^^
  File "C:\Users\dhadu\AppData\Roaming\Python\Python311\site-packages\sklearn\metrics\_ranking.py", line 707, in _multiclass_roc_auc_score
    raise ValueError(
ValueError: Target scores need to be probabilities for multiclass roc_auc, i.e. they should sum up to 1.0 over classes


2025-10-27 15:29:38,155:WARNING:C:\Users\dhadu\AppData\Roaming\Python\Python311\site-packages\pycaret\internal\metrics.py:204: FitFailedWarning: Metric 'make_scorer(roc_auc_score, response_method=('decision_function', 'predict_proba'), average=weighted, multi_class=ovr)' failed and error score 0.0 has been returned instead. If this is a custom metric, this usually means that the error is in the metric code. Full exception below:
Traceback (most recent call last):
  File "C:\Users\dhadu\AppData\Roaming\Python\Python311\site-packages\pycaret\internal\metrics.py", line 196, in _score
    return super()._score(
           ^^^^^^^^^^^^^^^
  File "C:\Users\dhadu\AppData\Roaming\Python\Python311\site-packages\sklearn\metrics\_scorer.py", line 350, in _score
    return self._sign * self._score_func(y_true, y_pred, **scoring_kwargs)
                        ^^^^^^^^^^^^^^^^^^^^^^^^^^^^^^^^^^^^^^^^^^^^^^^^^^
  File "C:\Users\dhadu\AppData\Roaming\Python\Python311\site-packages\pycaret\internal\metrics.py", line 144, in __call__
    return self.score_func(y_true, y_pred, **kwargs)
           ^^^^^^^^^^^^^^^^^^^^^^^^^^^^^^^^^^^^^^^^^
  File "C:\Users\dhadu\AppData\Roaming\Python\Python311\site-packages\sklearn\utils\_param_validation.py", line 213, in wrapper
    return func(*args, **kwargs)
           ^^^^^^^^^^^^^^^^^^^^^
  File "C:\Users\dhadu\AppData\Roaming\Python\Python311\site-packages\sklearn\metrics\_ranking.py", line 634, in roc_auc_score
    return _multiclass_roc_auc_score(
           ^^^^^^^^^^^^^^^^^^^^^^^^^^
  File "C:\Users\dhadu\AppData\Roaming\Python\Python311\site-packages\sklearn\metrics\_ranking.py", line 707, in _multiclass_roc_auc_score
    raise ValueError(
ValueError: Target scores need to be probabilities for multiclass roc_auc, i.e. they should sum up to 1.0 over classes


2025-10-27 15:29:38,275:WARNING:C:\Users\dhadu\AppData\Roaming\Python\Python311\site-packages\pycaret\internal\metrics.py:204: FitFailedWarning: Metric 'make_scorer(roc_auc_score, response_method=('decision_function', 'predict_proba'), average=weighted, multi_class=ovr)' failed and error score 0.0 has been returned instead. If this is a custom metric, this usually means that the error is in the metric code. Full exception below:
Traceback (most recent call last):
  File "C:\Users\dhadu\AppData\Roaming\Python\Python311\site-packages\pycaret\internal\metrics.py", line 196, in _score
    return super()._score(
           ^^^^^^^^^^^^^^^
  File "C:\Users\dhadu\AppData\Roaming\Python\Python311\site-packages\sklearn\metrics\_scorer.py", line 350, in _score
    return self._sign * self._score_func(y_true, y_pred, **scoring_kwargs)
                        ^^^^^^^^^^^^^^^^^^^^^^^^^^^^^^^^^^^^^^^^^^^^^^^^^^
  File "C:\Users\dhadu\AppData\Roaming\Python\Python311\site-packages\pycaret\internal\metrics.py", line 144, in __call__
    return self.score_func(y_true, y_pred, **kwargs)
           ^^^^^^^^^^^^^^^^^^^^^^^^^^^^^^^^^^^^^^^^^
  File "C:\Users\dhadu\AppData\Roaming\Python\Python311\site-packages\sklearn\utils\_param_validation.py", line 213, in wrapper
    return func(*args, **kwargs)
           ^^^^^^^^^^^^^^^^^^^^^
  File "C:\Users\dhadu\AppData\Roaming\Python\Python311\site-packages\sklearn\metrics\_ranking.py", line 634, in roc_auc_score
    return _multiclass_roc_auc_score(
           ^^^^^^^^^^^^^^^^^^^^^^^^^^
  File "C:\Users\dhadu\AppData\Roaming\Python\Python311\site-packages\sklearn\metrics\_ranking.py", line 707, in _multiclass_roc_auc_score
    raise ValueError(
ValueError: Target scores need to be probabilities for multiclass roc_auc, i.e. they should sum up to 1.0 over classes


2025-10-27 15:29:38,395:WARNING:C:\Users\dhadu\AppData\Roaming\Python\Python311\site-packages\pycaret\internal\metrics.py:204: FitFailedWarning: Metric 'make_scorer(roc_auc_score, response_method=('decision_function', 'predict_proba'), average=weighted, multi_class=ovr)' failed and error score 0.0 has been returned instead. If this is a custom metric, this usually means that the error is in the metric code. Full exception below:
Traceback (most recent call last):
  File "C:\Users\dhadu\AppData\Roaming\Python\Python311\site-packages\pycaret\internal\metrics.py", line 196, in _score
    return super()._score(
           ^^^^^^^^^^^^^^^
  File "C:\Users\dhadu\AppData\Roaming\Python\Python311\site-packages\sklearn\metrics\_scorer.py", line 350, in _score
    return self._sign * self._score_func(y_true, y_pred, **scoring_kwargs)
                        ^^^^^^^^^^^^^^^^^^^^^^^^^^^^^^^^^^^^^^^^^^^^^^^^^^
  File "C:\Users\dhadu\AppData\Roaming\Python\Python311\site-packages\pycaret\internal\metrics.py", line 144, in __call__
    return self.score_func(y_true, y_pred, **kwargs)
           ^^^^^^^^^^^^^^^^^^^^^^^^^^^^^^^^^^^^^^^^^
  File "C:\Users\dhadu\AppData\Roaming\Python\Python311\site-packages\sklearn\utils\_param_validation.py", line 213, in wrapper
    return func(*args, **kwargs)
           ^^^^^^^^^^^^^^^^^^^^^
  File "C:\Users\dhadu\AppData\Roaming\Python\Python311\site-packages\sklearn\metrics\_ranking.py", line 634, in roc_auc_score
    return _multiclass_roc_auc_score(
           ^^^^^^^^^^^^^^^^^^^^^^^^^^
  File "C:\Users\dhadu\AppData\Roaming\Python\Python311\site-packages\sklearn\metrics\_ranking.py", line 707, in _multiclass_roc_auc_score
    raise ValueError(
ValueError: Target scores need to be probabilities for multiclass roc_auc, i.e. they should sum up to 1.0 over classes


2025-10-27 15:29:38,512:WARNING:C:\Users\dhadu\AppData\Roaming\Python\Python311\site-packages\pycaret\internal\metrics.py:204: FitFailedWarning: Metric 'make_scorer(roc_auc_score, response_method=('decision_function', 'predict_proba'), average=weighted, multi_class=ovr)' failed and error score 0.0 has been returned instead. If this is a custom metric, this usually means that the error is in the metric code. Full exception below:
Traceback (most recent call last):
  File "C:\Users\dhadu\AppData\Roaming\Python\Python311\site-packages\pycaret\internal\metrics.py", line 196, in _score
    return super()._score(
           ^^^^^^^^^^^^^^^
  File "C:\Users\dhadu\AppData\Roaming\Python\Python311\site-packages\sklearn\metrics\_scorer.py", line 350, in _score
    return self._sign * self._score_func(y_true, y_pred, **scoring_kwargs)
                        ^^^^^^^^^^^^^^^^^^^^^^^^^^^^^^^^^^^^^^^^^^^^^^^^^^
  File "C:\Users\dhadu\AppData\Roaming\Python\Python311\site-packages\pycaret\internal\metrics.py", line 144, in __call__
    return self.score_func(y_true, y_pred, **kwargs)
           ^^^^^^^^^^^^^^^^^^^^^^^^^^^^^^^^^^^^^^^^^
  File "C:\Users\dhadu\AppData\Roaming\Python\Python311\site-packages\sklearn\utils\_param_validation.py", line 213, in wrapper
    return func(*args, **kwargs)
           ^^^^^^^^^^^^^^^^^^^^^
  File "C:\Users\dhadu\AppData\Roaming\Python\Python311\site-packages\sklearn\metrics\_ranking.py", line 634, in roc_auc_score
    return _multiclass_roc_auc_score(
           ^^^^^^^^^^^^^^^^^^^^^^^^^^
  File "C:\Users\dhadu\AppData\Roaming\Python\Python311\site-packages\sklearn\metrics\_ranking.py", line 707, in _multiclass_roc_auc_score
    raise ValueError(
ValueError: Target scores need to be probabilities for multiclass roc_auc, i.e. they should sum up to 1.0 over classes


2025-10-27 15:29:38,637:WARNING:C:\Users\dhadu\AppData\Roaming\Python\Python311\site-packages\pycaret\internal\metrics.py:204: FitFailedWarning: Metric 'make_scorer(roc_auc_score, response_method=('decision_function', 'predict_proba'), average=weighted, multi_class=ovr)' failed and error score 0.0 has been returned instead. If this is a custom metric, this usually means that the error is in the metric code. Full exception below:
Traceback (most recent call last):
  File "C:\Users\dhadu\AppData\Roaming\Python\Python311\site-packages\pycaret\internal\metrics.py", line 196, in _score
    return super()._score(
           ^^^^^^^^^^^^^^^
  File "C:\Users\dhadu\AppData\Roaming\Python\Python311\site-packages\sklearn\metrics\_scorer.py", line 350, in _score
    return self._sign * self._score_func(y_true, y_pred, **scoring_kwargs)
                        ^^^^^^^^^^^^^^^^^^^^^^^^^^^^^^^^^^^^^^^^^^^^^^^^^^
  File "C:\Users\dhadu\AppData\Roaming\Python\Python311\site-packages\pycaret\internal\metrics.py", line 144, in __call__
    return self.score_func(y_true, y_pred, **kwargs)
           ^^^^^^^^^^^^^^^^^^^^^^^^^^^^^^^^^^^^^^^^^
  File "C:\Users\dhadu\AppData\Roaming\Python\Python311\site-packages\sklearn\utils\_param_validation.py", line 213, in wrapper
    return func(*args, **kwargs)
           ^^^^^^^^^^^^^^^^^^^^^
  File "C:\Users\dhadu\AppData\Roaming\Python\Python311\site-packages\sklearn\metrics\_ranking.py", line 634, in roc_auc_score
    return _multiclass_roc_auc_score(
           ^^^^^^^^^^^^^^^^^^^^^^^^^^
  File "C:\Users\dhadu\AppData\Roaming\Python\Python311\site-packages\sklearn\metrics\_ranking.py", line 707, in _multiclass_roc_auc_score
    raise ValueError(
ValueError: Target scores need to be probabilities for multiclass roc_auc, i.e. they should sum up to 1.0 over classes


2025-10-27 15:29:38,648:INFO:Calculating mean and std
2025-10-27 15:29:38,649:INFO:Creating metrics dataframe
2025-10-27 15:29:38,651:INFO:Uploading results into container
2025-10-27 15:29:38,652:INFO:Uploading model into container now
2025-10-27 15:29:38,653:INFO:_master_model_container: 6
2025-10-27 15:29:38,653:INFO:_display_container: 2
2025-10-27 15:29:38,653:INFO:RidgeClassifier(alpha=1.0, class_weight=None, copy_X=True, fit_intercept=True,
                max_iter=None, positive=False, random_state=123, solver='auto',
                tol=0.0001)
2025-10-27 15:29:38,653:INFO:create_model() successfully completed......................................
2025-10-27 15:29:38,885:INFO:SubProcess create_model() end ==================================
2025-10-27 15:29:38,886:INFO:Creating metrics dataframe
2025-10-27 15:29:38,912:INFO:Initializing Random Forest Classifier
2025-10-27 15:29:38,913:INFO:Total runtime is 0.1986102104187012 minutes
2025-10-27 15:29:38,924:INFO:SubProcess create_model() called ==================================
2025-10-27 15:29:38,925:INFO:Initializing create_model()
2025-10-27 15:29:38,925:INFO:create_model(self=<pycaret.classification.oop.ClassificationExperiment object at 0x0000014C16E5F150>, estimator=rf, fold=StratifiedKFold(n_splits=10, random_state=None, shuffle=False), round=4, cross_validation=True, predict=True, fit_kwargs={}, groups=None, refit=False, probability_threshold=None, experiment_custom_tags=None, verbose=False, system=False, add_to_model_list=True, metrics=None, display=<pycaret.internal.display.display.CommonDisplay object at 0x0000014C37413A90>, model_only=True, return_train_score=False, error_score=0.0, kwargs={})
2025-10-27 15:29:38,925:INFO:Checking exceptions
2025-10-27 15:29:38,925:INFO:Importing libraries
2025-10-27 15:29:38,926:INFO:Copying training dataset
2025-10-27 15:29:38,949:INFO:Defining folds
2025-10-27 15:29:38,950:INFO:Declaring metric variables
2025-10-27 15:29:38,960:INFO:Importing untrained model
2025-10-27 15:29:38,972:INFO:Random Forest Classifier Imported successfully
2025-10-27 15:29:38,993:INFO:Starting cross validation
2025-10-27 15:29:38,996:INFO:Cross validating with StratifiedKFold(n_splits=10, random_state=None, shuffle=False), n_jobs=1
2025-10-27 15:29:44,162:INFO:Calculating mean and std
2025-10-27 15:29:44,163:INFO:Creating metrics dataframe
2025-10-27 15:29:44,166:INFO:Uploading results into container
2025-10-27 15:29:44,167:INFO:Uploading model into container now
2025-10-27 15:29:44,167:INFO:_master_model_container: 7
2025-10-27 15:29:44,167:INFO:_display_container: 2
2025-10-27 15:29:44,168:INFO:RandomForestClassifier(bootstrap=True, ccp_alpha=0.0, class_weight=None,
                       criterion='gini', max_depth=None, max_features='sqrt',
                       max_leaf_nodes=None, max_samples=None,
                       min_impurity_decrease=0.0, min_samples_leaf=1,
                       min_samples_split=2, min_weight_fraction_leaf=0.0,
                       monotonic_cst=None, n_estimators=100, n_jobs=-1,
                       oob_score=False, random_state=123, verbose=0,
                       warm_start=False)
2025-10-27 15:29:44,168:INFO:create_model() successfully completed......................................
2025-10-27 15:29:44,400:INFO:SubProcess create_model() end ==================================
2025-10-27 15:29:44,401:INFO:Creating metrics dataframe
2025-10-27 15:29:44,429:INFO:Initializing Quadratic Discriminant Analysis
2025-10-27 15:29:44,430:INFO:Total runtime is 0.29056669076283775 minutes
2025-10-27 15:29:44,443:INFO:SubProcess create_model() called ==================================
2025-10-27 15:29:44,444:INFO:Initializing create_model()
2025-10-27 15:29:44,444:INFO:create_model(self=<pycaret.classification.oop.ClassificationExperiment object at 0x0000014C16E5F150>, estimator=qda, fold=StratifiedKFold(n_splits=10, random_state=None, shuffle=False), round=4, cross_validation=True, predict=True, fit_kwargs={}, groups=None, refit=False, probability_threshold=None, experiment_custom_tags=None, verbose=False, system=False, add_to_model_list=True, metrics=None, display=<pycaret.internal.display.display.CommonDisplay object at 0x0000014C37413A90>, model_only=True, return_train_score=False, error_score=0.0, kwargs={})
2025-10-27 15:29:44,445:INFO:Checking exceptions
2025-10-27 15:29:44,445:INFO:Importing libraries
2025-10-27 15:29:44,445:INFO:Copying training dataset
2025-10-27 15:29:44,509:INFO:Defining folds
2025-10-27 15:29:44,509:INFO:Declaring metric variables
2025-10-27 15:29:44,530:INFO:Importing untrained model
2025-10-27 15:29:44,547:INFO:Quadratic Discriminant Analysis Imported successfully
2025-10-27 15:29:44,582:INFO:Starting cross validation
2025-10-27 15:29:44,585:INFO:Cross validating with StratifiedKFold(n_splits=10, random_state=None, shuffle=False), n_jobs=1
2025-10-27 15:29:44,725:WARNING:C:\Users\dhadu\AppData\Roaming\Python\Python311\site-packages\pycaret\internal\metrics.py:204: FitFailedWarning: Metric 'make_scorer(roc_auc_score, response_method=('decision_function', 'predict_proba'), average=weighted, multi_class=ovr)' failed and error score 0.0 has been returned instead. If this is a custom metric, this usually means that the error is in the metric code. Full exception below:
Traceback (most recent call last):
  File "C:\Users\dhadu\AppData\Roaming\Python\Python311\site-packages\pycaret\internal\metrics.py", line 196, in _score
    return super()._score(
           ^^^^^^^^^^^^^^^
  File "C:\Users\dhadu\AppData\Roaming\Python\Python311\site-packages\sklearn\metrics\_scorer.py", line 350, in _score
    return self._sign * self._score_func(y_true, y_pred, **scoring_kwargs)
                        ^^^^^^^^^^^^^^^^^^^^^^^^^^^^^^^^^^^^^^^^^^^^^^^^^^
  File "C:\Users\dhadu\AppData\Roaming\Python\Python311\site-packages\pycaret\internal\metrics.py", line 144, in __call__
    return self.score_func(y_true, y_pred, **kwargs)
           ^^^^^^^^^^^^^^^^^^^^^^^^^^^^^^^^^^^^^^^^^
  File "C:\Users\dhadu\AppData\Roaming\Python\Python311\site-packages\sklearn\utils\_param_validation.py", line 213, in wrapper
    return func(*args, **kwargs)
           ^^^^^^^^^^^^^^^^^^^^^
  File "C:\Users\dhadu\AppData\Roaming\Python\Python311\site-packages\sklearn\metrics\_ranking.py", line 634, in roc_auc_score
    return _multiclass_roc_auc_score(
           ^^^^^^^^^^^^^^^^^^^^^^^^^^
  File "C:\Users\dhadu\AppData\Roaming\Python\Python311\site-packages\sklearn\metrics\_ranking.py", line 707, in _multiclass_roc_auc_score
    raise ValueError(
ValueError: Target scores need to be probabilities for multiclass roc_auc, i.e. they should sum up to 1.0 over classes


2025-10-27 15:29:44,844:WARNING:C:\Users\dhadu\AppData\Roaming\Python\Python311\site-packages\pycaret\internal\metrics.py:204: FitFailedWarning: Metric 'make_scorer(roc_auc_score, response_method=('decision_function', 'predict_proba'), average=weighted, multi_class=ovr)' failed and error score 0.0 has been returned instead. If this is a custom metric, this usually means that the error is in the metric code. Full exception below:
Traceback (most recent call last):
  File "C:\Users\dhadu\AppData\Roaming\Python\Python311\site-packages\pycaret\internal\metrics.py", line 196, in _score
    return super()._score(
           ^^^^^^^^^^^^^^^
  File "C:\Users\dhadu\AppData\Roaming\Python\Python311\site-packages\sklearn\metrics\_scorer.py", line 350, in _score
    return self._sign * self._score_func(y_true, y_pred, **scoring_kwargs)
                        ^^^^^^^^^^^^^^^^^^^^^^^^^^^^^^^^^^^^^^^^^^^^^^^^^^
  File "C:\Users\dhadu\AppData\Roaming\Python\Python311\site-packages\pycaret\internal\metrics.py", line 144, in __call__
    return self.score_func(y_true, y_pred, **kwargs)
           ^^^^^^^^^^^^^^^^^^^^^^^^^^^^^^^^^^^^^^^^^
  File "C:\Users\dhadu\AppData\Roaming\Python\Python311\site-packages\sklearn\utils\_param_validation.py", line 213, in wrapper
    return func(*args, **kwargs)
           ^^^^^^^^^^^^^^^^^^^^^
  File "C:\Users\dhadu\AppData\Roaming\Python\Python311\site-packages\sklearn\metrics\_ranking.py", line 634, in roc_auc_score
    return _multiclass_roc_auc_score(
           ^^^^^^^^^^^^^^^^^^^^^^^^^^
  File "C:\Users\dhadu\AppData\Roaming\Python\Python311\site-packages\sklearn\metrics\_ranking.py", line 707, in _multiclass_roc_auc_score
    raise ValueError(
ValueError: Target scores need to be probabilities for multiclass roc_auc, i.e. they should sum up to 1.0 over classes


2025-10-27 15:29:44,959:WARNING:C:\Users\dhadu\AppData\Roaming\Python\Python311\site-packages\pycaret\internal\metrics.py:204: FitFailedWarning: Metric 'make_scorer(roc_auc_score, response_method=('decision_function', 'predict_proba'), average=weighted, multi_class=ovr)' failed and error score 0.0 has been returned instead. If this is a custom metric, this usually means that the error is in the metric code. Full exception below:
Traceback (most recent call last):
  File "C:\Users\dhadu\AppData\Roaming\Python\Python311\site-packages\pycaret\internal\metrics.py", line 196, in _score
    return super()._score(
           ^^^^^^^^^^^^^^^
  File "C:\Users\dhadu\AppData\Roaming\Python\Python311\site-packages\sklearn\metrics\_scorer.py", line 350, in _score
    return self._sign * self._score_func(y_true, y_pred, **scoring_kwargs)
                        ^^^^^^^^^^^^^^^^^^^^^^^^^^^^^^^^^^^^^^^^^^^^^^^^^^
  File "C:\Users\dhadu\AppData\Roaming\Python\Python311\site-packages\pycaret\internal\metrics.py", line 144, in __call__
    return self.score_func(y_true, y_pred, **kwargs)
           ^^^^^^^^^^^^^^^^^^^^^^^^^^^^^^^^^^^^^^^^^
  File "C:\Users\dhadu\AppData\Roaming\Python\Python311\site-packages\sklearn\utils\_param_validation.py", line 213, in wrapper
    return func(*args, **kwargs)
           ^^^^^^^^^^^^^^^^^^^^^
  File "C:\Users\dhadu\AppData\Roaming\Python\Python311\site-packages\sklearn\metrics\_ranking.py", line 634, in roc_auc_score
    return _multiclass_roc_auc_score(
           ^^^^^^^^^^^^^^^^^^^^^^^^^^
  File "C:\Users\dhadu\AppData\Roaming\Python\Python311\site-packages\sklearn\metrics\_ranking.py", line 707, in _multiclass_roc_auc_score
    raise ValueError(
ValueError: Target scores need to be probabilities for multiclass roc_auc, i.e. they should sum up to 1.0 over classes


2025-10-27 15:29:45,121:WARNING:C:\Users\dhadu\AppData\Roaming\Python\Python311\site-packages\pycaret\internal\metrics.py:204: FitFailedWarning: Metric 'make_scorer(roc_auc_score, response_method=('decision_function', 'predict_proba'), average=weighted, multi_class=ovr)' failed and error score 0.0 has been returned instead. If this is a custom metric, this usually means that the error is in the metric code. Full exception below:
Traceback (most recent call last):
  File "C:\Users\dhadu\AppData\Roaming\Python\Python311\site-packages\pycaret\internal\metrics.py", line 196, in _score
    return super()._score(
           ^^^^^^^^^^^^^^^
  File "C:\Users\dhadu\AppData\Roaming\Python\Python311\site-packages\sklearn\metrics\_scorer.py", line 350, in _score
    return self._sign * self._score_func(y_true, y_pred, **scoring_kwargs)
                        ^^^^^^^^^^^^^^^^^^^^^^^^^^^^^^^^^^^^^^^^^^^^^^^^^^
  File "C:\Users\dhadu\AppData\Roaming\Python\Python311\site-packages\pycaret\internal\metrics.py", line 144, in __call__
    return self.score_func(y_true, y_pred, **kwargs)
           ^^^^^^^^^^^^^^^^^^^^^^^^^^^^^^^^^^^^^^^^^
  File "C:\Users\dhadu\AppData\Roaming\Python\Python311\site-packages\sklearn\utils\_param_validation.py", line 213, in wrapper
    return func(*args, **kwargs)
           ^^^^^^^^^^^^^^^^^^^^^
  File "C:\Users\dhadu\AppData\Roaming\Python\Python311\site-packages\sklearn\metrics\_ranking.py", line 634, in roc_auc_score
    return _multiclass_roc_auc_score(
           ^^^^^^^^^^^^^^^^^^^^^^^^^^
  File "C:\Users\dhadu\AppData\Roaming\Python\Python311\site-packages\sklearn\metrics\_ranking.py", line 707, in _multiclass_roc_auc_score
    raise ValueError(
ValueError: Target scores need to be probabilities for multiclass roc_auc, i.e. they should sum up to 1.0 over classes


2025-10-27 15:29:45,238:WARNING:C:\Users\dhadu\AppData\Roaming\Python\Python311\site-packages\pycaret\internal\metrics.py:204: FitFailedWarning: Metric 'make_scorer(roc_auc_score, response_method=('decision_function', 'predict_proba'), average=weighted, multi_class=ovr)' failed and error score 0.0 has been returned instead. If this is a custom metric, this usually means that the error is in the metric code. Full exception below:
Traceback (most recent call last):
  File "C:\Users\dhadu\AppData\Roaming\Python\Python311\site-packages\pycaret\internal\metrics.py", line 196, in _score
    return super()._score(
           ^^^^^^^^^^^^^^^
  File "C:\Users\dhadu\AppData\Roaming\Python\Python311\site-packages\sklearn\metrics\_scorer.py", line 350, in _score
    return self._sign * self._score_func(y_true, y_pred, **scoring_kwargs)
                        ^^^^^^^^^^^^^^^^^^^^^^^^^^^^^^^^^^^^^^^^^^^^^^^^^^
  File "C:\Users\dhadu\AppData\Roaming\Python\Python311\site-packages\pycaret\internal\metrics.py", line 144, in __call__
    return self.score_func(y_true, y_pred, **kwargs)
           ^^^^^^^^^^^^^^^^^^^^^^^^^^^^^^^^^^^^^^^^^
  File "C:\Users\dhadu\AppData\Roaming\Python\Python311\site-packages\sklearn\utils\_param_validation.py", line 213, in wrapper
    return func(*args, **kwargs)
           ^^^^^^^^^^^^^^^^^^^^^
  File "C:\Users\dhadu\AppData\Roaming\Python\Python311\site-packages\sklearn\metrics\_ranking.py", line 634, in roc_auc_score
    return _multiclass_roc_auc_score(
           ^^^^^^^^^^^^^^^^^^^^^^^^^^
  File "C:\Users\dhadu\AppData\Roaming\Python\Python311\site-packages\sklearn\metrics\_ranking.py", line 707, in _multiclass_roc_auc_score
    raise ValueError(
ValueError: Target scores need to be probabilities for multiclass roc_auc, i.e. they should sum up to 1.0 over classes


2025-10-27 15:29:45,358:WARNING:C:\Users\dhadu\AppData\Roaming\Python\Python311\site-packages\pycaret\internal\metrics.py:204: FitFailedWarning: Metric 'make_scorer(roc_auc_score, response_method=('decision_function', 'predict_proba'), average=weighted, multi_class=ovr)' failed and error score 0.0 has been returned instead. If this is a custom metric, this usually means that the error is in the metric code. Full exception below:
Traceback (most recent call last):
  File "C:\Users\dhadu\AppData\Roaming\Python\Python311\site-packages\pycaret\internal\metrics.py", line 196, in _score
    return super()._score(
           ^^^^^^^^^^^^^^^
  File "C:\Users\dhadu\AppData\Roaming\Python\Python311\site-packages\sklearn\metrics\_scorer.py", line 350, in _score
    return self._sign * self._score_func(y_true, y_pred, **scoring_kwargs)
                        ^^^^^^^^^^^^^^^^^^^^^^^^^^^^^^^^^^^^^^^^^^^^^^^^^^
  File "C:\Users\dhadu\AppData\Roaming\Python\Python311\site-packages\pycaret\internal\metrics.py", line 144, in __call__
    return self.score_func(y_true, y_pred, **kwargs)
           ^^^^^^^^^^^^^^^^^^^^^^^^^^^^^^^^^^^^^^^^^
  File "C:\Users\dhadu\AppData\Roaming\Python\Python311\site-packages\sklearn\utils\_param_validation.py", line 213, in wrapper
    return func(*args, **kwargs)
           ^^^^^^^^^^^^^^^^^^^^^
  File "C:\Users\dhadu\AppData\Roaming\Python\Python311\site-packages\sklearn\metrics\_ranking.py", line 634, in roc_auc_score
    return _multiclass_roc_auc_score(
           ^^^^^^^^^^^^^^^^^^^^^^^^^^
  File "C:\Users\dhadu\AppData\Roaming\Python\Python311\site-packages\sklearn\metrics\_ranking.py", line 707, in _multiclass_roc_auc_score
    raise ValueError(
ValueError: Target scores need to be probabilities for multiclass roc_auc, i.e. they should sum up to 1.0 over classes


2025-10-27 15:29:45,474:WARNING:C:\Users\dhadu\AppData\Roaming\Python\Python311\site-packages\pycaret\internal\metrics.py:204: FitFailedWarning: Metric 'make_scorer(roc_auc_score, response_method=('decision_function', 'predict_proba'), average=weighted, multi_class=ovr)' failed and error score 0.0 has been returned instead. If this is a custom metric, this usually means that the error is in the metric code. Full exception below:
Traceback (most recent call last):
  File "C:\Users\dhadu\AppData\Roaming\Python\Python311\site-packages\pycaret\internal\metrics.py", line 196, in _score
    return super()._score(
           ^^^^^^^^^^^^^^^
  File "C:\Users\dhadu\AppData\Roaming\Python\Python311\site-packages\sklearn\metrics\_scorer.py", line 350, in _score
    return self._sign * self._score_func(y_true, y_pred, **scoring_kwargs)
                        ^^^^^^^^^^^^^^^^^^^^^^^^^^^^^^^^^^^^^^^^^^^^^^^^^^
  File "C:\Users\dhadu\AppData\Roaming\Python\Python311\site-packages\pycaret\internal\metrics.py", line 144, in __call__
    return self.score_func(y_true, y_pred, **kwargs)
           ^^^^^^^^^^^^^^^^^^^^^^^^^^^^^^^^^^^^^^^^^
  File "C:\Users\dhadu\AppData\Roaming\Python\Python311\site-packages\sklearn\utils\_param_validation.py", line 213, in wrapper
    return func(*args, **kwargs)
           ^^^^^^^^^^^^^^^^^^^^^
  File "C:\Users\dhadu\AppData\Roaming\Python\Python311\site-packages\sklearn\metrics\_ranking.py", line 634, in roc_auc_score
    return _multiclass_roc_auc_score(
           ^^^^^^^^^^^^^^^^^^^^^^^^^^
  File "C:\Users\dhadu\AppData\Roaming\Python\Python311\site-packages\sklearn\metrics\_ranking.py", line 707, in _multiclass_roc_auc_score
    raise ValueError(
ValueError: Target scores need to be probabilities for multiclass roc_auc, i.e. they should sum up to 1.0 over classes


2025-10-27 15:29:45,592:WARNING:C:\Users\dhadu\AppData\Roaming\Python\Python311\site-packages\pycaret\internal\metrics.py:204: FitFailedWarning: Metric 'make_scorer(roc_auc_score, response_method=('decision_function', 'predict_proba'), average=weighted, multi_class=ovr)' failed and error score 0.0 has been returned instead. If this is a custom metric, this usually means that the error is in the metric code. Full exception below:
Traceback (most recent call last):
  File "C:\Users\dhadu\AppData\Roaming\Python\Python311\site-packages\pycaret\internal\metrics.py", line 196, in _score
    return super()._score(
           ^^^^^^^^^^^^^^^
  File "C:\Users\dhadu\AppData\Roaming\Python\Python311\site-packages\sklearn\metrics\_scorer.py", line 350, in _score
    return self._sign * self._score_func(y_true, y_pred, **scoring_kwargs)
                        ^^^^^^^^^^^^^^^^^^^^^^^^^^^^^^^^^^^^^^^^^^^^^^^^^^
  File "C:\Users\dhadu\AppData\Roaming\Python\Python311\site-packages\pycaret\internal\metrics.py", line 144, in __call__
    return self.score_func(y_true, y_pred, **kwargs)
           ^^^^^^^^^^^^^^^^^^^^^^^^^^^^^^^^^^^^^^^^^
  File "C:\Users\dhadu\AppData\Roaming\Python\Python311\site-packages\sklearn\utils\_param_validation.py", line 213, in wrapper
    return func(*args, **kwargs)
           ^^^^^^^^^^^^^^^^^^^^^
  File "C:\Users\dhadu\AppData\Roaming\Python\Python311\site-packages\sklearn\metrics\_ranking.py", line 634, in roc_auc_score
    return _multiclass_roc_auc_score(
           ^^^^^^^^^^^^^^^^^^^^^^^^^^
  File "C:\Users\dhadu\AppData\Roaming\Python\Python311\site-packages\sklearn\metrics\_ranking.py", line 707, in _multiclass_roc_auc_score
    raise ValueError(
ValueError: Target scores need to be probabilities for multiclass roc_auc, i.e. they should sum up to 1.0 over classes


2025-10-27 15:29:45,707:WARNING:C:\Users\dhadu\AppData\Roaming\Python\Python311\site-packages\pycaret\internal\metrics.py:204: FitFailedWarning: Metric 'make_scorer(roc_auc_score, response_method=('decision_function', 'predict_proba'), average=weighted, multi_class=ovr)' failed and error score 0.0 has been returned instead. If this is a custom metric, this usually means that the error is in the metric code. Full exception below:
Traceback (most recent call last):
  File "C:\Users\dhadu\AppData\Roaming\Python\Python311\site-packages\pycaret\internal\metrics.py", line 196, in _score
    return super()._score(
           ^^^^^^^^^^^^^^^
  File "C:\Users\dhadu\AppData\Roaming\Python\Python311\site-packages\sklearn\metrics\_scorer.py", line 350, in _score
    return self._sign * self._score_func(y_true, y_pred, **scoring_kwargs)
                        ^^^^^^^^^^^^^^^^^^^^^^^^^^^^^^^^^^^^^^^^^^^^^^^^^^
  File "C:\Users\dhadu\AppData\Roaming\Python\Python311\site-packages\pycaret\internal\metrics.py", line 144, in __call__
    return self.score_func(y_true, y_pred, **kwargs)
           ^^^^^^^^^^^^^^^^^^^^^^^^^^^^^^^^^^^^^^^^^
  File "C:\Users\dhadu\AppData\Roaming\Python\Python311\site-packages\sklearn\utils\_param_validation.py", line 213, in wrapper
    return func(*args, **kwargs)
           ^^^^^^^^^^^^^^^^^^^^^
  File "C:\Users\dhadu\AppData\Roaming\Python\Python311\site-packages\sklearn\metrics\_ranking.py", line 634, in roc_auc_score
    return _multiclass_roc_auc_score(
           ^^^^^^^^^^^^^^^^^^^^^^^^^^
  File "C:\Users\dhadu\AppData\Roaming\Python\Python311\site-packages\sklearn\metrics\_ranking.py", line 707, in _multiclass_roc_auc_score
    raise ValueError(
ValueError: Target scores need to be probabilities for multiclass roc_auc, i.e. they should sum up to 1.0 over classes


2025-10-27 15:29:45,837:WARNING:C:\Users\dhadu\AppData\Roaming\Python\Python311\site-packages\pycaret\internal\metrics.py:204: FitFailedWarning: Metric 'make_scorer(roc_auc_score, response_method=('decision_function', 'predict_proba'), average=weighted, multi_class=ovr)' failed and error score 0.0 has been returned instead. If this is a custom metric, this usually means that the error is in the metric code. Full exception below:
Traceback (most recent call last):
  File "C:\Users\dhadu\AppData\Roaming\Python\Python311\site-packages\pycaret\internal\metrics.py", line 196, in _score
    return super()._score(
           ^^^^^^^^^^^^^^^
  File "C:\Users\dhadu\AppData\Roaming\Python\Python311\site-packages\sklearn\metrics\_scorer.py", line 350, in _score
    return self._sign * self._score_func(y_true, y_pred, **scoring_kwargs)
                        ^^^^^^^^^^^^^^^^^^^^^^^^^^^^^^^^^^^^^^^^^^^^^^^^^^
  File "C:\Users\dhadu\AppData\Roaming\Python\Python311\site-packages\pycaret\internal\metrics.py", line 144, in __call__
    return self.score_func(y_true, y_pred, **kwargs)
           ^^^^^^^^^^^^^^^^^^^^^^^^^^^^^^^^^^^^^^^^^
  File "C:\Users\dhadu\AppData\Roaming\Python\Python311\site-packages\sklearn\utils\_param_validation.py", line 213, in wrapper
    return func(*args, **kwargs)
           ^^^^^^^^^^^^^^^^^^^^^
  File "C:\Users\dhadu\AppData\Roaming\Python\Python311\site-packages\sklearn\metrics\_ranking.py", line 634, in roc_auc_score
    return _multiclass_roc_auc_score(
           ^^^^^^^^^^^^^^^^^^^^^^^^^^
  File "C:\Users\dhadu\AppData\Roaming\Python\Python311\site-packages\sklearn\metrics\_ranking.py", line 707, in _multiclass_roc_auc_score
    raise ValueError(
ValueError: Target scores need to be probabilities for multiclass roc_auc, i.e. they should sum up to 1.0 over classes


2025-10-27 15:29:45,848:INFO:Calculating mean and std
2025-10-27 15:29:45,850:INFO:Creating metrics dataframe
2025-10-27 15:29:45,852:INFO:Uploading results into container
2025-10-27 15:29:45,853:INFO:Uploading model into container now
2025-10-27 15:29:45,853:INFO:_master_model_container: 8
2025-10-27 15:29:45,853:INFO:_display_container: 2
2025-10-27 15:29:45,854:INFO:QuadraticDiscriminantAnalysis(priors=None, reg_param=0.0,
                              store_covariance=False, tol=0.0001)
2025-10-27 15:29:45,854:INFO:create_model() successfully completed......................................
2025-10-27 15:29:46,078:INFO:SubProcess create_model() end ==================================
2025-10-27 15:29:46,079:INFO:Creating metrics dataframe
2025-10-27 15:29:46,102:INFO:Initializing Ada Boost Classifier
2025-10-27 15:29:46,103:INFO:Total runtime is 0.31843958695729574 minutes
2025-10-27 15:29:46,112:INFO:SubProcess create_model() called ==================================
2025-10-27 15:29:46,113:INFO:Initializing create_model()
2025-10-27 15:29:46,113:INFO:create_model(self=<pycaret.classification.oop.ClassificationExperiment object at 0x0000014C16E5F150>, estimator=ada, fold=StratifiedKFold(n_splits=10, random_state=None, shuffle=False), round=4, cross_validation=True, predict=True, fit_kwargs={}, groups=None, refit=False, probability_threshold=None, experiment_custom_tags=None, verbose=False, system=False, add_to_model_list=True, metrics=None, display=<pycaret.internal.display.display.CommonDisplay object at 0x0000014C37413A90>, model_only=True, return_train_score=False, error_score=0.0, kwargs={})
2025-10-27 15:29:46,113:INFO:Checking exceptions
2025-10-27 15:29:46,113:INFO:Importing libraries
2025-10-27 15:29:46,113:INFO:Copying training dataset
2025-10-27 15:29:46,132:INFO:Defining folds
2025-10-27 15:29:46,132:INFO:Declaring metric variables
2025-10-27 15:29:46,142:INFO:Importing untrained model
2025-10-27 15:29:46,149:INFO:Ada Boost Classifier Imported successfully
2025-10-27 15:29:46,161:INFO:Starting cross validation
2025-10-27 15:29:46,163:INFO:Cross validating with StratifiedKFold(n_splits=10, random_state=None, shuffle=False), n_jobs=1
2025-10-27 15:29:46,311:WARNING:C:\Users\dhadu\AppData\Roaming\Python\Python311\site-packages\sklearn\ensemble\_weight_boosting.py:519: FutureWarning: The SAMME.R algorithm (the default) is deprecated and will be removed in 1.6. Use the SAMME algorithm to circumvent this warning.

2025-10-27 15:29:46,634:WARNING:C:\Users\dhadu\AppData\Roaming\Python\Python311\site-packages\pycaret\internal\metrics.py:204: FitFailedWarning: Metric 'make_scorer(roc_auc_score, response_method=('decision_function', 'predict_proba'), average=weighted, multi_class=ovr)' failed and error score 0.0 has been returned instead. If this is a custom metric, this usually means that the error is in the metric code. Full exception below:
Traceback (most recent call last):
  File "C:\Users\dhadu\AppData\Roaming\Python\Python311\site-packages\pycaret\internal\metrics.py", line 196, in _score
    return super()._score(
           ^^^^^^^^^^^^^^^
  File "C:\Users\dhadu\AppData\Roaming\Python\Python311\site-packages\sklearn\metrics\_scorer.py", line 350, in _score
    return self._sign * self._score_func(y_true, y_pred, **scoring_kwargs)
                        ^^^^^^^^^^^^^^^^^^^^^^^^^^^^^^^^^^^^^^^^^^^^^^^^^^
  File "C:\Users\dhadu\AppData\Roaming\Python\Python311\site-packages\pycaret\internal\metrics.py", line 144, in __call__
    return self.score_func(y_true, y_pred, **kwargs)
           ^^^^^^^^^^^^^^^^^^^^^^^^^^^^^^^^^^^^^^^^^
  File "C:\Users\dhadu\AppData\Roaming\Python\Python311\site-packages\sklearn\utils\_param_validation.py", line 213, in wrapper
    return func(*args, **kwargs)
           ^^^^^^^^^^^^^^^^^^^^^
  File "C:\Users\dhadu\AppData\Roaming\Python\Python311\site-packages\sklearn\metrics\_ranking.py", line 634, in roc_auc_score
    return _multiclass_roc_auc_score(
           ^^^^^^^^^^^^^^^^^^^^^^^^^^
  File "C:\Users\dhadu\AppData\Roaming\Python\Python311\site-packages\sklearn\metrics\_ranking.py", line 707, in _multiclass_roc_auc_score
    raise ValueError(
ValueError: Target scores need to be probabilities for multiclass roc_auc, i.e. they should sum up to 1.0 over classes


2025-10-27 15:29:46,738:WARNING:C:\Users\dhadu\AppData\Roaming\Python\Python311\site-packages\sklearn\ensemble\_weight_boosting.py:519: FutureWarning: The SAMME.R algorithm (the default) is deprecated and will be removed in 1.6. Use the SAMME algorithm to circumvent this warning.

2025-10-27 15:29:46,955:WARNING:C:\Users\dhadu\AppData\Roaming\Python\Python311\site-packages\pycaret\internal\metrics.py:204: FitFailedWarning: Metric 'make_scorer(roc_auc_score, response_method=('decision_function', 'predict_proba'), average=weighted, multi_class=ovr)' failed and error score 0.0 has been returned instead. If this is a custom metric, this usually means that the error is in the metric code. Full exception below:
Traceback (most recent call last):
  File "C:\Users\dhadu\AppData\Roaming\Python\Python311\site-packages\pycaret\internal\metrics.py", line 196, in _score
    return super()._score(
           ^^^^^^^^^^^^^^^
  File "C:\Users\dhadu\AppData\Roaming\Python\Python311\site-packages\sklearn\metrics\_scorer.py", line 350, in _score
    return self._sign * self._score_func(y_true, y_pred, **scoring_kwargs)
                        ^^^^^^^^^^^^^^^^^^^^^^^^^^^^^^^^^^^^^^^^^^^^^^^^^^
  File "C:\Users\dhadu\AppData\Roaming\Python\Python311\site-packages\pycaret\internal\metrics.py", line 144, in __call__
    return self.score_func(y_true, y_pred, **kwargs)
           ^^^^^^^^^^^^^^^^^^^^^^^^^^^^^^^^^^^^^^^^^
  File "C:\Users\dhadu\AppData\Roaming\Python\Python311\site-packages\sklearn\utils\_param_validation.py", line 213, in wrapper
    return func(*args, **kwargs)
           ^^^^^^^^^^^^^^^^^^^^^
  File "C:\Users\dhadu\AppData\Roaming\Python\Python311\site-packages\sklearn\metrics\_ranking.py", line 634, in roc_auc_score
    return _multiclass_roc_auc_score(
           ^^^^^^^^^^^^^^^^^^^^^^^^^^
  File "C:\Users\dhadu\AppData\Roaming\Python\Python311\site-packages\sklearn\metrics\_ranking.py", line 707, in _multiclass_roc_auc_score
    raise ValueError(
ValueError: Target scores need to be probabilities for multiclass roc_auc, i.e. they should sum up to 1.0 over classes


2025-10-27 15:29:47,053:WARNING:C:\Users\dhadu\AppData\Roaming\Python\Python311\site-packages\sklearn\ensemble\_weight_boosting.py:519: FutureWarning: The SAMME.R algorithm (the default) is deprecated and will be removed in 1.6. Use the SAMME algorithm to circumvent this warning.

2025-10-27 15:29:47,271:WARNING:C:\Users\dhadu\AppData\Roaming\Python\Python311\site-packages\pycaret\internal\metrics.py:204: FitFailedWarning: Metric 'make_scorer(roc_auc_score, response_method=('decision_function', 'predict_proba'), average=weighted, multi_class=ovr)' failed and error score 0.0 has been returned instead. If this is a custom metric, this usually means that the error is in the metric code. Full exception below:
Traceback (most recent call last):
  File "C:\Users\dhadu\AppData\Roaming\Python\Python311\site-packages\pycaret\internal\metrics.py", line 196, in _score
    return super()._score(
           ^^^^^^^^^^^^^^^
  File "C:\Users\dhadu\AppData\Roaming\Python\Python311\site-packages\sklearn\metrics\_scorer.py", line 350, in _score
    return self._sign * self._score_func(y_true, y_pred, **scoring_kwargs)
                        ^^^^^^^^^^^^^^^^^^^^^^^^^^^^^^^^^^^^^^^^^^^^^^^^^^
  File "C:\Users\dhadu\AppData\Roaming\Python\Python311\site-packages\pycaret\internal\metrics.py", line 144, in __call__
    return self.score_func(y_true, y_pred, **kwargs)
           ^^^^^^^^^^^^^^^^^^^^^^^^^^^^^^^^^^^^^^^^^
  File "C:\Users\dhadu\AppData\Roaming\Python\Python311\site-packages\sklearn\utils\_param_validation.py", line 213, in wrapper
    return func(*args, **kwargs)
           ^^^^^^^^^^^^^^^^^^^^^
  File "C:\Users\dhadu\AppData\Roaming\Python\Python311\site-packages\sklearn\metrics\_ranking.py", line 634, in roc_auc_score
    return _multiclass_roc_auc_score(
           ^^^^^^^^^^^^^^^^^^^^^^^^^^
  File "C:\Users\dhadu\AppData\Roaming\Python\Python311\site-packages\sklearn\metrics\_ranking.py", line 707, in _multiclass_roc_auc_score
    raise ValueError(
ValueError: Target scores need to be probabilities for multiclass roc_auc, i.e. they should sum up to 1.0 over classes


2025-10-27 15:29:47,372:WARNING:C:\Users\dhadu\AppData\Roaming\Python\Python311\site-packages\sklearn\ensemble\_weight_boosting.py:519: FutureWarning: The SAMME.R algorithm (the default) is deprecated and will be removed in 1.6. Use the SAMME algorithm to circumvent this warning.

2025-10-27 15:29:47,597:WARNING:C:\Users\dhadu\AppData\Roaming\Python\Python311\site-packages\pycaret\internal\metrics.py:204: FitFailedWarning: Metric 'make_scorer(roc_auc_score, response_method=('decision_function', 'predict_proba'), average=weighted, multi_class=ovr)' failed and error score 0.0 has been returned instead. If this is a custom metric, this usually means that the error is in the metric code. Full exception below:
Traceback (most recent call last):
  File "C:\Users\dhadu\AppData\Roaming\Python\Python311\site-packages\pycaret\internal\metrics.py", line 196, in _score
    return super()._score(
           ^^^^^^^^^^^^^^^
  File "C:\Users\dhadu\AppData\Roaming\Python\Python311\site-packages\sklearn\metrics\_scorer.py", line 350, in _score
    return self._sign * self._score_func(y_true, y_pred, **scoring_kwargs)
                        ^^^^^^^^^^^^^^^^^^^^^^^^^^^^^^^^^^^^^^^^^^^^^^^^^^
  File "C:\Users\dhadu\AppData\Roaming\Python\Python311\site-packages\pycaret\internal\metrics.py", line 144, in __call__
    return self.score_func(y_true, y_pred, **kwargs)
           ^^^^^^^^^^^^^^^^^^^^^^^^^^^^^^^^^^^^^^^^^
  File "C:\Users\dhadu\AppData\Roaming\Python\Python311\site-packages\sklearn\utils\_param_validation.py", line 213, in wrapper
    return func(*args, **kwargs)
           ^^^^^^^^^^^^^^^^^^^^^
  File "C:\Users\dhadu\AppData\Roaming\Python\Python311\site-packages\sklearn\metrics\_ranking.py", line 634, in roc_auc_score
    return _multiclass_roc_auc_score(
           ^^^^^^^^^^^^^^^^^^^^^^^^^^
  File "C:\Users\dhadu\AppData\Roaming\Python\Python311\site-packages\sklearn\metrics\_ranking.py", line 707, in _multiclass_roc_auc_score
    raise ValueError(
ValueError: Target scores need to be probabilities for multiclass roc_auc, i.e. they should sum up to 1.0 over classes


2025-10-27 15:29:47,698:WARNING:C:\Users\dhadu\AppData\Roaming\Python\Python311\site-packages\sklearn\ensemble\_weight_boosting.py:519: FutureWarning: The SAMME.R algorithm (the default) is deprecated and will be removed in 1.6. Use the SAMME algorithm to circumvent this warning.

2025-10-27 15:29:47,948:WARNING:C:\Users\dhadu\AppData\Roaming\Python\Python311\site-packages\pycaret\internal\metrics.py:204: FitFailedWarning: Metric 'make_scorer(roc_auc_score, response_method=('decision_function', 'predict_proba'), average=weighted, multi_class=ovr)' failed and error score 0.0 has been returned instead. If this is a custom metric, this usually means that the error is in the metric code. Full exception below:
Traceback (most recent call last):
  File "C:\Users\dhadu\AppData\Roaming\Python\Python311\site-packages\pycaret\internal\metrics.py", line 196, in _score
    return super()._score(
           ^^^^^^^^^^^^^^^
  File "C:\Users\dhadu\AppData\Roaming\Python\Python311\site-packages\sklearn\metrics\_scorer.py", line 350, in _score
    return self._sign * self._score_func(y_true, y_pred, **scoring_kwargs)
                        ^^^^^^^^^^^^^^^^^^^^^^^^^^^^^^^^^^^^^^^^^^^^^^^^^^
  File "C:\Users\dhadu\AppData\Roaming\Python\Python311\site-packages\pycaret\internal\metrics.py", line 144, in __call__
    return self.score_func(y_true, y_pred, **kwargs)
           ^^^^^^^^^^^^^^^^^^^^^^^^^^^^^^^^^^^^^^^^^
  File "C:\Users\dhadu\AppData\Roaming\Python\Python311\site-packages\sklearn\utils\_param_validation.py", line 213, in wrapper
    return func(*args, **kwargs)
           ^^^^^^^^^^^^^^^^^^^^^
  File "C:\Users\dhadu\AppData\Roaming\Python\Python311\site-packages\sklearn\metrics\_ranking.py", line 634, in roc_auc_score
    return _multiclass_roc_auc_score(
           ^^^^^^^^^^^^^^^^^^^^^^^^^^
  File "C:\Users\dhadu\AppData\Roaming\Python\Python311\site-packages\sklearn\metrics\_ranking.py", line 707, in _multiclass_roc_auc_score
    raise ValueError(
ValueError: Target scores need to be probabilities for multiclass roc_auc, i.e. they should sum up to 1.0 over classes


2025-10-27 15:29:48,090:WARNING:C:\Users\dhadu\AppData\Roaming\Python\Python311\site-packages\sklearn\ensemble\_weight_boosting.py:519: FutureWarning: The SAMME.R algorithm (the default) is deprecated and will be removed in 1.6. Use the SAMME algorithm to circumvent this warning.

2025-10-27 15:29:48,387:WARNING:C:\Users\dhadu\AppData\Roaming\Python\Python311\site-packages\pycaret\internal\metrics.py:204: FitFailedWarning: Metric 'make_scorer(roc_auc_score, response_method=('decision_function', 'predict_proba'), average=weighted, multi_class=ovr)' failed and error score 0.0 has been returned instead. If this is a custom metric, this usually means that the error is in the metric code. Full exception below:
Traceback (most recent call last):
  File "C:\Users\dhadu\AppData\Roaming\Python\Python311\site-packages\pycaret\internal\metrics.py", line 196, in _score
    return super()._score(
           ^^^^^^^^^^^^^^^
  File "C:\Users\dhadu\AppData\Roaming\Python\Python311\site-packages\sklearn\metrics\_scorer.py", line 350, in _score
    return self._sign * self._score_func(y_true, y_pred, **scoring_kwargs)
                        ^^^^^^^^^^^^^^^^^^^^^^^^^^^^^^^^^^^^^^^^^^^^^^^^^^
  File "C:\Users\dhadu\AppData\Roaming\Python\Python311\site-packages\pycaret\internal\metrics.py", line 144, in __call__
    return self.score_func(y_true, y_pred, **kwargs)
           ^^^^^^^^^^^^^^^^^^^^^^^^^^^^^^^^^^^^^^^^^
  File "C:\Users\dhadu\AppData\Roaming\Python\Python311\site-packages\sklearn\utils\_param_validation.py", line 213, in wrapper
    return func(*args, **kwargs)
           ^^^^^^^^^^^^^^^^^^^^^
  File "C:\Users\dhadu\AppData\Roaming\Python\Python311\site-packages\sklearn\metrics\_ranking.py", line 634, in roc_auc_score
    return _multiclass_roc_auc_score(
           ^^^^^^^^^^^^^^^^^^^^^^^^^^
  File "C:\Users\dhadu\AppData\Roaming\Python\Python311\site-packages\sklearn\metrics\_ranking.py", line 707, in _multiclass_roc_auc_score
    raise ValueError(
ValueError: Target scores need to be probabilities for multiclass roc_auc, i.e. they should sum up to 1.0 over classes


2025-10-27 15:29:48,501:WARNING:C:\Users\dhadu\AppData\Roaming\Python\Python311\site-packages\sklearn\ensemble\_weight_boosting.py:519: FutureWarning: The SAMME.R algorithm (the default) is deprecated and will be removed in 1.6. Use the SAMME algorithm to circumvent this warning.

2025-10-27 15:29:48,733:WARNING:C:\Users\dhadu\AppData\Roaming\Python\Python311\site-packages\pycaret\internal\metrics.py:204: FitFailedWarning: Metric 'make_scorer(roc_auc_score, response_method=('decision_function', 'predict_proba'), average=weighted, multi_class=ovr)' failed and error score 0.0 has been returned instead. If this is a custom metric, this usually means that the error is in the metric code. Full exception below:
Traceback (most recent call last):
  File "C:\Users\dhadu\AppData\Roaming\Python\Python311\site-packages\pycaret\internal\metrics.py", line 196, in _score
    return super()._score(
           ^^^^^^^^^^^^^^^
  File "C:\Users\dhadu\AppData\Roaming\Python\Python311\site-packages\sklearn\metrics\_scorer.py", line 350, in _score
    return self._sign * self._score_func(y_true, y_pred, **scoring_kwargs)
                        ^^^^^^^^^^^^^^^^^^^^^^^^^^^^^^^^^^^^^^^^^^^^^^^^^^
  File "C:\Users\dhadu\AppData\Roaming\Python\Python311\site-packages\pycaret\internal\metrics.py", line 144, in __call__
    return self.score_func(y_true, y_pred, **kwargs)
           ^^^^^^^^^^^^^^^^^^^^^^^^^^^^^^^^^^^^^^^^^
  File "C:\Users\dhadu\AppData\Roaming\Python\Python311\site-packages\sklearn\utils\_param_validation.py", line 213, in wrapper
    return func(*args, **kwargs)
           ^^^^^^^^^^^^^^^^^^^^^
  File "C:\Users\dhadu\AppData\Roaming\Python\Python311\site-packages\sklearn\metrics\_ranking.py", line 634, in roc_auc_score
    return _multiclass_roc_auc_score(
           ^^^^^^^^^^^^^^^^^^^^^^^^^^
  File "C:\Users\dhadu\AppData\Roaming\Python\Python311\site-packages\sklearn\metrics\_ranking.py", line 707, in _multiclass_roc_auc_score
    raise ValueError(
ValueError: Target scores need to be probabilities for multiclass roc_auc, i.e. they should sum up to 1.0 over classes


2025-10-27 15:29:48,835:WARNING:C:\Users\dhadu\AppData\Roaming\Python\Python311\site-packages\sklearn\ensemble\_weight_boosting.py:519: FutureWarning: The SAMME.R algorithm (the default) is deprecated and will be removed in 1.6. Use the SAMME algorithm to circumvent this warning.

2025-10-27 15:29:49,057:WARNING:C:\Users\dhadu\AppData\Roaming\Python\Python311\site-packages\pycaret\internal\metrics.py:204: FitFailedWarning: Metric 'make_scorer(roc_auc_score, response_method=('decision_function', 'predict_proba'), average=weighted, multi_class=ovr)' failed and error score 0.0 has been returned instead. If this is a custom metric, this usually means that the error is in the metric code. Full exception below:
Traceback (most recent call last):
  File "C:\Users\dhadu\AppData\Roaming\Python\Python311\site-packages\pycaret\internal\metrics.py", line 196, in _score
    return super()._score(
           ^^^^^^^^^^^^^^^
  File "C:\Users\dhadu\AppData\Roaming\Python\Python311\site-packages\sklearn\metrics\_scorer.py", line 350, in _score
    return self._sign * self._score_func(y_true, y_pred, **scoring_kwargs)
                        ^^^^^^^^^^^^^^^^^^^^^^^^^^^^^^^^^^^^^^^^^^^^^^^^^^
  File "C:\Users\dhadu\AppData\Roaming\Python\Python311\site-packages\pycaret\internal\metrics.py", line 144, in __call__
    return self.score_func(y_true, y_pred, **kwargs)
           ^^^^^^^^^^^^^^^^^^^^^^^^^^^^^^^^^^^^^^^^^
  File "C:\Users\dhadu\AppData\Roaming\Python\Python311\site-packages\sklearn\utils\_param_validation.py", line 213, in wrapper
    return func(*args, **kwargs)
           ^^^^^^^^^^^^^^^^^^^^^
  File "C:\Users\dhadu\AppData\Roaming\Python\Python311\site-packages\sklearn\metrics\_ranking.py", line 634, in roc_auc_score
    return _multiclass_roc_auc_score(
           ^^^^^^^^^^^^^^^^^^^^^^^^^^
  File "C:\Users\dhadu\AppData\Roaming\Python\Python311\site-packages\sklearn\metrics\_ranking.py", line 707, in _multiclass_roc_auc_score
    raise ValueError(
ValueError: Target scores need to be probabilities for multiclass roc_auc, i.e. they should sum up to 1.0 over classes


2025-10-27 15:29:49,154:WARNING:C:\Users\dhadu\AppData\Roaming\Python\Python311\site-packages\sklearn\ensemble\_weight_boosting.py:519: FutureWarning: The SAMME.R algorithm (the default) is deprecated and will be removed in 1.6. Use the SAMME algorithm to circumvent this warning.

2025-10-27 15:29:49,386:WARNING:C:\Users\dhadu\AppData\Roaming\Python\Python311\site-packages\pycaret\internal\metrics.py:204: FitFailedWarning: Metric 'make_scorer(roc_auc_score, response_method=('decision_function', 'predict_proba'), average=weighted, multi_class=ovr)' failed and error score 0.0 has been returned instead. If this is a custom metric, this usually means that the error is in the metric code. Full exception below:
Traceback (most recent call last):
  File "C:\Users\dhadu\AppData\Roaming\Python\Python311\site-packages\pycaret\internal\metrics.py", line 196, in _score
    return super()._score(
           ^^^^^^^^^^^^^^^
  File "C:\Users\dhadu\AppData\Roaming\Python\Python311\site-packages\sklearn\metrics\_scorer.py", line 350, in _score
    return self._sign * self._score_func(y_true, y_pred, **scoring_kwargs)
                        ^^^^^^^^^^^^^^^^^^^^^^^^^^^^^^^^^^^^^^^^^^^^^^^^^^
  File "C:\Users\dhadu\AppData\Roaming\Python\Python311\site-packages\pycaret\internal\metrics.py", line 144, in __call__
    return self.score_func(y_true, y_pred, **kwargs)
           ^^^^^^^^^^^^^^^^^^^^^^^^^^^^^^^^^^^^^^^^^
  File "C:\Users\dhadu\AppData\Roaming\Python\Python311\site-packages\sklearn\utils\_param_validation.py", line 213, in wrapper
    return func(*args, **kwargs)
           ^^^^^^^^^^^^^^^^^^^^^
  File "C:\Users\dhadu\AppData\Roaming\Python\Python311\site-packages\sklearn\metrics\_ranking.py", line 634, in roc_auc_score
    return _multiclass_roc_auc_score(
           ^^^^^^^^^^^^^^^^^^^^^^^^^^
  File "C:\Users\dhadu\AppData\Roaming\Python\Python311\site-packages\sklearn\metrics\_ranking.py", line 707, in _multiclass_roc_auc_score
    raise ValueError(
ValueError: Target scores need to be probabilities for multiclass roc_auc, i.e. they should sum up to 1.0 over classes


2025-10-27 15:29:49,502:WARNING:C:\Users\dhadu\AppData\Roaming\Python\Python311\site-packages\sklearn\ensemble\_weight_boosting.py:519: FutureWarning: The SAMME.R algorithm (the default) is deprecated and will be removed in 1.6. Use the SAMME algorithm to circumvent this warning.

2025-10-27 15:29:49,742:WARNING:C:\Users\dhadu\AppData\Roaming\Python\Python311\site-packages\pycaret\internal\metrics.py:204: FitFailedWarning: Metric 'make_scorer(roc_auc_score, response_method=('decision_function', 'predict_proba'), average=weighted, multi_class=ovr)' failed and error score 0.0 has been returned instead. If this is a custom metric, this usually means that the error is in the metric code. Full exception below:
Traceback (most recent call last):
  File "C:\Users\dhadu\AppData\Roaming\Python\Python311\site-packages\pycaret\internal\metrics.py", line 196, in _score
    return super()._score(
           ^^^^^^^^^^^^^^^
  File "C:\Users\dhadu\AppData\Roaming\Python\Python311\site-packages\sklearn\metrics\_scorer.py", line 350, in _score
    return self._sign * self._score_func(y_true, y_pred, **scoring_kwargs)
                        ^^^^^^^^^^^^^^^^^^^^^^^^^^^^^^^^^^^^^^^^^^^^^^^^^^
  File "C:\Users\dhadu\AppData\Roaming\Python\Python311\site-packages\pycaret\internal\metrics.py", line 144, in __call__
    return self.score_func(y_true, y_pred, **kwargs)
           ^^^^^^^^^^^^^^^^^^^^^^^^^^^^^^^^^^^^^^^^^
  File "C:\Users\dhadu\AppData\Roaming\Python\Python311\site-packages\sklearn\utils\_param_validation.py", line 213, in wrapper
    return func(*args, **kwargs)
           ^^^^^^^^^^^^^^^^^^^^^
  File "C:\Users\dhadu\AppData\Roaming\Python\Python311\site-packages\sklearn\metrics\_ranking.py", line 634, in roc_auc_score
    return _multiclass_roc_auc_score(
           ^^^^^^^^^^^^^^^^^^^^^^^^^^
  File "C:\Users\dhadu\AppData\Roaming\Python\Python311\site-packages\sklearn\metrics\_ranking.py", line 707, in _multiclass_roc_auc_score
    raise ValueError(
ValueError: Target scores need to be probabilities for multiclass roc_auc, i.e. they should sum up to 1.0 over classes


2025-10-27 15:29:49,754:INFO:Calculating mean and std
2025-10-27 15:29:49,756:INFO:Creating metrics dataframe
2025-10-27 15:29:49,758:INFO:Uploading results into container
2025-10-27 15:29:49,759:INFO:Uploading model into container now
2025-10-27 15:29:49,760:INFO:_master_model_container: 9
2025-10-27 15:29:49,760:INFO:_display_container: 2
2025-10-27 15:29:49,760:INFO:AdaBoostClassifier(algorithm='SAMME.R', estimator=None, learning_rate=1.0,
                   n_estimators=50, random_state=123)
2025-10-27 15:29:49,760:INFO:create_model() successfully completed......................................
2025-10-27 15:29:49,993:INFO:SubProcess create_model() end ==================================
2025-10-27 15:29:49,993:INFO:Creating metrics dataframe
2025-10-27 15:29:50,016:INFO:Initializing Gradient Boosting Classifier
2025-10-27 15:29:50,016:INFO:Total runtime is 0.3836610555648804 minutes
2025-10-27 15:29:50,024:INFO:SubProcess create_model() called ==================================
2025-10-27 15:29:50,024:INFO:Initializing create_model()
2025-10-27 15:29:50,025:INFO:create_model(self=<pycaret.classification.oop.ClassificationExperiment object at 0x0000014C16E5F150>, estimator=gbc, fold=StratifiedKFold(n_splits=10, random_state=None, shuffle=False), round=4, cross_validation=True, predict=True, fit_kwargs={}, groups=None, refit=False, probability_threshold=None, experiment_custom_tags=None, verbose=False, system=False, add_to_model_list=True, metrics=None, display=<pycaret.internal.display.display.CommonDisplay object at 0x0000014C37413A90>, model_only=True, return_train_score=False, error_score=0.0, kwargs={})
2025-10-27 15:29:50,025:INFO:Checking exceptions
2025-10-27 15:29:50,026:INFO:Importing libraries
2025-10-27 15:29:50,026:INFO:Copying training dataset
2025-10-27 15:29:50,044:INFO:Defining folds
2025-10-27 15:29:50,044:INFO:Declaring metric variables
2025-10-27 15:29:50,052:INFO:Importing untrained model
2025-10-27 15:29:50,062:INFO:Gradient Boosting Classifier Imported successfully
2025-10-27 15:29:50,078:INFO:Starting cross validation
2025-10-27 15:29:50,080:INFO:Cross validating with StratifiedKFold(n_splits=10, random_state=None, shuffle=False), n_jobs=1
2025-10-27 15:29:52,629:WARNING:C:\Users\dhadu\AppData\Roaming\Python\Python311\site-packages\pycaret\internal\metrics.py:204: FitFailedWarning: Metric 'make_scorer(roc_auc_score, response_method=('decision_function', 'predict_proba'), average=weighted, multi_class=ovr)' failed and error score 0.0 has been returned instead. If this is a custom metric, this usually means that the error is in the metric code. Full exception below:
Traceback (most recent call last):
  File "C:\Users\dhadu\AppData\Roaming\Python\Python311\site-packages\pycaret\internal\metrics.py", line 196, in _score
    return super()._score(
           ^^^^^^^^^^^^^^^
  File "C:\Users\dhadu\AppData\Roaming\Python\Python311\site-packages\sklearn\metrics\_scorer.py", line 350, in _score
    return self._sign * self._score_func(y_true, y_pred, **scoring_kwargs)
                        ^^^^^^^^^^^^^^^^^^^^^^^^^^^^^^^^^^^^^^^^^^^^^^^^^^
  File "C:\Users\dhadu\AppData\Roaming\Python\Python311\site-packages\pycaret\internal\metrics.py", line 144, in __call__
    return self.score_func(y_true, y_pred, **kwargs)
           ^^^^^^^^^^^^^^^^^^^^^^^^^^^^^^^^^^^^^^^^^
  File "C:\Users\dhadu\AppData\Roaming\Python\Python311\site-packages\sklearn\utils\_param_validation.py", line 213, in wrapper
    return func(*args, **kwargs)
           ^^^^^^^^^^^^^^^^^^^^^
  File "C:\Users\dhadu\AppData\Roaming\Python\Python311\site-packages\sklearn\metrics\_ranking.py", line 634, in roc_auc_score
    return _multiclass_roc_auc_score(
           ^^^^^^^^^^^^^^^^^^^^^^^^^^
  File "C:\Users\dhadu\AppData\Roaming\Python\Python311\site-packages\sklearn\metrics\_ranking.py", line 707, in _multiclass_roc_auc_score
    raise ValueError(
ValueError: Target scores need to be probabilities for multiclass roc_auc, i.e. they should sum up to 1.0 over classes


2025-10-27 15:29:55,289:WARNING:C:\Users\dhadu\AppData\Roaming\Python\Python311\site-packages\pycaret\internal\metrics.py:204: FitFailedWarning: Metric 'make_scorer(roc_auc_score, response_method=('decision_function', 'predict_proba'), average=weighted, multi_class=ovr)' failed and error score 0.0 has been returned instead. If this is a custom metric, this usually means that the error is in the metric code. Full exception below:
Traceback (most recent call last):
  File "C:\Users\dhadu\AppData\Roaming\Python\Python311\site-packages\pycaret\internal\metrics.py", line 196, in _score
    return super()._score(
           ^^^^^^^^^^^^^^^
  File "C:\Users\dhadu\AppData\Roaming\Python\Python311\site-packages\sklearn\metrics\_scorer.py", line 350, in _score
    return self._sign * self._score_func(y_true, y_pred, **scoring_kwargs)
                        ^^^^^^^^^^^^^^^^^^^^^^^^^^^^^^^^^^^^^^^^^^^^^^^^^^
  File "C:\Users\dhadu\AppData\Roaming\Python\Python311\site-packages\pycaret\internal\metrics.py", line 144, in __call__
    return self.score_func(y_true, y_pred, **kwargs)
           ^^^^^^^^^^^^^^^^^^^^^^^^^^^^^^^^^^^^^^^^^
  File "C:\Users\dhadu\AppData\Roaming\Python\Python311\site-packages\sklearn\utils\_param_validation.py", line 213, in wrapper
    return func(*args, **kwargs)
           ^^^^^^^^^^^^^^^^^^^^^
  File "C:\Users\dhadu\AppData\Roaming\Python\Python311\site-packages\sklearn\metrics\_ranking.py", line 634, in roc_auc_score
    return _multiclass_roc_auc_score(
           ^^^^^^^^^^^^^^^^^^^^^^^^^^
  File "C:\Users\dhadu\AppData\Roaming\Python\Python311\site-packages\sklearn\metrics\_ranking.py", line 707, in _multiclass_roc_auc_score
    raise ValueError(
ValueError: Target scores need to be probabilities for multiclass roc_auc, i.e. they should sum up to 1.0 over classes


2025-10-27 15:29:57,718:WARNING:C:\Users\dhadu\AppData\Roaming\Python\Python311\site-packages\pycaret\internal\metrics.py:204: FitFailedWarning: Metric 'make_scorer(roc_auc_score, response_method=('decision_function', 'predict_proba'), average=weighted, multi_class=ovr)' failed and error score 0.0 has been returned instead. If this is a custom metric, this usually means that the error is in the metric code. Full exception below:
Traceback (most recent call last):
  File "C:\Users\dhadu\AppData\Roaming\Python\Python311\site-packages\pycaret\internal\metrics.py", line 196, in _score
    return super()._score(
           ^^^^^^^^^^^^^^^
  File "C:\Users\dhadu\AppData\Roaming\Python\Python311\site-packages\sklearn\metrics\_scorer.py", line 350, in _score
    return self._sign * self._score_func(y_true, y_pred, **scoring_kwargs)
                        ^^^^^^^^^^^^^^^^^^^^^^^^^^^^^^^^^^^^^^^^^^^^^^^^^^
  File "C:\Users\dhadu\AppData\Roaming\Python\Python311\site-packages\pycaret\internal\metrics.py", line 144, in __call__
    return self.score_func(y_true, y_pred, **kwargs)
           ^^^^^^^^^^^^^^^^^^^^^^^^^^^^^^^^^^^^^^^^^
  File "C:\Users\dhadu\AppData\Roaming\Python\Python311\site-packages\sklearn\utils\_param_validation.py", line 213, in wrapper
    return func(*args, **kwargs)
           ^^^^^^^^^^^^^^^^^^^^^
  File "C:\Users\dhadu\AppData\Roaming\Python\Python311\site-packages\sklearn\metrics\_ranking.py", line 634, in roc_auc_score
    return _multiclass_roc_auc_score(
           ^^^^^^^^^^^^^^^^^^^^^^^^^^
  File "C:\Users\dhadu\AppData\Roaming\Python\Python311\site-packages\sklearn\metrics\_ranking.py", line 707, in _multiclass_roc_auc_score
    raise ValueError(
ValueError: Target scores need to be probabilities for multiclass roc_auc, i.e. they should sum up to 1.0 over classes


2025-10-27 15:30:00,075:WARNING:C:\Users\dhadu\AppData\Roaming\Python\Python311\site-packages\pycaret\internal\metrics.py:204: FitFailedWarning: Metric 'make_scorer(roc_auc_score, response_method=('decision_function', 'predict_proba'), average=weighted, multi_class=ovr)' failed and error score 0.0 has been returned instead. If this is a custom metric, this usually means that the error is in the metric code. Full exception below:
Traceback (most recent call last):
  File "C:\Users\dhadu\AppData\Roaming\Python\Python311\site-packages\pycaret\internal\metrics.py", line 196, in _score
    return super()._score(
           ^^^^^^^^^^^^^^^
  File "C:\Users\dhadu\AppData\Roaming\Python\Python311\site-packages\sklearn\metrics\_scorer.py", line 350, in _score
    return self._sign * self._score_func(y_true, y_pred, **scoring_kwargs)
                        ^^^^^^^^^^^^^^^^^^^^^^^^^^^^^^^^^^^^^^^^^^^^^^^^^^
  File "C:\Users\dhadu\AppData\Roaming\Python\Python311\site-packages\pycaret\internal\metrics.py", line 144, in __call__
    return self.score_func(y_true, y_pred, **kwargs)
           ^^^^^^^^^^^^^^^^^^^^^^^^^^^^^^^^^^^^^^^^^
  File "C:\Users\dhadu\AppData\Roaming\Python\Python311\site-packages\sklearn\utils\_param_validation.py", line 213, in wrapper
    return func(*args, **kwargs)
           ^^^^^^^^^^^^^^^^^^^^^
  File "C:\Users\dhadu\AppData\Roaming\Python\Python311\site-packages\sklearn\metrics\_ranking.py", line 634, in roc_auc_score
    return _multiclass_roc_auc_score(
           ^^^^^^^^^^^^^^^^^^^^^^^^^^
  File "C:\Users\dhadu\AppData\Roaming\Python\Python311\site-packages\sklearn\metrics\_ranking.py", line 707, in _multiclass_roc_auc_score
    raise ValueError(
ValueError: Target scores need to be probabilities for multiclass roc_auc, i.e. they should sum up to 1.0 over classes


2025-10-27 15:30:02,537:WARNING:C:\Users\dhadu\AppData\Roaming\Python\Python311\site-packages\pycaret\internal\metrics.py:204: FitFailedWarning: Metric 'make_scorer(roc_auc_score, response_method=('decision_function', 'predict_proba'), average=weighted, multi_class=ovr)' failed and error score 0.0 has been returned instead. If this is a custom metric, this usually means that the error is in the metric code. Full exception below:
Traceback (most recent call last):
  File "C:\Users\dhadu\AppData\Roaming\Python\Python311\site-packages\pycaret\internal\metrics.py", line 196, in _score
    return super()._score(
           ^^^^^^^^^^^^^^^
  File "C:\Users\dhadu\AppData\Roaming\Python\Python311\site-packages\sklearn\metrics\_scorer.py", line 350, in _score
    return self._sign * self._score_func(y_true, y_pred, **scoring_kwargs)
                        ^^^^^^^^^^^^^^^^^^^^^^^^^^^^^^^^^^^^^^^^^^^^^^^^^^
  File "C:\Users\dhadu\AppData\Roaming\Python\Python311\site-packages\pycaret\internal\metrics.py", line 144, in __call__
    return self.score_func(y_true, y_pred, **kwargs)
           ^^^^^^^^^^^^^^^^^^^^^^^^^^^^^^^^^^^^^^^^^
  File "C:\Users\dhadu\AppData\Roaming\Python\Python311\site-packages\sklearn\utils\_param_validation.py", line 213, in wrapper
    return func(*args, **kwargs)
           ^^^^^^^^^^^^^^^^^^^^^
  File "C:\Users\dhadu\AppData\Roaming\Python\Python311\site-packages\sklearn\metrics\_ranking.py", line 634, in roc_auc_score
    return _multiclass_roc_auc_score(
           ^^^^^^^^^^^^^^^^^^^^^^^^^^
  File "C:\Users\dhadu\AppData\Roaming\Python\Python311\site-packages\sklearn\metrics\_ranking.py", line 707, in _multiclass_roc_auc_score
    raise ValueError(
ValueError: Target scores need to be probabilities for multiclass roc_auc, i.e. they should sum up to 1.0 over classes


2025-10-27 15:30:04,866:WARNING:C:\Users\dhadu\AppData\Roaming\Python\Python311\site-packages\pycaret\internal\metrics.py:204: FitFailedWarning: Metric 'make_scorer(roc_auc_score, response_method=('decision_function', 'predict_proba'), average=weighted, multi_class=ovr)' failed and error score 0.0 has been returned instead. If this is a custom metric, this usually means that the error is in the metric code. Full exception below:
Traceback (most recent call last):
  File "C:\Users\dhadu\AppData\Roaming\Python\Python311\site-packages\pycaret\internal\metrics.py", line 196, in _score
    return super()._score(
           ^^^^^^^^^^^^^^^
  File "C:\Users\dhadu\AppData\Roaming\Python\Python311\site-packages\sklearn\metrics\_scorer.py", line 350, in _score
    return self._sign * self._score_func(y_true, y_pred, **scoring_kwargs)
                        ^^^^^^^^^^^^^^^^^^^^^^^^^^^^^^^^^^^^^^^^^^^^^^^^^^
  File "C:\Users\dhadu\AppData\Roaming\Python\Python311\site-packages\pycaret\internal\metrics.py", line 144, in __call__
    return self.score_func(y_true, y_pred, **kwargs)
           ^^^^^^^^^^^^^^^^^^^^^^^^^^^^^^^^^^^^^^^^^
  File "C:\Users\dhadu\AppData\Roaming\Python\Python311\site-packages\sklearn\utils\_param_validation.py", line 213, in wrapper
    return func(*args, **kwargs)
           ^^^^^^^^^^^^^^^^^^^^^
  File "C:\Users\dhadu\AppData\Roaming\Python\Python311\site-packages\sklearn\metrics\_ranking.py", line 634, in roc_auc_score
    return _multiclass_roc_auc_score(
           ^^^^^^^^^^^^^^^^^^^^^^^^^^
  File "C:\Users\dhadu\AppData\Roaming\Python\Python311\site-packages\sklearn\metrics\_ranking.py", line 707, in _multiclass_roc_auc_score
    raise ValueError(
ValueError: Target scores need to be probabilities for multiclass roc_auc, i.e. they should sum up to 1.0 over classes


2025-10-27 15:30:07,199:WARNING:C:\Users\dhadu\AppData\Roaming\Python\Python311\site-packages\pycaret\internal\metrics.py:204: FitFailedWarning: Metric 'make_scorer(roc_auc_score, response_method=('decision_function', 'predict_proba'), average=weighted, multi_class=ovr)' failed and error score 0.0 has been returned instead. If this is a custom metric, this usually means that the error is in the metric code. Full exception below:
Traceback (most recent call last):
  File "C:\Users\dhadu\AppData\Roaming\Python\Python311\site-packages\pycaret\internal\metrics.py", line 196, in _score
    return super()._score(
           ^^^^^^^^^^^^^^^
  File "C:\Users\dhadu\AppData\Roaming\Python\Python311\site-packages\sklearn\metrics\_scorer.py", line 350, in _score
    return self._sign * self._score_func(y_true, y_pred, **scoring_kwargs)
                        ^^^^^^^^^^^^^^^^^^^^^^^^^^^^^^^^^^^^^^^^^^^^^^^^^^
  File "C:\Users\dhadu\AppData\Roaming\Python\Python311\site-packages\pycaret\internal\metrics.py", line 144, in __call__
    return self.score_func(y_true, y_pred, **kwargs)
           ^^^^^^^^^^^^^^^^^^^^^^^^^^^^^^^^^^^^^^^^^
  File "C:\Users\dhadu\AppData\Roaming\Python\Python311\site-packages\sklearn\utils\_param_validation.py", line 213, in wrapper
    return func(*args, **kwargs)
           ^^^^^^^^^^^^^^^^^^^^^
  File "C:\Users\dhadu\AppData\Roaming\Python\Python311\site-packages\sklearn\metrics\_ranking.py", line 634, in roc_auc_score
    return _multiclass_roc_auc_score(
           ^^^^^^^^^^^^^^^^^^^^^^^^^^
  File "C:\Users\dhadu\AppData\Roaming\Python\Python311\site-packages\sklearn\metrics\_ranking.py", line 707, in _multiclass_roc_auc_score
    raise ValueError(
ValueError: Target scores need to be probabilities for multiclass roc_auc, i.e. they should sum up to 1.0 over classes


2025-10-27 15:30:09,658:WARNING:C:\Users\dhadu\AppData\Roaming\Python\Python311\site-packages\pycaret\internal\metrics.py:204: FitFailedWarning: Metric 'make_scorer(roc_auc_score, response_method=('decision_function', 'predict_proba'), average=weighted, multi_class=ovr)' failed and error score 0.0 has been returned instead. If this is a custom metric, this usually means that the error is in the metric code. Full exception below:
Traceback (most recent call last):
  File "C:\Users\dhadu\AppData\Roaming\Python\Python311\site-packages\pycaret\internal\metrics.py", line 196, in _score
    return super()._score(
           ^^^^^^^^^^^^^^^
  File "C:\Users\dhadu\AppData\Roaming\Python\Python311\site-packages\sklearn\metrics\_scorer.py", line 350, in _score
    return self._sign * self._score_func(y_true, y_pred, **scoring_kwargs)
                        ^^^^^^^^^^^^^^^^^^^^^^^^^^^^^^^^^^^^^^^^^^^^^^^^^^
  File "C:\Users\dhadu\AppData\Roaming\Python\Python311\site-packages\pycaret\internal\metrics.py", line 144, in __call__
    return self.score_func(y_true, y_pred, **kwargs)
           ^^^^^^^^^^^^^^^^^^^^^^^^^^^^^^^^^^^^^^^^^
  File "C:\Users\dhadu\AppData\Roaming\Python\Python311\site-packages\sklearn\utils\_param_validation.py", line 213, in wrapper
    return func(*args, **kwargs)
           ^^^^^^^^^^^^^^^^^^^^^
  File "C:\Users\dhadu\AppData\Roaming\Python\Python311\site-packages\sklearn\metrics\_ranking.py", line 634, in roc_auc_score
    return _multiclass_roc_auc_score(
           ^^^^^^^^^^^^^^^^^^^^^^^^^^
  File "C:\Users\dhadu\AppData\Roaming\Python\Python311\site-packages\sklearn\metrics\_ranking.py", line 707, in _multiclass_roc_auc_score
    raise ValueError(
ValueError: Target scores need to be probabilities for multiclass roc_auc, i.e. they should sum up to 1.0 over classes


2025-10-27 15:30:12,228:WARNING:C:\Users\dhadu\AppData\Roaming\Python\Python311\site-packages\pycaret\internal\metrics.py:204: FitFailedWarning: Metric 'make_scorer(roc_auc_score, response_method=('decision_function', 'predict_proba'), average=weighted, multi_class=ovr)' failed and error score 0.0 has been returned instead. If this is a custom metric, this usually means that the error is in the metric code. Full exception below:
Traceback (most recent call last):
  File "C:\Users\dhadu\AppData\Roaming\Python\Python311\site-packages\pycaret\internal\metrics.py", line 196, in _score
    return super()._score(
           ^^^^^^^^^^^^^^^
  File "C:\Users\dhadu\AppData\Roaming\Python\Python311\site-packages\sklearn\metrics\_scorer.py", line 350, in _score
    return self._sign * self._score_func(y_true, y_pred, **scoring_kwargs)
                        ^^^^^^^^^^^^^^^^^^^^^^^^^^^^^^^^^^^^^^^^^^^^^^^^^^
  File "C:\Users\dhadu\AppData\Roaming\Python\Python311\site-packages\pycaret\internal\metrics.py", line 144, in __call__
    return self.score_func(y_true, y_pred, **kwargs)
           ^^^^^^^^^^^^^^^^^^^^^^^^^^^^^^^^^^^^^^^^^
  File "C:\Users\dhadu\AppData\Roaming\Python\Python311\site-packages\sklearn\utils\_param_validation.py", line 213, in wrapper
    return func(*args, **kwargs)
           ^^^^^^^^^^^^^^^^^^^^^
  File "C:\Users\dhadu\AppData\Roaming\Python\Python311\site-packages\sklearn\metrics\_ranking.py", line 634, in roc_auc_score
    return _multiclass_roc_auc_score(
           ^^^^^^^^^^^^^^^^^^^^^^^^^^
  File "C:\Users\dhadu\AppData\Roaming\Python\Python311\site-packages\sklearn\metrics\_ranking.py", line 707, in _multiclass_roc_auc_score
    raise ValueError(
ValueError: Target scores need to be probabilities for multiclass roc_auc, i.e. they should sum up to 1.0 over classes


2025-10-27 15:30:14,642:WARNING:C:\Users\dhadu\AppData\Roaming\Python\Python311\site-packages\pycaret\internal\metrics.py:204: FitFailedWarning: Metric 'make_scorer(roc_auc_score, response_method=('decision_function', 'predict_proba'), average=weighted, multi_class=ovr)' failed and error score 0.0 has been returned instead. If this is a custom metric, this usually means that the error is in the metric code. Full exception below:
Traceback (most recent call last):
  File "C:\Users\dhadu\AppData\Roaming\Python\Python311\site-packages\pycaret\internal\metrics.py", line 196, in _score
    return super()._score(
           ^^^^^^^^^^^^^^^
  File "C:\Users\dhadu\AppData\Roaming\Python\Python311\site-packages\sklearn\metrics\_scorer.py", line 350, in _score
    return self._sign * self._score_func(y_true, y_pred, **scoring_kwargs)
                        ^^^^^^^^^^^^^^^^^^^^^^^^^^^^^^^^^^^^^^^^^^^^^^^^^^
  File "C:\Users\dhadu\AppData\Roaming\Python\Python311\site-packages\pycaret\internal\metrics.py", line 144, in __call__
    return self.score_func(y_true, y_pred, **kwargs)
           ^^^^^^^^^^^^^^^^^^^^^^^^^^^^^^^^^^^^^^^^^
  File "C:\Users\dhadu\AppData\Roaming\Python\Python311\site-packages\sklearn\utils\_param_validation.py", line 213, in wrapper
    return func(*args, **kwargs)
           ^^^^^^^^^^^^^^^^^^^^^
  File "C:\Users\dhadu\AppData\Roaming\Python\Python311\site-packages\sklearn\metrics\_ranking.py", line 634, in roc_auc_score
    return _multiclass_roc_auc_score(
           ^^^^^^^^^^^^^^^^^^^^^^^^^^
  File "C:\Users\dhadu\AppData\Roaming\Python\Python311\site-packages\sklearn\metrics\_ranking.py", line 707, in _multiclass_roc_auc_score
    raise ValueError(
ValueError: Target scores need to be probabilities for multiclass roc_auc, i.e. they should sum up to 1.0 over classes


2025-10-27 15:30:14,653:INFO:Calculating mean and std
2025-10-27 15:30:14,655:INFO:Creating metrics dataframe
2025-10-27 15:30:14,657:INFO:Uploading results into container
2025-10-27 15:30:14,657:INFO:Uploading model into container now
2025-10-27 15:30:14,658:INFO:_master_model_container: 10
2025-10-27 15:30:14,658:INFO:_display_container: 2
2025-10-27 15:30:14,658:INFO:GradientBoostingClassifier(ccp_alpha=0.0, criterion='friedman_mse', init=None,
                           learning_rate=0.1, loss='log_loss', max_depth=3,
                           max_features=None, max_leaf_nodes=None,
                           min_impurity_decrease=0.0, min_samples_leaf=1,
                           min_samples_split=2, min_weight_fraction_leaf=0.0,
                           n_estimators=100, n_iter_no_change=None,
                           random_state=123, subsample=1.0, tol=0.0001,
                           validation_fraction=0.1, verbose=0,
                           warm_start=False)
2025-10-27 15:30:14,659:INFO:create_model() successfully completed......................................
2025-10-27 15:30:14,884:INFO:SubProcess create_model() end ==================================
2025-10-27 15:30:14,885:INFO:Creating metrics dataframe
2025-10-27 15:30:14,916:INFO:Initializing Linear Discriminant Analysis
2025-10-27 15:30:14,917:INFO:Total runtime is 0.7986817836761475 minutes
2025-10-27 15:30:14,928:INFO:SubProcess create_model() called ==================================
2025-10-27 15:30:14,929:INFO:Initializing create_model()
2025-10-27 15:30:14,929:INFO:create_model(self=<pycaret.classification.oop.ClassificationExperiment object at 0x0000014C16E5F150>, estimator=lda, fold=StratifiedKFold(n_splits=10, random_state=None, shuffle=False), round=4, cross_validation=True, predict=True, fit_kwargs={}, groups=None, refit=False, probability_threshold=None, experiment_custom_tags=None, verbose=False, system=False, add_to_model_list=True, metrics=None, display=<pycaret.internal.display.display.CommonDisplay object at 0x0000014C37413A90>, model_only=True, return_train_score=False, error_score=0.0, kwargs={})
2025-10-27 15:30:14,930:INFO:Checking exceptions
2025-10-27 15:30:14,930:INFO:Importing libraries
2025-10-27 15:30:14,931:INFO:Copying training dataset
2025-10-27 15:30:14,951:INFO:Defining folds
2025-10-27 15:30:14,951:INFO:Declaring metric variables
2025-10-27 15:30:14,964:INFO:Importing untrained model
2025-10-27 15:30:14,977:INFO:Linear Discriminant Analysis Imported successfully
2025-10-27 15:30:14,998:INFO:Starting cross validation
2025-10-27 15:30:15,002:INFO:Cross validating with StratifiedKFold(n_splits=10, random_state=None, shuffle=False), n_jobs=1
2025-10-27 15:30:15,173:WARNING:C:\Users\dhadu\AppData\Roaming\Python\Python311\site-packages\pycaret\internal\metrics.py:204: FitFailedWarning: Metric 'make_scorer(roc_auc_score, response_method=('decision_function', 'predict_proba'), average=weighted, multi_class=ovr)' failed and error score 0.0 has been returned instead. If this is a custom metric, this usually means that the error is in the metric code. Full exception below:
Traceback (most recent call last):
  File "C:\Users\dhadu\AppData\Roaming\Python\Python311\site-packages\pycaret\internal\metrics.py", line 196, in _score
    return super()._score(
           ^^^^^^^^^^^^^^^
  File "C:\Users\dhadu\AppData\Roaming\Python\Python311\site-packages\sklearn\metrics\_scorer.py", line 350, in _score
    return self._sign * self._score_func(y_true, y_pred, **scoring_kwargs)
                        ^^^^^^^^^^^^^^^^^^^^^^^^^^^^^^^^^^^^^^^^^^^^^^^^^^
  File "C:\Users\dhadu\AppData\Roaming\Python\Python311\site-packages\pycaret\internal\metrics.py", line 144, in __call__
    return self.score_func(y_true, y_pred, **kwargs)
           ^^^^^^^^^^^^^^^^^^^^^^^^^^^^^^^^^^^^^^^^^
  File "C:\Users\dhadu\AppData\Roaming\Python\Python311\site-packages\sklearn\utils\_param_validation.py", line 213, in wrapper
    return func(*args, **kwargs)
           ^^^^^^^^^^^^^^^^^^^^^
  File "C:\Users\dhadu\AppData\Roaming\Python\Python311\site-packages\sklearn\metrics\_ranking.py", line 634, in roc_auc_score
    return _multiclass_roc_auc_score(
           ^^^^^^^^^^^^^^^^^^^^^^^^^^
  File "C:\Users\dhadu\AppData\Roaming\Python\Python311\site-packages\sklearn\metrics\_ranking.py", line 707, in _multiclass_roc_auc_score
    raise ValueError(
ValueError: Target scores need to be probabilities for multiclass roc_auc, i.e. they should sum up to 1.0 over classes


2025-10-27 15:30:15,298:WARNING:C:\Users\dhadu\AppData\Roaming\Python\Python311\site-packages\pycaret\internal\metrics.py:204: FitFailedWarning: Metric 'make_scorer(roc_auc_score, response_method=('decision_function', 'predict_proba'), average=weighted, multi_class=ovr)' failed and error score 0.0 has been returned instead. If this is a custom metric, this usually means that the error is in the metric code. Full exception below:
Traceback (most recent call last):
  File "C:\Users\dhadu\AppData\Roaming\Python\Python311\site-packages\pycaret\internal\metrics.py", line 196, in _score
    return super()._score(
           ^^^^^^^^^^^^^^^
  File "C:\Users\dhadu\AppData\Roaming\Python\Python311\site-packages\sklearn\metrics\_scorer.py", line 350, in _score
    return self._sign * self._score_func(y_true, y_pred, **scoring_kwargs)
                        ^^^^^^^^^^^^^^^^^^^^^^^^^^^^^^^^^^^^^^^^^^^^^^^^^^
  File "C:\Users\dhadu\AppData\Roaming\Python\Python311\site-packages\pycaret\internal\metrics.py", line 144, in __call__
    return self.score_func(y_true, y_pred, **kwargs)
           ^^^^^^^^^^^^^^^^^^^^^^^^^^^^^^^^^^^^^^^^^
  File "C:\Users\dhadu\AppData\Roaming\Python\Python311\site-packages\sklearn\utils\_param_validation.py", line 213, in wrapper
    return func(*args, **kwargs)
           ^^^^^^^^^^^^^^^^^^^^^
  File "C:\Users\dhadu\AppData\Roaming\Python\Python311\site-packages\sklearn\metrics\_ranking.py", line 634, in roc_auc_score
    return _multiclass_roc_auc_score(
           ^^^^^^^^^^^^^^^^^^^^^^^^^^
  File "C:\Users\dhadu\AppData\Roaming\Python\Python311\site-packages\sklearn\metrics\_ranking.py", line 707, in _multiclass_roc_auc_score
    raise ValueError(
ValueError: Target scores need to be probabilities for multiclass roc_auc, i.e. they should sum up to 1.0 over classes


2025-10-27 15:30:15,422:WARNING:C:\Users\dhadu\AppData\Roaming\Python\Python311\site-packages\pycaret\internal\metrics.py:204: FitFailedWarning: Metric 'make_scorer(roc_auc_score, response_method=('decision_function', 'predict_proba'), average=weighted, multi_class=ovr)' failed and error score 0.0 has been returned instead. If this is a custom metric, this usually means that the error is in the metric code. Full exception below:
Traceback (most recent call last):
  File "C:\Users\dhadu\AppData\Roaming\Python\Python311\site-packages\pycaret\internal\metrics.py", line 196, in _score
    return super()._score(
           ^^^^^^^^^^^^^^^
  File "C:\Users\dhadu\AppData\Roaming\Python\Python311\site-packages\sklearn\metrics\_scorer.py", line 350, in _score
    return self._sign * self._score_func(y_true, y_pred, **scoring_kwargs)
                        ^^^^^^^^^^^^^^^^^^^^^^^^^^^^^^^^^^^^^^^^^^^^^^^^^^
  File "C:\Users\dhadu\AppData\Roaming\Python\Python311\site-packages\pycaret\internal\metrics.py", line 144, in __call__
    return self.score_func(y_true, y_pred, **kwargs)
           ^^^^^^^^^^^^^^^^^^^^^^^^^^^^^^^^^^^^^^^^^
  File "C:\Users\dhadu\AppData\Roaming\Python\Python311\site-packages\sklearn\utils\_param_validation.py", line 213, in wrapper
    return func(*args, **kwargs)
           ^^^^^^^^^^^^^^^^^^^^^
  File "C:\Users\dhadu\AppData\Roaming\Python\Python311\site-packages\sklearn\metrics\_ranking.py", line 634, in roc_auc_score
    return _multiclass_roc_auc_score(
           ^^^^^^^^^^^^^^^^^^^^^^^^^^
  File "C:\Users\dhadu\AppData\Roaming\Python\Python311\site-packages\sklearn\metrics\_ranking.py", line 707, in _multiclass_roc_auc_score
    raise ValueError(
ValueError: Target scores need to be probabilities for multiclass roc_auc, i.e. they should sum up to 1.0 over classes


2025-10-27 15:30:15,554:WARNING:C:\Users\dhadu\AppData\Roaming\Python\Python311\site-packages\pycaret\internal\metrics.py:204: FitFailedWarning: Metric 'make_scorer(roc_auc_score, response_method=('decision_function', 'predict_proba'), average=weighted, multi_class=ovr)' failed and error score 0.0 has been returned instead. If this is a custom metric, this usually means that the error is in the metric code. Full exception below:
Traceback (most recent call last):
  File "C:\Users\dhadu\AppData\Roaming\Python\Python311\site-packages\pycaret\internal\metrics.py", line 196, in _score
    return super()._score(
           ^^^^^^^^^^^^^^^
  File "C:\Users\dhadu\AppData\Roaming\Python\Python311\site-packages\sklearn\metrics\_scorer.py", line 350, in _score
    return self._sign * self._score_func(y_true, y_pred, **scoring_kwargs)
                        ^^^^^^^^^^^^^^^^^^^^^^^^^^^^^^^^^^^^^^^^^^^^^^^^^^
  File "C:\Users\dhadu\AppData\Roaming\Python\Python311\site-packages\pycaret\internal\metrics.py", line 144, in __call__
    return self.score_func(y_true, y_pred, **kwargs)
           ^^^^^^^^^^^^^^^^^^^^^^^^^^^^^^^^^^^^^^^^^
  File "C:\Users\dhadu\AppData\Roaming\Python\Python311\site-packages\sklearn\utils\_param_validation.py", line 213, in wrapper
    return func(*args, **kwargs)
           ^^^^^^^^^^^^^^^^^^^^^
  File "C:\Users\dhadu\AppData\Roaming\Python\Python311\site-packages\sklearn\metrics\_ranking.py", line 634, in roc_auc_score
    return _multiclass_roc_auc_score(
           ^^^^^^^^^^^^^^^^^^^^^^^^^^
  File "C:\Users\dhadu\AppData\Roaming\Python\Python311\site-packages\sklearn\metrics\_ranking.py", line 707, in _multiclass_roc_auc_score
    raise ValueError(
ValueError: Target scores need to be probabilities for multiclass roc_auc, i.e. they should sum up to 1.0 over classes


2025-10-27 15:30:15,678:WARNING:C:\Users\dhadu\AppData\Roaming\Python\Python311\site-packages\pycaret\internal\metrics.py:204: FitFailedWarning: Metric 'make_scorer(roc_auc_score, response_method=('decision_function', 'predict_proba'), average=weighted, multi_class=ovr)' failed and error score 0.0 has been returned instead. If this is a custom metric, this usually means that the error is in the metric code. Full exception below:
Traceback (most recent call last):
  File "C:\Users\dhadu\AppData\Roaming\Python\Python311\site-packages\pycaret\internal\metrics.py", line 196, in _score
    return super()._score(
           ^^^^^^^^^^^^^^^
  File "C:\Users\dhadu\AppData\Roaming\Python\Python311\site-packages\sklearn\metrics\_scorer.py", line 350, in _score
    return self._sign * self._score_func(y_true, y_pred, **scoring_kwargs)
                        ^^^^^^^^^^^^^^^^^^^^^^^^^^^^^^^^^^^^^^^^^^^^^^^^^^
  File "C:\Users\dhadu\AppData\Roaming\Python\Python311\site-packages\pycaret\internal\metrics.py", line 144, in __call__
    return self.score_func(y_true, y_pred, **kwargs)
           ^^^^^^^^^^^^^^^^^^^^^^^^^^^^^^^^^^^^^^^^^
  File "C:\Users\dhadu\AppData\Roaming\Python\Python311\site-packages\sklearn\utils\_param_validation.py", line 213, in wrapper
    return func(*args, **kwargs)
           ^^^^^^^^^^^^^^^^^^^^^
  File "C:\Users\dhadu\AppData\Roaming\Python\Python311\site-packages\sklearn\metrics\_ranking.py", line 634, in roc_auc_score
    return _multiclass_roc_auc_score(
           ^^^^^^^^^^^^^^^^^^^^^^^^^^
  File "C:\Users\dhadu\AppData\Roaming\Python\Python311\site-packages\sklearn\metrics\_ranking.py", line 707, in _multiclass_roc_auc_score
    raise ValueError(
ValueError: Target scores need to be probabilities for multiclass roc_auc, i.e. they should sum up to 1.0 over classes


2025-10-27 15:30:15,811:WARNING:C:\Users\dhadu\AppData\Roaming\Python\Python311\site-packages\pycaret\internal\metrics.py:204: FitFailedWarning: Metric 'make_scorer(roc_auc_score, response_method=('decision_function', 'predict_proba'), average=weighted, multi_class=ovr)' failed and error score 0.0 has been returned instead. If this is a custom metric, this usually means that the error is in the metric code. Full exception below:
Traceback (most recent call last):
  File "C:\Users\dhadu\AppData\Roaming\Python\Python311\site-packages\pycaret\internal\metrics.py", line 196, in _score
    return super()._score(
           ^^^^^^^^^^^^^^^
  File "C:\Users\dhadu\AppData\Roaming\Python\Python311\site-packages\sklearn\metrics\_scorer.py", line 350, in _score
    return self._sign * self._score_func(y_true, y_pred, **scoring_kwargs)
                        ^^^^^^^^^^^^^^^^^^^^^^^^^^^^^^^^^^^^^^^^^^^^^^^^^^
  File "C:\Users\dhadu\AppData\Roaming\Python\Python311\site-packages\pycaret\internal\metrics.py", line 144, in __call__
    return self.score_func(y_true, y_pred, **kwargs)
           ^^^^^^^^^^^^^^^^^^^^^^^^^^^^^^^^^^^^^^^^^
  File "C:\Users\dhadu\AppData\Roaming\Python\Python311\site-packages\sklearn\utils\_param_validation.py", line 213, in wrapper
    return func(*args, **kwargs)
           ^^^^^^^^^^^^^^^^^^^^^
  File "C:\Users\dhadu\AppData\Roaming\Python\Python311\site-packages\sklearn\metrics\_ranking.py", line 634, in roc_auc_score
    return _multiclass_roc_auc_score(
           ^^^^^^^^^^^^^^^^^^^^^^^^^^
  File "C:\Users\dhadu\AppData\Roaming\Python\Python311\site-packages\sklearn\metrics\_ranking.py", line 707, in _multiclass_roc_auc_score
    raise ValueError(
ValueError: Target scores need to be probabilities for multiclass roc_auc, i.e. they should sum up to 1.0 over classes


2025-10-27 15:30:15,936:WARNING:C:\Users\dhadu\AppData\Roaming\Python\Python311\site-packages\pycaret\internal\metrics.py:204: FitFailedWarning: Metric 'make_scorer(roc_auc_score, response_method=('decision_function', 'predict_proba'), average=weighted, multi_class=ovr)' failed and error score 0.0 has been returned instead. If this is a custom metric, this usually means that the error is in the metric code. Full exception below:
Traceback (most recent call last):
  File "C:\Users\dhadu\AppData\Roaming\Python\Python311\site-packages\pycaret\internal\metrics.py", line 196, in _score
    return super()._score(
           ^^^^^^^^^^^^^^^
  File "C:\Users\dhadu\AppData\Roaming\Python\Python311\site-packages\sklearn\metrics\_scorer.py", line 350, in _score
    return self._sign * self._score_func(y_true, y_pred, **scoring_kwargs)
                        ^^^^^^^^^^^^^^^^^^^^^^^^^^^^^^^^^^^^^^^^^^^^^^^^^^
  File "C:\Users\dhadu\AppData\Roaming\Python\Python311\site-packages\pycaret\internal\metrics.py", line 144, in __call__
    return self.score_func(y_true, y_pred, **kwargs)
           ^^^^^^^^^^^^^^^^^^^^^^^^^^^^^^^^^^^^^^^^^
  File "C:\Users\dhadu\AppData\Roaming\Python\Python311\site-packages\sklearn\utils\_param_validation.py", line 213, in wrapper
    return func(*args, **kwargs)
           ^^^^^^^^^^^^^^^^^^^^^
  File "C:\Users\dhadu\AppData\Roaming\Python\Python311\site-packages\sklearn\metrics\_ranking.py", line 634, in roc_auc_score
    return _multiclass_roc_auc_score(
           ^^^^^^^^^^^^^^^^^^^^^^^^^^
  File "C:\Users\dhadu\AppData\Roaming\Python\Python311\site-packages\sklearn\metrics\_ranking.py", line 707, in _multiclass_roc_auc_score
    raise ValueError(
ValueError: Target scores need to be probabilities for multiclass roc_auc, i.e. they should sum up to 1.0 over classes


2025-10-27 15:30:16,124:WARNING:C:\Users\dhadu\AppData\Roaming\Python\Python311\site-packages\pycaret\internal\metrics.py:204: FitFailedWarning: Metric 'make_scorer(roc_auc_score, response_method=('decision_function', 'predict_proba'), average=weighted, multi_class=ovr)' failed and error score 0.0 has been returned instead. If this is a custom metric, this usually means that the error is in the metric code. Full exception below:
Traceback (most recent call last):
  File "C:\Users\dhadu\AppData\Roaming\Python\Python311\site-packages\pycaret\internal\metrics.py", line 196, in _score
    return super()._score(
           ^^^^^^^^^^^^^^^
  File "C:\Users\dhadu\AppData\Roaming\Python\Python311\site-packages\sklearn\metrics\_scorer.py", line 350, in _score
    return self._sign * self._score_func(y_true, y_pred, **scoring_kwargs)
                        ^^^^^^^^^^^^^^^^^^^^^^^^^^^^^^^^^^^^^^^^^^^^^^^^^^
  File "C:\Users\dhadu\AppData\Roaming\Python\Python311\site-packages\pycaret\internal\metrics.py", line 144, in __call__
    return self.score_func(y_true, y_pred, **kwargs)
           ^^^^^^^^^^^^^^^^^^^^^^^^^^^^^^^^^^^^^^^^^
  File "C:\Users\dhadu\AppData\Roaming\Python\Python311\site-packages\sklearn\utils\_param_validation.py", line 213, in wrapper
    return func(*args, **kwargs)
           ^^^^^^^^^^^^^^^^^^^^^
  File "C:\Users\dhadu\AppData\Roaming\Python\Python311\site-packages\sklearn\metrics\_ranking.py", line 634, in roc_auc_score
    return _multiclass_roc_auc_score(
           ^^^^^^^^^^^^^^^^^^^^^^^^^^
  File "C:\Users\dhadu\AppData\Roaming\Python\Python311\site-packages\sklearn\metrics\_ranking.py", line 707, in _multiclass_roc_auc_score
    raise ValueError(
ValueError: Target scores need to be probabilities for multiclass roc_auc, i.e. they should sum up to 1.0 over classes


2025-10-27 15:30:16,251:WARNING:C:\Users\dhadu\AppData\Roaming\Python\Python311\site-packages\pycaret\internal\metrics.py:204: FitFailedWarning: Metric 'make_scorer(roc_auc_score, response_method=('decision_function', 'predict_proba'), average=weighted, multi_class=ovr)' failed and error score 0.0 has been returned instead. If this is a custom metric, this usually means that the error is in the metric code. Full exception below:
Traceback (most recent call last):
  File "C:\Users\dhadu\AppData\Roaming\Python\Python311\site-packages\pycaret\internal\metrics.py", line 196, in _score
    return super()._score(
           ^^^^^^^^^^^^^^^
  File "C:\Users\dhadu\AppData\Roaming\Python\Python311\site-packages\sklearn\metrics\_scorer.py", line 350, in _score
    return self._sign * self._score_func(y_true, y_pred, **scoring_kwargs)
                        ^^^^^^^^^^^^^^^^^^^^^^^^^^^^^^^^^^^^^^^^^^^^^^^^^^
  File "C:\Users\dhadu\AppData\Roaming\Python\Python311\site-packages\pycaret\internal\metrics.py", line 144, in __call__
    return self.score_func(y_true, y_pred, **kwargs)
           ^^^^^^^^^^^^^^^^^^^^^^^^^^^^^^^^^^^^^^^^^
  File "C:\Users\dhadu\AppData\Roaming\Python\Python311\site-packages\sklearn\utils\_param_validation.py", line 213, in wrapper
    return func(*args, **kwargs)
           ^^^^^^^^^^^^^^^^^^^^^
  File "C:\Users\dhadu\AppData\Roaming\Python\Python311\site-packages\sklearn\metrics\_ranking.py", line 634, in roc_auc_score
    return _multiclass_roc_auc_score(
           ^^^^^^^^^^^^^^^^^^^^^^^^^^
  File "C:\Users\dhadu\AppData\Roaming\Python\Python311\site-packages\sklearn\metrics\_ranking.py", line 707, in _multiclass_roc_auc_score
    raise ValueError(
ValueError: Target scores need to be probabilities for multiclass roc_auc, i.e. they should sum up to 1.0 over classes


2025-10-27 15:30:16,388:WARNING:C:\Users\dhadu\AppData\Roaming\Python\Python311\site-packages\pycaret\internal\metrics.py:204: FitFailedWarning: Metric 'make_scorer(roc_auc_score, response_method=('decision_function', 'predict_proba'), average=weighted, multi_class=ovr)' failed and error score 0.0 has been returned instead. If this is a custom metric, this usually means that the error is in the metric code. Full exception below:
Traceback (most recent call last):
  File "C:\Users\dhadu\AppData\Roaming\Python\Python311\site-packages\pycaret\internal\metrics.py", line 196, in _score
    return super()._score(
           ^^^^^^^^^^^^^^^
  File "C:\Users\dhadu\AppData\Roaming\Python\Python311\site-packages\sklearn\metrics\_scorer.py", line 350, in _score
    return self._sign * self._score_func(y_true, y_pred, **scoring_kwargs)
                        ^^^^^^^^^^^^^^^^^^^^^^^^^^^^^^^^^^^^^^^^^^^^^^^^^^
  File "C:\Users\dhadu\AppData\Roaming\Python\Python311\site-packages\pycaret\internal\metrics.py", line 144, in __call__
    return self.score_func(y_true, y_pred, **kwargs)
           ^^^^^^^^^^^^^^^^^^^^^^^^^^^^^^^^^^^^^^^^^
  File "C:\Users\dhadu\AppData\Roaming\Python\Python311\site-packages\sklearn\utils\_param_validation.py", line 213, in wrapper
    return func(*args, **kwargs)
           ^^^^^^^^^^^^^^^^^^^^^
  File "C:\Users\dhadu\AppData\Roaming\Python\Python311\site-packages\sklearn\metrics\_ranking.py", line 634, in roc_auc_score
    return _multiclass_roc_auc_score(
           ^^^^^^^^^^^^^^^^^^^^^^^^^^
  File "C:\Users\dhadu\AppData\Roaming\Python\Python311\site-packages\sklearn\metrics\_ranking.py", line 707, in _multiclass_roc_auc_score
    raise ValueError(
ValueError: Target scores need to be probabilities for multiclass roc_auc, i.e. they should sum up to 1.0 over classes


2025-10-27 15:30:16,399:INFO:Calculating mean and std
2025-10-27 15:30:16,400:INFO:Creating metrics dataframe
2025-10-27 15:30:16,402:INFO:Uploading results into container
2025-10-27 15:30:16,403:INFO:Uploading model into container now
2025-10-27 15:30:16,403:INFO:_master_model_container: 11
2025-10-27 15:30:16,403:INFO:_display_container: 2
2025-10-27 15:30:16,404:INFO:LinearDiscriminantAnalysis(covariance_estimator=None, n_components=None,
                           priors=None, shrinkage=None, solver='svd',
                           store_covariance=False, tol=0.0001)
2025-10-27 15:30:16,404:INFO:create_model() successfully completed......................................
2025-10-27 15:30:16,634:INFO:SubProcess create_model() end ==================================
2025-10-27 15:30:16,634:INFO:Creating metrics dataframe
2025-10-27 15:30:16,658:INFO:Initializing Extra Trees Classifier
2025-10-27 15:30:16,658:INFO:Total runtime is 0.8276886145273845 minutes
2025-10-27 15:30:16,668:INFO:SubProcess create_model() called ==================================
2025-10-27 15:30:16,669:INFO:Initializing create_model()
2025-10-27 15:30:16,669:INFO:create_model(self=<pycaret.classification.oop.ClassificationExperiment object at 0x0000014C16E5F150>, estimator=et, fold=StratifiedKFold(n_splits=10, random_state=None, shuffle=False), round=4, cross_validation=True, predict=True, fit_kwargs={}, groups=None, refit=False, probability_threshold=None, experiment_custom_tags=None, verbose=False, system=False, add_to_model_list=True, metrics=None, display=<pycaret.internal.display.display.CommonDisplay object at 0x0000014C37413A90>, model_only=True, return_train_score=False, error_score=0.0, kwargs={})
2025-10-27 15:30:16,669:INFO:Checking exceptions
2025-10-27 15:30:16,669:INFO:Importing libraries
2025-10-27 15:30:16,670:INFO:Copying training dataset
2025-10-27 15:30:16,690:INFO:Defining folds
2025-10-27 15:30:16,691:INFO:Declaring metric variables
2025-10-27 15:30:16,702:INFO:Importing untrained model
2025-10-27 15:30:16,713:INFO:Extra Trees Classifier Imported successfully
2025-10-27 15:30:16,730:INFO:Starting cross validation
2025-10-27 15:30:16,732:INFO:Cross validating with StratifiedKFold(n_splits=10, random_state=None, shuffle=False), n_jobs=1
2025-10-27 15:30:20,723:INFO:Calculating mean and std
2025-10-27 15:30:20,725:INFO:Creating metrics dataframe
2025-10-27 15:30:20,727:INFO:Uploading results into container
2025-10-27 15:30:20,727:INFO:Uploading model into container now
2025-10-27 15:30:20,728:INFO:_master_model_container: 12
2025-10-27 15:30:20,728:INFO:_display_container: 2
2025-10-27 15:30:20,729:INFO:ExtraTreesClassifier(bootstrap=False, ccp_alpha=0.0, class_weight=None,
                     criterion='gini', max_depth=None, max_features='sqrt',
                     max_leaf_nodes=None, max_samples=None,
                     min_impurity_decrease=0.0, min_samples_leaf=1,
                     min_samples_split=2, min_weight_fraction_leaf=0.0,
                     monotonic_cst=None, n_estimators=100, n_jobs=-1,
                     oob_score=False, random_state=123, verbose=0,
                     warm_start=False)
2025-10-27 15:30:20,729:INFO:create_model() successfully completed......................................
2025-10-27 15:30:20,954:INFO:SubProcess create_model() end ==================================
2025-10-27 15:30:20,955:INFO:Creating metrics dataframe
2025-10-27 15:30:20,989:INFO:Initializing Light Gradient Boosting Machine
2025-10-27 15:30:20,990:INFO:Total runtime is 0.8998920996983847 minutes
2025-10-27 15:30:20,999:INFO:SubProcess create_model() called ==================================
2025-10-27 15:30:21,001:INFO:Initializing create_model()
2025-10-27 15:30:21,001:INFO:create_model(self=<pycaret.classification.oop.ClassificationExperiment object at 0x0000014C16E5F150>, estimator=lightgbm, fold=StratifiedKFold(n_splits=10, random_state=None, shuffle=False), round=4, cross_validation=True, predict=True, fit_kwargs={}, groups=None, refit=False, probability_threshold=None, experiment_custom_tags=None, verbose=False, system=False, add_to_model_list=True, metrics=None, display=<pycaret.internal.display.display.CommonDisplay object at 0x0000014C37413A90>, model_only=True, return_train_score=False, error_score=0.0, kwargs={})
2025-10-27 15:30:21,001:INFO:Checking exceptions
2025-10-27 15:30:21,002:INFO:Importing libraries
2025-10-27 15:30:21,002:INFO:Copying training dataset
2025-10-27 15:30:21,025:INFO:Defining folds
2025-10-27 15:30:21,026:INFO:Declaring metric variables
2025-10-27 15:30:21,037:INFO:Importing untrained model
2025-10-27 15:30:21,052:INFO:Light Gradient Boosting Machine Imported successfully
2025-10-27 15:30:21,073:INFO:Starting cross validation
2025-10-27 15:30:21,076:INFO:Cross validating with StratifiedKFold(n_splits=10, random_state=None, shuffle=False), n_jobs=1
2025-10-27 15:30:21,220:INFO:[LightGBM] [Info] This is the GPU trainer!!
2025-10-27 15:30:21,220:INFO:[LightGBM] [Info] Total Bins 1368
2025-10-27 15:30:21,220:INFO:[LightGBM] [Info] Number of data points in the train set: 1260, number of used features: 20
2025-10-27 15:30:21,221:INFO:[LightGBM] [Info] Using GPU Device: Intel(R) UHD Graphics, Vendor: Intel(R) Corporation
2025-10-27 15:30:21,221:INFO:[LightGBM] [Info] Compiling OpenCL Kernel with 256 bins...
2025-10-27 15:30:21,236:INFO:[LightGBM] [Info] GPU programs have been built
2025-10-27 15:30:21,240:INFO:[LightGBM] [Info] Size of histogram bin entry: 8
2025-10-27 15:30:21,244:INFO:[LightGBM] [Info] 19 dense feature groups (0.02 MB) transferred to GPU in 0.003491 secs. 1 sparse feature groups
2025-10-27 15:30:21,245:INFO:[LightGBM] [Info] Start training from score -1.386294
2025-10-27 15:30:21,245:INFO:[LightGBM] [Info] Start training from score -1.386294
2025-10-27 15:30:21,245:INFO:[LightGBM] [Info] Start training from score -1.386294
2025-10-27 15:30:21,245:INFO:[LightGBM] [Info] Start training from score -1.386294
2025-10-27 15:30:21,258:INFO:[LightGBM] [Warning] No further splits with positive gain, best gain: -inf
2025-10-27 15:30:21,275:INFO:[LightGBM] [Warning] No further splits with positive gain, best gain: -inf
2025-10-27 15:30:21,293:INFO:[LightGBM] [Warning] No further splits with positive gain, best gain: -inf
2025-10-27 15:30:21,304:INFO:[LightGBM] [Warning] No further splits with positive gain, best gain: -inf
2025-10-27 15:30:28,500:INFO:[LightGBM] [Info] This is the GPU trainer!!
2025-10-27 15:30:28,501:INFO:[LightGBM] [Info] Total Bins 1369
2025-10-27 15:30:28,501:INFO:[LightGBM] [Info] Number of data points in the train set: 1260, number of used features: 20
2025-10-27 15:30:28,502:INFO:[LightGBM] [Info] Using GPU Device: Intel(R) UHD Graphics, Vendor: Intel(R) Corporation
2025-10-27 15:30:28,502:INFO:[LightGBM] [Info] Compiling OpenCL Kernel with 256 bins...
2025-10-27 15:30:28,509:INFO:[LightGBM] [Info] GPU programs have been built
2025-10-27 15:30:28,511:INFO:[LightGBM] [Info] Size of histogram bin entry: 8
2025-10-27 15:30:28,514:INFO:[LightGBM] [Info] 19 dense feature groups (0.02 MB) transferred to GPU in 0.001516 secs. 1 sparse feature groups
2025-10-27 15:30:28,515:INFO:[LightGBM] [Info] Start training from score -1.386294
2025-10-27 15:30:28,515:INFO:[LightGBM] [Info] Start training from score -1.386294
2025-10-27 15:30:28,515:INFO:[LightGBM] [Info] Start training from score -1.386294
2025-10-27 15:30:28,515:INFO:[LightGBM] [Info] Start training from score -1.386294
2025-10-27 15:30:28,531:INFO:[LightGBM] [Warning] No further splits with positive gain, best gain: -inf
2025-10-27 15:30:28,548:INFO:[LightGBM] [Warning] No further splits with positive gain, best gain: -inf
2025-10-27 15:30:28,566:INFO:[LightGBM] [Warning] No further splits with positive gain, best gain: -inf
2025-10-27 15:30:28,577:INFO:[LightGBM] [Warning] No further splits with positive gain, best gain: -inf
2025-10-27 15:30:36,243:INFO:[LightGBM] [Info] This is the GPU trainer!!
2025-10-27 15:30:36,244:INFO:[LightGBM] [Info] Total Bins 1369
2025-10-27 15:30:36,244:INFO:[LightGBM] [Info] Number of data points in the train set: 1260, number of used features: 20
2025-10-27 15:30:36,244:INFO:[LightGBM] [Info] Using GPU Device: Intel(R) UHD Graphics, Vendor: Intel(R) Corporation
2025-10-27 15:30:36,244:INFO:[LightGBM] [Info] Compiling OpenCL Kernel with 256 bins...
2025-10-27 15:30:36,251:INFO:[LightGBM] [Info] GPU programs have been built
2025-10-27 15:30:36,254:INFO:[LightGBM] [Info] Size of histogram bin entry: 8
2025-10-27 15:30:36,256:INFO:[LightGBM] [Info] 19 dense feature groups (0.02 MB) transferred to GPU in 0.001307 secs. 1 sparse feature groups
2025-10-27 15:30:36,257:INFO:[LightGBM] [Info] Start training from score -1.386294
2025-10-27 15:30:36,257:INFO:[LightGBM] [Info] Start training from score -1.386294
2025-10-27 15:30:36,258:INFO:[LightGBM] [Info] Start training from score -1.386294
2025-10-27 15:30:36,258:INFO:[LightGBM] [Info] Start training from score -1.386294
2025-10-27 15:30:36,270:INFO:[LightGBM] [Warning] No further splits with positive gain, best gain: -inf
2025-10-27 15:30:36,286:INFO:[LightGBM] [Warning] No further splits with positive gain, best gain: -inf
2025-10-27 15:30:36,302:INFO:[LightGBM] [Warning] No further splits with positive gain, best gain: -inf
2025-10-27 15:30:36,313:INFO:[LightGBM] [Warning] No further splits with positive gain, best gain: -inf
2025-10-27 15:30:43,902:INFO:[LightGBM] [Info] This is the GPU trainer!!
2025-10-27 15:30:43,903:INFO:[LightGBM] [Info] Total Bins 1368
2025-10-27 15:30:43,903:INFO:[LightGBM] [Info] Number of data points in the train set: 1260, number of used features: 20
2025-10-27 15:30:43,903:INFO:[LightGBM] [Info] Using GPU Device: Intel(R) UHD Graphics, Vendor: Intel(R) Corporation
2025-10-27 15:30:43,904:INFO:[LightGBM] [Info] Compiling OpenCL Kernel with 256 bins...
2025-10-27 15:30:43,911:INFO:[LightGBM] [Info] GPU programs have been built
2025-10-27 15:30:43,913:INFO:[LightGBM] [Info] Size of histogram bin entry: 8
2025-10-27 15:30:43,916:INFO:[LightGBM] [Info] 19 dense feature groups (0.02 MB) transferred to GPU in 0.001697 secs. 1 sparse feature groups
2025-10-27 15:30:43,917:INFO:[LightGBM] [Info] Start training from score -1.386294
2025-10-27 15:30:43,917:INFO:[LightGBM] [Info] Start training from score -1.386294
2025-10-27 15:30:43,917:INFO:[LightGBM] [Info] Start training from score -1.386294
2025-10-27 15:30:43,917:INFO:[LightGBM] [Info] Start training from score -1.386294
2025-10-27 15:30:43,928:INFO:[LightGBM] [Warning] No further splits with positive gain, best gain: -inf
2025-10-27 15:30:43,943:INFO:[LightGBM] [Warning] No further splits with positive gain, best gain: -inf
2025-10-27 15:30:43,959:INFO:[LightGBM] [Warning] No further splits with positive gain, best gain: -inf
2025-10-27 15:30:43,969:INFO:[LightGBM] [Warning] No further splits with positive gain, best gain: -inf
2025-10-27 15:30:51,577:INFO:[LightGBM] [Info] This is the GPU trainer!!
2025-10-27 15:30:51,578:INFO:[LightGBM] [Info] Total Bins 1369
2025-10-27 15:30:51,578:INFO:[LightGBM] [Info] Number of data points in the train set: 1260, number of used features: 20
2025-10-27 15:30:51,579:INFO:[LightGBM] [Info] Using GPU Device: Intel(R) UHD Graphics, Vendor: Intel(R) Corporation
2025-10-27 15:30:51,579:INFO:[LightGBM] [Info] Compiling OpenCL Kernel with 256 bins...
2025-10-27 15:30:51,586:INFO:[LightGBM] [Info] GPU programs have been built
2025-10-27 15:30:51,589:INFO:[LightGBM] [Info] Size of histogram bin entry: 8
2025-10-27 15:30:51,591:INFO:[LightGBM] [Info] 19 dense feature groups (0.02 MB) transferred to GPU in 0.001260 secs. 1 sparse feature groups
2025-10-27 15:30:51,592:INFO:[LightGBM] [Info] Start training from score -1.386294
2025-10-27 15:30:51,592:INFO:[LightGBM] [Info] Start training from score -1.386294
2025-10-27 15:30:51,592:INFO:[LightGBM] [Info] Start training from score -1.386294
2025-10-27 15:30:51,592:INFO:[LightGBM] [Info] Start training from score -1.386294
2025-10-27 15:30:51,605:INFO:[LightGBM] [Warning] No further splits with positive gain, best gain: -inf
2025-10-27 15:30:51,623:INFO:[LightGBM] [Warning] No further splits with positive gain, best gain: -inf
2025-10-27 15:30:51,641:INFO:[LightGBM] [Warning] No further splits with positive gain, best gain: -inf
2025-10-27 15:30:51,652:INFO:[LightGBM] [Warning] No further splits with positive gain, best gain: -inf
2025-10-27 15:30:58,872:INFO:[LightGBM] [Info] This is the GPU trainer!!
2025-10-27 15:30:58,872:INFO:[LightGBM] [Info] Total Bins 1369
2025-10-27 15:30:58,873:INFO:[LightGBM] [Info] Number of data points in the train set: 1260, number of used features: 20
2025-10-27 15:30:58,873:INFO:[LightGBM] [Info] Using GPU Device: Intel(R) UHD Graphics, Vendor: Intel(R) Corporation
2025-10-27 15:30:58,873:INFO:[LightGBM] [Info] Compiling OpenCL Kernel with 256 bins...
2025-10-27 15:30:58,880:INFO:[LightGBM] [Info] GPU programs have been built
2025-10-27 15:30:58,883:INFO:[LightGBM] [Info] Size of histogram bin entry: 8
2025-10-27 15:30:58,885:INFO:[LightGBM] [Info] 19 dense feature groups (0.02 MB) transferred to GPU in 0.001674 secs. 1 sparse feature groups
2025-10-27 15:30:58,886:INFO:[LightGBM] [Info] Start training from score -1.386294
2025-10-27 15:30:58,886:INFO:[LightGBM] [Info] Start training from score -1.386294
2025-10-27 15:30:58,886:INFO:[LightGBM] [Info] Start training from score -1.386294
2025-10-27 15:30:58,886:INFO:[LightGBM] [Info] Start training from score -1.386294
2025-10-27 15:30:58,897:INFO:[LightGBM] [Warning] No further splits with positive gain, best gain: -inf
2025-10-27 15:30:58,915:INFO:[LightGBM] [Warning] No further splits with positive gain, best gain: -inf
2025-10-27 15:30:58,933:INFO:[LightGBM] [Warning] No further splits with positive gain, best gain: -inf
2025-10-27 15:30:58,944:INFO:[LightGBM] [Warning] No further splits with positive gain, best gain: -inf
2025-10-27 15:31:06,230:INFO:[LightGBM] [Info] This is the GPU trainer!!
2025-10-27 15:31:06,231:INFO:[LightGBM] [Info] Total Bins 1369
2025-10-27 15:31:06,231:INFO:[LightGBM] [Info] Number of data points in the train set: 1260, number of used features: 20
2025-10-27 15:31:06,231:INFO:[LightGBM] [Info] Using GPU Device: Intel(R) UHD Graphics, Vendor: Intel(R) Corporation
2025-10-27 15:31:06,232:INFO:[LightGBM] [Info] Compiling OpenCL Kernel with 256 bins...
2025-10-27 15:31:06,239:INFO:[LightGBM] [Info] GPU programs have been built
2025-10-27 15:31:06,242:INFO:[LightGBM] [Info] Size of histogram bin entry: 8
2025-10-27 15:31:06,244:INFO:[LightGBM] [Info] 19 dense feature groups (0.02 MB) transferred to GPU in 0.001280 secs. 1 sparse feature groups
2025-10-27 15:31:06,245:INFO:[LightGBM] [Info] Start training from score -1.386294
2025-10-27 15:31:06,245:INFO:[LightGBM] [Info] Start training from score -1.386294
2025-10-27 15:31:06,245:INFO:[LightGBM] [Info] Start training from score -1.386294
2025-10-27 15:31:06,246:INFO:[LightGBM] [Info] Start training from score -1.386294
2025-10-27 15:31:06,257:INFO:[LightGBM] [Warning] No further splits with positive gain, best gain: -inf
2025-10-27 15:31:06,274:INFO:[LightGBM] [Warning] No further splits with positive gain, best gain: -inf
2025-10-27 15:31:06,290:INFO:[LightGBM] [Warning] No further splits with positive gain, best gain: -inf
2025-10-27 15:31:06,299:INFO:[LightGBM] [Warning] No further splits with positive gain, best gain: -inf
2025-10-27 15:31:13,192:INFO:[LightGBM] [Info] This is the GPU trainer!!
2025-10-27 15:31:13,193:INFO:[LightGBM] [Info] Total Bins 1369
2025-10-27 15:31:13,193:INFO:[LightGBM] [Info] Number of data points in the train set: 1260, number of used features: 20
2025-10-27 15:31:13,193:INFO:[LightGBM] [Info] Using GPU Device: Intel(R) UHD Graphics, Vendor: Intel(R) Corporation
2025-10-27 15:31:13,193:INFO:[LightGBM] [Info] Compiling OpenCL Kernel with 256 bins...
2025-10-27 15:31:13,203:INFO:[LightGBM] [Info] GPU programs have been built
2025-10-27 15:31:13,206:INFO:[LightGBM] [Info] Size of histogram bin entry: 8
2025-10-27 15:31:13,209:INFO:[LightGBM] [Info] 19 dense feature groups (0.02 MB) transferred to GPU in 0.001314 secs. 1 sparse feature groups
2025-10-27 15:31:13,210:INFO:[LightGBM] [Info] Start training from score -1.386294
2025-10-27 15:31:13,210:INFO:[LightGBM] [Info] Start training from score -1.386294
2025-10-27 15:31:13,210:INFO:[LightGBM] [Info] Start training from score -1.386294
2025-10-27 15:31:13,210:INFO:[LightGBM] [Info] Start training from score -1.386294
2025-10-27 15:31:13,224:INFO:[LightGBM] [Warning] No further splits with positive gain, best gain: -inf
2025-10-27 15:31:13,240:INFO:[LightGBM] [Warning] No further splits with positive gain, best gain: -inf
2025-10-27 15:31:13,258:INFO:[LightGBM] [Warning] No further splits with positive gain, best gain: -inf
2025-10-27 15:31:13,270:INFO:[LightGBM] [Warning] No further splits with positive gain, best gain: -inf
2025-10-27 15:31:20,310:INFO:[LightGBM] [Info] This is the GPU trainer!!
2025-10-27 15:31:20,311:INFO:[LightGBM] [Info] Total Bins 1368
2025-10-27 15:31:20,311:INFO:[LightGBM] [Info] Number of data points in the train set: 1260, number of used features: 20
2025-10-27 15:31:20,311:INFO:[LightGBM] [Info] Using GPU Device: Intel(R) UHD Graphics, Vendor: Intel(R) Corporation
2025-10-27 15:31:20,312:INFO:[LightGBM] [Info] Compiling OpenCL Kernel with 256 bins...
2025-10-27 15:31:20,319:INFO:[LightGBM] [Info] GPU programs have been built
2025-10-27 15:31:20,321:INFO:[LightGBM] [Info] Size of histogram bin entry: 8
2025-10-27 15:31:20,327:INFO:[LightGBM] [Info] 19 dense feature groups (0.02 MB) transferred to GPU in 0.001704 secs. 1 sparse feature groups
2025-10-27 15:31:20,328:INFO:[LightGBM] [Info] Start training from score -1.386294
2025-10-27 15:31:20,328:INFO:[LightGBM] [Info] Start training from score -1.386294
2025-10-27 15:31:20,329:INFO:[LightGBM] [Info] Start training from score -1.386294
2025-10-27 15:31:20,329:INFO:[LightGBM] [Info] Start training from score -1.386294
2025-10-27 15:31:20,347:INFO:[LightGBM] [Warning] No further splits with positive gain, best gain: -inf
2025-10-27 15:31:20,372:INFO:[LightGBM] [Warning] No further splits with positive gain, best gain: -inf
2025-10-27 15:31:20,395:INFO:[LightGBM] [Warning] No further splits with positive gain, best gain: -inf
2025-10-27 15:31:20,405:INFO:[LightGBM] [Warning] No further splits with positive gain, best gain: -inf
2025-10-27 15:31:27,545:INFO:[LightGBM] [Info] This is the GPU trainer!!
2025-10-27 15:31:27,545:INFO:[LightGBM] [Info] Total Bins 1368
2025-10-27 15:31:27,545:INFO:[LightGBM] [Info] Number of data points in the train set: 1260, number of used features: 20
2025-10-27 15:31:27,546:INFO:[LightGBM] [Info] Using GPU Device: Intel(R) UHD Graphics, Vendor: Intel(R) Corporation
2025-10-27 15:31:27,546:INFO:[LightGBM] [Info] Compiling OpenCL Kernel with 256 bins...
2025-10-27 15:31:27,553:INFO:[LightGBM] [Info] GPU programs have been built
2025-10-27 15:31:27,556:INFO:[LightGBM] [Info] Size of histogram bin entry: 8
2025-10-27 15:31:27,558:INFO:[LightGBM] [Info] 19 dense feature groups (0.02 MB) transferred to GPU in 0.001529 secs. 1 sparse feature groups
2025-10-27 15:31:27,559:INFO:[LightGBM] [Info] Start training from score -1.386294
2025-10-27 15:31:27,559:INFO:[LightGBM] [Info] Start training from score -1.386294
2025-10-27 15:31:27,559:INFO:[LightGBM] [Info] Start training from score -1.386294
2025-10-27 15:31:27,559:INFO:[LightGBM] [Info] Start training from score -1.386294
2025-10-27 15:31:27,571:INFO:[LightGBM] [Warning] No further splits with positive gain, best gain: -inf
2025-10-27 15:31:27,587:INFO:[LightGBM] [Warning] No further splits with positive gain, best gain: -inf
2025-10-27 15:31:27,606:INFO:[LightGBM] [Warning] No further splits with positive gain, best gain: -inf
2025-10-27 15:31:27,618:INFO:[LightGBM] [Warning] No further splits with positive gain, best gain: -inf
2025-10-27 15:31:34,595:INFO:Calculating mean and std
2025-10-27 15:31:34,598:INFO:Creating metrics dataframe
2025-10-27 15:31:34,602:INFO:Uploading results into container
2025-10-27 15:31:34,602:INFO:Uploading model into container now
2025-10-27 15:31:34,603:INFO:_master_model_container: 13
2025-10-27 15:31:34,604:INFO:_display_container: 2
2025-10-27 15:31:34,605:INFO:LGBMClassifier(boosting_type='gbdt', class_weight=None, colsample_bytree=1.0,
               device='gpu', importance_type='split', learning_rate=0.1,
               max_depth=-1, min_child_samples=20, min_child_weight=0.001,
               min_split_gain=0.0, n_estimators=100, n_jobs=-1, num_leaves=31,
               objective=None, random_state=123, reg_alpha=0.0, reg_lambda=0.0,
               subsample=1.0, subsample_for_bin=200000, subsample_freq=0)
2025-10-27 15:31:34,605:INFO:create_model() successfully completed......................................
2025-10-27 15:31:34,829:INFO:SubProcess create_model() end ==================================
2025-10-27 15:31:34,829:INFO:Creating metrics dataframe
2025-10-27 15:31:34,851:INFO:Initializing CatBoost Classifier
2025-10-27 15:31:34,851:INFO:Total runtime is 2.1309182047843933 minutes
2025-10-27 15:31:34,858:INFO:SubProcess create_model() called ==================================
2025-10-27 15:31:34,859:INFO:Initializing create_model()
2025-10-27 15:31:34,859:INFO:create_model(self=<pycaret.classification.oop.ClassificationExperiment object at 0x0000014C16E5F150>, estimator=catboost, fold=StratifiedKFold(n_splits=10, random_state=None, shuffle=False), round=4, cross_validation=True, predict=True, fit_kwargs={}, groups=None, refit=False, probability_threshold=None, experiment_custom_tags=None, verbose=False, system=False, add_to_model_list=True, metrics=None, display=<pycaret.internal.display.display.CommonDisplay object at 0x0000014C37413A90>, model_only=True, return_train_score=False, error_score=0.0, kwargs={})
2025-10-27 15:31:34,859:INFO:Checking exceptions
2025-10-27 15:31:34,859:INFO:Importing libraries
2025-10-27 15:31:34,860:INFO:Copying training dataset
2025-10-27 15:31:34,872:INFO:Defining folds
2025-10-27 15:31:34,872:INFO:Declaring metric variables
2025-10-27 15:31:34,881:INFO:Importing untrained model
2025-10-27 15:31:34,888:INFO:CatBoost Classifier Imported successfully
2025-10-27 15:31:34,903:INFO:Starting cross validation
2025-10-27 15:31:34,906:INFO:Cross validating with StratifiedKFold(n_splits=10, random_state=None, shuffle=False), n_jobs=1
2025-10-27 15:33:34,459:INFO:Calculating mean and std
2025-10-27 15:33:34,462:INFO:Creating metrics dataframe
2025-10-27 15:33:34,465:INFO:Uploading results into container
2025-10-27 15:33:34,465:INFO:Uploading model into container now
2025-10-27 15:33:34,466:INFO:_master_model_container: 14
2025-10-27 15:33:34,466:INFO:_display_container: 2
2025-10-27 15:33:34,466:INFO:<catboost.core.CatBoostClassifier object at 0x0000014C23C70550>
2025-10-27 15:33:34,466:INFO:create_model() successfully completed......................................
2025-10-27 15:33:34,656:INFO:SubProcess create_model() end ==================================
2025-10-27 15:33:34,656:INFO:Creating metrics dataframe
2025-10-27 15:33:34,677:INFO:Initializing Dummy Classifier
2025-10-27 15:33:34,677:INFO:Total runtime is 4.128009641170502 minutes
2025-10-27 15:33:34,682:INFO:SubProcess create_model() called ==================================
2025-10-27 15:33:34,682:INFO:Initializing create_model()
2025-10-27 15:33:34,683:INFO:create_model(self=<pycaret.classification.oop.ClassificationExperiment object at 0x0000014C16E5F150>, estimator=dummy, fold=StratifiedKFold(n_splits=10, random_state=None, shuffle=False), round=4, cross_validation=True, predict=True, fit_kwargs={}, groups=None, refit=False, probability_threshold=None, experiment_custom_tags=None, verbose=False, system=False, add_to_model_list=True, metrics=None, display=<pycaret.internal.display.display.CommonDisplay object at 0x0000014C37413A90>, model_only=True, return_train_score=False, error_score=0.0, kwargs={})
2025-10-27 15:33:34,683:INFO:Checking exceptions
2025-10-27 15:33:34,683:INFO:Importing libraries
2025-10-27 15:33:34,683:INFO:Copying training dataset
2025-10-27 15:33:34,693:INFO:Defining folds
2025-10-27 15:33:34,694:INFO:Declaring metric variables
2025-10-27 15:33:34,699:INFO:Importing untrained model
2025-10-27 15:33:34,707:INFO:Dummy Classifier Imported successfully
2025-10-27 15:33:34,718:INFO:Starting cross validation
2025-10-27 15:33:34,720:INFO:Cross validating with StratifiedKFold(n_splits=10, random_state=None, shuffle=False), n_jobs=1
2025-10-27 15:33:34,854:WARNING:C:\Users\dhadu\AppData\Roaming\Python\Python311\site-packages\sklearn\metrics\_classification.py:1509: UndefinedMetricWarning: Precision is ill-defined and being set to 0.0 in labels with no predicted samples. Use `zero_division` parameter to control this behavior.

2025-10-27 15:33:34,969:WARNING:C:\Users\dhadu\AppData\Roaming\Python\Python311\site-packages\sklearn\metrics\_classification.py:1509: UndefinedMetricWarning: Precision is ill-defined and being set to 0.0 in labels with no predicted samples. Use `zero_division` parameter to control this behavior.

2025-10-27 15:33:35,082:WARNING:C:\Users\dhadu\AppData\Roaming\Python\Python311\site-packages\sklearn\metrics\_classification.py:1509: UndefinedMetricWarning: Precision is ill-defined and being set to 0.0 in labels with no predicted samples. Use `zero_division` parameter to control this behavior.

2025-10-27 15:33:35,195:WARNING:C:\Users\dhadu\AppData\Roaming\Python\Python311\site-packages\sklearn\metrics\_classification.py:1509: UndefinedMetricWarning: Precision is ill-defined and being set to 0.0 in labels with no predicted samples. Use `zero_division` parameter to control this behavior.

2025-10-27 15:33:35,312:WARNING:C:\Users\dhadu\AppData\Roaming\Python\Python311\site-packages\sklearn\metrics\_classification.py:1509: UndefinedMetricWarning: Precision is ill-defined and being set to 0.0 in labels with no predicted samples. Use `zero_division` parameter to control this behavior.

2025-10-27 15:33:35,451:WARNING:C:\Users\dhadu\AppData\Roaming\Python\Python311\site-packages\sklearn\metrics\_classification.py:1509: UndefinedMetricWarning: Precision is ill-defined and being set to 0.0 in labels with no predicted samples. Use `zero_division` parameter to control this behavior.

2025-10-27 15:33:35,617:WARNING:C:\Users\dhadu\AppData\Roaming\Python\Python311\site-packages\sklearn\metrics\_classification.py:1509: UndefinedMetricWarning: Precision is ill-defined and being set to 0.0 in labels with no predicted samples. Use `zero_division` parameter to control this behavior.

2025-10-27 15:33:35,743:WARNING:C:\Users\dhadu\AppData\Roaming\Python\Python311\site-packages\sklearn\metrics\_classification.py:1509: UndefinedMetricWarning: Precision is ill-defined and being set to 0.0 in labels with no predicted samples. Use `zero_division` parameter to control this behavior.

2025-10-27 15:33:35,863:WARNING:C:\Users\dhadu\AppData\Roaming\Python\Python311\site-packages\sklearn\metrics\_classification.py:1509: UndefinedMetricWarning: Precision is ill-defined and being set to 0.0 in labels with no predicted samples. Use `zero_division` parameter to control this behavior.

2025-10-27 15:33:35,984:WARNING:C:\Users\dhadu\AppData\Roaming\Python\Python311\site-packages\sklearn\metrics\_classification.py:1509: UndefinedMetricWarning: Precision is ill-defined and being set to 0.0 in labels with no predicted samples. Use `zero_division` parameter to control this behavior.

2025-10-27 15:33:35,990:INFO:Calculating mean and std
2025-10-27 15:33:35,991:INFO:Creating metrics dataframe
2025-10-27 15:33:35,993:INFO:Uploading results into container
2025-10-27 15:33:35,994:INFO:Uploading model into container now
2025-10-27 15:33:35,994:INFO:_master_model_container: 15
2025-10-27 15:33:35,994:INFO:_display_container: 2
2025-10-27 15:33:35,995:INFO:DummyClassifier(constant=None, random_state=123, strategy='prior')
2025-10-27 15:33:35,995:INFO:create_model() successfully completed......................................
2025-10-27 15:33:36,227:INFO:SubProcess create_model() end ==================================
2025-10-27 15:33:36,228:INFO:Creating metrics dataframe
2025-10-27 15:33:36,265:WARNING:C:\Users\dhadu\AppData\Roaming\Python\Python311\site-packages\pycaret\internal\pycaret_experiment\supervised_experiment.py:339: FutureWarning: Styler.applymap has been deprecated. Use Styler.map instead.

2025-10-27 15:33:36,308:INFO:Initializing create_model()
2025-10-27 15:33:36,309:INFO:create_model(self=<pycaret.classification.oop.ClassificationExperiment object at 0x0000014C16E5F150>, estimator=LogisticRegression(C=1.0, class_weight=None, dual=False, fit_intercept=True,
                   intercept_scaling=1, l1_ratio=None, max_iter=1000,
                   multi_class='auto', n_jobs=None, penalty='l2',
                   random_state=123, solver='lbfgs', tol=0.0001, verbose=0,
                   warm_start=False), fold=StratifiedKFold(n_splits=10, random_state=None, shuffle=False), round=4, cross_validation=False, predict=False, fit_kwargs={}, groups=None, refit=True, probability_threshold=None, experiment_custom_tags=None, verbose=False, system=False, add_to_model_list=True, metrics=None, display=None, model_only=True, return_train_score=False, error_score=0.0, kwargs={})
2025-10-27 15:33:36,309:INFO:Checking exceptions
2025-10-27 15:33:36,312:INFO:Importing libraries
2025-10-27 15:33:36,313:INFO:Copying training dataset
2025-10-27 15:33:36,326:INFO:Defining folds
2025-10-27 15:33:36,326:INFO:Declaring metric variables
2025-10-27 15:33:36,326:INFO:Importing untrained model
2025-10-27 15:33:36,327:INFO:Declaring custom model
2025-10-27 15:33:36,327:INFO:Logistic Regression Imported successfully
2025-10-27 15:33:36,328:INFO:Cross validation set to False
2025-10-27 15:33:36,329:INFO:Fitting Model
2025-10-27 15:33:36,449:INFO:LogisticRegression(C=1.0, class_weight=None, dual=False, fit_intercept=True,
                   intercept_scaling=1, l1_ratio=None, max_iter=1000,
                   multi_class='auto', n_jobs=None, penalty='l2',
                   random_state=123, solver='lbfgs', tol=0.0001, verbose=0,
                   warm_start=False)
2025-10-27 15:33:36,450:INFO:create_model() successfully completed......................................
2025-10-27 15:33:36,784:INFO:_master_model_container: 15
2025-10-27 15:33:36,784:INFO:_display_container: 2
2025-10-27 15:33:36,786:INFO:LogisticRegression(C=1.0, class_weight=None, dual=False, fit_intercept=True,
                   intercept_scaling=1, l1_ratio=None, max_iter=1000,
                   multi_class='auto', n_jobs=None, penalty='l2',
                   random_state=123, solver='lbfgs', tol=0.0001, verbose=0,
                   warm_start=False)
2025-10-27 15:33:36,786:INFO:compare_models() successfully completed......................................
2025-10-27 15:33:36,862:INFO:Initializing evaluate_model()
2025-10-27 15:33:36,863:INFO:evaluate_model(self=<pycaret.classification.oop.ClassificationExperiment object at 0x0000014C16E5F150>, estimator=LogisticRegression(C=1.0, class_weight=None, dual=False, fit_intercept=True,
                   intercept_scaling=1, l1_ratio=None, max_iter=1000,
                   multi_class='auto', n_jobs=None, penalty='l2',
                   random_state=123, solver='lbfgs', tol=0.0001, verbose=0,
                   warm_start=False), fold=None, fit_kwargs=None, plot_kwargs=None, feature_name=None, groups=None)
2025-10-27 15:33:36,899:INFO:Initializing plot_model()
2025-10-27 15:33:36,899:INFO:plot_model(self=<pycaret.classification.oop.ClassificationExperiment object at 0x0000014C16E5F150>, estimator=LogisticRegression(C=1.0, class_weight=None, dual=False, fit_intercept=True,
                   intercept_scaling=1, l1_ratio=None, max_iter=1000,
                   multi_class='auto', n_jobs=None, penalty='l2',
                   random_state=123, solver='lbfgs', tol=0.0001, verbose=0,
                   warm_start=False), plot=pipeline, scale=1, save=False, fold=StratifiedKFold(n_splits=10, random_state=None, shuffle=False), fit_kwargs={}, plot_kwargs=None, groups=None, feature_name=None, label=False, verbose=False, system=True, display=None, display_format=None)
2025-10-27 15:33:36,899:INFO:Checking exceptions
2025-10-27 15:33:36,911:INFO:Preloading libraries
2025-10-27 15:33:36,912:INFO:Copying training dataset
2025-10-27 15:33:36,912:INFO:Plot type: pipeline
2025-10-27 15:33:37,204:INFO:Visual Rendered Successfully
2025-10-27 15:33:37,438:INFO:plot_model() successfully completed......................................
2025-10-27 15:33:37,550:INFO:Initializing save_model()
2025-10-27 15:33:37,550:INFO:save_model(model=LogisticRegression(C=1.0, class_weight=None, dual=False, fit_intercept=True,
                   intercept_scaling=1, l1_ratio=None, max_iter=1000,
                   multi_class='auto', n_jobs=None, penalty='l2',
                   random_state=123, solver='lbfgs', tol=0.0001, verbose=0,
                   warm_start=False), model_name=best_mobile_price_model, prep_pipe_=Pipeline(memory=FastMemory(location=C:\Users\dhadu\AppData\Local\Temp\joblib),
         steps=[('numerical_imputer',
                 TransformerWrapper(exclude=None,
                                    include=['battery_power', 'bluetooth',
                                             'clock_speed', 'dual_sim',
                                             'fc_megapixel', 'four_g',
                                             'int_memory', 'm_depth',
                                             'mobile_wt', 'n_cores',
                                             'pc_megapixel', 'px_height',
                                             'px_width', 'ram', 'screen_height',
                                             'screen_width', 'talk_...
                                                              keep_empty_features=False,
                                                              missing_values=nan,
                                                              strategy='most_frequent'))),
                ('transformation',
                 TransformerWrapper(exclude=None, include=None,
                                    transformer=PowerTransformer(copy=True,
                                                                 method='yeo-johnson',
                                                                 standardize=False))),
                ('normalize',
                 TransformerWrapper(exclude=None, include=None,
                                    transformer=StandardScaler(copy=True,
                                                               with_mean=True,
                                                               with_std=True)))],
         verbose=False), verbose=True, use_case=MLUsecase.CLASSIFICATION, kwargs={})
2025-10-27 15:33:37,551:INFO:Adding model into prep_pipe
2025-10-27 15:33:37,567:INFO:best_mobile_price_model.pkl saved in current working directory
2025-10-27 15:33:37,597:INFO:Pipeline(memory=Memory(location=None),
         steps=[('numerical_imputer',
                 TransformerWrapper(exclude=None,
                                    include=['battery_power', 'bluetooth',
                                             'clock_speed', 'dual_sim',
                                             'fc_megapixel', 'four_g',
                                             'int_memory', 'm_depth',
                                             'mobile_wt', 'n_cores',
                                             'pc_megapixel', 'px_height',
                                             'px_width', 'ram', 'screen_height',
                                             'screen_width', 'talk_time',
                                             'three_g', 'touch_screen',
                                             'wifi'],
                                    t...
                 TransformerWrapper(exclude=None, include=None,
                                    transformer=StandardScaler(copy=True,
                                                               with_mean=True,
                                                               with_std=True))),
                ('trained_model',
                 LogisticRegression(C=1.0, class_weight=None, dual=False,
                                    fit_intercept=True, intercept_scaling=1,
                                    l1_ratio=None, max_iter=1000,
                                    multi_class='auto', n_jobs=None,
                                    penalty='l2', random_state=123,
                                    solver='lbfgs', tol=0.0001, verbose=0,
                                    warm_start=False))],
         verbose=False)
2025-10-27 15:33:37,598:INFO:save_model() successfully completed......................................
2025-10-27 15:33:37,989:INFO:Initializing predict_model()
2025-10-27 15:33:37,989:INFO:predict_model(self=<pycaret.classification.oop.ClassificationExperiment object at 0x0000014C16E5F150>, estimator=LogisticRegression(C=1.0, class_weight=None, dual=False, fit_intercept=True,
                   intercept_scaling=1, l1_ratio=None, max_iter=1000,
                   multi_class='auto', n_jobs=None, penalty='l2',
                   random_state=123, solver='lbfgs', tol=0.0001, verbose=0,
                   warm_start=False), probability_threshold=None, encoded_labels=False, raw_score=False, round=4, verbose=True, ml_usecase=None, preprocess=True, encode_labels=<function _SupervisedExperiment.predict_model.<locals>.encode_labels at 0x0000014C2EA60720>)
2025-10-27 15:33:37,989:INFO:Checking exceptions
2025-10-27 15:33:37,990:INFO:Preloading libraries
2025-10-27 15:33:38,600:INFO:Initializing create_model()
2025-10-27 15:33:38,601:INFO:create_model(self=<pycaret.classification.oop.ClassificationExperiment object at 0x0000014C16E5F150>, estimator=lightgbm, fold=None, round=4, cross_validation=True, predict=True, fit_kwargs=None, groups=None, refit=True, probability_threshold=None, experiment_custom_tags=None, verbose=True, system=True, add_to_model_list=True, metrics=None, display=None, model_only=True, return_train_score=False, error_score=0.0, kwargs={})
2025-10-27 15:33:38,601:INFO:Checking exceptions
2025-10-27 15:33:38,671:INFO:Importing libraries
2025-10-27 15:33:38,672:INFO:Copying training dataset
2025-10-27 15:33:38,709:INFO:Defining folds
2025-10-27 15:33:38,709:INFO:Declaring metric variables
2025-10-27 15:33:38,725:INFO:Importing untrained model
2025-10-27 15:33:38,743:INFO:Light Gradient Boosting Machine Imported successfully
2025-10-27 15:33:38,764:INFO:Starting cross validation
2025-10-27 15:33:38,769:INFO:Cross validating with StratifiedKFold(n_splits=10, random_state=None, shuffle=False), n_jobs=1
2025-10-27 15:33:39,024:INFO:[LightGBM] [Info] This is the GPU trainer!!
2025-10-27 15:33:39,025:INFO:[LightGBM] [Info] Total Bins 1368
2025-10-27 15:33:39,025:INFO:[LightGBM] [Info] Number of data points in the train set: 1260, number of used features: 20
2025-10-27 15:33:39,026:INFO:[LightGBM] [Info] Using GPU Device: Intel(R) UHD Graphics, Vendor: Intel(R) Corporation
2025-10-27 15:33:39,026:INFO:[LightGBM] [Info] Compiling OpenCL Kernel with 256 bins...
2025-10-27 15:33:39,044:INFO:[LightGBM] [Info] GPU programs have been built
2025-10-27 15:33:39,051:INFO:[LightGBM] [Info] Size of histogram bin entry: 8
2025-10-27 15:33:39,056:INFO:[LightGBM] [Info] 19 dense feature groups (0.02 MB) transferred to GPU in 0.003306 secs. 1 sparse feature groups
2025-10-27 15:33:39,058:INFO:[LightGBM] [Info] Start training from score -1.386294
2025-10-27 15:33:39,058:INFO:[LightGBM] [Info] Start training from score -1.386294
2025-10-27 15:33:39,059:INFO:[LightGBM] [Info] Start training from score -1.386294
2025-10-27 15:33:39,059:INFO:[LightGBM] [Info] Start training from score -1.386294
2025-10-27 15:33:39,082:INFO:[LightGBM] [Warning] No further splits with positive gain, best gain: -inf
2025-10-27 15:33:39,111:INFO:[LightGBM] [Warning] No further splits with positive gain, best gain: -inf
2025-10-27 15:33:39,132:INFO:[LightGBM] [Warning] No further splits with positive gain, best gain: -inf
2025-10-27 15:33:39,143:INFO:[LightGBM] [Warning] No further splits with positive gain, best gain: -inf
2025-10-27 15:33:46,498:INFO:[LightGBM] [Info] This is the GPU trainer!!
2025-10-27 15:33:46,498:INFO:[LightGBM] [Info] Total Bins 1369
2025-10-27 15:33:46,498:INFO:[LightGBM] [Info] Number of data points in the train set: 1260, number of used features: 20
2025-10-27 15:33:46,499:INFO:[LightGBM] [Info] Using GPU Device: Intel(R) UHD Graphics, Vendor: Intel(R) Corporation
2025-10-27 15:33:46,499:INFO:[LightGBM] [Info] Compiling OpenCL Kernel with 256 bins...
2025-10-27 15:33:46,507:INFO:[LightGBM] [Info] GPU programs have been built
2025-10-27 15:33:46,510:INFO:[LightGBM] [Info] Size of histogram bin entry: 8
2025-10-27 15:33:46,512:INFO:[LightGBM] [Info] 19 dense feature groups (0.02 MB) transferred to GPU in 0.001372 secs. 1 sparse feature groups
2025-10-27 15:33:46,513:INFO:[LightGBM] [Info] Start training from score -1.386294
2025-10-27 15:33:46,513:INFO:[LightGBM] [Info] Start training from score -1.386294
2025-10-27 15:33:46,513:INFO:[LightGBM] [Info] Start training from score -1.386294
2025-10-27 15:33:46,513:INFO:[LightGBM] [Info] Start training from score -1.386294
2025-10-27 15:33:46,525:INFO:[LightGBM] [Warning] No further splits with positive gain, best gain: -inf
2025-10-27 15:33:46,542:INFO:[LightGBM] [Warning] No further splits with positive gain, best gain: -inf
2025-10-27 15:33:46,560:INFO:[LightGBM] [Warning] No further splits with positive gain, best gain: -inf
2025-10-27 15:33:46,571:INFO:[LightGBM] [Warning] No further splits with positive gain, best gain: -inf
2025-10-27 15:33:53,877:INFO:[LightGBM] [Info] This is the GPU trainer!!
2025-10-27 15:33:53,878:INFO:[LightGBM] [Info] Total Bins 1369
2025-10-27 15:33:53,878:INFO:[LightGBM] [Info] Number of data points in the train set: 1260, number of used features: 20
2025-10-27 15:33:53,878:INFO:[LightGBM] [Info] Using GPU Device: Intel(R) UHD Graphics, Vendor: Intel(R) Corporation
2025-10-27 15:33:53,878:INFO:[LightGBM] [Info] Compiling OpenCL Kernel with 256 bins...
2025-10-27 15:33:53,885:INFO:[LightGBM] [Info] GPU programs have been built
2025-10-27 15:33:53,888:INFO:[LightGBM] [Info] Size of histogram bin entry: 8
2025-10-27 15:33:53,890:INFO:[LightGBM] [Info] 19 dense feature groups (0.02 MB) transferred to GPU in 0.001305 secs. 1 sparse feature groups
2025-10-27 15:33:53,891:INFO:[LightGBM] [Info] Start training from score -1.386294
2025-10-27 15:33:53,891:INFO:[LightGBM] [Info] Start training from score -1.386294
2025-10-27 15:33:53,891:INFO:[LightGBM] [Info] Start training from score -1.386294
2025-10-27 15:33:53,892:INFO:[LightGBM] [Info] Start training from score -1.386294
2025-10-27 15:33:53,902:INFO:[LightGBM] [Warning] No further splits with positive gain, best gain: -inf
2025-10-27 15:33:53,917:INFO:[LightGBM] [Warning] No further splits with positive gain, best gain: -inf
2025-10-27 15:33:53,933:INFO:[LightGBM] [Warning] No further splits with positive gain, best gain: -inf
2025-10-27 15:33:53,943:INFO:[LightGBM] [Warning] No further splits with positive gain, best gain: -inf
2025-10-27 15:34:00,821:INFO:[LightGBM] [Info] This is the GPU trainer!!
2025-10-27 15:34:00,821:INFO:[LightGBM] [Info] Total Bins 1368
2025-10-27 15:34:00,822:INFO:[LightGBM] [Info] Number of data points in the train set: 1260, number of used features: 20
2025-10-27 15:34:00,822:INFO:[LightGBM] [Info] Using GPU Device: Intel(R) UHD Graphics, Vendor: Intel(R) Corporation
2025-10-27 15:34:00,822:INFO:[LightGBM] [Info] Compiling OpenCL Kernel with 256 bins...
2025-10-27 15:34:00,829:INFO:[LightGBM] [Info] GPU programs have been built
2025-10-27 15:34:00,832:INFO:[LightGBM] [Info] Size of histogram bin entry: 8
2025-10-27 15:34:00,834:INFO:[LightGBM] [Info] 19 dense feature groups (0.02 MB) transferred to GPU in 0.001302 secs. 1 sparse feature groups
2025-10-27 15:34:00,835:INFO:[LightGBM] [Info] Start training from score -1.386294
2025-10-27 15:34:00,835:INFO:[LightGBM] [Info] Start training from score -1.386294
2025-10-27 15:34:00,835:INFO:[LightGBM] [Info] Start training from score -1.386294
2025-10-27 15:34:00,835:INFO:[LightGBM] [Info] Start training from score -1.386294
2025-10-27 15:34:00,845:INFO:[LightGBM] [Warning] No further splits with positive gain, best gain: -inf
2025-10-27 15:34:00,859:INFO:[LightGBM] [Warning] No further splits with positive gain, best gain: -inf
2025-10-27 15:34:00,874:INFO:[LightGBM] [Warning] No further splits with positive gain, best gain: -inf
2025-10-27 15:34:00,928:INFO:[LightGBM] [Warning] No further splits with positive gain, best gain: -inf
2025-10-27 15:34:07,680:INFO:[LightGBM] [Info] This is the GPU trainer!!
2025-10-27 15:34:07,681:INFO:[LightGBM] [Info] Total Bins 1369
2025-10-27 15:34:07,681:INFO:[LightGBM] [Info] Number of data points in the train set: 1260, number of used features: 20
2025-10-27 15:34:07,682:INFO:[LightGBM] [Info] Using GPU Device: Intel(R) UHD Graphics, Vendor: Intel(R) Corporation
2025-10-27 15:34:07,682:INFO:[LightGBM] [Info] Compiling OpenCL Kernel with 256 bins...
2025-10-27 15:34:07,688:INFO:[LightGBM] [Info] GPU programs have been built
2025-10-27 15:34:07,691:INFO:[LightGBM] [Info] Size of histogram bin entry: 8
2025-10-27 15:34:07,693:INFO:[LightGBM] [Info] 19 dense feature groups (0.02 MB) transferred to GPU in 0.001278 secs. 1 sparse feature groups
2025-10-27 15:34:07,694:INFO:[LightGBM] [Info] Start training from score -1.386294
2025-10-27 15:34:07,694:INFO:[LightGBM] [Info] Start training from score -1.386294
2025-10-27 15:34:07,694:INFO:[LightGBM] [Info] Start training from score -1.386294
2025-10-27 15:34:07,694:INFO:[LightGBM] [Info] Start training from score -1.386294
2025-10-27 15:34:07,705:INFO:[LightGBM] [Warning] No further splits with positive gain, best gain: -inf
2025-10-27 15:34:07,720:INFO:[LightGBM] [Warning] No further splits with positive gain, best gain: -inf
2025-10-27 15:34:07,736:INFO:[LightGBM] [Warning] No further splits with positive gain, best gain: -inf
2025-10-27 15:34:07,747:INFO:[LightGBM] [Warning] No further splits with positive gain, best gain: -inf
2025-10-27 15:34:14,522:INFO:[LightGBM] [Info] This is the GPU trainer!!
2025-10-27 15:34:14,523:INFO:[LightGBM] [Info] Total Bins 1369
2025-10-27 15:34:14,523:INFO:[LightGBM] [Info] Number of data points in the train set: 1260, number of used features: 20
2025-10-27 15:34:14,524:INFO:[LightGBM] [Info] Using GPU Device: Intel(R) UHD Graphics, Vendor: Intel(R) Corporation
2025-10-27 15:34:14,524:INFO:[LightGBM] [Info] Compiling OpenCL Kernel with 256 bins...
2025-10-27 15:34:14,535:INFO:[LightGBM] [Info] GPU programs have been built
2025-10-27 15:34:14,537:INFO:[LightGBM] [Info] Size of histogram bin entry: 8
2025-10-27 15:34:14,544:INFO:[LightGBM] [Info] 19 dense feature groups (0.02 MB) transferred to GPU in 0.004997 secs. 1 sparse feature groups
2025-10-27 15:34:14,544:INFO:[LightGBM] [Info] Start training from score -1.386294
2025-10-27 15:34:14,545:INFO:[LightGBM] [Info] Start training from score -1.386294
2025-10-27 15:34:14,545:INFO:[LightGBM] [Info] Start training from score -1.386294
2025-10-27 15:34:14,545:INFO:[LightGBM] [Info] Start training from score -1.386294
2025-10-27 15:34:14,557:INFO:[LightGBM] [Warning] No further splits with positive gain, best gain: -inf
2025-10-27 15:34:14,574:INFO:[LightGBM] [Warning] No further splits with positive gain, best gain: -inf
2025-10-27 15:34:14,591:INFO:[LightGBM] [Warning] No further splits with positive gain, best gain: -inf
2025-10-27 15:34:14,603:INFO:[LightGBM] [Warning] No further splits with positive gain, best gain: -inf
2025-10-27 15:34:21,821:INFO:[LightGBM] [Info] This is the GPU trainer!!
2025-10-27 15:34:21,822:INFO:[LightGBM] [Info] Total Bins 1369
2025-10-27 15:34:21,822:INFO:[LightGBM] [Info] Number of data points in the train set: 1260, number of used features: 20
2025-10-27 15:34:21,822:INFO:[LightGBM] [Info] Using GPU Device: Intel(R) UHD Graphics, Vendor: Intel(R) Corporation
2025-10-27 15:34:21,822:INFO:[LightGBM] [Info] Compiling OpenCL Kernel with 256 bins...
2025-10-27 15:34:21,830:INFO:[LightGBM] [Info] GPU programs have been built
2025-10-27 15:34:21,832:INFO:[LightGBM] [Info] Size of histogram bin entry: 8
2025-10-27 15:34:21,835:INFO:[LightGBM] [Info] 19 dense feature groups (0.02 MB) transferred to GPU in 0.001303 secs. 1 sparse feature groups
2025-10-27 15:34:21,835:INFO:[LightGBM] [Info] Start training from score -1.386294
2025-10-27 15:34:21,836:INFO:[LightGBM] [Info] Start training from score -1.386294
2025-10-27 15:34:21,836:INFO:[LightGBM] [Info] Start training from score -1.386294
2025-10-27 15:34:21,836:INFO:[LightGBM] [Info] Start training from score -1.386294
2025-10-27 15:34:21,846:INFO:[LightGBM] [Warning] No further splits with positive gain, best gain: -inf
2025-10-27 15:34:21,861:INFO:[LightGBM] [Warning] No further splits with positive gain, best gain: -inf
2025-10-27 15:34:21,877:INFO:[LightGBM] [Warning] No further splits with positive gain, best gain: -inf
2025-10-27 15:34:21,888:INFO:[LightGBM] [Warning] No further splits with positive gain, best gain: -inf
2025-10-27 15:34:29,134:INFO:[LightGBM] [Info] This is the GPU trainer!!
2025-10-27 15:34:29,135:INFO:[LightGBM] [Info] Total Bins 1369
2025-10-27 15:34:29,135:INFO:[LightGBM] [Info] Number of data points in the train set: 1260, number of used features: 20
2025-10-27 15:34:29,135:INFO:[LightGBM] [Info] Using GPU Device: Intel(R) UHD Graphics, Vendor: Intel(R) Corporation
2025-10-27 15:34:29,135:INFO:[LightGBM] [Info] Compiling OpenCL Kernel with 256 bins...
2025-10-27 15:34:29,144:INFO:[LightGBM] [Info] GPU programs have been built
2025-10-27 15:34:29,146:INFO:[LightGBM] [Info] Size of histogram bin entry: 8
2025-10-27 15:34:29,149:INFO:[LightGBM] [Info] 19 dense feature groups (0.02 MB) transferred to GPU in 0.001456 secs. 1 sparse feature groups
2025-10-27 15:34:29,150:INFO:[LightGBM] [Info] Start training from score -1.386294
2025-10-27 15:34:29,150:INFO:[LightGBM] [Info] Start training from score -1.386294
2025-10-27 15:34:29,150:INFO:[LightGBM] [Info] Start training from score -1.386294
2025-10-27 15:34:29,150:INFO:[LightGBM] [Info] Start training from score -1.386294
2025-10-27 15:34:29,162:INFO:[LightGBM] [Warning] No further splits with positive gain, best gain: -inf
2025-10-27 15:34:29,177:INFO:[LightGBM] [Warning] No further splits with positive gain, best gain: -inf
2025-10-27 15:34:29,194:INFO:[LightGBM] [Warning] No further splits with positive gain, best gain: -inf
2025-10-27 15:34:29,204:INFO:[LightGBM] [Warning] No further splits with positive gain, best gain: -inf
2025-10-27 15:34:36,051:INFO:[LightGBM] [Info] This is the GPU trainer!!
2025-10-27 15:34:36,052:INFO:[LightGBM] [Info] Total Bins 1368
2025-10-27 15:34:36,052:INFO:[LightGBM] [Info] Number of data points in the train set: 1260, number of used features: 20
2025-10-27 15:34:36,052:INFO:[LightGBM] [Info] Using GPU Device: Intel(R) UHD Graphics, Vendor: Intel(R) Corporation
2025-10-27 15:34:36,052:INFO:[LightGBM] [Info] Compiling OpenCL Kernel with 256 bins...
2025-10-27 15:34:36,059:INFO:[LightGBM] [Info] GPU programs have been built
2025-10-27 15:34:36,065:INFO:[LightGBM] [Info] Size of histogram bin entry: 8
2025-10-27 15:34:36,071:INFO:[LightGBM] [Info] 19 dense feature groups (0.02 MB) transferred to GPU in 0.001711 secs. 1 sparse feature groups
2025-10-27 15:34:36,072:INFO:[LightGBM] [Info] Start training from score -1.386294
2025-10-27 15:34:36,072:INFO:[LightGBM] [Info] Start training from score -1.386294
2025-10-27 15:34:36,072:INFO:[LightGBM] [Info] Start training from score -1.386294
2025-10-27 15:34:36,072:INFO:[LightGBM] [Info] Start training from score -1.386294
2025-10-27 15:34:36,083:INFO:[LightGBM] [Warning] No further splits with positive gain, best gain: -inf
2025-10-27 15:34:36,101:INFO:[LightGBM] [Warning] No further splits with positive gain, best gain: -inf
2025-10-27 15:34:36,120:INFO:[LightGBM] [Warning] No further splits with positive gain, best gain: -inf
2025-10-27 15:34:36,131:INFO:[LightGBM] [Warning] No further splits with positive gain, best gain: -inf
2025-10-27 15:34:43,169:INFO:[LightGBM] [Info] This is the GPU trainer!!
2025-10-27 15:34:43,169:INFO:[LightGBM] [Info] Total Bins 1368
2025-10-27 15:34:43,170:INFO:[LightGBM] [Info] Number of data points in the train set: 1260, number of used features: 20
2025-10-27 15:34:43,170:INFO:[LightGBM] [Info] Using GPU Device: Intel(R) UHD Graphics, Vendor: Intel(R) Corporation
2025-10-27 15:34:43,170:INFO:[LightGBM] [Info] Compiling OpenCL Kernel with 256 bins...
2025-10-27 15:34:43,177:INFO:[LightGBM] [Info] GPU programs have been built
2025-10-27 15:34:43,180:INFO:[LightGBM] [Info] Size of histogram bin entry: 8
2025-10-27 15:34:43,182:INFO:[LightGBM] [Info] 19 dense feature groups (0.02 MB) transferred to GPU in 0.001452 secs. 1 sparse feature groups
2025-10-27 15:34:43,183:INFO:[LightGBM] [Info] Start training from score -1.386294
2025-10-27 15:34:43,183:INFO:[LightGBM] [Info] Start training from score -1.386294
2025-10-27 15:34:43,183:INFO:[LightGBM] [Info] Start training from score -1.386294
2025-10-27 15:34:43,183:INFO:[LightGBM] [Info] Start training from score -1.386294
2025-10-27 15:34:43,195:INFO:[LightGBM] [Warning] No further splits with positive gain, best gain: -inf
2025-10-27 15:34:43,211:INFO:[LightGBM] [Warning] No further splits with positive gain, best gain: -inf
2025-10-27 15:34:43,229:INFO:[LightGBM] [Warning] No further splits with positive gain, best gain: -inf
2025-10-27 15:34:43,240:INFO:[LightGBM] [Warning] No further splits with positive gain, best gain: -inf
2025-10-27 15:34:50,088:INFO:Calculating mean and std
2025-10-27 15:34:50,090:INFO:Creating metrics dataframe
2025-10-27 15:34:50,100:INFO:Finalizing model
2025-10-27 15:34:50,230:INFO:[LightGBM] [Info] This is the GPU trainer!!
2025-10-27 15:34:50,231:INFO:[LightGBM] [Info] Total Bins 1369
2025-10-27 15:34:50,231:INFO:[LightGBM] [Info] Number of data points in the train set: 1400, number of used features: 20
2025-10-27 15:34:50,231:INFO:[LightGBM] [Info] Using GPU Device: Intel(R) UHD Graphics, Vendor: Intel(R) Corporation
2025-10-27 15:34:50,231:INFO:[LightGBM] [Info] Compiling OpenCL Kernel with 256 bins...
2025-10-27 15:34:50,239:INFO:[LightGBM] [Info] GPU programs have been built
2025-10-27 15:34:50,242:INFO:[LightGBM] [Info] Size of histogram bin entry: 8
2025-10-27 15:34:50,244:INFO:[LightGBM] [Info] 19 dense feature groups (0.03 MB) transferred to GPU in 0.001547 secs. 1 sparse feature groups
2025-10-27 15:34:50,245:INFO:[LightGBM] [Info] Start training from score -1.386294
2025-10-27 15:34:50,245:INFO:[LightGBM] [Info] Start training from score -1.386294
2025-10-27 15:34:50,245:INFO:[LightGBM] [Info] Start training from score -1.386294
2025-10-27 15:34:50,245:INFO:[LightGBM] [Info] Start training from score -1.386294
2025-10-27 15:34:50,257:INFO:[LightGBM] [Warning] No further splits with positive gain, best gain: -inf
2025-10-27 15:34:50,277:INFO:[LightGBM] [Warning] No further splits with positive gain, best gain: -inf
2025-10-27 15:34:50,308:INFO:[LightGBM] [Warning] No further splits with positive gain, best gain: -inf
2025-10-27 15:34:58,865:INFO:Uploading results into container
2025-10-27 15:34:58,866:INFO:Uploading model into container now
2025-10-27 15:34:58,886:INFO:_master_model_container: 16
2025-10-27 15:34:58,886:INFO:_display_container: 4
2025-10-27 15:34:58,888:INFO:LGBMClassifier(boosting_type='gbdt', class_weight=None, colsample_bytree=1.0,
               device='gpu', importance_type='split', learning_rate=0.1,
               max_depth=-1, min_child_samples=20, min_child_weight=0.001,
               min_split_gain=0.0, n_estimators=100, n_jobs=-1, num_leaves=31,
               objective=None, random_state=123, reg_alpha=0.0, reg_lambda=0.0,
               subsample=1.0, subsample_for_bin=200000, subsample_freq=0)
2025-10-27 15:34:58,888:INFO:create_model() successfully completed......................................
2025-10-27 15:34:59,413:INFO:Soft dependency imported: gradio: 5.49.1
