2025-11-02 23:28:36,945:WARNING:
'cuml' is a soft dependency and not included in the pycaret installation. Please run: `pip install cuml` to install.
2025-11-02 23:28:36,945:WARNING:
'cuml' is a soft dependency and not included in the pycaret installation. Please run: `pip install cuml` to install.
2025-11-02 23:28:36,945:WARNING:
'cuml' is a soft dependency and not included in the pycaret installation. Please run: `pip install cuml` to install.
2025-11-02 23:28:36,945:WARNING:
'cuml' is a soft dependency and not included in the pycaret installation. Please run: `pip install cuml` to install.
2025-11-02 23:31:29,253:WARNING:
'cuml' is a soft dependency and not included in the pycaret installation. Please run: `pip install cuml` to install.
2025-11-02 23:31:29,258:WARNING:
'cuml' is a soft dependency and not included in the pycaret installation. Please run: `pip install cuml` to install.
2025-11-02 23:31:29,258:WARNING:
'cuml' is a soft dependency and not included in the pycaret installation. Please run: `pip install cuml` to install.
2025-11-02 23:31:29,258:WARNING:
'cuml' is a soft dependency and not included in the pycaret installation. Please run: `pip install cuml` to install.
2025-11-02 23:31:34,486:INFO:PyCaret ClassificationExperiment
2025-11-02 23:31:34,486:INFO:Logging name: raisin_classification
2025-11-02 23:31:34,486:INFO:ML Usecase: MLUsecase.CLASSIFICATION
2025-11-02 23:31:34,486:INFO:version 3.3.2
2025-11-02 23:31:34,487:INFO:Initializing setup()
2025-11-02 23:31:34,487:INFO:self.USI: ab0c
2025-11-02 23:31:34,487:INFO:self._variable_keys: {'html_param', 'y_train', 'seed', 'gpu_param', 'fold_generator', 'log_plots_param', 'n_jobs_param', 'pipeline', '_available_plots', '_ml_usecase', 'exp_id', 'memory', 'data', 'fix_imbalance', 'X_train', 'is_multiclass', 'idx', 'USI', 'y', 'target_param', 'fold_groups_param', 'X', 'fold_shuffle_param', 'exp_name_log', 'y_test', 'logging_param', 'gpu_n_jobs_param', 'X_test'}
2025-11-02 23:31:34,487:INFO:Checking environment
2025-11-02 23:31:34,487:INFO:python_version: 3.11.6
2025-11-02 23:31:34,488:INFO:python_build: ('tags/v3.11.6:8b6ee5b', 'Oct  2 2023 14:57:12')
2025-11-02 23:31:34,488:INFO:machine: AMD64
2025-11-02 23:31:34,488:INFO:platform: Windows-10-10.0.22631-SP0
2025-11-02 23:31:34,543:INFO:Memory: svmem(total=8373600256, available=1165656064, percent=86.1, used=7207944192, free=1165656064)
2025-11-02 23:31:34,544:INFO:Physical Core: 4
2025-11-02 23:31:34,544:INFO:Logical Core: 8
2025-11-02 23:31:34,544:INFO:Checking libraries
2025-11-02 23:31:34,544:INFO:System:
2025-11-02 23:31:34,545:INFO:    python: 3.11.6 (tags/v3.11.6:8b6ee5b, Oct  2 2023, 14:57:12) [MSC v.1935 64 bit (AMD64)]
2025-11-02 23:31:34,545:INFO:executable: c:\Users\dhadu\AppData\Local\Programs\Python\Python311\python.exe
2025-11-02 23:31:34,545:INFO:   machine: Windows-10-10.0.22631-SP0
2025-11-02 23:31:34,545:INFO:PyCaret required dependencies:
2025-11-02 23:31:34,550:WARNING:C:\Users\dhadu\AppData\Roaming\Python\Python311\site-packages\_distutils_hack\__init__.py:30: UserWarning: Setuptools is replacing distutils. Support for replacing an already imported distutils is deprecated. In the future, this condition will fail. Register concerns at https://github.com/pypa/setuptools/issues/new?template=distutils-deprecation.yml
  warnings.warn(

2025-11-02 23:31:39,458:INFO:                 pip: 25.3
2025-11-02 23:31:39,459:INFO:          setuptools: 65.5.0
2025-11-02 23:31:39,459:INFO:             pycaret: 3.3.2
2025-11-02 23:31:39,459:INFO:             IPython: 9.6.0
2025-11-02 23:31:39,459:INFO:          ipywidgets: 8.1.7
2025-11-02 23:31:39,459:INFO:                tqdm: 4.67.1
2025-11-02 23:31:39,459:INFO:               numpy: 1.26.4
2025-11-02 23:31:39,459:INFO:              pandas: 2.1.4
2025-11-02 23:31:39,459:INFO:              jinja2: 3.1.6
2025-11-02 23:31:39,459:INFO:               scipy: 1.11.4
2025-11-02 23:31:39,459:INFO:              joblib: 1.3.2
2025-11-02 23:31:39,460:INFO:             sklearn: 1.4.2
2025-11-02 23:31:39,460:INFO:                pyod: 2.0.5
2025-11-02 23:31:39,557:INFO:            imblearn: 0.14.0
2025-11-02 23:31:39,557:INFO:   category_encoders: 2.7.0
2025-11-02 23:31:39,558:INFO:            lightgbm: 4.6.0
2025-11-02 23:31:39,558:INFO:               numba: 0.61.0
2025-11-02 23:31:39,558:INFO:            requests: 2.32.5
2025-11-02 23:31:39,558:INFO:          matplotlib: 3.7.5
2025-11-02 23:31:39,558:INFO:          scikitplot: 0.3.7
2025-11-02 23:31:39,558:INFO:         yellowbrick: 1.5
2025-11-02 23:31:39,559:INFO:              plotly: 5.24.1
2025-11-02 23:31:39,559:INFO:    plotly-resampler: Not installed
2025-11-02 23:31:39,559:INFO:             kaleido: 1.1.0
2025-11-02 23:31:39,559:INFO:           schemdraw: 0.15
2025-11-02 23:31:39,559:INFO:         statsmodels: 0.14.5
2025-11-02 23:31:39,560:INFO:              sktime: 0.26.0
2025-11-02 23:31:39,560:INFO:               tbats: 1.1.3
2025-11-02 23:31:39,560:INFO:            pmdarima: 2.0.4
2025-11-02 23:31:39,560:INFO:              psutil: 7.1.2
2025-11-02 23:31:39,560:INFO:          markupsafe: 3.0.3
2025-11-02 23:31:39,561:INFO:             pickle5: Not installed
2025-11-02 23:31:39,561:INFO:         cloudpickle: 3.1.1
2025-11-02 23:31:39,561:INFO:         deprecation: 2.1.0
2025-11-02 23:31:39,561:INFO:              xxhash: 3.6.0
2025-11-02 23:31:39,561:INFO:           wurlitzer: Not installed
2025-11-02 23:31:39,561:INFO:PyCaret optional dependencies:
2025-11-02 23:31:59,172:INFO:                shap: 0.44.1
2025-11-02 23:31:59,172:INFO:           interpret: 0.7.3
2025-11-02 23:31:59,172:INFO:                umap: 0.5.7
2025-11-02 23:31:59,172:INFO:     ydata_profiling: 4.17.0
2025-11-02 23:31:59,173:INFO:  explainerdashboard: 0.5.1
2025-11-02 23:31:59,173:INFO:             autoviz: Not installed
2025-11-02 23:31:59,173:INFO:           fairlearn: 0.7.0
2025-11-02 23:31:59,173:INFO:          deepchecks: Not installed
2025-11-02 23:31:59,173:INFO:             xgboost: Not installed
2025-11-02 23:31:59,173:INFO:            catboost: 1.2.8
2025-11-02 23:31:59,173:INFO:              kmodes: 0.12.2
2025-11-02 23:31:59,173:INFO:             mlxtend: 0.23.4
2025-11-02 23:31:59,174:INFO:       statsforecast: 1.5.0
2025-11-02 23:31:59,174:INFO:        tune_sklearn: Not installed
2025-11-02 23:31:59,174:INFO:                 ray: Not installed
2025-11-02 23:31:59,174:INFO:            hyperopt: 0.2.7
2025-11-02 23:31:59,174:INFO:              optuna: 4.5.0
2025-11-02 23:31:59,174:INFO:               skopt: 0.10.2
2025-11-02 23:31:59,174:INFO:              mlflow: 3.5.1
2025-11-02 23:31:59,174:INFO:              gradio: 5.49.1
2025-11-02 23:31:59,175:INFO:             fastapi: 0.120.0
2025-11-02 23:31:59,175:INFO:             uvicorn: 0.38.0
2025-11-02 23:31:59,175:INFO:              m2cgen: 0.10.0
2025-11-02 23:31:59,175:INFO:           evidently: 0.4.40
2025-11-02 23:31:59,175:INFO:               fugue: 0.8.7
2025-11-02 23:31:59,175:INFO:           streamlit: Not installed
2025-11-02 23:31:59,175:INFO:             prophet: Not installed
2025-11-02 23:31:59,175:INFO:None
2025-11-02 23:31:59,175:INFO:Set up data.
2025-11-02 23:31:59,201:INFO:Set up folding strategy.
2025-11-02 23:31:59,202:INFO:Set up train/test split.
2025-11-02 23:31:59,226:INFO:Set up index.
2025-11-02 23:31:59,237:INFO:Assigning column types.
2025-11-02 23:31:59,246:INFO:Engine successfully changes for model 'lr' to 'sklearn'.
2025-11-02 23:31:59,365:INFO:Engine for model 'knn' has not been set explicitly, hence returning None.
2025-11-02 23:31:59,376:INFO:Engine for model 'rbfsvm' has not been set explicitly, hence returning None.
2025-11-02 23:31:59,441:WARNING:
'xgboost' is a soft dependency and not included in the pycaret installation. Please run: `pip install xgboost` to install.
Alternately, you can install this by running `pip install pycaret[models]`
2025-11-02 23:31:59,442:INFO:Soft dependency imported: catboost: 1.2.8
2025-11-02 23:32:02,036:INFO:Engine for model 'knn' has not been set explicitly, hence returning None.
2025-11-02 23:32:02,037:INFO:Engine for model 'rbfsvm' has not been set explicitly, hence returning None.
2025-11-02 23:32:02,075:WARNING:
'xgboost' is a soft dependency and not included in the pycaret installation. Please run: `pip install xgboost` to install.
Alternately, you can install this by running `pip install pycaret[models]`
2025-11-02 23:32:02,075:INFO:Soft dependency imported: catboost: 1.2.8
2025-11-02 23:32:02,076:INFO:Engine successfully changes for model 'knn' to 'sklearn'.
2025-11-02 23:32:02,147:INFO:Engine for model 'rbfsvm' has not been set explicitly, hence returning None.
2025-11-02 23:32:02,205:WARNING:
'xgboost' is a soft dependency and not included in the pycaret installation. Please run: `pip install xgboost` to install.
Alternately, you can install this by running `pip install pycaret[models]`
2025-11-02 23:32:02,205:INFO:Soft dependency imported: catboost: 1.2.8
2025-11-02 23:32:02,291:INFO:Engine for model 'rbfsvm' has not been set explicitly, hence returning None.
2025-11-02 23:32:02,340:WARNING:
'xgboost' is a soft dependency and not included in the pycaret installation. Please run: `pip install xgboost` to install.
Alternately, you can install this by running `pip install pycaret[models]`
2025-11-02 23:32:02,341:INFO:Soft dependency imported: catboost: 1.2.8
2025-11-02 23:32:02,342:INFO:Engine successfully changes for model 'rbfsvm' to 'sklearn'.
2025-11-02 23:32:02,483:WARNING:
'xgboost' is a soft dependency and not included in the pycaret installation. Please run: `pip install xgboost` to install.
Alternately, you can install this by running `pip install pycaret[models]`
2025-11-02 23:32:02,483:INFO:Soft dependency imported: catboost: 1.2.8
2025-11-02 23:32:02,637:WARNING:
'xgboost' is a soft dependency and not included in the pycaret installation. Please run: `pip install xgboost` to install.
Alternately, you can install this by running `pip install pycaret[models]`
2025-11-02 23:32:02,638:INFO:Soft dependency imported: catboost: 1.2.8
2025-11-02 23:32:02,644:INFO:Preparing preprocessing pipeline...
2025-11-02 23:32:02,654:INFO:Set up label encoding.
2025-11-02 23:32:02,654:INFO:Set up simple imputation.
2025-11-02 23:32:02,654:INFO:Set up feature normalization.
2025-11-02 23:32:02,718:INFO:Finished creating preprocessing pipeline.
2025-11-02 23:32:02,727:INFO:Pipeline: Pipeline(memory=FastMemory(location=C:\Users\dhadu\AppData\Local\Temp\joblib),
         steps=[('label_encoding',
                 TransformerWrapperWithInverse(exclude=None, include=None,
                                               transformer=LabelEncoder())),
                ('numerical_imputer',
                 TransformerWrapper(exclude=None,
                                    include=['Area', 'MajorAxisLength',
                                             'MinorAxisLength', 'Eccentricity',
                                             'ConvexArea', 'Extent',
                                             'Perimeter'],
                                    transfo...
                ('categorical_imputer',
                 TransformerWrapper(exclude=None, include=[],
                                    transformer=SimpleImputer(add_indicator=False,
                                                              copy=True,
                                                              fill_value=None,
                                                              keep_empty_features=False,
                                                              missing_values=nan,
                                                              strategy='most_frequent'))),
                ('normalize',
                 TransformerWrapper(exclude=None, include=None,
                                    transformer=StandardScaler(copy=True,
                                                               with_mean=True,
                                                               with_std=True)))],
         verbose=False)
2025-11-02 23:32:02,727:INFO:Creating final display dataframe.
2025-11-02 23:32:02,894:INFO:Setup _display_container:                     Description                  Value
0                    Session id                    123
1                        Target                  Class
2                   Target type                 Binary
3                Target mapping   Besni: 0, Kecimen: 1
4           Original data shape               (900, 8)
5        Transformed data shape               (900, 8)
6   Transformed train set shape               (720, 8)
7    Transformed test set shape               (180, 8)
8              Numeric features                      7
9                    Preprocess                   True
10              Imputation type                 simple
11           Numeric imputation                   mean
12       Categorical imputation                   mode
13                    Normalize                   True
14             Normalize method                 zscore
15               Fold Generator        StratifiedKFold
16                  Fold Number                     10
17                     CPU Jobs                     -1
18                      Use GPU                  False
19               Log Experiment                  False
20              Experiment Name  raisin_classification
21                          USI                   ab0c
2025-11-02 23:32:03,111:WARNING:
'xgboost' is a soft dependency and not included in the pycaret installation. Please run: `pip install xgboost` to install.
Alternately, you can install this by running `pip install pycaret[models]`
2025-11-02 23:32:03,112:INFO:Soft dependency imported: catboost: 1.2.8
2025-11-02 23:32:03,258:WARNING:
'xgboost' is a soft dependency and not included in the pycaret installation. Please run: `pip install xgboost` to install.
Alternately, you can install this by running `pip install pycaret[models]`
2025-11-02 23:32:03,259:INFO:Soft dependency imported: catboost: 1.2.8
2025-11-02 23:32:03,261:INFO:setup() successfully completed in 28.8s...............
2025-11-02 23:32:03,284:INFO:Initializing compare_models()
2025-11-02 23:32:03,284:INFO:compare_models(self=<pycaret.classification.oop.ClassificationExperiment object at 0x00000201BB1A4410>, include=None, exclude=None, fold=None, round=4, cross_validation=True, sort=Accuracy, n_select=5, budget_time=None, turbo=True, errors=ignore, fit_kwargs=None, groups=None, experiment_custom_tags=None, probability_threshold=None, verbose=True, parallel=None, caller_params={'self': <pycaret.classification.oop.ClassificationExperiment object at 0x00000201BB1A4410>, 'include': None, 'exclude': None, 'fold': None, 'round': 4, 'cross_validation': True, 'sort': 'Accuracy', 'n_select': 5, 'budget_time': None, 'turbo': True, 'errors': 'ignore', 'fit_kwargs': None, 'groups': None, 'experiment_custom_tags': None, 'probability_threshold': None, 'engine': None, 'verbose': True, 'parallel': None, '__class__': <class 'pycaret.classification.oop.ClassificationExperiment'>})
2025-11-02 23:32:03,284:INFO:Checking exceptions
2025-11-02 23:32:03,290:INFO:Preparing display monitor
2025-11-02 23:32:03,332:INFO:Initializing Logistic Regression
2025-11-02 23:32:03,333:INFO:Total runtime is 1.6999244689941406e-05 minutes
2025-11-02 23:32:03,338:INFO:SubProcess create_model() called ==================================
2025-11-02 23:32:03,338:INFO:Initializing create_model()
2025-11-02 23:32:03,339:INFO:create_model(self=<pycaret.classification.oop.ClassificationExperiment object at 0x00000201BB1A4410>, estimator=lr, fold=StratifiedKFold(n_splits=10, random_state=None, shuffle=False), round=4, cross_validation=True, predict=True, fit_kwargs={}, groups=None, refit=False, probability_threshold=None, experiment_custom_tags=None, verbose=False, system=False, add_to_model_list=True, metrics=None, display=<pycaret.internal.display.display.CommonDisplay object at 0x00000201BB16E310>, model_only=True, return_train_score=False, error_score=0.0, kwargs={})
2025-11-02 23:32:03,339:INFO:Checking exceptions
2025-11-02 23:32:03,339:INFO:Importing libraries
2025-11-02 23:32:03,339:INFO:Copying training dataset
2025-11-02 23:32:03,349:INFO:Defining folds
2025-11-02 23:32:03,349:INFO:Declaring metric variables
2025-11-02 23:32:03,355:INFO:Importing untrained model
2025-11-02 23:32:03,360:INFO:Logistic Regression Imported successfully
2025-11-02 23:32:03,371:INFO:Starting cross validation
2025-11-02 23:32:03,372:INFO:Cross validating with StratifiedKFold(n_splits=10, random_state=None, shuffle=False), n_jobs=-1
2025-11-02 23:32:13,365:WARNING:C:\Users\dhadu\AppData\Roaming\Python\Python311\site-packages\_distutils_hack\__init__.py:30: UserWarning: Setuptools is replacing distutils. Support for replacing an already imported distutils is deprecated. In the future, this condition will fail. Register concerns at https://github.com/pypa/setuptools/issues/new?template=distutils-deprecation.yml
  warnings.warn(

2025-11-02 23:32:13,367:WARNING:C:\Users\dhadu\AppData\Roaming\Python\Python311\site-packages\_distutils_hack\__init__.py:30: UserWarning: Setuptools is replacing distutils. Support for replacing an already imported distutils is deprecated. In the future, this condition will fail. Register concerns at https://github.com/pypa/setuptools/issues/new?template=distutils-deprecation.yml
  warnings.warn(

2025-11-02 23:32:13,368:WARNING:C:\Users\dhadu\AppData\Roaming\Python\Python311\site-packages\_distutils_hack\__init__.py:30: UserWarning: Setuptools is replacing distutils. Support for replacing an already imported distutils is deprecated. In the future, this condition will fail. Register concerns at https://github.com/pypa/setuptools/issues/new?template=distutils-deprecation.yml
  warnings.warn(

2025-11-02 23:32:13,375:WARNING:C:\Users\dhadu\AppData\Roaming\Python\Python311\site-packages\_distutils_hack\__init__.py:30: UserWarning: Setuptools is replacing distutils. Support for replacing an already imported distutils is deprecated. In the future, this condition will fail. Register concerns at https://github.com/pypa/setuptools/issues/new?template=distutils-deprecation.yml
  warnings.warn(

2025-11-02 23:32:13,391:WARNING:C:\Users\dhadu\AppData\Roaming\Python\Python311\site-packages\_distutils_hack\__init__.py:30: UserWarning: Setuptools is replacing distutils. Support for replacing an already imported distutils is deprecated. In the future, this condition will fail. Register concerns at https://github.com/pypa/setuptools/issues/new?template=distutils-deprecation.yml
  warnings.warn(

2025-11-02 23:32:13,443:WARNING:C:\Users\dhadu\AppData\Roaming\Python\Python311\site-packages\_distutils_hack\__init__.py:30: UserWarning: Setuptools is replacing distutils. Support for replacing an already imported distutils is deprecated. In the future, this condition will fail. Register concerns at https://github.com/pypa/setuptools/issues/new?template=distutils-deprecation.yml
  warnings.warn(

2025-11-02 23:32:13,661:WARNING:C:\Users\dhadu\AppData\Roaming\Python\Python311\site-packages\_distutils_hack\__init__.py:30: UserWarning: Setuptools is replacing distutils. Support for replacing an already imported distutils is deprecated. In the future, this condition will fail. Register concerns at https://github.com/pypa/setuptools/issues/new?template=distutils-deprecation.yml
  warnings.warn(

2025-11-02 23:32:17,193:WARNING:C:\Users\dhadu\AppData\Roaming\Python\Python311\site-packages\sklearn\metrics\_classification.py:1561: UserWarning: Note that pos_label (set to 'Kecimen') is ignored when average != 'binary' (got 'weighted'). You may use labels=[pos_label] to specify a single positive class.
  warnings.warn(

2025-11-02 23:32:17,194:WARNING:C:\Users\dhadu\AppData\Roaming\Python\Python311\site-packages\sklearn\metrics\_classification.py:1561: UserWarning: Note that pos_label (set to 'Kecimen') is ignored when average != 'binary' (got 'weighted'). You may use labels=[pos_label] to specify a single positive class.
  warnings.warn(

2025-11-02 23:32:17,194:WARNING:C:\Users\dhadu\AppData\Roaming\Python\Python311\site-packages\sklearn\metrics\_classification.py:1561: UserWarning: Note that pos_label (set to 'Kecimen') is ignored when average != 'binary' (got 'weighted'). You may use labels=[pos_label] to specify a single positive class.
  warnings.warn(

2025-11-02 23:32:17,194:WARNING:C:\Users\dhadu\AppData\Roaming\Python\Python311\site-packages\sklearn\metrics\_classification.py:1561: UserWarning: Note that pos_label (set to 'Kecimen') is ignored when average != 'binary' (got 'weighted'). You may use labels=[pos_label] to specify a single positive class.
  warnings.warn(

2025-11-02 23:32:17,197:WARNING:C:\Users\dhadu\AppData\Roaming\Python\Python311\site-packages\sklearn\metrics\_classification.py:1561: UserWarning: Note that pos_label (set to 'Kecimen') is ignored when average != 'binary' (got 'weighted'). You may use labels=[pos_label] to specify a single positive class.
  warnings.warn(

2025-11-02 23:32:17,203:WARNING:C:\Users\dhadu\AppData\Roaming\Python\Python311\site-packages\sklearn\metrics\_classification.py:1561: UserWarning: Note that pos_label (set to 'Kecimen') is ignored when average != 'binary' (got 'weighted'). You may use labels=[pos_label] to specify a single positive class.
  warnings.warn(

2025-11-02 23:32:17,203:WARNING:C:\Users\dhadu\AppData\Roaming\Python\Python311\site-packages\sklearn\metrics\_classification.py:1561: UserWarning: Note that pos_label (set to 'Kecimen') is ignored when average != 'binary' (got 'weighted'). You may use labels=[pos_label] to specify a single positive class.
  warnings.warn(

2025-11-02 23:32:17,203:WARNING:C:\Users\dhadu\AppData\Roaming\Python\Python311\site-packages\sklearn\metrics\_classification.py:1561: UserWarning: Note that pos_label (set to 'Kecimen') is ignored when average != 'binary' (got 'weighted'). You may use labels=[pos_label] to specify a single positive class.
  warnings.warn(

2025-11-02 23:32:17,204:WARNING:C:\Users\dhadu\AppData\Roaming\Python\Python311\site-packages\sklearn\metrics\_classification.py:1561: UserWarning: Note that pos_label (set to 'Kecimen') is ignored when average != 'binary' (got 'weighted'). You may use labels=[pos_label] to specify a single positive class.
  warnings.warn(

2025-11-02 23:32:17,209:WARNING:C:\Users\dhadu\AppData\Roaming\Python\Python311\site-packages\sklearn\metrics\_classification.py:1561: UserWarning: Note that pos_label (set to 'Kecimen') is ignored when average != 'binary' (got 'weighted'). You may use labels=[pos_label] to specify a single positive class.
  warnings.warn(

2025-11-02 23:32:17,210:WARNING:C:\Users\dhadu\AppData\Roaming\Python\Python311\site-packages\sklearn\metrics\_classification.py:1561: UserWarning: Note that pos_label (set to 'Kecimen') is ignored when average != 'binary' (got 'weighted'). You may use labels=[pos_label] to specify a single positive class.
  warnings.warn(

2025-11-02 23:32:17,210:WARNING:C:\Users\dhadu\AppData\Roaming\Python\Python311\site-packages\sklearn\metrics\_classification.py:1561: UserWarning: Note that pos_label (set to 'Kecimen') is ignored when average != 'binary' (got 'weighted'). You may use labels=[pos_label] to specify a single positive class.
  warnings.warn(

2025-11-02 23:32:17,210:WARNING:C:\Users\dhadu\AppData\Roaming\Python\Python311\site-packages\sklearn\metrics\_classification.py:1561: UserWarning: Note that pos_label (set to 'Kecimen') is ignored when average != 'binary' (got 'weighted'). You may use labels=[pos_label] to specify a single positive class.
  warnings.warn(

2025-11-02 23:32:17,210:WARNING:C:\Users\dhadu\AppData\Roaming\Python\Python311\site-packages\sklearn\metrics\_classification.py:1561: UserWarning: Note that pos_label (set to 'Kecimen') is ignored when average != 'binary' (got 'weighted'). You may use labels=[pos_label] to specify a single positive class.
  warnings.warn(

2025-11-02 23:32:17,211:WARNING:C:\Users\dhadu\AppData\Roaming\Python\Python311\site-packages\sklearn\metrics\_classification.py:1561: UserWarning: Note that pos_label (set to 'Kecimen') is ignored when average != 'binary' (got 'weighted'). You may use labels=[pos_label] to specify a single positive class.
  warnings.warn(

2025-11-02 23:32:17,211:WARNING:C:\Users\dhadu\AppData\Roaming\Python\Python311\site-packages\sklearn\metrics\_classification.py:1561: UserWarning: Note that pos_label (set to 'Kecimen') is ignored when average != 'binary' (got 'weighted'). You may use labels=[pos_label] to specify a single positive class.
  warnings.warn(

2025-11-02 23:32:17,218:WARNING:C:\Users\dhadu\AppData\Roaming\Python\Python311\site-packages\sklearn\metrics\_classification.py:1561: UserWarning: Note that pos_label (set to 'Kecimen') is ignored when average != 'binary' (got 'weighted'). You may use labels=[pos_label] to specify a single positive class.
  warnings.warn(

2025-11-02 23:32:17,234:WARNING:C:\Users\dhadu\AppData\Roaming\Python\Python311\site-packages\sklearn\metrics\_classification.py:1561: UserWarning: Note that pos_label (set to 'Kecimen') is ignored when average != 'binary' (got 'weighted'). You may use labels=[pos_label] to specify a single positive class.
  warnings.warn(

2025-11-02 23:32:17,242:WARNING:C:\Users\dhadu\AppData\Roaming\Python\Python311\site-packages\sklearn\metrics\_classification.py:1561: UserWarning: Note that pos_label (set to 'Kecimen') is ignored when average != 'binary' (got 'weighted'). You may use labels=[pos_label] to specify a single positive class.
  warnings.warn(

2025-11-02 23:32:17,657:WARNING:C:\Users\dhadu\AppData\Roaming\Python\Python311\site-packages\sklearn\metrics\_classification.py:1561: UserWarning: Note that pos_label (set to 'Kecimen') is ignored when average != 'binary' (got 'weighted'). You may use labels=[pos_label] to specify a single positive class.
  warnings.warn(

2025-11-02 23:32:17,658:WARNING:C:\Users\dhadu\AppData\Roaming\Python\Python311\site-packages\sklearn\metrics\_classification.py:1561: UserWarning: Note that pos_label (set to 'Kecimen') is ignored when average != 'binary' (got 'weighted'). You may use labels=[pos_label] to specify a single positive class.
  warnings.warn(

2025-11-02 23:32:17,663:WARNING:C:\Users\dhadu\AppData\Roaming\Python\Python311\site-packages\sklearn\metrics\_classification.py:1561: UserWarning: Note that pos_label (set to 'Kecimen') is ignored when average != 'binary' (got 'weighted'). You may use labels=[pos_label] to specify a single positive class.
  warnings.warn(

2025-11-02 23:32:17,663:WARNING:C:\Users\dhadu\AppData\Roaming\Python\Python311\site-packages\sklearn\metrics\_classification.py:1561: UserWarning: Note that pos_label (set to 'Kecimen') is ignored when average != 'binary' (got 'weighted'). You may use labels=[pos_label] to specify a single positive class.
  warnings.warn(

2025-11-02 23:32:17,669:WARNING:C:\Users\dhadu\AppData\Roaming\Python\Python311\site-packages\sklearn\metrics\_classification.py:1561: UserWarning: Note that pos_label (set to 'Kecimen') is ignored when average != 'binary' (got 'weighted'). You may use labels=[pos_label] to specify a single positive class.
  warnings.warn(

2025-11-02 23:32:17,670:WARNING:C:\Users\dhadu\AppData\Roaming\Python\Python311\site-packages\sklearn\metrics\_classification.py:1561: UserWarning: Note that pos_label (set to 'Kecimen') is ignored when average != 'binary' (got 'weighted'). You may use labels=[pos_label] to specify a single positive class.
  warnings.warn(

2025-11-02 23:32:17,686:INFO:Calculating mean and std
2025-11-02 23:32:17,689:INFO:Creating metrics dataframe
2025-11-02 23:32:17,696:INFO:Uploading results into container
2025-11-02 23:32:17,698:INFO:Uploading model into container now
2025-11-02 23:32:17,699:INFO:_master_model_container: 1
2025-11-02 23:32:17,700:INFO:_display_container: 2
2025-11-02 23:32:17,701:INFO:LogisticRegression(C=1.0, class_weight=None, dual=False, fit_intercept=True,
                   intercept_scaling=1, l1_ratio=None, max_iter=1000,
                   multi_class='auto', n_jobs=None, penalty='l2',
                   random_state=123, solver='lbfgs', tol=0.0001, verbose=0,
                   warm_start=False)
2025-11-02 23:32:17,701:INFO:create_model() successfully completed......................................
2025-11-02 23:32:17,948:INFO:SubProcess create_model() end ==================================
2025-11-02 23:32:17,949:INFO:Creating metrics dataframe
2025-11-02 23:32:17,971:INFO:Initializing K Neighbors Classifier
2025-11-02 23:32:17,972:INFO:Total runtime is 0.24401094516118368 minutes
2025-11-02 23:32:17,979:INFO:SubProcess create_model() called ==================================
2025-11-02 23:32:17,980:INFO:Initializing create_model()
2025-11-02 23:32:17,982:INFO:create_model(self=<pycaret.classification.oop.ClassificationExperiment object at 0x00000201BB1A4410>, estimator=knn, fold=StratifiedKFold(n_splits=10, random_state=None, shuffle=False), round=4, cross_validation=True, predict=True, fit_kwargs={}, groups=None, refit=False, probability_threshold=None, experiment_custom_tags=None, verbose=False, system=False, add_to_model_list=True, metrics=None, display=<pycaret.internal.display.display.CommonDisplay object at 0x00000201BB16E310>, model_only=True, return_train_score=False, error_score=0.0, kwargs={})
2025-11-02 23:32:17,982:INFO:Checking exceptions
2025-11-02 23:32:17,982:INFO:Importing libraries
2025-11-02 23:32:17,982:INFO:Copying training dataset
2025-11-02 23:32:17,992:INFO:Defining folds
2025-11-02 23:32:17,992:INFO:Declaring metric variables
2025-11-02 23:32:18,003:INFO:Importing untrained model
2025-11-02 23:32:18,019:INFO:K Neighbors Classifier Imported successfully
2025-11-02 23:32:18,043:INFO:Starting cross validation
2025-11-02 23:32:18,045:INFO:Cross validating with StratifiedKFold(n_splits=10, random_state=None, shuffle=False), n_jobs=-1
2025-11-02 23:32:18,275:WARNING:C:\Users\dhadu\AppData\Roaming\Python\Python311\site-packages\sklearn\metrics\_classification.py:1561: UserWarning: Note that pos_label (set to 'Kecimen') is ignored when average != 'binary' (got 'weighted'). You may use labels=[pos_label] to specify a single positive class.
  warnings.warn(

2025-11-02 23:32:18,277:WARNING:C:\Users\dhadu\AppData\Roaming\Python\Python311\site-packages\sklearn\metrics\_classification.py:1561: UserWarning: Note that pos_label (set to 'Kecimen') is ignored when average != 'binary' (got 'weighted'). You may use labels=[pos_label] to specify a single positive class.
  warnings.warn(

2025-11-02 23:32:18,278:WARNING:C:\Users\dhadu\AppData\Roaming\Python\Python311\site-packages\sklearn\metrics\_classification.py:1561: UserWarning: Note that pos_label (set to 'Kecimen') is ignored when average != 'binary' (got 'weighted'). You may use labels=[pos_label] to specify a single positive class.
  warnings.warn(

2025-11-02 23:32:18,280:WARNING:C:\Users\dhadu\AppData\Roaming\Python\Python311\site-packages\sklearn\metrics\_classification.py:1561: UserWarning: Note that pos_label (set to 'Kecimen') is ignored when average != 'binary' (got 'weighted'). You may use labels=[pos_label] to specify a single positive class.
  warnings.warn(

2025-11-02 23:32:18,284:WARNING:C:\Users\dhadu\AppData\Roaming\Python\Python311\site-packages\sklearn\metrics\_classification.py:1561: UserWarning: Note that pos_label (set to 'Kecimen') is ignored when average != 'binary' (got 'weighted'). You may use labels=[pos_label] to specify a single positive class.
  warnings.warn(

2025-11-02 23:32:18,284:WARNING:C:\Users\dhadu\AppData\Roaming\Python\Python311\site-packages\sklearn\metrics\_classification.py:1561: UserWarning: Note that pos_label (set to 'Kecimen') is ignored when average != 'binary' (got 'weighted'). You may use labels=[pos_label] to specify a single positive class.
  warnings.warn(

2025-11-02 23:32:18,284:WARNING:C:\Users\dhadu\AppData\Roaming\Python\Python311\site-packages\sklearn\metrics\_classification.py:1561: UserWarning: Note that pos_label (set to 'Kecimen') is ignored when average != 'binary' (got 'weighted'). You may use labels=[pos_label] to specify a single positive class.
  warnings.warn(

2025-11-02 23:32:18,286:WARNING:C:\Users\dhadu\AppData\Roaming\Python\Python311\site-packages\sklearn\metrics\_classification.py:1561: UserWarning: Note that pos_label (set to 'Kecimen') is ignored when average != 'binary' (got 'weighted'). You may use labels=[pos_label] to specify a single positive class.
  warnings.warn(

2025-11-02 23:32:18,288:WARNING:C:\Users\dhadu\AppData\Roaming\Python\Python311\site-packages\sklearn\metrics\_classification.py:1561: UserWarning: Note that pos_label (set to 'Kecimen') is ignored when average != 'binary' (got 'weighted'). You may use labels=[pos_label] to specify a single positive class.
  warnings.warn(

2025-11-02 23:32:18,288:WARNING:C:\Users\dhadu\AppData\Roaming\Python\Python311\site-packages\sklearn\metrics\_classification.py:1561: UserWarning: Note that pos_label (set to 'Kecimen') is ignored when average != 'binary' (got 'weighted'). You may use labels=[pos_label] to specify a single positive class.
  warnings.warn(

2025-11-02 23:32:18,292:WARNING:C:\Users\dhadu\AppData\Roaming\Python\Python311\site-packages\sklearn\metrics\_classification.py:1561: UserWarning: Note that pos_label (set to 'Kecimen') is ignored when average != 'binary' (got 'weighted'). You may use labels=[pos_label] to specify a single positive class.
  warnings.warn(

2025-11-02 23:32:18,292:WARNING:C:\Users\dhadu\AppData\Roaming\Python\Python311\site-packages\sklearn\metrics\_classification.py:1561: UserWarning: Note that pos_label (set to 'Kecimen') is ignored when average != 'binary' (got 'weighted'). You may use labels=[pos_label] to specify a single positive class.
  warnings.warn(

2025-11-02 23:32:18,293:WARNING:C:\Users\dhadu\AppData\Roaming\Python\Python311\site-packages\sklearn\metrics\_classification.py:1561: UserWarning: Note that pos_label (set to 'Kecimen') is ignored when average != 'binary' (got 'weighted'). You may use labels=[pos_label] to specify a single positive class.
  warnings.warn(

2025-11-02 23:32:18,294:WARNING:C:\Users\dhadu\AppData\Roaming\Python\Python311\site-packages\sklearn\metrics\_classification.py:1561: UserWarning: Note that pos_label (set to 'Kecimen') is ignored when average != 'binary' (got 'weighted'). You may use labels=[pos_label] to specify a single positive class.
  warnings.warn(

2025-11-02 23:32:18,295:WARNING:C:\Users\dhadu\AppData\Roaming\Python\Python311\site-packages\sklearn\metrics\_classification.py:1561: UserWarning: Note that pos_label (set to 'Kecimen') is ignored when average != 'binary' (got 'weighted'). You may use labels=[pos_label] to specify a single positive class.
  warnings.warn(

2025-11-02 23:32:18,296:WARNING:C:\Users\dhadu\AppData\Roaming\Python\Python311\site-packages\sklearn\metrics\_classification.py:1561: UserWarning: Note that pos_label (set to 'Kecimen') is ignored when average != 'binary' (got 'weighted'). You may use labels=[pos_label] to specify a single positive class.
  warnings.warn(

2025-11-02 23:32:18,301:WARNING:C:\Users\dhadu\AppData\Roaming\Python\Python311\site-packages\sklearn\metrics\_classification.py:1561: UserWarning: Note that pos_label (set to 'Kecimen') is ignored when average != 'binary' (got 'weighted'). You may use labels=[pos_label] to specify a single positive class.
  warnings.warn(

2025-11-02 23:32:18,306:WARNING:C:\Users\dhadu\AppData\Roaming\Python\Python311\site-packages\sklearn\metrics\_classification.py:1561: UserWarning: Note that pos_label (set to 'Kecimen') is ignored when average != 'binary' (got 'weighted'). You may use labels=[pos_label] to specify a single positive class.
  warnings.warn(

2025-11-02 23:32:18,320:WARNING:C:\Users\dhadu\AppData\Roaming\Python\Python311\site-packages\sklearn\metrics\_classification.py:1561: UserWarning: Note that pos_label (set to 'Kecimen') is ignored when average != 'binary' (got 'weighted'). You may use labels=[pos_label] to specify a single positive class.
  warnings.warn(

2025-11-02 23:32:18,322:WARNING:C:\Users\dhadu\AppData\Roaming\Python\Python311\site-packages\sklearn\metrics\_classification.py:1561: UserWarning: Note that pos_label (set to 'Kecimen') is ignored when average != 'binary' (got 'weighted'). You may use labels=[pos_label] to specify a single positive class.
  warnings.warn(

2025-11-02 23:32:18,325:WARNING:C:\Users\dhadu\AppData\Roaming\Python\Python311\site-packages\sklearn\metrics\_classification.py:1561: UserWarning: Note that pos_label (set to 'Kecimen') is ignored when average != 'binary' (got 'weighted'). You may use labels=[pos_label] to specify a single positive class.
  warnings.warn(

2025-11-02 23:32:18,328:WARNING:C:\Users\dhadu\AppData\Roaming\Python\Python311\site-packages\sklearn\metrics\_classification.py:1561: UserWarning: Note that pos_label (set to 'Kecimen') is ignored when average != 'binary' (got 'weighted'). You may use labels=[pos_label] to specify a single positive class.
  warnings.warn(

2025-11-02 23:32:18,328:WARNING:C:\Users\dhadu\AppData\Roaming\Python\Python311\site-packages\sklearn\metrics\_classification.py:1561: UserWarning: Note that pos_label (set to 'Kecimen') is ignored when average != 'binary' (got 'weighted'). You may use labels=[pos_label] to specify a single positive class.
  warnings.warn(

2025-11-02 23:32:18,333:WARNING:C:\Users\dhadu\AppData\Roaming\Python\Python311\site-packages\sklearn\metrics\_classification.py:1561: UserWarning: Note that pos_label (set to 'Kecimen') is ignored when average != 'binary' (got 'weighted'). You may use labels=[pos_label] to specify a single positive class.
  warnings.warn(

2025-11-02 23:32:18,394:WARNING:C:\Users\dhadu\AppData\Roaming\Python\Python311\site-packages\sklearn\metrics\_classification.py:1561: UserWarning: Note that pos_label (set to 'Kecimen') is ignored when average != 'binary' (got 'weighted'). You may use labels=[pos_label] to specify a single positive class.
  warnings.warn(

2025-11-02 23:32:18,398:WARNING:C:\Users\dhadu\AppData\Roaming\Python\Python311\site-packages\sklearn\metrics\_classification.py:1561: UserWarning: Note that pos_label (set to 'Kecimen') is ignored when average != 'binary' (got 'weighted'). You may use labels=[pos_label] to specify a single positive class.
  warnings.warn(

2025-11-02 23:32:18,400:WARNING:C:\Users\dhadu\AppData\Roaming\Python\Python311\site-packages\sklearn\metrics\_classification.py:1561: UserWarning: Note that pos_label (set to 'Kecimen') is ignored when average != 'binary' (got 'weighted'). You may use labels=[pos_label] to specify a single positive class.
  warnings.warn(

2025-11-02 23:32:18,405:WARNING:C:\Users\dhadu\AppData\Roaming\Python\Python311\site-packages\sklearn\metrics\_classification.py:1561: UserWarning: Note that pos_label (set to 'Kecimen') is ignored when average != 'binary' (got 'weighted'). You may use labels=[pos_label] to specify a single positive class.
  warnings.warn(

2025-11-02 23:32:18,407:WARNING:C:\Users\dhadu\AppData\Roaming\Python\Python311\site-packages\sklearn\metrics\_classification.py:1561: UserWarning: Note that pos_label (set to 'Kecimen') is ignored when average != 'binary' (got 'weighted'). You may use labels=[pos_label] to specify a single positive class.
  warnings.warn(

2025-11-02 23:32:18,412:WARNING:C:\Users\dhadu\AppData\Roaming\Python\Python311\site-packages\sklearn\metrics\_classification.py:1561: UserWarning: Note that pos_label (set to 'Kecimen') is ignored when average != 'binary' (got 'weighted'). You may use labels=[pos_label] to specify a single positive class.
  warnings.warn(

2025-11-02 23:32:18,424:INFO:Calculating mean and std
2025-11-02 23:32:18,426:INFO:Creating metrics dataframe
2025-11-02 23:32:18,428:INFO:Uploading results into container
2025-11-02 23:32:18,429:INFO:Uploading model into container now
2025-11-02 23:32:18,429:INFO:_master_model_container: 2
2025-11-02 23:32:18,430:INFO:_display_container: 2
2025-11-02 23:32:18,430:INFO:KNeighborsClassifier(algorithm='auto', leaf_size=30, metric='minkowski',
                     metric_params=None, n_jobs=-1, n_neighbors=5, p=2,
                     weights='uniform')
2025-11-02 23:32:18,430:INFO:create_model() successfully completed......................................
2025-11-02 23:32:18,766:INFO:SubProcess create_model() end ==================================
2025-11-02 23:32:18,767:INFO:Creating metrics dataframe
2025-11-02 23:32:18,810:INFO:Initializing Naive Bayes
2025-11-02 23:32:18,811:INFO:Total runtime is 0.25798554023106895 minutes
2025-11-02 23:32:18,825:INFO:SubProcess create_model() called ==================================
2025-11-02 23:32:18,826:INFO:Initializing create_model()
2025-11-02 23:32:18,827:INFO:create_model(self=<pycaret.classification.oop.ClassificationExperiment object at 0x00000201BB1A4410>, estimator=nb, fold=StratifiedKFold(n_splits=10, random_state=None, shuffle=False), round=4, cross_validation=True, predict=True, fit_kwargs={}, groups=None, refit=False, probability_threshold=None, experiment_custom_tags=None, verbose=False, system=False, add_to_model_list=True, metrics=None, display=<pycaret.internal.display.display.CommonDisplay object at 0x00000201BB16E310>, model_only=True, return_train_score=False, error_score=0.0, kwargs={})
2025-11-02 23:32:18,828:INFO:Checking exceptions
2025-11-02 23:32:18,828:INFO:Importing libraries
2025-11-02 23:32:18,828:INFO:Copying training dataset
2025-11-02 23:32:18,850:INFO:Defining folds
2025-11-02 23:32:18,851:INFO:Declaring metric variables
2025-11-02 23:32:18,867:INFO:Importing untrained model
2025-11-02 23:32:18,885:INFO:Naive Bayes Imported successfully
2025-11-02 23:32:18,917:INFO:Starting cross validation
2025-11-02 23:32:18,921:INFO:Cross validating with StratifiedKFold(n_splits=10, random_state=None, shuffle=False), n_jobs=-1
2025-11-02 23:32:19,129:WARNING:C:\Users\dhadu\AppData\Roaming\Python\Python311\site-packages\sklearn\metrics\_classification.py:1561: UserWarning: Note that pos_label (set to 'Kecimen') is ignored when average != 'binary' (got 'weighted'). You may use labels=[pos_label] to specify a single positive class.
  warnings.warn(

2025-11-02 23:32:19,129:WARNING:C:\Users\dhadu\AppData\Roaming\Python\Python311\site-packages\sklearn\metrics\_classification.py:1561: UserWarning: Note that pos_label (set to 'Kecimen') is ignored when average != 'binary' (got 'weighted'). You may use labels=[pos_label] to specify a single positive class.
  warnings.warn(

2025-11-02 23:32:19,133:WARNING:C:\Users\dhadu\AppData\Roaming\Python\Python311\site-packages\sklearn\metrics\_classification.py:1561: UserWarning: Note that pos_label (set to 'Kecimen') is ignored when average != 'binary' (got 'weighted'). You may use labels=[pos_label] to specify a single positive class.
  warnings.warn(

2025-11-02 23:32:19,137:WARNING:C:\Users\dhadu\AppData\Roaming\Python\Python311\site-packages\sklearn\metrics\_classification.py:1561: UserWarning: Note that pos_label (set to 'Kecimen') is ignored when average != 'binary' (got 'weighted'). You may use labels=[pos_label] to specify a single positive class.
  warnings.warn(

2025-11-02 23:32:19,137:WARNING:C:\Users\dhadu\AppData\Roaming\Python\Python311\site-packages\sklearn\metrics\_classification.py:1561: UserWarning: Note that pos_label (set to 'Kecimen') is ignored when average != 'binary' (got 'weighted'). You may use labels=[pos_label] to specify a single positive class.
  warnings.warn(

2025-11-02 23:32:19,140:WARNING:C:\Users\dhadu\AppData\Roaming\Python\Python311\site-packages\sklearn\metrics\_classification.py:1561: UserWarning: Note that pos_label (set to 'Kecimen') is ignored when average != 'binary' (got 'weighted'). You may use labels=[pos_label] to specify a single positive class.
  warnings.warn(

2025-11-02 23:32:19,141:WARNING:C:\Users\dhadu\AppData\Roaming\Python\Python311\site-packages\sklearn\metrics\_classification.py:1561: UserWarning: Note that pos_label (set to 'Kecimen') is ignored when average != 'binary' (got 'weighted'). You may use labels=[pos_label] to specify a single positive class.
  warnings.warn(

2025-11-02 23:32:19,145:WARNING:C:\Users\dhadu\AppData\Roaming\Python\Python311\site-packages\sklearn\metrics\_classification.py:1561: UserWarning: Note that pos_label (set to 'Kecimen') is ignored when average != 'binary' (got 'weighted'). You may use labels=[pos_label] to specify a single positive class.
  warnings.warn(

2025-11-02 23:32:19,145:WARNING:C:\Users\dhadu\AppData\Roaming\Python\Python311\site-packages\sklearn\metrics\_classification.py:1561: UserWarning: Note that pos_label (set to 'Kecimen') is ignored when average != 'binary' (got 'weighted'). You may use labels=[pos_label] to specify a single positive class.
  warnings.warn(

2025-11-02 23:32:19,146:WARNING:C:\Users\dhadu\AppData\Roaming\Python\Python311\site-packages\sklearn\metrics\_classification.py:1561: UserWarning: Note that pos_label (set to 'Kecimen') is ignored when average != 'binary' (got 'weighted'). You may use labels=[pos_label] to specify a single positive class.
  warnings.warn(

2025-11-02 23:32:19,147:WARNING:C:\Users\dhadu\AppData\Roaming\Python\Python311\site-packages\sklearn\metrics\_classification.py:1561: UserWarning: Note that pos_label (set to 'Kecimen') is ignored when average != 'binary' (got 'weighted'). You may use labels=[pos_label] to specify a single positive class.
  warnings.warn(

2025-11-02 23:32:19,147:WARNING:C:\Users\dhadu\AppData\Roaming\Python\Python311\site-packages\sklearn\metrics\_classification.py:1561: UserWarning: Note that pos_label (set to 'Kecimen') is ignored when average != 'binary' (got 'weighted'). You may use labels=[pos_label] to specify a single positive class.
  warnings.warn(

2025-11-02 23:32:19,149:WARNING:C:\Users\dhadu\AppData\Roaming\Python\Python311\site-packages\sklearn\metrics\_classification.py:1561: UserWarning: Note that pos_label (set to 'Kecimen') is ignored when average != 'binary' (got 'weighted'). You may use labels=[pos_label] to specify a single positive class.
  warnings.warn(

2025-11-02 23:32:19,153:WARNING:C:\Users\dhadu\AppData\Roaming\Python\Python311\site-packages\sklearn\metrics\_classification.py:1561: UserWarning: Note that pos_label (set to 'Kecimen') is ignored when average != 'binary' (got 'weighted'). You may use labels=[pos_label] to specify a single positive class.
  warnings.warn(

2025-11-02 23:32:19,154:WARNING:C:\Users\dhadu\AppData\Roaming\Python\Python311\site-packages\sklearn\metrics\_classification.py:1561: UserWarning: Note that pos_label (set to 'Kecimen') is ignored when average != 'binary' (got 'weighted'). You may use labels=[pos_label] to specify a single positive class.
  warnings.warn(

2025-11-02 23:32:19,157:WARNING:C:\Users\dhadu\AppData\Roaming\Python\Python311\site-packages\sklearn\metrics\_classification.py:1561: UserWarning: Note that pos_label (set to 'Kecimen') is ignored when average != 'binary' (got 'weighted'). You may use labels=[pos_label] to specify a single positive class.
  warnings.warn(

2025-11-02 23:32:19,159:WARNING:C:\Users\dhadu\AppData\Roaming\Python\Python311\site-packages\sklearn\metrics\_classification.py:1561: UserWarning: Note that pos_label (set to 'Kecimen') is ignored when average != 'binary' (got 'weighted'). You may use labels=[pos_label] to specify a single positive class.
  warnings.warn(

2025-11-02 23:32:19,159:WARNING:C:\Users\dhadu\AppData\Roaming\Python\Python311\site-packages\sklearn\metrics\_classification.py:1561: UserWarning: Note that pos_label (set to 'Kecimen') is ignored when average != 'binary' (got 'weighted'). You may use labels=[pos_label] to specify a single positive class.
  warnings.warn(

2025-11-02 23:32:19,161:WARNING:C:\Users\dhadu\AppData\Roaming\Python\Python311\site-packages\sklearn\metrics\_classification.py:1561: UserWarning: Note that pos_label (set to 'Kecimen') is ignored when average != 'binary' (got 'weighted'). You may use labels=[pos_label] to specify a single positive class.
  warnings.warn(

2025-11-02 23:32:19,165:WARNING:C:\Users\dhadu\AppData\Roaming\Python\Python311\site-packages\sklearn\metrics\_classification.py:1561: UserWarning: Note that pos_label (set to 'Kecimen') is ignored when average != 'binary' (got 'weighted'). You may use labels=[pos_label] to specify a single positive class.
  warnings.warn(

2025-11-02 23:32:19,168:WARNING:C:\Users\dhadu\AppData\Roaming\Python\Python311\site-packages\sklearn\metrics\_classification.py:1561: UserWarning: Note that pos_label (set to 'Kecimen') is ignored when average != 'binary' (got 'weighted'). You may use labels=[pos_label] to specify a single positive class.
  warnings.warn(

2025-11-02 23:32:19,169:WARNING:C:\Users\dhadu\AppData\Roaming\Python\Python311\site-packages\sklearn\metrics\_classification.py:1561: UserWarning: Note that pos_label (set to 'Kecimen') is ignored when average != 'binary' (got 'weighted'). You may use labels=[pos_label] to specify a single positive class.
  warnings.warn(

2025-11-02 23:32:19,194:WARNING:C:\Users\dhadu\AppData\Roaming\Python\Python311\site-packages\sklearn\metrics\_classification.py:1561: UserWarning: Note that pos_label (set to 'Kecimen') is ignored when average != 'binary' (got 'weighted'). You may use labels=[pos_label] to specify a single positive class.
  warnings.warn(

2025-11-02 23:32:19,196:WARNING:C:\Users\dhadu\AppData\Roaming\Python\Python311\site-packages\sklearn\metrics\_classification.py:1561: UserWarning: Note that pos_label (set to 'Kecimen') is ignored when average != 'binary' (got 'weighted'). You may use labels=[pos_label] to specify a single positive class.
  warnings.warn(

2025-11-02 23:32:19,197:WARNING:C:\Users\dhadu\AppData\Roaming\Python\Python311\site-packages\sklearn\metrics\_classification.py:1561: UserWarning: Note that pos_label (set to 'Kecimen') is ignored when average != 'binary' (got 'weighted'). You may use labels=[pos_label] to specify a single positive class.
  warnings.warn(

2025-11-02 23:32:19,200:WARNING:C:\Users\dhadu\AppData\Roaming\Python\Python311\site-packages\sklearn\metrics\_classification.py:1561: UserWarning: Note that pos_label (set to 'Kecimen') is ignored when average != 'binary' (got 'weighted'). You may use labels=[pos_label] to specify a single positive class.
  warnings.warn(

2025-11-02 23:32:19,201:WARNING:C:\Users\dhadu\AppData\Roaming\Python\Python311\site-packages\sklearn\metrics\_classification.py:1561: UserWarning: Note that pos_label (set to 'Kecimen') is ignored when average != 'binary' (got 'weighted'). You may use labels=[pos_label] to specify a single positive class.
  warnings.warn(

2025-11-02 23:32:19,203:WARNING:C:\Users\dhadu\AppData\Roaming\Python\Python311\site-packages\sklearn\metrics\_classification.py:1561: UserWarning: Note that pos_label (set to 'Kecimen') is ignored when average != 'binary' (got 'weighted'). You may use labels=[pos_label] to specify a single positive class.
  warnings.warn(

2025-11-02 23:32:19,216:INFO:Calculating mean and std
2025-11-02 23:32:19,218:INFO:Creating metrics dataframe
2025-11-02 23:32:19,220:INFO:Uploading results into container
2025-11-02 23:32:19,220:INFO:Uploading model into container now
2025-11-02 23:32:19,221:INFO:_master_model_container: 3
2025-11-02 23:32:19,221:INFO:_display_container: 2
2025-11-02 23:32:19,222:INFO:GaussianNB(priors=None, var_smoothing=1e-09)
2025-11-02 23:32:19,222:INFO:create_model() successfully completed......................................
2025-11-02 23:32:19,516:INFO:SubProcess create_model() end ==================================
2025-11-02 23:32:19,516:INFO:Creating metrics dataframe
2025-11-02 23:32:19,547:INFO:Initializing Decision Tree Classifier
2025-11-02 23:32:19,547:INFO:Total runtime is 0.2702593763669332 minutes
2025-11-02 23:32:19,561:INFO:SubProcess create_model() called ==================================
2025-11-02 23:32:19,563:INFO:Initializing create_model()
2025-11-02 23:32:19,563:INFO:create_model(self=<pycaret.classification.oop.ClassificationExperiment object at 0x00000201BB1A4410>, estimator=dt, fold=StratifiedKFold(n_splits=10, random_state=None, shuffle=False), round=4, cross_validation=True, predict=True, fit_kwargs={}, groups=None, refit=False, probability_threshold=None, experiment_custom_tags=None, verbose=False, system=False, add_to_model_list=True, metrics=None, display=<pycaret.internal.display.display.CommonDisplay object at 0x00000201BB16E310>, model_only=True, return_train_score=False, error_score=0.0, kwargs={})
2025-11-02 23:32:19,563:INFO:Checking exceptions
2025-11-02 23:32:19,564:INFO:Importing libraries
2025-11-02 23:32:19,564:INFO:Copying training dataset
2025-11-02 23:32:19,591:INFO:Defining folds
2025-11-02 23:32:19,592:INFO:Declaring metric variables
2025-11-02 23:32:19,614:INFO:Importing untrained model
2025-11-02 23:32:19,634:INFO:Decision Tree Classifier Imported successfully
2025-11-02 23:32:19,674:INFO:Starting cross validation
2025-11-02 23:32:19,679:INFO:Cross validating with StratifiedKFold(n_splits=10, random_state=None, shuffle=False), n_jobs=-1
2025-11-02 23:32:19,869:WARNING:C:\Users\dhadu\AppData\Roaming\Python\Python311\site-packages\sklearn\metrics\_classification.py:1561: UserWarning: Note that pos_label (set to 'Kecimen') is ignored when average != 'binary' (got 'weighted'). You may use labels=[pos_label] to specify a single positive class.
  warnings.warn(

2025-11-02 23:32:19,879:WARNING:C:\Users\dhadu\AppData\Roaming\Python\Python311\site-packages\sklearn\metrics\_classification.py:1561: UserWarning: Note that pos_label (set to 'Kecimen') is ignored when average != 'binary' (got 'weighted'). You may use labels=[pos_label] to specify a single positive class.
  warnings.warn(

2025-11-02 23:32:19,885:WARNING:C:\Users\dhadu\AppData\Roaming\Python\Python311\site-packages\sklearn\metrics\_classification.py:1561: UserWarning: Note that pos_label (set to 'Kecimen') is ignored when average != 'binary' (got 'weighted'). You may use labels=[pos_label] to specify a single positive class.
  warnings.warn(

2025-11-02 23:32:19,906:WARNING:C:\Users\dhadu\AppData\Roaming\Python\Python311\site-packages\sklearn\metrics\_classification.py:1561: UserWarning: Note that pos_label (set to 'Kecimen') is ignored when average != 'binary' (got 'weighted'). You may use labels=[pos_label] to specify a single positive class.
  warnings.warn(

2025-11-02 23:32:19,906:WARNING:C:\Users\dhadu\AppData\Roaming\Python\Python311\site-packages\sklearn\metrics\_classification.py:1561: UserWarning: Note that pos_label (set to 'Kecimen') is ignored when average != 'binary' (got 'weighted'). You may use labels=[pos_label] to specify a single positive class.
  warnings.warn(

2025-11-02 23:32:19,907:WARNING:C:\Users\dhadu\AppData\Roaming\Python\Python311\site-packages\sklearn\metrics\_classification.py:1561: UserWarning: Note that pos_label (set to 'Kecimen') is ignored when average != 'binary' (got 'weighted'). You may use labels=[pos_label] to specify a single positive class.
  warnings.warn(

2025-11-02 23:32:19,907:WARNING:C:\Users\dhadu\AppData\Roaming\Python\Python311\site-packages\sklearn\metrics\_classification.py:1561: UserWarning: Note that pos_label (set to 'Kecimen') is ignored when average != 'binary' (got 'weighted'). You may use labels=[pos_label] to specify a single positive class.
  warnings.warn(

2025-11-02 23:32:19,909:WARNING:C:\Users\dhadu\AppData\Roaming\Python\Python311\site-packages\sklearn\metrics\_classification.py:1561: UserWarning: Note that pos_label (set to 'Kecimen') is ignored when average != 'binary' (got 'weighted'). You may use labels=[pos_label] to specify a single positive class.
  warnings.warn(

2025-11-02 23:32:19,911:WARNING:C:\Users\dhadu\AppData\Roaming\Python\Python311\site-packages\sklearn\metrics\_classification.py:1561: UserWarning: Note that pos_label (set to 'Kecimen') is ignored when average != 'binary' (got 'weighted'). You may use labels=[pos_label] to specify a single positive class.
  warnings.warn(

2025-11-02 23:32:19,913:WARNING:C:\Users\dhadu\AppData\Roaming\Python\Python311\site-packages\sklearn\metrics\_classification.py:1561: UserWarning: Note that pos_label (set to 'Kecimen') is ignored when average != 'binary' (got 'weighted'). You may use labels=[pos_label] to specify a single positive class.
  warnings.warn(

2025-11-02 23:32:19,919:WARNING:C:\Users\dhadu\AppData\Roaming\Python\Python311\site-packages\sklearn\metrics\_classification.py:1561: UserWarning: Note that pos_label (set to 'Kecimen') is ignored when average != 'binary' (got 'weighted'). You may use labels=[pos_label] to specify a single positive class.
  warnings.warn(

2025-11-02 23:32:19,918:WARNING:C:\Users\dhadu\AppData\Roaming\Python\Python311\site-packages\sklearn\metrics\_classification.py:1561: UserWarning: Note that pos_label (set to 'Kecimen') is ignored when average != 'binary' (got 'weighted'). You may use labels=[pos_label] to specify a single positive class.
  warnings.warn(

2025-11-02 23:32:19,918:WARNING:C:\Users\dhadu\AppData\Roaming\Python\Python311\site-packages\sklearn\metrics\_classification.py:1561: UserWarning: Note that pos_label (set to 'Kecimen') is ignored when average != 'binary' (got 'weighted'). You may use labels=[pos_label] to specify a single positive class.
  warnings.warn(

2025-11-02 23:32:19,932:WARNING:C:\Users\dhadu\AppData\Roaming\Python\Python311\site-packages\sklearn\metrics\_classification.py:1561: UserWarning: Note that pos_label (set to 'Kecimen') is ignored when average != 'binary' (got 'weighted'). You may use labels=[pos_label] to specify a single positive class.
  warnings.warn(

2025-11-02 23:32:19,932:WARNING:C:\Users\dhadu\AppData\Roaming\Python\Python311\site-packages\sklearn\metrics\_classification.py:1561: UserWarning: Note that pos_label (set to 'Kecimen') is ignored when average != 'binary' (got 'weighted'). You may use labels=[pos_label] to specify a single positive class.
  warnings.warn(

2025-11-02 23:32:19,932:WARNING:C:\Users\dhadu\AppData\Roaming\Python\Python311\site-packages\sklearn\metrics\_classification.py:1561: UserWarning: Note that pos_label (set to 'Kecimen') is ignored when average != 'binary' (got 'weighted'). You may use labels=[pos_label] to specify a single positive class.
  warnings.warn(

2025-11-02 23:32:19,934:WARNING:C:\Users\dhadu\AppData\Roaming\Python\Python311\site-packages\sklearn\metrics\_classification.py:1561: UserWarning: Note that pos_label (set to 'Kecimen') is ignored when average != 'binary' (got 'weighted'). You may use labels=[pos_label] to specify a single positive class.
  warnings.warn(

2025-11-02 23:32:19,934:WARNING:C:\Users\dhadu\AppData\Roaming\Python\Python311\site-packages\sklearn\metrics\_classification.py:1561: UserWarning: Note that pos_label (set to 'Kecimen') is ignored when average != 'binary' (got 'weighted'). You may use labels=[pos_label] to specify a single positive class.
  warnings.warn(

2025-11-02 23:32:19,939:WARNING:C:\Users\dhadu\AppData\Roaming\Python\Python311\site-packages\sklearn\metrics\_classification.py:1561: UserWarning: Note that pos_label (set to 'Kecimen') is ignored when average != 'binary' (got 'weighted'). You may use labels=[pos_label] to specify a single positive class.
  warnings.warn(

2025-11-02 23:32:19,942:WARNING:C:\Users\dhadu\AppData\Roaming\Python\Python311\site-packages\sklearn\metrics\_classification.py:1561: UserWarning: Note that pos_label (set to 'Kecimen') is ignored when average != 'binary' (got 'weighted'). You may use labels=[pos_label] to specify a single positive class.
  warnings.warn(

2025-11-02 23:32:19,972:WARNING:C:\Users\dhadu\AppData\Roaming\Python\Python311\site-packages\sklearn\metrics\_classification.py:1561: UserWarning: Note that pos_label (set to 'Kecimen') is ignored when average != 'binary' (got 'weighted'). You may use labels=[pos_label] to specify a single positive class.
  warnings.warn(

2025-11-02 23:32:19,976:WARNING:C:\Users\dhadu\AppData\Roaming\Python\Python311\site-packages\sklearn\metrics\_classification.py:1561: UserWarning: Note that pos_label (set to 'Kecimen') is ignored when average != 'binary' (got 'weighted'). You may use labels=[pos_label] to specify a single positive class.
  warnings.warn(

2025-11-02 23:32:19,980:WARNING:C:\Users\dhadu\AppData\Roaming\Python\Python311\site-packages\sklearn\metrics\_classification.py:1561: UserWarning: Note that pos_label (set to 'Kecimen') is ignored when average != 'binary' (got 'weighted'). You may use labels=[pos_label] to specify a single positive class.
  warnings.warn(

2025-11-02 23:32:19,985:WARNING:C:\Users\dhadu\AppData\Roaming\Python\Python311\site-packages\sklearn\metrics\_classification.py:1561: UserWarning: Note that pos_label (set to 'Kecimen') is ignored when average != 'binary' (got 'weighted'). You may use labels=[pos_label] to specify a single positive class.
  warnings.warn(

2025-11-02 23:32:19,990:WARNING:C:\Users\dhadu\AppData\Roaming\Python\Python311\site-packages\sklearn\metrics\_classification.py:1561: UserWarning: Note that pos_label (set to 'Kecimen') is ignored when average != 'binary' (got 'weighted'). You may use labels=[pos_label] to specify a single positive class.
  warnings.warn(

2025-11-02 23:32:19,994:WARNING:C:\Users\dhadu\AppData\Roaming\Python\Python311\site-packages\sklearn\metrics\_classification.py:1561: UserWarning: Note that pos_label (set to 'Kecimen') is ignored when average != 'binary' (got 'weighted'). You may use labels=[pos_label] to specify a single positive class.
  warnings.warn(

2025-11-02 23:32:20,007:INFO:Calculating mean and std
2025-11-02 23:32:20,009:INFO:Creating metrics dataframe
2025-11-02 23:32:20,011:INFO:Uploading results into container
2025-11-02 23:32:20,012:INFO:Uploading model into container now
2025-11-02 23:32:20,012:INFO:_master_model_container: 4
2025-11-02 23:32:20,012:INFO:_display_container: 2
2025-11-02 23:32:20,013:INFO:DecisionTreeClassifier(ccp_alpha=0.0, class_weight=None, criterion='gini',
                       max_depth=None, max_features=None, max_leaf_nodes=None,
                       min_impurity_decrease=0.0, min_samples_leaf=1,
                       min_samples_split=2, min_weight_fraction_leaf=0.0,
                       monotonic_cst=None, random_state=123, splitter='best')
2025-11-02 23:32:20,013:INFO:create_model() successfully completed......................................
2025-11-02 23:32:20,348:INFO:SubProcess create_model() end ==================================
2025-11-02 23:32:20,348:INFO:Creating metrics dataframe
2025-11-02 23:32:20,386:INFO:Initializing SVM - Linear Kernel
2025-11-02 23:32:20,387:INFO:Total runtime is 0.28425028721491497 minutes
2025-11-02 23:32:20,406:INFO:SubProcess create_model() called ==================================
2025-11-02 23:32:20,407:INFO:Initializing create_model()
2025-11-02 23:32:20,407:INFO:create_model(self=<pycaret.classification.oop.ClassificationExperiment object at 0x00000201BB1A4410>, estimator=svm, fold=StratifiedKFold(n_splits=10, random_state=None, shuffle=False), round=4, cross_validation=True, predict=True, fit_kwargs={}, groups=None, refit=False, probability_threshold=None, experiment_custom_tags=None, verbose=False, system=False, add_to_model_list=True, metrics=None, display=<pycaret.internal.display.display.CommonDisplay object at 0x00000201BB16E310>, model_only=True, return_train_score=False, error_score=0.0, kwargs={})
2025-11-02 23:32:20,408:INFO:Checking exceptions
2025-11-02 23:32:20,409:INFO:Importing libraries
2025-11-02 23:32:20,409:INFO:Copying training dataset
2025-11-02 23:32:20,432:INFO:Defining folds
2025-11-02 23:32:20,433:INFO:Declaring metric variables
2025-11-02 23:32:20,454:INFO:Importing untrained model
2025-11-02 23:32:20,474:INFO:SVM - Linear Kernel Imported successfully
2025-11-02 23:32:20,520:INFO:Starting cross validation
2025-11-02 23:32:20,524:INFO:Cross validating with StratifiedKFold(n_splits=10, random_state=None, shuffle=False), n_jobs=-1
2025-11-02 23:32:20,736:WARNING:C:\Users\dhadu\AppData\Roaming\Python\Python311\site-packages\sklearn\metrics\_classification.py:1561: UserWarning: Note that pos_label (set to 'Kecimen') is ignored when average != 'binary' (got 'weighted'). You may use labels=[pos_label] to specify a single positive class.
  warnings.warn(

2025-11-02 23:32:20,736:WARNING:C:\Users\dhadu\AppData\Roaming\Python\Python311\site-packages\sklearn\metrics\_classification.py:1561: UserWarning: Note that pos_label (set to 'Kecimen') is ignored when average != 'binary' (got 'weighted'). You may use labels=[pos_label] to specify a single positive class.
  warnings.warn(

2025-11-02 23:32:20,741:WARNING:C:\Users\dhadu\AppData\Roaming\Python\Python311\site-packages\sklearn\metrics\_classification.py:1561: UserWarning: Note that pos_label (set to 'Kecimen') is ignored when average != 'binary' (got 'weighted'). You may use labels=[pos_label] to specify a single positive class.
  warnings.warn(

2025-11-02 23:32:20,741:WARNING:C:\Users\dhadu\AppData\Roaming\Python\Python311\site-packages\sklearn\metrics\_classification.py:1561: UserWarning: Note that pos_label (set to 'Kecimen') is ignored when average != 'binary' (got 'weighted'). You may use labels=[pos_label] to specify a single positive class.
  warnings.warn(

2025-11-02 23:32:20,744:WARNING:C:\Users\dhadu\AppData\Roaming\Python\Python311\site-packages\sklearn\metrics\_classification.py:1561: UserWarning: Note that pos_label (set to 'Kecimen') is ignored when average != 'binary' (got 'weighted'). You may use labels=[pos_label] to specify a single positive class.
  warnings.warn(

2025-11-02 23:32:20,744:WARNING:C:\Users\dhadu\AppData\Roaming\Python\Python311\site-packages\sklearn\metrics\_classification.py:1561: UserWarning: Note that pos_label (set to 'Kecimen') is ignored when average != 'binary' (got 'weighted'). You may use labels=[pos_label] to specify a single positive class.
  warnings.warn(

2025-11-02 23:32:20,745:WARNING:C:\Users\dhadu\AppData\Roaming\Python\Python311\site-packages\sklearn\metrics\_classification.py:1561: UserWarning: Note that pos_label (set to 'Kecimen') is ignored when average != 'binary' (got 'weighted'). You may use labels=[pos_label] to specify a single positive class.
  warnings.warn(

2025-11-02 23:32:20,748:WARNING:C:\Users\dhadu\AppData\Roaming\Python\Python311\site-packages\sklearn\metrics\_classification.py:1561: UserWarning: Note that pos_label (set to 'Kecimen') is ignored when average != 'binary' (got 'weighted'). You may use labels=[pos_label] to specify a single positive class.
  warnings.warn(

2025-11-02 23:32:20,748:WARNING:C:\Users\dhadu\AppData\Roaming\Python\Python311\site-packages\sklearn\metrics\_classification.py:1561: UserWarning: Note that pos_label (set to 'Kecimen') is ignored when average != 'binary' (got 'weighted'). You may use labels=[pos_label] to specify a single positive class.
  warnings.warn(

2025-11-02 23:32:20,751:WARNING:C:\Users\dhadu\AppData\Roaming\Python\Python311\site-packages\sklearn\metrics\_classification.py:1561: UserWarning: Note that pos_label (set to 'Kecimen') is ignored when average != 'binary' (got 'weighted'). You may use labels=[pos_label] to specify a single positive class.
  warnings.warn(

2025-11-02 23:32:20,752:WARNING:C:\Users\dhadu\AppData\Roaming\Python\Python311\site-packages\sklearn\metrics\_classification.py:1561: UserWarning: Note that pos_label (set to 'Kecimen') is ignored when average != 'binary' (got 'weighted'). You may use labels=[pos_label] to specify a single positive class.
  warnings.warn(

2025-11-02 23:32:20,752:WARNING:C:\Users\dhadu\AppData\Roaming\Python\Python311\site-packages\sklearn\metrics\_classification.py:1561: UserWarning: Note that pos_label (set to 'Kecimen') is ignored when average != 'binary' (got 'weighted'). You may use labels=[pos_label] to specify a single positive class.
  warnings.warn(

2025-11-02 23:32:20,754:WARNING:C:\Users\dhadu\AppData\Roaming\Python\Python311\site-packages\sklearn\metrics\_classification.py:1561: UserWarning: Note that pos_label (set to 'Kecimen') is ignored when average != 'binary' (got 'weighted'). You may use labels=[pos_label] to specify a single positive class.
  warnings.warn(

2025-11-02 23:32:20,754:WARNING:C:\Users\dhadu\AppData\Roaming\Python\Python311\site-packages\sklearn\metrics\_classification.py:1561: UserWarning: Note that pos_label (set to 'Kecimen') is ignored when average != 'binary' (got 'weighted'). You may use labels=[pos_label] to specify a single positive class.
  warnings.warn(

2025-11-02 23:32:20,755:WARNING:C:\Users\dhadu\AppData\Roaming\Python\Python311\site-packages\sklearn\metrics\_classification.py:1561: UserWarning: Note that pos_label (set to 'Kecimen') is ignored when average != 'binary' (got 'weighted'). You may use labels=[pos_label] to specify a single positive class.
  warnings.warn(

2025-11-02 23:32:20,755:WARNING:C:\Users\dhadu\AppData\Roaming\Python\Python311\site-packages\sklearn\metrics\_classification.py:1561: UserWarning: Note that pos_label (set to 'Kecimen') is ignored when average != 'binary' (got 'weighted'). You may use labels=[pos_label] to specify a single positive class.
  warnings.warn(

2025-11-02 23:32:20,756:WARNING:C:\Users\dhadu\AppData\Roaming\Python\Python311\site-packages\sklearn\metrics\_classification.py:1561: UserWarning: Note that pos_label (set to 'Kecimen') is ignored when average != 'binary' (got 'weighted'). You may use labels=[pos_label] to specify a single positive class.
  warnings.warn(

2025-11-02 23:32:20,758:WARNING:C:\Users\dhadu\AppData\Roaming\Python\Python311\site-packages\sklearn\metrics\_classification.py:1561: UserWarning: Note that pos_label (set to 'Kecimen') is ignored when average != 'binary' (got 'weighted'). You may use labels=[pos_label] to specify a single positive class.
  warnings.warn(

2025-11-02 23:32:20,760:WARNING:C:\Users\dhadu\AppData\Roaming\Python\Python311\site-packages\sklearn\metrics\_classification.py:1561: UserWarning: Note that pos_label (set to 'Kecimen') is ignored when average != 'binary' (got 'weighted'). You may use labels=[pos_label] to specify a single positive class.
  warnings.warn(

2025-11-02 23:32:20,761:WARNING:C:\Users\dhadu\AppData\Roaming\Python\Python311\site-packages\sklearn\metrics\_classification.py:1561: UserWarning: Note that pos_label (set to 'Kecimen') is ignored when average != 'binary' (got 'weighted'). You may use labels=[pos_label] to specify a single positive class.
  warnings.warn(

2025-11-02 23:32:20,763:WARNING:C:\Users\dhadu\AppData\Roaming\Python\Python311\site-packages\sklearn\metrics\_classification.py:1561: UserWarning: Note that pos_label (set to 'Kecimen') is ignored when average != 'binary' (got 'weighted'). You may use labels=[pos_label] to specify a single positive class.
  warnings.warn(

2025-11-02 23:32:20,769:WARNING:C:\Users\dhadu\AppData\Roaming\Python\Python311\site-packages\sklearn\metrics\_classification.py:1561: UserWarning: Note that pos_label (set to 'Kecimen') is ignored when average != 'binary' (got 'weighted'). You may use labels=[pos_label] to specify a single positive class.
  warnings.warn(

2025-11-02 23:32:20,770:WARNING:C:\Users\dhadu\AppData\Roaming\Python\Python311\site-packages\sklearn\metrics\_classification.py:1561: UserWarning: Note that pos_label (set to 'Kecimen') is ignored when average != 'binary' (got 'weighted'). You may use labels=[pos_label] to specify a single positive class.
  warnings.warn(

2025-11-02 23:32:20,799:WARNING:C:\Users\dhadu\AppData\Roaming\Python\Python311\site-packages\sklearn\metrics\_classification.py:1561: UserWarning: Note that pos_label (set to 'Kecimen') is ignored when average != 'binary' (got 'weighted'). You may use labels=[pos_label] to specify a single positive class.
  warnings.warn(

2025-11-02 23:32:20,803:WARNING:C:\Users\dhadu\AppData\Roaming\Python\Python311\site-packages\sklearn\metrics\_classification.py:1561: UserWarning: Note that pos_label (set to 'Kecimen') is ignored when average != 'binary' (got 'weighted'). You may use labels=[pos_label] to specify a single positive class.
  warnings.warn(

2025-11-02 23:32:20,804:WARNING:C:\Users\dhadu\AppData\Roaming\Python\Python311\site-packages\sklearn\metrics\_classification.py:1561: UserWarning: Note that pos_label (set to 'Kecimen') is ignored when average != 'binary' (got 'weighted'). You may use labels=[pos_label] to specify a single positive class.
  warnings.warn(

2025-11-02 23:32:20,808:WARNING:C:\Users\dhadu\AppData\Roaming\Python\Python311\site-packages\sklearn\metrics\_classification.py:1561: UserWarning: Note that pos_label (set to 'Kecimen') is ignored when average != 'binary' (got 'weighted'). You may use labels=[pos_label] to specify a single positive class.
  warnings.warn(

2025-11-02 23:32:20,809:WARNING:C:\Users\dhadu\AppData\Roaming\Python\Python311\site-packages\sklearn\metrics\_classification.py:1561: UserWarning: Note that pos_label (set to 'Kecimen') is ignored when average != 'binary' (got 'weighted'). You may use labels=[pos_label] to specify a single positive class.
  warnings.warn(

2025-11-02 23:32:20,812:WARNING:C:\Users\dhadu\AppData\Roaming\Python\Python311\site-packages\sklearn\metrics\_classification.py:1561: UserWarning: Note that pos_label (set to 'Kecimen') is ignored when average != 'binary' (got 'weighted'). You may use labels=[pos_label] to specify a single positive class.
  warnings.warn(

2025-11-02 23:32:20,827:INFO:Calculating mean and std
2025-11-02 23:32:20,828:INFO:Creating metrics dataframe
2025-11-02 23:32:20,831:INFO:Uploading results into container
2025-11-02 23:32:20,832:INFO:Uploading model into container now
2025-11-02 23:32:20,833:INFO:_master_model_container: 5
2025-11-02 23:32:20,833:INFO:_display_container: 2
2025-11-02 23:32:20,835:INFO:SGDClassifier(alpha=0.0001, average=False, class_weight=None,
              early_stopping=False, epsilon=0.1, eta0=0.001, fit_intercept=True,
              l1_ratio=0.15, learning_rate='optimal', loss='hinge',
              max_iter=1000, n_iter_no_change=5, n_jobs=-1, penalty='l2',
              power_t=0.5, random_state=123, shuffle=True, tol=0.001,
              validation_fraction=0.1, verbose=0, warm_start=False)
2025-11-02 23:32:20,835:INFO:create_model() successfully completed......................................
2025-11-02 23:32:21,075:INFO:SubProcess create_model() end ==================================
2025-11-02 23:32:21,075:INFO:Creating metrics dataframe
2025-11-02 23:32:21,098:INFO:Initializing Ridge Classifier
2025-11-02 23:32:21,098:INFO:Total runtime is 0.2961021900177002 minutes
2025-11-02 23:32:21,109:INFO:SubProcess create_model() called ==================================
2025-11-02 23:32:21,110:INFO:Initializing create_model()
2025-11-02 23:32:21,111:INFO:create_model(self=<pycaret.classification.oop.ClassificationExperiment object at 0x00000201BB1A4410>, estimator=ridge, fold=StratifiedKFold(n_splits=10, random_state=None, shuffle=False), round=4, cross_validation=True, predict=True, fit_kwargs={}, groups=None, refit=False, probability_threshold=None, experiment_custom_tags=None, verbose=False, system=False, add_to_model_list=True, metrics=None, display=<pycaret.internal.display.display.CommonDisplay object at 0x00000201BB16E310>, model_only=True, return_train_score=False, error_score=0.0, kwargs={})
2025-11-02 23:32:21,111:INFO:Checking exceptions
2025-11-02 23:32:21,111:INFO:Importing libraries
2025-11-02 23:32:21,111:INFO:Copying training dataset
2025-11-02 23:32:21,131:INFO:Defining folds
2025-11-02 23:32:21,131:INFO:Declaring metric variables
2025-11-02 23:32:21,146:INFO:Importing untrained model
2025-11-02 23:32:21,160:INFO:Ridge Classifier Imported successfully
2025-11-02 23:32:21,188:INFO:Starting cross validation
2025-11-02 23:32:21,191:INFO:Cross validating with StratifiedKFold(n_splits=10, random_state=None, shuffle=False), n_jobs=-1
2025-11-02 23:32:21,366:WARNING:C:\Users\dhadu\AppData\Roaming\Python\Python311\site-packages\sklearn\metrics\_classification.py:1561: UserWarning: Note that pos_label (set to 'Kecimen') is ignored when average != 'binary' (got 'weighted'). You may use labels=[pos_label] to specify a single positive class.
  warnings.warn(

2025-11-02 23:32:21,367:WARNING:C:\Users\dhadu\AppData\Roaming\Python\Python311\site-packages\sklearn\metrics\_classification.py:1561: UserWarning: Note that pos_label (set to 'Kecimen') is ignored when average != 'binary' (got 'weighted'). You may use labels=[pos_label] to specify a single positive class.
  warnings.warn(

2025-11-02 23:32:21,371:WARNING:C:\Users\dhadu\AppData\Roaming\Python\Python311\site-packages\sklearn\metrics\_classification.py:1561: UserWarning: Note that pos_label (set to 'Kecimen') is ignored when average != 'binary' (got 'weighted'). You may use labels=[pos_label] to specify a single positive class.
  warnings.warn(

2025-11-02 23:32:21,372:WARNING:C:\Users\dhadu\AppData\Roaming\Python\Python311\site-packages\sklearn\metrics\_classification.py:1561: UserWarning: Note that pos_label (set to 'Kecimen') is ignored when average != 'binary' (got 'weighted'). You may use labels=[pos_label] to specify a single positive class.
  warnings.warn(

2025-11-02 23:32:21,372:WARNING:C:\Users\dhadu\AppData\Roaming\Python\Python311\site-packages\sklearn\metrics\_classification.py:1561: UserWarning: Note that pos_label (set to 'Kecimen') is ignored when average != 'binary' (got 'weighted'). You may use labels=[pos_label] to specify a single positive class.
  warnings.warn(

2025-11-02 23:32:21,372:WARNING:C:\Users\dhadu\AppData\Roaming\Python\Python311\site-packages\sklearn\metrics\_classification.py:1561: UserWarning: Note that pos_label (set to 'Kecimen') is ignored when average != 'binary' (got 'weighted'). You may use labels=[pos_label] to specify a single positive class.
  warnings.warn(

2025-11-02 23:32:21,373:WARNING:C:\Users\dhadu\AppData\Roaming\Python\Python311\site-packages\sklearn\metrics\_classification.py:1561: UserWarning: Note that pos_label (set to 'Kecimen') is ignored when average != 'binary' (got 'weighted'). You may use labels=[pos_label] to specify a single positive class.
  warnings.warn(

2025-11-02 23:32:21,376:WARNING:C:\Users\dhadu\AppData\Roaming\Python\Python311\site-packages\sklearn\metrics\_classification.py:1561: UserWarning: Note that pos_label (set to 'Kecimen') is ignored when average != 'binary' (got 'weighted'). You may use labels=[pos_label] to specify a single positive class.
  warnings.warn(

2025-11-02 23:32:21,376:WARNING:C:\Users\dhadu\AppData\Roaming\Python\Python311\site-packages\sklearn\metrics\_classification.py:1561: UserWarning: Note that pos_label (set to 'Kecimen') is ignored when average != 'binary' (got 'weighted'). You may use labels=[pos_label] to specify a single positive class.
  warnings.warn(

2025-11-02 23:32:21,378:WARNING:C:\Users\dhadu\AppData\Roaming\Python\Python311\site-packages\sklearn\metrics\_classification.py:1561: UserWarning: Note that pos_label (set to 'Kecimen') is ignored when average != 'binary' (got 'weighted'). You may use labels=[pos_label] to specify a single positive class.
  warnings.warn(

2025-11-02 23:32:21,379:WARNING:C:\Users\dhadu\AppData\Roaming\Python\Python311\site-packages\sklearn\metrics\_classification.py:1561: UserWarning: Note that pos_label (set to 'Kecimen') is ignored when average != 'binary' (got 'weighted'). You may use labels=[pos_label] to specify a single positive class.
  warnings.warn(

2025-11-02 23:32:21,379:WARNING:C:\Users\dhadu\AppData\Roaming\Python\Python311\site-packages\sklearn\metrics\_classification.py:1561: UserWarning: Note that pos_label (set to 'Kecimen') is ignored when average != 'binary' (got 'weighted'). You may use labels=[pos_label] to specify a single positive class.
  warnings.warn(

2025-11-02 23:32:21,379:WARNING:C:\Users\dhadu\AppData\Roaming\Python\Python311\site-packages\sklearn\metrics\_classification.py:1561: UserWarning: Note that pos_label (set to 'Kecimen') is ignored when average != 'binary' (got 'weighted'). You may use labels=[pos_label] to specify a single positive class.
  warnings.warn(

2025-11-02 23:32:21,381:WARNING:C:\Users\dhadu\AppData\Roaming\Python\Python311\site-packages\sklearn\metrics\_classification.py:1561: UserWarning: Note that pos_label (set to 'Kecimen') is ignored when average != 'binary' (got 'weighted'). You may use labels=[pos_label] to specify a single positive class.
  warnings.warn(

2025-11-02 23:32:21,382:WARNING:C:\Users\dhadu\AppData\Roaming\Python\Python311\site-packages\sklearn\metrics\_classification.py:1561: UserWarning: Note that pos_label (set to 'Kecimen') is ignored when average != 'binary' (got 'weighted'). You may use labels=[pos_label] to specify a single positive class.
  warnings.warn(

2025-11-02 23:32:21,388:WARNING:C:\Users\dhadu\AppData\Roaming\Python\Python311\site-packages\sklearn\metrics\_classification.py:1561: UserWarning: Note that pos_label (set to 'Kecimen') is ignored when average != 'binary' (got 'weighted'). You may use labels=[pos_label] to specify a single positive class.
  warnings.warn(

2025-11-02 23:32:21,389:WARNING:C:\Users\dhadu\AppData\Roaming\Python\Python311\site-packages\sklearn\metrics\_classification.py:1561: UserWarning: Note that pos_label (set to 'Kecimen') is ignored when average != 'binary' (got 'weighted'). You may use labels=[pos_label] to specify a single positive class.
  warnings.warn(

2025-11-02 23:32:21,411:WARNING:C:\Users\dhadu\AppData\Roaming\Python\Python311\site-packages\sklearn\metrics\_classification.py:1561: UserWarning: Note that pos_label (set to 'Kecimen') is ignored when average != 'binary' (got 'weighted'). You may use labels=[pos_label] to specify a single positive class.
  warnings.warn(

2025-11-02 23:32:21,426:WARNING:C:\Users\dhadu\AppData\Roaming\Python\Python311\site-packages\sklearn\metrics\_classification.py:1561: UserWarning: Note that pos_label (set to 'Kecimen') is ignored when average != 'binary' (got 'weighted'). You may use labels=[pos_label] to specify a single positive class.
  warnings.warn(

2025-11-02 23:32:21,429:WARNING:C:\Users\dhadu\AppData\Roaming\Python\Python311\site-packages\sklearn\metrics\_classification.py:1561: UserWarning: Note that pos_label (set to 'Kecimen') is ignored when average != 'binary' (got 'weighted'). You may use labels=[pos_label] to specify a single positive class.
  warnings.warn(

2025-11-02 23:32:21,430:WARNING:C:\Users\dhadu\AppData\Roaming\Python\Python311\site-packages\sklearn\metrics\_classification.py:1561: UserWarning: Note that pos_label (set to 'Kecimen') is ignored when average != 'binary' (got 'weighted'). You may use labels=[pos_label] to specify a single positive class.
  warnings.warn(

2025-11-02 23:32:21,432:WARNING:C:\Users\dhadu\AppData\Roaming\Python\Python311\site-packages\sklearn\metrics\_classification.py:1561: UserWarning: Note that pos_label (set to 'Kecimen') is ignored when average != 'binary' (got 'weighted'). You may use labels=[pos_label] to specify a single positive class.
  warnings.warn(

2025-11-02 23:32:21,433:WARNING:C:\Users\dhadu\AppData\Roaming\Python\Python311\site-packages\sklearn\metrics\_classification.py:1561: UserWarning: Note that pos_label (set to 'Kecimen') is ignored when average != 'binary' (got 'weighted'). You may use labels=[pos_label] to specify a single positive class.
  warnings.warn(

2025-11-02 23:32:21,436:WARNING:C:\Users\dhadu\AppData\Roaming\Python\Python311\site-packages\sklearn\metrics\_classification.py:1561: UserWarning: Note that pos_label (set to 'Kecimen') is ignored when average != 'binary' (got 'weighted'). You may use labels=[pos_label] to specify a single positive class.
  warnings.warn(

2025-11-02 23:32:21,451:INFO:Calculating mean and std
2025-11-02 23:32:21,452:INFO:Creating metrics dataframe
2025-11-02 23:32:21,455:INFO:Uploading results into container
2025-11-02 23:32:21,455:INFO:Uploading model into container now
2025-11-02 23:32:21,456:INFO:_master_model_container: 6
2025-11-02 23:32:21,456:INFO:_display_container: 2
2025-11-02 23:32:21,456:INFO:RidgeClassifier(alpha=1.0, class_weight=None, copy_X=True, fit_intercept=True,
                max_iter=None, positive=False, random_state=123, solver='auto',
                tol=0.0001)
2025-11-02 23:32:21,456:INFO:create_model() successfully completed......................................
2025-11-02 23:32:21,666:INFO:SubProcess create_model() end ==================================
2025-11-02 23:32:21,666:INFO:Creating metrics dataframe
2025-11-02 23:32:21,689:INFO:Initializing Random Forest Classifier
2025-11-02 23:32:21,690:INFO:Total runtime is 0.305970839659373 minutes
2025-11-02 23:32:21,702:INFO:SubProcess create_model() called ==================================
2025-11-02 23:32:21,703:INFO:Initializing create_model()
2025-11-02 23:32:21,703:INFO:create_model(self=<pycaret.classification.oop.ClassificationExperiment object at 0x00000201BB1A4410>, estimator=rf, fold=StratifiedKFold(n_splits=10, random_state=None, shuffle=False), round=4, cross_validation=True, predict=True, fit_kwargs={}, groups=None, refit=False, probability_threshold=None, experiment_custom_tags=None, verbose=False, system=False, add_to_model_list=True, metrics=None, display=<pycaret.internal.display.display.CommonDisplay object at 0x00000201BB16E310>, model_only=True, return_train_score=False, error_score=0.0, kwargs={})
2025-11-02 23:32:21,703:INFO:Checking exceptions
2025-11-02 23:32:21,703:INFO:Importing libraries
2025-11-02 23:32:21,704:INFO:Copying training dataset
2025-11-02 23:32:21,720:INFO:Defining folds
2025-11-02 23:32:21,720:INFO:Declaring metric variables
2025-11-02 23:32:21,733:INFO:Importing untrained model
2025-11-02 23:32:21,746:INFO:Random Forest Classifier Imported successfully
2025-11-02 23:32:21,774:INFO:Starting cross validation
2025-11-02 23:32:21,777:INFO:Cross validating with StratifiedKFold(n_splits=10, random_state=None, shuffle=False), n_jobs=-1
2025-11-02 23:32:22,427:WARNING:C:\Users\dhadu\AppData\Roaming\Python\Python311\site-packages\sklearn\metrics\_classification.py:1561: UserWarning: Note that pos_label (set to 'Kecimen') is ignored when average != 'binary' (got 'weighted'). You may use labels=[pos_label] to specify a single positive class.
  warnings.warn(

2025-11-02 23:32:22,432:WARNING:C:\Users\dhadu\AppData\Roaming\Python\Python311\site-packages\sklearn\metrics\_classification.py:1561: UserWarning: Note that pos_label (set to 'Kecimen') is ignored when average != 'binary' (got 'weighted'). You may use labels=[pos_label] to specify a single positive class.
  warnings.warn(

2025-11-02 23:32:22,433:WARNING:C:\Users\dhadu\AppData\Roaming\Python\Python311\site-packages\sklearn\metrics\_classification.py:1561: UserWarning: Note that pos_label (set to 'Kecimen') is ignored when average != 'binary' (got 'weighted'). You may use labels=[pos_label] to specify a single positive class.
  warnings.warn(

2025-11-02 23:32:22,438:WARNING:C:\Users\dhadu\AppData\Roaming\Python\Python311\site-packages\sklearn\metrics\_classification.py:1561: UserWarning: Note that pos_label (set to 'Kecimen') is ignored when average != 'binary' (got 'weighted'). You may use labels=[pos_label] to specify a single positive class.
  warnings.warn(

2025-11-02 23:32:22,439:WARNING:C:\Users\dhadu\AppData\Roaming\Python\Python311\site-packages\sklearn\metrics\_classification.py:1561: UserWarning: Note that pos_label (set to 'Kecimen') is ignored when average != 'binary' (got 'weighted'). You may use labels=[pos_label] to specify a single positive class.
  warnings.warn(

2025-11-02 23:32:22,444:WARNING:C:\Users\dhadu\AppData\Roaming\Python\Python311\site-packages\sklearn\metrics\_classification.py:1561: UserWarning: Note that pos_label (set to 'Kecimen') is ignored when average != 'binary' (got 'weighted'). You may use labels=[pos_label] to specify a single positive class.
  warnings.warn(

2025-11-02 23:32:22,474:WARNING:C:\Users\dhadu\AppData\Roaming\Python\Python311\site-packages\sklearn\metrics\_classification.py:1561: UserWarning: Note that pos_label (set to 'Kecimen') is ignored when average != 'binary' (got 'weighted'). You may use labels=[pos_label] to specify a single positive class.
  warnings.warn(

2025-11-02 23:32:22,480:WARNING:C:\Users\dhadu\AppData\Roaming\Python\Python311\site-packages\sklearn\metrics\_classification.py:1561: UserWarning: Note that pos_label (set to 'Kecimen') is ignored when average != 'binary' (got 'weighted'). You may use labels=[pos_label] to specify a single positive class.
  warnings.warn(

2025-11-02 23:32:22,485:WARNING:C:\Users\dhadu\AppData\Roaming\Python\Python311\site-packages\sklearn\metrics\_classification.py:1561: UserWarning: Note that pos_label (set to 'Kecimen') is ignored when average != 'binary' (got 'weighted'). You may use labels=[pos_label] to specify a single positive class.
  warnings.warn(

2025-11-02 23:32:22,491:WARNING:C:\Users\dhadu\AppData\Roaming\Python\Python311\site-packages\sklearn\metrics\_classification.py:1561: UserWarning: Note that pos_label (set to 'Kecimen') is ignored when average != 'binary' (got 'weighted'). You may use labels=[pos_label] to specify a single positive class.
  warnings.warn(

2025-11-02 23:32:22,505:WARNING:C:\Users\dhadu\AppData\Roaming\Python\Python311\site-packages\sklearn\metrics\_classification.py:1561: UserWarning: Note that pos_label (set to 'Kecimen') is ignored when average != 'binary' (got 'weighted'). You may use labels=[pos_label] to specify a single positive class.
  warnings.warn(

2025-11-02 23:32:22,524:WARNING:C:\Users\dhadu\AppData\Roaming\Python\Python311\site-packages\sklearn\metrics\_classification.py:1561: UserWarning: Note that pos_label (set to 'Kecimen') is ignored when average != 'binary' (got 'weighted'). You may use labels=[pos_label] to specify a single positive class.
  warnings.warn(

2025-11-02 23:32:22,539:WARNING:C:\Users\dhadu\AppData\Roaming\Python\Python311\site-packages\sklearn\metrics\_classification.py:1561: UserWarning: Note that pos_label (set to 'Kecimen') is ignored when average != 'binary' (got 'weighted'). You may use labels=[pos_label] to specify a single positive class.
  warnings.warn(

2025-11-02 23:32:22,546:WARNING:C:\Users\dhadu\AppData\Roaming\Python\Python311\site-packages\sklearn\metrics\_classification.py:1561: UserWarning: Note that pos_label (set to 'Kecimen') is ignored when average != 'binary' (got 'weighted'). You may use labels=[pos_label] to specify a single positive class.
  warnings.warn(

2025-11-02 23:32:22,553:WARNING:C:\Users\dhadu\AppData\Roaming\Python\Python311\site-packages\sklearn\metrics\_classification.py:1561: UserWarning: Note that pos_label (set to 'Kecimen') is ignored when average != 'binary' (got 'weighted'). You may use labels=[pos_label] to specify a single positive class.
  warnings.warn(

2025-11-02 23:32:22,641:WARNING:C:\Users\dhadu\AppData\Roaming\Python\Python311\site-packages\sklearn\metrics\_classification.py:1561: UserWarning: Note that pos_label (set to 'Kecimen') is ignored when average != 'binary' (got 'weighted'). You may use labels=[pos_label] to specify a single positive class.
  warnings.warn(

2025-11-02 23:32:22,647:WARNING:C:\Users\dhadu\AppData\Roaming\Python\Python311\site-packages\sklearn\metrics\_classification.py:1561: UserWarning: Note that pos_label (set to 'Kecimen') is ignored when average != 'binary' (got 'weighted'). You may use labels=[pos_label] to specify a single positive class.
  warnings.warn(

2025-11-02 23:32:22,655:WARNING:C:\Users\dhadu\AppData\Roaming\Python\Python311\site-packages\sklearn\metrics\_classification.py:1561: UserWarning: Note that pos_label (set to 'Kecimen') is ignored when average != 'binary' (got 'weighted'). You may use labels=[pos_label] to specify a single positive class.
  warnings.warn(

2025-11-02 23:32:22,677:WARNING:C:\Users\dhadu\AppData\Roaming\Python\Python311\site-packages\sklearn\metrics\_classification.py:1561: UserWarning: Note that pos_label (set to 'Kecimen') is ignored when average != 'binary' (got 'weighted'). You may use labels=[pos_label] to specify a single positive class.
  warnings.warn(

2025-11-02 23:32:22,678:WARNING:C:\Users\dhadu\AppData\Roaming\Python\Python311\site-packages\sklearn\metrics\_classification.py:1561: UserWarning: Note that pos_label (set to 'Kecimen') is ignored when average != 'binary' (got 'weighted'). You may use labels=[pos_label] to specify a single positive class.
  warnings.warn(

2025-11-02 23:32:22,683:WARNING:C:\Users\dhadu\AppData\Roaming\Python\Python311\site-packages\sklearn\metrics\_classification.py:1561: UserWarning: Note that pos_label (set to 'Kecimen') is ignored when average != 'binary' (got 'weighted'). You may use labels=[pos_label] to specify a single positive class.
  warnings.warn(

2025-11-02 23:32:22,684:WARNING:C:\Users\dhadu\AppData\Roaming\Python\Python311\site-packages\sklearn\metrics\_classification.py:1561: UserWarning: Note that pos_label (set to 'Kecimen') is ignored when average != 'binary' (got 'weighted'). You may use labels=[pos_label] to specify a single positive class.
  warnings.warn(

2025-11-02 23:32:22,690:WARNING:C:\Users\dhadu\AppData\Roaming\Python\Python311\site-packages\sklearn\metrics\_classification.py:1561: UserWarning: Note that pos_label (set to 'Kecimen') is ignored when average != 'binary' (got 'weighted'). You may use labels=[pos_label] to specify a single positive class.
  warnings.warn(

2025-11-02 23:32:22,707:WARNING:C:\Users\dhadu\AppData\Roaming\Python\Python311\site-packages\sklearn\metrics\_classification.py:1561: UserWarning: Note that pos_label (set to 'Kecimen') is ignored when average != 'binary' (got 'weighted'). You may use labels=[pos_label] to specify a single positive class.
  warnings.warn(

2025-11-02 23:32:22,963:WARNING:C:\Users\dhadu\AppData\Roaming\Python\Python311\site-packages\sklearn\metrics\_classification.py:1561: UserWarning: Note that pos_label (set to 'Kecimen') is ignored when average != 'binary' (got 'weighted'). You may use labels=[pos_label] to specify a single positive class.
  warnings.warn(

2025-11-02 23:32:22,967:WARNING:C:\Users\dhadu\AppData\Roaming\Python\Python311\site-packages\sklearn\metrics\_classification.py:1561: UserWarning: Note that pos_label (set to 'Kecimen') is ignored when average != 'binary' (got 'weighted'). You may use labels=[pos_label] to specify a single positive class.
  warnings.warn(

2025-11-02 23:32:22,972:WARNING:C:\Users\dhadu\AppData\Roaming\Python\Python311\site-packages\sklearn\metrics\_classification.py:1561: UserWarning: Note that pos_label (set to 'Kecimen') is ignored when average != 'binary' (got 'weighted'). You may use labels=[pos_label] to specify a single positive class.
  warnings.warn(

2025-11-02 23:32:22,974:WARNING:C:\Users\dhadu\AppData\Roaming\Python\Python311\site-packages\sklearn\metrics\_classification.py:1561: UserWarning: Note that pos_label (set to 'Kecimen') is ignored when average != 'binary' (got 'weighted'). You may use labels=[pos_label] to specify a single positive class.
  warnings.warn(

2025-11-02 23:32:22,978:WARNING:C:\Users\dhadu\AppData\Roaming\Python\Python311\site-packages\sklearn\metrics\_classification.py:1561: UserWarning: Note that pos_label (set to 'Kecimen') is ignored when average != 'binary' (got 'weighted'). You may use labels=[pos_label] to specify a single positive class.
  warnings.warn(

2025-11-02 23:32:22,982:WARNING:C:\Users\dhadu\AppData\Roaming\Python\Python311\site-packages\sklearn\metrics\_classification.py:1561: UserWarning: Note that pos_label (set to 'Kecimen') is ignored when average != 'binary' (got 'weighted'). You may use labels=[pos_label] to specify a single positive class.
  warnings.warn(

2025-11-02 23:32:22,990:INFO:Calculating mean and std
2025-11-02 23:32:22,991:INFO:Creating metrics dataframe
2025-11-02 23:32:22,994:INFO:Uploading results into container
2025-11-02 23:32:22,994:INFO:Uploading model into container now
2025-11-02 23:32:22,995:INFO:_master_model_container: 7
2025-11-02 23:32:22,995:INFO:_display_container: 2
2025-11-02 23:32:22,995:INFO:RandomForestClassifier(bootstrap=True, ccp_alpha=0.0, class_weight=None,
                       criterion='gini', max_depth=None, max_features='sqrt',
                       max_leaf_nodes=None, max_samples=None,
                       min_impurity_decrease=0.0, min_samples_leaf=1,
                       min_samples_split=2, min_weight_fraction_leaf=0.0,
                       monotonic_cst=None, n_estimators=100, n_jobs=-1,
                       oob_score=False, random_state=123, verbose=0,
                       warm_start=False)
2025-11-02 23:32:22,995:INFO:create_model() successfully completed......................................
2025-11-02 23:32:23,247:INFO:SubProcess create_model() end ==================================
2025-11-02 23:32:23,248:INFO:Creating metrics dataframe
2025-11-02 23:32:23,290:INFO:Initializing Quadratic Discriminant Analysis
2025-11-02 23:32:23,291:INFO:Total runtime is 0.3326508482297262 minutes
2025-11-02 23:32:23,305:INFO:SubProcess create_model() called ==================================
2025-11-02 23:32:23,307:INFO:Initializing create_model()
2025-11-02 23:32:23,307:INFO:create_model(self=<pycaret.classification.oop.ClassificationExperiment object at 0x00000201BB1A4410>, estimator=qda, fold=StratifiedKFold(n_splits=10, random_state=None, shuffle=False), round=4, cross_validation=True, predict=True, fit_kwargs={}, groups=None, refit=False, probability_threshold=None, experiment_custom_tags=None, verbose=False, system=False, add_to_model_list=True, metrics=None, display=<pycaret.internal.display.display.CommonDisplay object at 0x00000201BB16E310>, model_only=True, return_train_score=False, error_score=0.0, kwargs={})
2025-11-02 23:32:23,308:INFO:Checking exceptions
2025-11-02 23:32:23,308:INFO:Importing libraries
2025-11-02 23:32:23,309:INFO:Copying training dataset
2025-11-02 23:32:23,329:INFO:Defining folds
2025-11-02 23:32:23,330:INFO:Declaring metric variables
2025-11-02 23:32:23,347:INFO:Importing untrained model
2025-11-02 23:32:23,369:INFO:Quadratic Discriminant Analysis Imported successfully
2025-11-02 23:32:23,441:INFO:Starting cross validation
2025-11-02 23:32:23,443:INFO:Cross validating with StratifiedKFold(n_splits=10, random_state=None, shuffle=False), n_jobs=-1
2025-11-02 23:32:23,552:WARNING:C:\Users\dhadu\AppData\Roaming\Python\Python311\site-packages\sklearn\metrics\_classification.py:1561: UserWarning: Note that pos_label (set to 'Kecimen') is ignored when average != 'binary' (got 'weighted'). You may use labels=[pos_label] to specify a single positive class.
  warnings.warn(

2025-11-02 23:32:23,552:WARNING:C:\Users\dhadu\AppData\Roaming\Python\Python311\site-packages\sklearn\metrics\_classification.py:1561: UserWarning: Note that pos_label (set to 'Kecimen') is ignored when average != 'binary' (got 'weighted'). You may use labels=[pos_label] to specify a single positive class.
  warnings.warn(

2025-11-02 23:32:23,552:WARNING:C:\Users\dhadu\AppData\Roaming\Python\Python311\site-packages\sklearn\metrics\_classification.py:1561: UserWarning: Note that pos_label (set to 'Kecimen') is ignored when average != 'binary' (got 'weighted'). You may use labels=[pos_label] to specify a single positive class.
  warnings.warn(

2025-11-02 23:32:23,552:WARNING:C:\Users\dhadu\AppData\Roaming\Python\Python311\site-packages\sklearn\metrics\_classification.py:1561: UserWarning: Note that pos_label (set to 'Kecimen') is ignored when average != 'binary' (got 'weighted'). You may use labels=[pos_label] to specify a single positive class.
  warnings.warn(

2025-11-02 23:32:23,555:WARNING:C:\Users\dhadu\AppData\Roaming\Python\Python311\site-packages\sklearn\metrics\_classification.py:1561: UserWarning: Note that pos_label (set to 'Kecimen') is ignored when average != 'binary' (got 'weighted'). You may use labels=[pos_label] to specify a single positive class.
  warnings.warn(

2025-11-02 23:32:23,556:WARNING:C:\Users\dhadu\AppData\Roaming\Python\Python311\site-packages\sklearn\metrics\_classification.py:1561: UserWarning: Note that pos_label (set to 'Kecimen') is ignored when average != 'binary' (got 'weighted'). You may use labels=[pos_label] to specify a single positive class.
  warnings.warn(

2025-11-02 23:32:23,558:WARNING:C:\Users\dhadu\AppData\Roaming\Python\Python311\site-packages\sklearn\metrics\_classification.py:1561: UserWarning: Note that pos_label (set to 'Kecimen') is ignored when average != 'binary' (got 'weighted'). You may use labels=[pos_label] to specify a single positive class.
  warnings.warn(

2025-11-02 23:32:23,558:WARNING:C:\Users\dhadu\AppData\Roaming\Python\Python311\site-packages\sklearn\metrics\_classification.py:1561: UserWarning: Note that pos_label (set to 'Kecimen') is ignored when average != 'binary' (got 'weighted'). You may use labels=[pos_label] to specify a single positive class.
  warnings.warn(

2025-11-02 23:32:23,558:WARNING:C:\Users\dhadu\AppData\Roaming\Python\Python311\site-packages\sklearn\metrics\_classification.py:1561: UserWarning: Note that pos_label (set to 'Kecimen') is ignored when average != 'binary' (got 'weighted'). You may use labels=[pos_label] to specify a single positive class.
  warnings.warn(

2025-11-02 23:32:23,558:WARNING:C:\Users\dhadu\AppData\Roaming\Python\Python311\site-packages\sklearn\metrics\_classification.py:1561: UserWarning: Note that pos_label (set to 'Kecimen') is ignored when average != 'binary' (got 'weighted'). You may use labels=[pos_label] to specify a single positive class.
  warnings.warn(

2025-11-02 23:32:23,558:WARNING:C:\Users\dhadu\AppData\Roaming\Python\Python311\site-packages\sklearn\metrics\_classification.py:1561: UserWarning: Note that pos_label (set to 'Kecimen') is ignored when average != 'binary' (got 'weighted'). You may use labels=[pos_label] to specify a single positive class.
  warnings.warn(

2025-11-02 23:32:23,558:WARNING:C:\Users\dhadu\AppData\Roaming\Python\Python311\site-packages\sklearn\metrics\_classification.py:1561: UserWarning: Note that pos_label (set to 'Kecimen') is ignored when average != 'binary' (got 'weighted'). You may use labels=[pos_label] to specify a single positive class.
  warnings.warn(

2025-11-02 23:32:23,561:WARNING:C:\Users\dhadu\AppData\Roaming\Python\Python311\site-packages\sklearn\metrics\_classification.py:1561: UserWarning: Note that pos_label (set to 'Kecimen') is ignored when average != 'binary' (got 'weighted'). You may use labels=[pos_label] to specify a single positive class.
  warnings.warn(

2025-11-02 23:32:23,562:WARNING:C:\Users\dhadu\AppData\Roaming\Python\Python311\site-packages\sklearn\metrics\_classification.py:1561: UserWarning: Note that pos_label (set to 'Kecimen') is ignored when average != 'binary' (got 'weighted'). You may use labels=[pos_label] to specify a single positive class.
  warnings.warn(

2025-11-02 23:32:23,564:WARNING:C:\Users\dhadu\AppData\Roaming\Python\Python311\site-packages\sklearn\metrics\_classification.py:1561: UserWarning: Note that pos_label (set to 'Kecimen') is ignored when average != 'binary' (got 'weighted'). You may use labels=[pos_label] to specify a single positive class.
  warnings.warn(

2025-11-02 23:32:23,564:WARNING:C:\Users\dhadu\AppData\Roaming\Python\Python311\site-packages\sklearn\metrics\_classification.py:1561: UserWarning: Note that pos_label (set to 'Kecimen') is ignored when average != 'binary' (got 'weighted'). You may use labels=[pos_label] to specify a single positive class.
  warnings.warn(

2025-11-02 23:32:23,564:WARNING:C:\Users\dhadu\AppData\Roaming\Python\Python311\site-packages\sklearn\metrics\_classification.py:1561: UserWarning: Note that pos_label (set to 'Kecimen') is ignored when average != 'binary' (got 'weighted'). You may use labels=[pos_label] to specify a single positive class.
  warnings.warn(

2025-11-02 23:32:23,564:WARNING:C:\Users\dhadu\AppData\Roaming\Python\Python311\site-packages\sklearn\metrics\_classification.py:1561: UserWarning: Note that pos_label (set to 'Kecimen') is ignored when average != 'binary' (got 'weighted'). You may use labels=[pos_label] to specify a single positive class.
  warnings.warn(

2025-11-02 23:32:23,565:WARNING:C:\Users\dhadu\AppData\Roaming\Python\Python311\site-packages\sklearn\metrics\_classification.py:1561: UserWarning: Note that pos_label (set to 'Kecimen') is ignored when average != 'binary' (got 'weighted'). You may use labels=[pos_label] to specify a single positive class.
  warnings.warn(

2025-11-02 23:32:23,567:WARNING:C:\Users\dhadu\AppData\Roaming\Python\Python311\site-packages\sklearn\metrics\_classification.py:1561: UserWarning: Note that pos_label (set to 'Kecimen') is ignored when average != 'binary' (got 'weighted'). You may use labels=[pos_label] to specify a single positive class.
  warnings.warn(

2025-11-02 23:32:23,568:WARNING:C:\Users\dhadu\AppData\Roaming\Python\Python311\site-packages\sklearn\metrics\_classification.py:1561: UserWarning: Note that pos_label (set to 'Kecimen') is ignored when average != 'binary' (got 'weighted'). You may use labels=[pos_label] to specify a single positive class.
  warnings.warn(

2025-11-02 23:32:23,569:WARNING:C:\Users\dhadu\AppData\Roaming\Python\Python311\site-packages\sklearn\metrics\_classification.py:1561: UserWarning: Note that pos_label (set to 'Kecimen') is ignored when average != 'binary' (got 'weighted'). You may use labels=[pos_label] to specify a single positive class.
  warnings.warn(

2025-11-02 23:32:23,610:WARNING:C:\Users\dhadu\AppData\Roaming\Python\Python311\site-packages\sklearn\metrics\_classification.py:1561: UserWarning: Note that pos_label (set to 'Kecimen') is ignored when average != 'binary' (got 'weighted'). You may use labels=[pos_label] to specify a single positive class.
  warnings.warn(

2025-11-02 23:32:23,613:WARNING:C:\Users\dhadu\AppData\Roaming\Python\Python311\site-packages\sklearn\metrics\_classification.py:1561: UserWarning: Note that pos_label (set to 'Kecimen') is ignored when average != 'binary' (got 'weighted'). You may use labels=[pos_label] to specify a single positive class.
  warnings.warn(

2025-11-02 23:32:23,613:WARNING:C:\Users\dhadu\AppData\Roaming\Python\Python311\site-packages\sklearn\metrics\_classification.py:1561: UserWarning: Note that pos_label (set to 'Kecimen') is ignored when average != 'binary' (got 'weighted'). You may use labels=[pos_label] to specify a single positive class.
  warnings.warn(

2025-11-02 23:32:23,617:WARNING:C:\Users\dhadu\AppData\Roaming\Python\Python311\site-packages\sklearn\metrics\_classification.py:1561: UserWarning: Note that pos_label (set to 'Kecimen') is ignored when average != 'binary' (got 'weighted'). You may use labels=[pos_label] to specify a single positive class.
  warnings.warn(

2025-11-02 23:32:23,617:WARNING:C:\Users\dhadu\AppData\Roaming\Python\Python311\site-packages\sklearn\metrics\_classification.py:1561: UserWarning: Note that pos_label (set to 'Kecimen') is ignored when average != 'binary' (got 'weighted'). You may use labels=[pos_label] to specify a single positive class.
  warnings.warn(

2025-11-02 23:32:23,620:WARNING:C:\Users\dhadu\AppData\Roaming\Python\Python311\site-packages\sklearn\metrics\_classification.py:1561: UserWarning: Note that pos_label (set to 'Kecimen') is ignored when average != 'binary' (got 'weighted'). You may use labels=[pos_label] to specify a single positive class.
  warnings.warn(

2025-11-02 23:32:23,631:INFO:Calculating mean and std
2025-11-02 23:32:23,632:INFO:Creating metrics dataframe
2025-11-02 23:32:23,635:INFO:Uploading results into container
2025-11-02 23:32:23,636:INFO:Uploading model into container now
2025-11-02 23:32:23,637:INFO:_master_model_container: 8
2025-11-02 23:32:23,637:INFO:_display_container: 2
2025-11-02 23:32:23,638:INFO:QuadraticDiscriminantAnalysis(priors=None, reg_param=0.0,
                              store_covariance=False, tol=0.0001)
2025-11-02 23:32:23,638:INFO:create_model() successfully completed......................................
2025-11-02 23:32:23,869:INFO:SubProcess create_model() end ==================================
2025-11-02 23:32:23,869:INFO:Creating metrics dataframe
2025-11-02 23:32:23,892:INFO:Initializing Ada Boost Classifier
2025-11-02 23:32:23,892:INFO:Total runtime is 0.3426799535751343 minutes
2025-11-02 23:32:23,901:INFO:SubProcess create_model() called ==================================
2025-11-02 23:32:23,902:INFO:Initializing create_model()
2025-11-02 23:32:23,902:INFO:create_model(self=<pycaret.classification.oop.ClassificationExperiment object at 0x00000201BB1A4410>, estimator=ada, fold=StratifiedKFold(n_splits=10, random_state=None, shuffle=False), round=4, cross_validation=True, predict=True, fit_kwargs={}, groups=None, refit=False, probability_threshold=None, experiment_custom_tags=None, verbose=False, system=False, add_to_model_list=True, metrics=None, display=<pycaret.internal.display.display.CommonDisplay object at 0x00000201BB16E310>, model_only=True, return_train_score=False, error_score=0.0, kwargs={})
2025-11-02 23:32:23,902:INFO:Checking exceptions
2025-11-02 23:32:23,902:INFO:Importing libraries
2025-11-02 23:32:23,903:INFO:Copying training dataset
2025-11-02 23:32:23,910:INFO:Defining folds
2025-11-02 23:32:23,911:INFO:Declaring metric variables
2025-11-02 23:32:23,919:INFO:Importing untrained model
2025-11-02 23:32:23,926:INFO:Ada Boost Classifier Imported successfully
2025-11-02 23:32:23,943:INFO:Starting cross validation
2025-11-02 23:32:23,946:INFO:Cross validating with StratifiedKFold(n_splits=10, random_state=None, shuffle=False), n_jobs=-1
2025-11-02 23:32:24,045:WARNING:C:\Users\dhadu\AppData\Roaming\Python\Python311\site-packages\sklearn\ensemble\_weight_boosting.py:519: FutureWarning: The SAMME.R algorithm (the default) is deprecated and will be removed in 1.6. Use the SAMME algorithm to circumvent this warning.
  warnings.warn(

2025-11-02 23:32:24,045:WARNING:C:\Users\dhadu\AppData\Roaming\Python\Python311\site-packages\sklearn\ensemble\_weight_boosting.py:519: FutureWarning: The SAMME.R algorithm (the default) is deprecated and will be removed in 1.6. Use the SAMME algorithm to circumvent this warning.
  warnings.warn(

2025-11-02 23:32:24,045:WARNING:C:\Users\dhadu\AppData\Roaming\Python\Python311\site-packages\sklearn\ensemble\_weight_boosting.py:519: FutureWarning: The SAMME.R algorithm (the default) is deprecated and will be removed in 1.6. Use the SAMME algorithm to circumvent this warning.
  warnings.warn(

2025-11-02 23:32:24,045:WARNING:C:\Users\dhadu\AppData\Roaming\Python\Python311\site-packages\sklearn\ensemble\_weight_boosting.py:519: FutureWarning: The SAMME.R algorithm (the default) is deprecated and will be removed in 1.6. Use the SAMME algorithm to circumvent this warning.
  warnings.warn(

2025-11-02 23:32:24,045:WARNING:C:\Users\dhadu\AppData\Roaming\Python\Python311\site-packages\sklearn\ensemble\_weight_boosting.py:519: FutureWarning: The SAMME.R algorithm (the default) is deprecated and will be removed in 1.6. Use the SAMME algorithm to circumvent this warning.
  warnings.warn(

2025-11-02 23:32:24,051:WARNING:C:\Users\dhadu\AppData\Roaming\Python\Python311\site-packages\sklearn\ensemble\_weight_boosting.py:519: FutureWarning: The SAMME.R algorithm (the default) is deprecated and will be removed in 1.6. Use the SAMME algorithm to circumvent this warning.
  warnings.warn(

2025-11-02 23:32:24,323:WARNING:C:\Users\dhadu\AppData\Roaming\Python\Python311\site-packages\sklearn\metrics\_classification.py:1561: UserWarning: Note that pos_label (set to 'Kecimen') is ignored when average != 'binary' (got 'weighted'). You may use labels=[pos_label] to specify a single positive class.
  warnings.warn(

2025-11-02 23:32:24,329:WARNING:C:\Users\dhadu\AppData\Roaming\Python\Python311\site-packages\sklearn\metrics\_classification.py:1561: UserWarning: Note that pos_label (set to 'Kecimen') is ignored when average != 'binary' (got 'weighted'). You may use labels=[pos_label] to specify a single positive class.
  warnings.warn(

2025-11-02 23:32:24,329:WARNING:C:\Users\dhadu\AppData\Roaming\Python\Python311\site-packages\sklearn\metrics\_classification.py:1561: UserWarning: Note that pos_label (set to 'Kecimen') is ignored when average != 'binary' (got 'weighted'). You may use labels=[pos_label] to specify a single positive class.
  warnings.warn(

2025-11-02 23:32:24,335:WARNING:C:\Users\dhadu\AppData\Roaming\Python\Python311\site-packages\sklearn\metrics\_classification.py:1561: UserWarning: Note that pos_label (set to 'Kecimen') is ignored when average != 'binary' (got 'weighted'). You may use labels=[pos_label] to specify a single positive class.
  warnings.warn(

2025-11-02 23:32:24,335:WARNING:C:\Users\dhadu\AppData\Roaming\Python\Python311\site-packages\sklearn\metrics\_classification.py:1561: UserWarning: Note that pos_label (set to 'Kecimen') is ignored when average != 'binary' (got 'weighted'). You may use labels=[pos_label] to specify a single positive class.
  warnings.warn(

2025-11-02 23:32:24,337:WARNING:C:\Users\dhadu\AppData\Roaming\Python\Python311\site-packages\sklearn\metrics\_classification.py:1561: UserWarning: Note that pos_label (set to 'Kecimen') is ignored when average != 'binary' (got 'weighted'). You may use labels=[pos_label] to specify a single positive class.
  warnings.warn(

2025-11-02 23:32:24,342:WARNING:C:\Users\dhadu\AppData\Roaming\Python\Python311\site-packages\sklearn\metrics\_classification.py:1561: UserWarning: Note that pos_label (set to 'Kecimen') is ignored when average != 'binary' (got 'weighted'). You may use labels=[pos_label] to specify a single positive class.
  warnings.warn(

2025-11-02 23:32:24,344:WARNING:C:\Users\dhadu\AppData\Roaming\Python\Python311\site-packages\sklearn\metrics\_classification.py:1561: UserWarning: Note that pos_label (set to 'Kecimen') is ignored when average != 'binary' (got 'weighted'). You may use labels=[pos_label] to specify a single positive class.
  warnings.warn(

2025-11-02 23:32:24,372:WARNING:C:\Users\dhadu\AppData\Roaming\Python\Python311\site-packages\sklearn\ensemble\_weight_boosting.py:519: FutureWarning: The SAMME.R algorithm (the default) is deprecated and will be removed in 1.6. Use the SAMME algorithm to circumvent this warning.
  warnings.warn(

lass.
  warnings.warn(

2025-11-02 23:32:24,375:WARNING:C:\Users\dhadu\AppData\Roaming\Python\Python311\site-packages\sklearn\metrics\_classification.py:1561: UserWarning: Note that pos_label (set to 'Kecimen') is ignored when average != 'binary' (got 'weighted'). You may use labels=[pos_label] to specify a single positive class.
  warnings.warn(

2025-11-02 23:32:24,376:WARNING:C:\Users\dhadu\AppData\Roaming\Python\Python311\site-packages\sklearn\ensemble\_weight_boosting.py:519: FutureWarning: The SAMME.R algorithm (the default) is deprecated and will be removed in 1.6. Use the SAMME algorithm to circumvent this warning.
  warnings.warn(

2025-11-02 23:32:24,377:WARNING:C:\Users\dhadu\AppData\Roaming\Python\Python311\site-packages\sklearn\metrics\_classification.py:1561: UserWarning: Note that pos_label (set to 'Kecimen') is ignored when average != 'binary' (got 'weighted'). You may use labels=[pos_label] to specify a single positive class.
  warnings.warn(

2025-11-02 23:32:24,381:WARNING:C:\Users\dhadu\AppData\Roaming\Python\Python311\site-packages\sklearn\metrics\_classification.py:1561: UserWarning: Note that pos_label (set to 'Kecimen') is ignored when average != 'binary' (got 'weighted'). You may use labels=[pos_label] to specify a single positive class.
  warnings.warn(

2025-11-02 23:32:24,381:WARNING:C:\Users\dhadu\AppData\Roaming\Python\Python311\site-packages\sklearn\metrics\_classification.py:1561: UserWarning: Note that pos_label (set to 'Kecimen') is ignored when average != 'binary' (got 'weighted'). You may use labels=[pos_label] to specify a single positive class.
  warnings.warn(

2025-11-02 23:32:24,383:WARNING:C:\Users\dhadu\AppData\Roaming\Python\Python311\site-packages\sklearn\metrics\_classification.py:1561: UserWarning: Note that pos_label (set to 'Kecimen') is ignored when average != 'binary' (got 'weighted'). You may use labels=[pos_label] to specify a single positive class.
  warnings.warn(

2025-11-02 23:32:24,384:WARNING:C:\Users\dhadu\AppData\Roaming\Python\Python311\site-packages\sklearn\metrics\_classification.py:1561: UserWarning: Note that pos_label (set to 'Kecimen') is ignored when average != 'binary' (got 'weighted'). You may use labels=[pos_label] to specify a single positive class.
  warnings.warn(

2025-11-02 23:32:24,384:WARNING:C:\Users\dhadu\AppData\Roaming\Python\Python311\site-packages\sklearn\metrics\_classification.py:1561: UserWarning: Note that pos_label (set to 'Kecimen') is ignored when average != 'binary' (got 'weighted'). You may use labels=[pos_label] to specify a single positive class.
  warnings.warn(

2025-11-02 23:32:24,388:WARNING:C:\Users\dhadu\AppData\Roaming\Python\Python311\site-packages\sklearn\metrics\_classification.py:1561: UserWarning: Note that pos_label (set to 'Kecimen') is ignored when average != 'binary' (got 'weighted'). You may use labels=[pos_label] to specify a single positive class.
  warnings.warn(

2025-11-02 23:32:24,389:WARNING:C:\Users\dhadu\AppData\Roaming\Python\Python311\site-packages\sklearn\metrics\_classification.py:1561: UserWarning: Note that pos_label (set to 'Kecimen') is ignored when average != 'binary' (got 'weighted'). You may use labels=[pos_label] to specify a single positive class.
  warnings.warn(

2025-11-02 23:32:24,389:WARNING:C:\Users\dhadu\AppData\Roaming\Python\Python311\site-packages\sklearn\metrics\_classification.py:1561: UserWarning: Note that pos_label (set to 'Kecimen') is ignored when average != 'binary' (got 'weighted'). You may use labels=[pos_label] to specify a single positive class.
  warnings.warn(

2025-11-02 23:32:24,390:WARNING:C:\Users\dhadu\AppData\Roaming\Python\Python311\site-packages\sklearn\metrics\_classification.py:1561: UserWarning: Note that pos_label (set to 'Kecimen') is ignored when average != 'binary' (got 'weighted'). You may use labels=[pos_label] to specify a single positive class.
  warnings.warn(

2025-11-02 23:32:24,391:WARNING:C:\Users\dhadu\AppData\Roaming\Python\Python311\site-packages\sklearn\metrics\_classification.py:1561: UserWarning: Note that pos_label (set to 'Kecimen') is ignored when average != 'binary' (got 'weighted'). You may use labels=[pos_label] to specify a single positive class.
  warnings.warn(

2025-11-02 23:32:24,395:WARNING:C:\Users\dhadu\AppData\Roaming\Python\Python311\site-packages\sklearn\metrics\_classification.py:1561: UserWarning: Note that pos_label (set to 'Kecimen') is ignored when average != 'binary' (got 'weighted'). You may use labels=[pos_label] to specify a single positive class.
  warnings.warn(

2025-11-02 23:32:24,569:WARNING:C:\Users\dhadu\AppData\Roaming\Python\Python311\site-packages\sklearn\metrics\_classification.py:1561: UserWarning: Note that pos_label (set to 'Kecimen') is ignored when average != 'binary' (got 'weighted'). You may use labels=[pos_label] to specify a single positive class.
  warnings.warn(

2025-11-02 23:32:24,574:WARNING:C:\Users\dhadu\AppData\Roaming\Python\Python311\site-packages\sklearn\metrics\_classification.py:1561: UserWarning: Note that pos_label (set to 'Kecimen') is ignored when average != 'binary' (got 'weighted'). You may use labels=[pos_label] to specify a single positive class.
  warnings.warn(

2025-11-02 23:32:24,574:WARNING:C:\Users\dhadu\AppData\Roaming\Python\Python311\site-packages\sklearn\metrics\_classification.py:1561: UserWarning: Note that pos_label (set to 'Kecimen') is ignored when average != 'binary' (got 'weighted'). You may use labels=[pos_label] to specify a single positive class.
  warnings.warn(

2025-11-02 23:32:24,577:WARNING:C:\Users\dhadu\AppData\Roaming\Python\Python311\site-packages\sklearn\metrics\_classification.py:1561: UserWarning: Note that pos_label (set to 'Kecimen') is ignored when average != 'binary' (got 'weighted'). You may use labels=[pos_label] to specify a single positive class.
  warnings.warn(

2025-11-02 23:32:24,577:WARNING:C:\Users\dhadu\AppData\Roaming\Python\Python311\site-packages\sklearn\metrics\_classification.py:1561: UserWarning: Note that pos_label (set to 'Kecimen') is ignored when average != 'binary' (got 'weighted'). You may use labels=[pos_label] to specify a single positive class.
  warnings.warn(

2025-11-02 23:32:24,581:WARNING:C:\Users\dhadu\AppData\Roaming\Python\Python311\site-packages\sklearn\metrics\_classification.py:1561: UserWarning: Note that pos_label (set to 'Kecimen') is ignored when average != 'binary' (got 'weighted'). You may use labels=[pos_label] to specify a single positive class.
  warnings.warn(

2025-11-02 23:32:24,593:INFO:Calculating mean and std
2025-11-02 23:32:24,594:INFO:Creating metrics dataframe
2025-11-02 23:32:24,596:INFO:Uploading results into container
2025-11-02 23:32:24,597:INFO:Uploading model into container now
2025-11-02 23:32:24,597:INFO:_master_model_container: 9
2025-11-02 23:32:24,597:INFO:_display_container: 2
2025-11-02 23:32:24,598:INFO:AdaBoostClassifier(algorithm='SAMME.R', estimator=None, learning_rate=1.0,
                   n_estimators=50, random_state=123)
2025-11-02 23:32:24,598:INFO:create_model() successfully completed......................................
2025-11-02 23:32:24,808:INFO:SubProcess create_model() end ==================================
2025-11-02 23:32:24,808:INFO:Creating metrics dataframe
2025-11-02 23:32:24,847:INFO:Initializing Gradient Boosting Classifier
2025-11-02 23:32:24,848:INFO:Total runtime is 0.3586097876230876 minutes
2025-11-02 23:32:24,861:INFO:SubProcess create_model() called ==================================
2025-11-02 23:32:24,862:INFO:Initializing create_model()
2025-11-02 23:32:24,863:INFO:create_model(self=<pycaret.classification.oop.ClassificationExperiment object at 0x00000201BB1A4410>, estimator=gbc, fold=StratifiedKFold(n_splits=10, random_state=None, shuffle=False), round=4, cross_validation=True, predict=True, fit_kwargs={}, groups=None, refit=False, probability_threshold=None, experiment_custom_tags=None, verbose=False, system=False, add_to_model_list=True, metrics=None, display=<pycaret.internal.display.display.CommonDisplay object at 0x00000201BB16E310>, model_only=True, return_train_score=False, error_score=0.0, kwargs={})
2025-11-02 23:32:24,863:INFO:Checking exceptions
2025-11-02 23:32:24,863:INFO:Importing libraries
2025-11-02 23:32:24,864:INFO:Copying training dataset
2025-11-02 23:32:24,882:INFO:Defining folds
2025-11-02 23:32:24,883:INFO:Declaring metric variables
2025-11-02 23:32:24,896:INFO:Importing untrained model
2025-11-02 23:32:24,910:INFO:Gradient Boosting Classifier Imported successfully
2025-11-02 23:32:24,927:INFO:Starting cross validation
2025-11-02 23:32:24,930:INFO:Cross validating with StratifiedKFold(n_splits=10, random_state=None, shuffle=False), n_jobs=-1
2025-11-02 23:32:25,530:WARNING:C:\Users\dhadu\AppData\Roaming\Python\Python311\site-packages\sklearn\metrics\_classification.py:1561: UserWarning: Note that pos_label (set to 'Kecimen') is ignored when average != 'binary' (got 'weighted'). You may use labels=[pos_label] to specify a single positive class.
  warnings.warn(

2025-11-02 23:32:25,533:WARNING:C:\Users\dhadu\AppData\Roaming\Python\Python311\site-packages\sklearn\metrics\_classification.py:1561: UserWarning: Note that pos_label (set to 'Kecimen') is ignored when average != 'binary' (got 'weighted'). You may use labels=[pos_label] to specify a single positive class.
  warnings.warn(

2025-11-02 23:32:25,535:WARNING:C:\Users\dhadu\AppData\Roaming\Python\Python311\site-packages\sklearn\metrics\_classification.py:1561: UserWarning: Note that pos_label (set to 'Kecimen') is ignored when average != 'binary' (got 'weighted'). You may use labels=[pos_label] to specify a single positive class.
  warnings.warn(

2025-11-02 23:32:25,540:WARNING:C:\Users\dhadu\AppData\Roaming\Python\Python311\site-packages\sklearn\metrics\_classification.py:1561: UserWarning: Note that pos_label (set to 'Kecimen') is ignored when average != 'binary' (got 'weighted'). You may use labels=[pos_label] to specify a single positive class.
  warnings.warn(

2025-11-02 23:32:25,541:WARNING:C:\Users\dhadu\AppData\Roaming\Python\Python311\site-packages\sklearn\metrics\_classification.py:1561: UserWarning: Note that pos_label (set to 'Kecimen') is ignored when average != 'binary' (got 'weighted'). You may use labels=[pos_label] to specify a single positive class.
  warnings.warn(

2025-11-02 23:32:25,546:WARNING:C:\Users\dhadu\AppData\Roaming\Python\Python311\site-packages\sklearn\metrics\_classification.py:1561: UserWarning: Note that pos_label (set to 'Kecimen') is ignored when average != 'binary' (got 'weighted'). You may use labels=[pos_label] to specify a single positive class.
  warnings.warn(

2025-11-02 23:32:25,555:WARNING:C:\Users\dhadu\AppData\Roaming\Python\Python311\site-packages\sklearn\metrics\_classification.py:1561: UserWarning: Note that pos_label (set to 'Kecimen') is ignored when average != 'binary' (got 'weighted'). You may use labels=[pos_label] to specify a single positive class.
  warnings.warn(

2025-11-02 23:32:25,561:WARNING:C:\Users\dhadu\AppData\Roaming\Python\Python311\site-packages\sklearn\metrics\_classification.py:1561: UserWarning: Note that pos_label (set to 'Kecimen') is ignored when average != 'binary' (got 'weighted'). You may use labels=[pos_label] to specify a single positive class.
  warnings.warn(

2025-11-02 23:32:25,568:WARNING:C:\Users\dhadu\AppData\Roaming\Python\Python311\site-packages\sklearn\metrics\_classification.py:1561: UserWarning: Note that pos_label (set to 'Kecimen') is ignored when average != 'binary' (got 'weighted'). You may use labels=[pos_label] to specify a single positive class.
  warnings.warn(

2025-11-02 23:32:25,578:WARNING:C:\Users\dhadu\AppData\Roaming\Python\Python311\site-packages\sklearn\metrics\_classification.py:1561: UserWarning: Note that pos_label (set to 'Kecimen') is ignored when average != 'binary' (got 'weighted'). You may use labels=[pos_label] to specify a single positive class.
  warnings.warn(

2025-11-02 23:32:25,584:WARNING:C:\Users\dhadu\AppData\Roaming\Python\Python311\site-packages\sklearn\metrics\_classification.py:1561: UserWarning: Note that pos_label (set to 'Kecimen') is ignored when average != 'binary' (got 'weighted'). You may use labels=[pos_label] to specify a single positive class.
  warnings.warn(

2025-11-02 23:32:25,590:WARNING:C:\Users\dhadu\AppData\Roaming\Python\Python311\site-packages\sklearn\metrics\_classification.py:1561: UserWarning: Note that pos_label (set to 'Kecimen') is ignored when average != 'binary' (got 'weighted'). You may use labels=[pos_label] to specify a single positive class.
  warnings.warn(

2025-11-02 23:32:25,607:WARNING:C:\Users\dhadu\AppData\Roaming\Python\Python311\site-packages\sklearn\metrics\_classification.py:1561: UserWarning: Note that pos_label (set to 'Kecimen') is ignored when average != 'binary' (got 'weighted'). You may use labels=[pos_label] to specify a single positive class.
  warnings.warn(

2025-11-02 23:32:25,613:WARNING:C:\Users\dhadu\AppData\Roaming\Python\Python311\site-packages\sklearn\metrics\_classification.py:1561: UserWarning: Note that pos_label (set to 'Kecimen') is ignored when average != 'binary' (got 'weighted'). You may use labels=[pos_label] to specify a single positive class.
  warnings.warn(

2025-11-02 23:32:25,618:WARNING:C:\Users\dhadu\AppData\Roaming\Python\Python311\site-packages\sklearn\metrics\_classification.py:1561: UserWarning: Note that pos_label (set to 'Kecimen') is ignored when average != 'binary' (got 'weighted'). You may use labels=[pos_label] to specify a single positive class.
  warnings.warn(

2025-11-02 23:32:25,628:WARNING:C:\Users\dhadu\AppData\Roaming\Python\Python311\site-packages\sklearn\metrics\_classification.py:1561: UserWarning: Note that pos_label (set to 'Kecimen') is ignored when average != 'binary' (got 'weighted'). You may use labels=[pos_label] to specify a single positive class.
  warnings.warn(

2025-11-02 23:32:25,629:WARNING:C:\Users\dhadu\AppData\Roaming\Python\Python311\site-packages\sklearn\metrics\_classification.py:1561: UserWarning: Note that pos_label (set to 'Kecimen') is ignored when average != 'binary' (got 'weighted'). You may use labels=[pos_label] to specify a single positive class.
  warnings.warn(

2025-11-02 23:32:25,634:WARNING:C:\Users\dhadu\AppData\Roaming\Python\Python311\site-packages\sklearn\metrics\_classification.py:1561: UserWarning: Note that pos_label (set to 'Kecimen') is ignored when average != 'binary' (got 'weighted'). You may use labels=[pos_label] to specify a single positive class.
  warnings.warn(

2025-11-02 23:32:25,634:WARNING:C:\Users\dhadu\AppData\Roaming\Python\Python311\site-packages\sklearn\metrics\_classification.py:1561: UserWarning: Note that pos_label (set to 'Kecimen') is ignored when average != 'binary' (got 'weighted'). You may use labels=[pos_label] to specify a single positive class.
  warnings.warn(

2025-11-02 23:32:25,639:WARNING:C:\Users\dhadu\AppData\Roaming\Python\Python311\site-packages\sklearn\metrics\_classification.py:1561: UserWarning: Note that pos_label (set to 'Kecimen') is ignored when average != 'binary' (got 'weighted'). You may use labels=[pos_label] to specify a single positive class.
  warnings.warn(

2025-11-02 23:32:25,648:WARNING:C:\Users\dhadu\AppData\Roaming\Python\Python311\site-packages\sklearn\metrics\_classification.py:1561: UserWarning: Note that pos_label (set to 'Kecimen') is ignored when average != 'binary' (got 'weighted'). You may use labels=[pos_label] to specify a single positive class.
  warnings.warn(

2025-11-02 23:32:25,652:WARNING:C:\Users\dhadu\AppData\Roaming\Python\Python311\site-packages\sklearn\metrics\_classification.py:1561: UserWarning: Note that pos_label (set to 'Kecimen') is ignored when average != 'binary' (got 'weighted'). You may use labels=[pos_label] to specify a single positive class.
  warnings.warn(

2025-11-02 23:32:25,656:WARNING:C:\Users\dhadu\AppData\Roaming\Python\Python311\site-packages\sklearn\metrics\_classification.py:1561: UserWarning: Note that pos_label (set to 'Kecimen') is ignored when average != 'binary' (got 'weighted'). You may use labels=[pos_label] to specify a single positive class.
  warnings.warn(

2025-11-02 23:32:26,055:WARNING:C:\Users\dhadu\AppData\Roaming\Python\Python311\site-packages\sklearn\metrics\_classification.py:1561: UserWarning: Note that pos_label (set to 'Kecimen') is ignored when average != 'binary' (got 'weighted'). You may use labels=[pos_label] to specify a single positive class.
  warnings.warn(

2025-11-02 23:32:26,061:WARNING:C:\Users\dhadu\AppData\Roaming\Python\Python311\site-packages\sklearn\metrics\_classification.py:1561: UserWarning: Note that pos_label (set to 'Kecimen') is ignored when average != 'binary' (got 'weighted'). You may use labels=[pos_label] to specify a single positive class.
  warnings.warn(

2025-11-02 23:32:26,066:WARNING:C:\Users\dhadu\AppData\Roaming\Python\Python311\site-packages\sklearn\metrics\_classification.py:1561: UserWarning: Note that pos_label (set to 'Kecimen') is ignored when average != 'binary' (got 'weighted'). You may use labels=[pos_label] to specify a single positive class.
  warnings.warn(

2025-11-02 23:32:26,083:WARNING:C:\Users\dhadu\AppData\Roaming\Python\Python311\site-packages\sklearn\metrics\_classification.py:1561: UserWarning: Note that pos_label (set to 'Kecimen') is ignored when average != 'binary' (got 'weighted'). You may use labels=[pos_label] to specify a single positive class.
  warnings.warn(

2025-11-02 23:32:26,086:WARNING:C:\Users\dhadu\AppData\Roaming\Python\Python311\site-packages\sklearn\metrics\_classification.py:1561: UserWarning: Note that pos_label (set to 'Kecimen') is ignored when average != 'binary' (got 'weighted'). You may use labels=[pos_label] to specify a single positive class.
  warnings.warn(

2025-11-02 23:32:26,091:WARNING:C:\Users\dhadu\AppData\Roaming\Python\Python311\site-packages\sklearn\metrics\_classification.py:1561: UserWarning: Note that pos_label (set to 'Kecimen') is ignored when average != 'binary' (got 'weighted'). You may use labels=[pos_label] to specify a single positive class.
  warnings.warn(

2025-11-02 23:32:26,107:INFO:Calculating mean and std
2025-11-02 23:32:26,108:INFO:Creating metrics dataframe
2025-11-02 23:32:26,111:INFO:Uploading results into container
2025-11-02 23:32:26,113:INFO:Uploading model into container now
2025-11-02 23:32:26,113:INFO:_master_model_container: 10
2025-11-02 23:32:26,114:INFO:_display_container: 2
2025-11-02 23:32:26,114:INFO:GradientBoostingClassifier(ccp_alpha=0.0, criterion='friedman_mse', init=None,
                           learning_rate=0.1, loss='log_loss', max_depth=3,
                           max_features=None, max_leaf_nodes=None,
                           min_impurity_decrease=0.0, min_samples_leaf=1,
                           min_samples_split=2, min_weight_fraction_leaf=0.0,
                           n_estimators=100, n_iter_no_change=None,
                           random_state=123, subsample=1.0, tol=0.0001,
                           validation_fraction=0.1, verbose=0,
                           warm_start=False)
2025-11-02 23:32:26,115:INFO:create_model() successfully completed......................................
2025-11-02 23:32:26,323:INFO:SubProcess create_model() end ==================================
2025-11-02 23:32:26,323:INFO:Creating metrics dataframe
2025-11-02 23:32:26,347:INFO:Initializing Linear Discriminant Analysis
2025-11-02 23:32:26,348:INFO:Total runtime is 0.3836046099662781 minutes
2025-11-02 23:32:26,355:INFO:SubProcess create_model() called ==================================
2025-11-02 23:32:26,356:INFO:Initializing create_model()
2025-11-02 23:32:26,356:INFO:create_model(self=<pycaret.classification.oop.ClassificationExperiment object at 0x00000201BB1A4410>, estimator=lda, fold=StratifiedKFold(n_splits=10, random_state=None, shuffle=False), round=4, cross_validation=True, predict=True, fit_kwargs={}, groups=None, refit=False, probability_threshold=None, experiment_custom_tags=None, verbose=False, system=False, add_to_model_list=True, metrics=None, display=<pycaret.internal.display.display.CommonDisplay object at 0x00000201BB16E310>, model_only=True, return_train_score=False, error_score=0.0, kwargs={})
2025-11-02 23:32:26,356:INFO:Checking exceptions
2025-11-02 23:32:26,356:INFO:Importing libraries
2025-11-02 23:32:26,356:INFO:Copying training dataset
2025-11-02 23:32:26,368:INFO:Defining folds
2025-11-02 23:32:26,368:INFO:Declaring metric variables
2025-11-02 23:32:26,376:INFO:Importing untrained model
2025-11-02 23:32:26,389:INFO:Linear Discriminant Analysis Imported successfully
2025-11-02 23:32:26,410:INFO:Starting cross validation
2025-11-02 23:32:26,413:INFO:Cross validating with StratifiedKFold(n_splits=10, random_state=None, shuffle=False), n_jobs=-1
2025-11-02 23:32:26,554:WARNING:C:\Users\dhadu\AppData\Roaming\Python\Python311\site-packages\sklearn\metrics\_classification.py:1561: UserWarning: Note that pos_label (set to 'Kecimen') is ignored when average != 'binary' (got 'weighted'). You may use labels=[pos_label] to specify a single positive class.
  warnings.warn(

2025-11-02 23:32:26,554:WARNING:C:\Users\dhadu\AppData\Roaming\Python\Python311\site-packages\sklearn\metrics\_classification.py:1561: UserWarning: Note that pos_label (set to 'Kecimen') is ignored when average != 'binary' (got 'weighted'). You may use labels=[pos_label] to specify a single positive class.
  warnings.warn(

2025-11-02 23:32:26,554:WARNING:C:\Users\dhadu\AppData\Roaming\Python\Python311\site-packages\sklearn\metrics\_classification.py:1561: UserWarning: Note that pos_label (set to 'Kecimen') is ignored when average != 'binary' (got 'weighted'). You may use labels=[pos_label] to specify a single positive class.
  warnings.warn(

2025-11-02 23:32:26,555:WARNING:C:\Users\dhadu\AppData\Roaming\Python\Python311\site-packages\sklearn\metrics\_classification.py:1561: UserWarning: Note that pos_label (set to 'Kecimen') is ignored when average != 'binary' (got 'weighted'). You may use labels=[pos_label] to specify a single positive class.
  warnings.warn(

2025-11-02 23:32:26,559:WARNING:C:\Users\dhadu\AppData\Roaming\Python\Python311\site-packages\sklearn\metrics\_classification.py:1561: UserWarning: Note that pos_label (set to 'Kecimen') is ignored when average != 'binary' (got 'weighted'). You may use labels=[pos_label] to specify a single positive class.
  warnings.warn(

2025-11-02 23:32:26,560:WARNING:C:\Users\dhadu\AppData\Roaming\Python\Python311\site-packages\sklearn\metrics\_classification.py:1561: UserWarning: Note that pos_label (set to 'Kecimen') is ignored when average != 'binary' (got 'weighted'). You may use labels=[pos_label] to specify a single positive class.
  warnings.warn(

2025-11-02 23:32:26,561:WARNING:C:\Users\dhadu\AppData\Roaming\Python\Python311\site-packages\sklearn\metrics\_classification.py:1561: UserWarning: Note that pos_label (set to 'Kecimen') is ignored when average != 'binary' (got 'weighted'). You may use labels=[pos_label] to specify a single positive class.
  warnings.warn(

2025-11-02 23:32:26,562:WARNING:C:\Users\dhadu\AppData\Roaming\Python\Python311\site-packages\sklearn\metrics\_classification.py:1561: UserWarning: Note that pos_label (set to 'Kecimen') is ignored when average != 'binary' (got 'weighted'). You may use labels=[pos_label] to specify a single positive class.
  warnings.warn(

2025-11-02 23:32:26,566:WARNING:C:\Users\dhadu\AppData\Roaming\Python\Python311\site-packages\sklearn\metrics\_classification.py:1561: UserWarning: Note that pos_label (set to 'Kecimen') is ignored when average != 'binary' (got 'weighted'). You may use labels=[pos_label] to specify a single positive class.
  warnings.warn(

2025-11-02 23:32:26,567:WARNING:C:\Users\dhadu\AppData\Roaming\Python\Python311\site-packages\sklearn\metrics\_classification.py:1561: UserWarning: Note that pos_label (set to 'Kecimen') is ignored when average != 'binary' (got 'weighted'). You may use labels=[pos_label] to specify a single positive class.
  warnings.warn(

2025-11-02 23:32:26,567:WARNING:C:\Users\dhadu\AppData\Roaming\Python\Python311\site-packages\sklearn\metrics\_classification.py:1561: UserWarning: Note that pos_label (set to 'Kecimen') is ignored when average != 'binary' (got 'weighted'). You may use labels=[pos_label] to specify a single positive class.
  warnings.warn(

2025-11-02 23:32:26,567:WARNING:C:\Users\dhadu\AppData\Roaming\Python\Python311\site-packages\sklearn\metrics\_classification.py:1561: UserWarning: Note that pos_label (set to 'Kecimen') is ignored when average != 'binary' (got 'weighted'). You may use labels=[pos_label] to specify a single positive class.
  warnings.warn(

2025-11-02 23:32:26,567:WARNING:C:\Users\dhadu\AppData\Roaming\Python\Python311\site-packages\sklearn\metrics\_classification.py:1561: UserWarning: Note that pos_label (set to 'Kecimen') is ignored when average != 'binary' (got 'weighted'). You may use labels=[pos_label] to specify a single positive class.
  warnings.warn(

2025-11-02 23:32:26,568:WARNING:C:\Users\dhadu\AppData\Roaming\Python\Python311\site-packages\sklearn\metrics\_classification.py:1561: UserWarning: Note that pos_label (set to 'Kecimen') is ignored when average != 'binary' (got 'weighted'). You may use labels=[pos_label] to specify a single positive class.
  warnings.warn(

2025-11-02 23:32:26,570:WARNING:C:\Users\dhadu\AppData\Roaming\Python\Python311\site-packages\sklearn\metrics\_classification.py:1561: UserWarning: Note that pos_label (set to 'Kecimen') is ignored when average != 'binary' (got 'weighted'). You may use labels=[pos_label] to specify a single positive class.
  warnings.warn(

2025-11-02 23:32:26,572:WARNING:C:\Users\dhadu\AppData\Roaming\Python\Python311\site-packages\sklearn\metrics\_classification.py:1561: UserWarning: Note that pos_label (set to 'Kecimen') is ignored when average != 'binary' (got 'weighted'). You may use labels=[pos_label] to specify a single positive class.
  warnings.warn(

2025-11-02 23:32:26,572:WARNING:C:\Users\dhadu\AppData\Roaming\Python\Python311\site-packages\sklearn\metrics\_classification.py:1561: UserWarning: Note that pos_label (set to 'Kecimen') is ignored when average != 'binary' (got 'weighted'). You may use labels=[pos_label] to specify a single positive class.
  warnings.warn(

2025-11-02 23:32:26,576:WARNING:C:\Users\dhadu\AppData\Roaming\Python\Python311\site-packages\sklearn\metrics\_classification.py:1561: UserWarning: Note that pos_label (set to 'Kecimen') is ignored when average != 'binary' (got 'weighted'). You may use labels=[pos_label] to specify a single positive class.
  warnings.warn(

2025-11-02 23:32:26,578:WARNING:C:\Users\dhadu\AppData\Roaming\Python\Python311\site-packages\sklearn\metrics\_classification.py:1561: UserWarning: Note that pos_label (set to 'Kecimen') is ignored when average != 'binary' (got 'weighted'). You may use labels=[pos_label] to specify a single positive class.
  warnings.warn(

2025-11-02 23:32:26,579:WARNING:C:\Users\dhadu\AppData\Roaming\Python\Python311\site-packages\sklearn\metrics\_classification.py:1561: UserWarning: Note that pos_label (set to 'Kecimen') is ignored when average != 'binary' (got 'weighted'). You may use labels=[pos_label] to specify a single positive class.
  warnings.warn(

2025-11-02 23:32:26,592:WARNING:C:\Users\dhadu\AppData\Roaming\Python\Python311\site-packages\sklearn\metrics\_classification.py:1561: UserWarning: Note that pos_label (set to 'Kecimen') is ignored when average != 'binary' (got 'weighted'). You may use labels=[pos_label] to specify a single positive class.
  warnings.warn(

2025-11-02 23:32:26,596:WARNING:C:\Users\dhadu\AppData\Roaming\Python\Python311\site-packages\sklearn\metrics\_classification.py:1561: UserWarning: Note that pos_label (set to 'Kecimen') is ignored when average != 'binary' (got 'weighted'). You may use labels=[pos_label] to specify a single positive class.
  warnings.warn(

2025-11-02 23:32:26,601:WARNING:C:\Users\dhadu\AppData\Roaming\Python\Python311\site-packages\sklearn\metrics\_classification.py:1561: UserWarning: Note that pos_label (set to 'Kecimen') is ignored when average != 'binary' (got 'weighted'). You may use labels=[pos_label] to specify a single positive class.
  warnings.warn(

2025-11-02 23:32:26,627:WARNING:C:\Users\dhadu\AppData\Roaming\Python\Python311\site-packages\sklearn\metrics\_classification.py:1561: UserWarning: Note that pos_label (set to 'Kecimen') is ignored when average != 'binary' (got 'weighted'). You may use labels=[pos_label] to specify a single positive class.
  warnings.warn(

2025-11-02 23:32:26,627:WARNING:C:\Users\dhadu\AppData\Roaming\Python\Python311\site-packages\sklearn\metrics\_classification.py:1561: UserWarning: Note that pos_label (set to 'Kecimen') is ignored when average != 'binary' (got 'weighted'). You may use labels=[pos_label] to specify a single positive class.
  warnings.warn(

2025-11-02 23:32:26,632:WARNING:C:\Users\dhadu\AppData\Roaming\Python\Python311\site-packages\sklearn\metrics\_classification.py:1561: UserWarning: Note that pos_label (set to 'Kecimen') is ignored when average != 'binary' (got 'weighted'). You may use labels=[pos_label] to specify a single positive class.
  warnings.warn(

2025-11-02 23:32:26,633:WARNING:C:\Users\dhadu\AppData\Roaming\Python\Python311\site-packages\sklearn\metrics\_classification.py:1561: UserWarning: Note that pos_label (set to 'Kecimen') is ignored when average != 'binary' (got 'weighted'). You may use labels=[pos_label] to specify a single positive class.
  warnings.warn(

2025-11-02 23:32:26,637:WARNING:C:\Users\dhadu\AppData\Roaming\Python\Python311\site-packages\sklearn\metrics\_classification.py:1561: UserWarning: Note that pos_label (set to 'Kecimen') is ignored when average != 'binary' (got 'weighted'). You may use labels=[pos_label] to specify a single positive class.
  warnings.warn(

2025-11-02 23:32:26,638:WARNING:C:\Users\dhadu\AppData\Roaming\Python\Python311\site-packages\sklearn\metrics\_classification.py:1561: UserWarning: Note that pos_label (set to 'Kecimen') is ignored when average != 'binary' (got 'weighted'). You may use labels=[pos_label] to specify a single positive class.
  warnings.warn(

2025-11-02 23:32:26,656:INFO:Calculating mean and std
2025-11-02 23:32:26,657:INFO:Creating metrics dataframe
2025-11-02 23:32:26,661:INFO:Uploading results into container
2025-11-02 23:32:26,663:INFO:Uploading model into container now
2025-11-02 23:32:26,663:INFO:_master_model_container: 11
2025-11-02 23:32:26,663:INFO:_display_container: 2
2025-11-02 23:32:26,664:INFO:LinearDiscriminantAnalysis(covariance_estimator=None, n_components=None,
                           priors=None, shrinkage=None, solver='svd',
                           store_covariance=False, tol=0.0001)
2025-11-02 23:32:26,664:INFO:create_model() successfully completed......................................
2025-11-02 23:32:26,915:INFO:SubProcess create_model() end ==================================
2025-11-02 23:32:26,915:INFO:Creating metrics dataframe
2025-11-02 23:32:26,963:INFO:Initializing Extra Trees Classifier
2025-11-02 23:32:26,964:INFO:Total runtime is 0.39387795527776087 minutes
2025-11-02 23:32:26,979:INFO:SubProcess create_model() called ==================================
2025-11-02 23:32:26,980:INFO:Initializing create_model()
2025-11-02 23:32:26,980:INFO:create_model(self=<pycaret.classification.oop.ClassificationExperiment object at 0x00000201BB1A4410>, estimator=et, fold=StratifiedKFold(n_splits=10, random_state=None, shuffle=False), round=4, cross_validation=True, predict=True, fit_kwargs={}, groups=None, refit=False, probability_threshold=None, experiment_custom_tags=None, verbose=False, system=False, add_to_model_list=True, metrics=None, display=<pycaret.internal.display.display.CommonDisplay object at 0x00000201BB16E310>, model_only=True, return_train_score=False, error_score=0.0, kwargs={})
2025-11-02 23:32:26,981:INFO:Checking exceptions
2025-11-02 23:32:26,981:INFO:Importing libraries
2025-11-02 23:32:26,982:INFO:Copying training dataset
2025-11-02 23:32:27,005:INFO:Defining folds
2025-11-02 23:32:27,005:INFO:Declaring metric variables
2025-11-02 23:32:27,029:INFO:Importing untrained model
2025-11-02 23:32:27,043:INFO:Extra Trees Classifier Imported successfully
2025-11-02 23:32:27,065:INFO:Starting cross validation
2025-11-02 23:32:27,067:INFO:Cross validating with StratifiedKFold(n_splits=10, random_state=None, shuffle=False), n_jobs=-1
2025-11-02 23:32:27,573:WARNING:C:\Users\dhadu\AppData\Roaming\Python\Python311\site-packages\sklearn\metrics\_classification.py:1561: UserWarning: Note that pos_label (set to 'Kecimen') is ignored when average != 'binary' (got 'weighted'). You may use labels=[pos_label] to specify a single positive class.
  warnings.warn(

2025-11-02 23:32:27,573:WARNING:C:\Users\dhadu\AppData\Roaming\Python\Python311\site-packages\sklearn\metrics\_classification.py:1561: UserWarning: Note that pos_label (set to 'Kecimen') is ignored when average != 'binary' (got 'weighted'). You may use labels=[pos_label] to specify a single positive class.
  warnings.warn(

2025-11-02 23:32:27,579:WARNING:C:\Users\dhadu\AppData\Roaming\Python\Python311\site-packages\sklearn\metrics\_classification.py:1561: UserWarning: Note that pos_label (set to 'Kecimen') is ignored when average != 'binary' (got 'weighted'). You may use labels=[pos_label] to specify a single positive class.
  warnings.warn(

2025-11-02 23:32:27,580:WARNING:C:\Users\dhadu\AppData\Roaming\Python\Python311\site-packages\sklearn\metrics\_classification.py:1561: UserWarning: Note that pos_label (set to 'Kecimen') is ignored when average != 'binary' (got 'weighted'). You may use labels=[pos_label] to specify a single positive class.
  warnings.warn(

2025-11-02 23:32:27,583:WARNING:C:\Users\dhadu\AppData\Roaming\Python\Python311\site-packages\sklearn\metrics\_classification.py:1561: UserWarning: Note that pos_label (set to 'Kecimen') is ignored when average != 'binary' (got 'weighted'). You may use labels=[pos_label] to specify a single positive class.
  warnings.warn(

2025-11-02 23:32:27,586:WARNING:C:\Users\dhadu\AppData\Roaming\Python\Python311\site-packages\sklearn\metrics\_classification.py:1561: UserWarning: Note that pos_label (set to 'Kecimen') is ignored when average != 'binary' (got 'weighted'). You may use labels=[pos_label] to specify a single positive class.
  warnings.warn(

2025-11-02 23:32:27,587:WARNING:C:\Users\dhadu\AppData\Roaming\Python\Python311\site-packages\sklearn\metrics\_classification.py:1561: UserWarning: Note that pos_label (set to 'Kecimen') is ignored when average != 'binary' (got 'weighted'). You may use labels=[pos_label] to specify a single positive class.
  warnings.warn(

2025-11-02 23:32:27,588:WARNING:C:\Users\dhadu\AppData\Roaming\Python\Python311\site-packages\sklearn\metrics\_classification.py:1561: UserWarning: Note that pos_label (set to 'Kecimen') is ignored when average != 'binary' (got 'weighted'). You may use labels=[pos_label] to specify a single positive class.
  warnings.warn(

2025-11-02 23:32:27,593:WARNING:C:\Users\dhadu\AppData\Roaming\Python\Python311\site-packages\sklearn\metrics\_classification.py:1561: UserWarning: Note that pos_label (set to 'Kecimen') is ignored when average != 'binary' (got 'weighted'). You may use labels=[pos_label] to specify a single positive class.
  warnings.warn(

2025-11-02 23:32:27,598:WARNING:C:\Users\dhadu\AppData\Roaming\Python\Python311\site-packages\sklearn\metrics\_classification.py:1561: UserWarning: Note that pos_label (set to 'Kecimen') is ignored when average != 'binary' (got 'weighted'). You may use labels=[pos_label] to specify a single positive class.
  warnings.warn(

2025-11-02 23:32:27,604:WARNING:C:\Users\dhadu\AppData\Roaming\Python\Python311\site-packages\sklearn\metrics\_classification.py:1561: UserWarning: Note that pos_label (set to 'Kecimen') is ignored when average != 'binary' (got 'weighted'). You may use labels=[pos_label] to specify a single positive class.
  warnings.warn(

2025-11-02 23:32:27,605:WARNING:C:\Users\dhadu\AppData\Roaming\Python\Python311\site-packages\sklearn\metrics\_classification.py:1561: UserWarning: Note that pos_label (set to 'Kecimen') is ignored when average != 'binary' (got 'weighted'). You may use labels=[pos_label] to specify a single positive class.
  warnings.warn(

2025-11-02 23:32:27,608:WARNING:C:\Users\dhadu\AppData\Roaming\Python\Python311\site-packages\sklearn\metrics\_classification.py:1561: UserWarning: Note that pos_label (set to 'Kecimen') is ignored when average != 'binary' (got 'weighted'). You may use labels=[pos_label] to specify a single positive class.
  warnings.warn(

2025-11-02 23:32:27,611:WARNING:C:\Users\dhadu\AppData\Roaming\Python\Python311\site-packages\sklearn\metrics\_classification.py:1561: UserWarning: Note that pos_label (set to 'Kecimen') is ignored when average != 'binary' (got 'weighted'). You may use labels=[pos_label] to specify a single positive class.
  warnings.warn(

2025-11-02 23:32:27,620:WARNING:C:\Users\dhadu\AppData\Roaming\Python\Python311\site-packages\sklearn\metrics\_classification.py:1561: UserWarning: Note that pos_label (set to 'Kecimen') is ignored when average != 'binary' (got 'weighted'). You may use labels=[pos_label] to specify a single positive class.
  warnings.warn(

2025-11-02 23:32:27,650:WARNING:C:\Users\dhadu\AppData\Roaming\Python\Python311\site-packages\sklearn\metrics\_classification.py:1561: UserWarning: Note that pos_label (set to 'Kecimen') is ignored when average != 'binary' (got 'weighted'). You may use labels=[pos_label] to specify a single positive class.
  warnings.warn(

2025-11-02 23:32:27,653:WARNING:C:\Users\dhadu\AppData\Roaming\Python\Python311\site-packages\sklearn\metrics\_classification.py:1561: UserWarning: Note that pos_label (set to 'Kecimen') is ignored when average != 'binary' (got 'weighted'). You may use labels=[pos_label] to specify a single positive class.
  warnings.warn(

2025-11-02 23:32:27,656:WARNING:C:\Users\dhadu\AppData\Roaming\Python\Python311\site-packages\sklearn\metrics\_classification.py:1561: UserWarning: Note that pos_label (set to 'Kecimen') is ignored when average != 'binary' (got 'weighted'). You may use labels=[pos_label] to specify a single positive class.
  warnings.warn(

2025-11-02 23:32:27,658:WARNING:C:\Users\dhadu\AppData\Roaming\Python\Python311\site-packages\sklearn\metrics\_classification.py:1561: UserWarning: Note that pos_label (set to 'Kecimen') is ignored when average != 'binary' (got 'weighted'). You may use labels=[pos_label] to specify a single positive class.
  warnings.warn(

2025-11-02 23:32:27,662:WARNING:C:\Users\dhadu\AppData\Roaming\Python\Python311\site-packages\sklearn\metrics\_classification.py:1561: UserWarning: Note that pos_label (set to 'Kecimen') is ignored when average != 'binary' (got 'weighted'). You may use labels=[pos_label] to specify a single positive class.
  warnings.warn(

2025-11-02 23:32:27,666:WARNING:C:\Users\dhadu\AppData\Roaming\Python\Python311\site-packages\sklearn\metrics\_classification.py:1561: UserWarning: Note that pos_label (set to 'Kecimen') is ignored when average != 'binary' (got 'weighted'). You may use labels=[pos_label] to specify a single positive class.
  warnings.warn(

2025-11-02 23:32:27,744:WARNING:C:\Users\dhadu\AppData\Roaming\Python\Python311\site-packages\sklearn\metrics\_classification.py:1561: UserWarning: Note that pos_label (set to 'Kecimen') is ignored when average != 'binary' (got 'weighted'). You may use labels=[pos_label] to specify a single positive class.
  warnings.warn(

2025-11-02 23:32:27,751:WARNING:C:\Users\dhadu\AppData\Roaming\Python\Python311\site-packages\sklearn\metrics\_classification.py:1561: UserWarning: Note that pos_label (set to 'Kecimen') is ignored when average != 'binary' (got 'weighted'). You may use labels=[pos_label] to specify a single positive class.
  warnings.warn(

2025-11-02 23:32:27,755:WARNING:C:\Users\dhadu\AppData\Roaming\Python\Python311\site-packages\sklearn\metrics\_classification.py:1561: UserWarning: Note that pos_label (set to 'Kecimen') is ignored when average != 'binary' (got 'weighted'). You may use labels=[pos_label] to specify a single positive class.
  warnings.warn(

2025-11-02 23:32:27,898:WARNING:C:\Users\dhadu\AppData\Roaming\Python\Python311\site-packages\sklearn\metrics\_classification.py:1561: UserWarning: Note that pos_label (set to 'Kecimen') is ignored when average != 'binary' (got 'weighted'). You may use labels=[pos_label] to specify a single positive class.
  warnings.warn(

2025-11-02 23:32:27,904:WARNING:C:\Users\dhadu\AppData\Roaming\Python\Python311\site-packages\sklearn\metrics\_classification.py:1561: UserWarning: Note that pos_label (set to 'Kecimen') is ignored when average != 'binary' (got 'weighted'). You may use labels=[pos_label] to specify a single positive class.
  warnings.warn(

2025-11-02 23:32:27,909:WARNING:C:\Users\dhadu\AppData\Roaming\Python\Python311\site-packages\sklearn\metrics\_classification.py:1561: UserWarning: Note that pos_label (set to 'Kecimen') is ignored when average != 'binary' (got 'weighted'). You may use labels=[pos_label] to specify a single positive class.
  warnings.warn(

2025-11-02 23:32:27,914:WARNING:C:\Users\dhadu\AppData\Roaming\Python\Python311\site-packages\sklearn\metrics\_classification.py:1561: UserWarning: Note that pos_label (set to 'Kecimen') is ignored when average != 'binary' (got 'weighted'). You may use labels=[pos_label] to specify a single positive class.
  warnings.warn(

2025-11-02 23:32:27,918:WARNING:C:\Users\dhadu\AppData\Roaming\Python\Python311\site-packages\sklearn\metrics\_classification.py:1561: UserWarning: Note that pos_label (set to 'Kecimen') is ignored when average != 'binary' (got 'weighted'). You may use labels=[pos_label] to specify a single positive class.
  warnings.warn(

2025-11-02 23:32:27,922:WARNING:C:\Users\dhadu\AppData\Roaming\Python\Python311\site-packages\sklearn\metrics\_classification.py:1561: UserWarning: Note that pos_label (set to 'Kecimen') is ignored when average != 'binary' (got 'weighted'). You may use labels=[pos_label] to specify a single positive class.
  warnings.warn(

2025-11-02 23:32:27,934:INFO:Calculating mean and std
2025-11-02 23:32:27,936:INFO:Creating metrics dataframe
2025-11-02 23:32:27,938:INFO:Uploading results into container
2025-11-02 23:32:27,939:INFO:Uploading model into container now
2025-11-02 23:32:27,939:INFO:_master_model_container: 12
2025-11-02 23:32:27,939:INFO:_display_container: 2
2025-11-02 23:32:27,940:INFO:ExtraTreesClassifier(bootstrap=False, ccp_alpha=0.0, class_weight=None,
                     criterion='gini', max_depth=None, max_features='sqrt',
                     max_leaf_nodes=None, max_samples=None,
                     min_impurity_decrease=0.0, min_samples_leaf=1,
                     min_samples_split=2, min_weight_fraction_leaf=0.0,
                     monotonic_cst=None, n_estimators=100, n_jobs=-1,
                     oob_score=False, random_state=123, verbose=0,
                     warm_start=False)
2025-11-02 23:32:27,940:INFO:create_model() successfully completed......................................
2025-11-02 23:32:28,260:INFO:SubProcess create_model() end ==================================
2025-11-02 23:32:28,261:INFO:Creating metrics dataframe
2025-11-02 23:32:28,291:INFO:Initializing Light Gradient Boosting Machine
2025-11-02 23:32:28,291:INFO:Total runtime is 0.4159830133120219 minutes
2025-11-02 23:32:28,299:INFO:SubProcess create_model() called ==================================
2025-11-02 23:32:28,300:INFO:Initializing create_model()
2025-11-02 23:32:28,300:INFO:create_model(self=<pycaret.classification.oop.ClassificationExperiment object at 0x00000201BB1A4410>, estimator=lightgbm, fold=StratifiedKFold(n_splits=10, random_state=None, shuffle=False), round=4, cross_validation=True, predict=True, fit_kwargs={}, groups=None, refit=False, probability_threshold=None, experiment_custom_tags=None, verbose=False, system=False, add_to_model_list=True, metrics=None, display=<pycaret.internal.display.display.CommonDisplay object at 0x00000201BB16E310>, model_only=True, return_train_score=False, error_score=0.0, kwargs={})
2025-11-02 23:32:28,301:INFO:Checking exceptions
2025-11-02 23:32:28,301:INFO:Importing libraries
2025-11-02 23:32:28,301:INFO:Copying training dataset
2025-11-02 23:32:28,313:INFO:Defining folds
2025-11-02 23:32:28,313:INFO:Declaring metric variables
2025-11-02 23:32:28,324:INFO:Importing untrained model
2025-11-02 23:32:28,338:INFO:Light Gradient Boosting Machine Imported successfully
2025-11-02 23:32:28,363:INFO:Starting cross validation
2025-11-02 23:32:28,366:INFO:Cross validating with StratifiedKFold(n_splits=10, random_state=None, shuffle=False), n_jobs=-1
2025-11-02 23:32:29,473:WARNING:C:\Users\dhadu\AppData\Roaming\Python\Python311\site-packages\sklearn\metrics\_classification.py:1561: UserWarning: Note that pos_label (set to 'Kecimen') is ignored when average != 'binary' (got 'weighted'). You may use labels=[pos_label] to specify a single positive class.
  warnings.warn(

2025-11-02 23:32:29,480:WARNING:C:\Users\dhadu\AppData\Roaming\Python\Python311\site-packages\sklearn\metrics\_classification.py:1561: UserWarning: Note that pos_label (set to 'Kecimen') is ignored when average != 'binary' (got 'weighted'). You may use labels=[pos_label] to specify a single positive class.
  warnings.warn(

2025-11-02 23:32:29,486:WARNING:C:\Users\dhadu\AppData\Roaming\Python\Python311\site-packages\sklearn\metrics\_classification.py:1561: UserWarning: Note that pos_label (set to 'Kecimen') is ignored when average != 'binary' (got 'weighted'). You may use labels=[pos_label] to specify a single positive class.
  warnings.warn(

2025-11-02 23:32:29,496:WARNING:C:\Users\dhadu\AppData\Roaming\Python\Python311\site-packages\sklearn\metrics\_classification.py:1561: UserWarning: Note that pos_label (set to 'Kecimen') is ignored when average != 'binary' (got 'weighted'). You may use labels=[pos_label] to specify a single positive class.
  warnings.warn(

2025-11-02 23:32:29,503:WARNING:C:\Users\dhadu\AppData\Roaming\Python\Python311\site-packages\sklearn\metrics\_classification.py:1561: UserWarning: Note that pos_label (set to 'Kecimen') is ignored when average != 'binary' (got 'weighted'). You may use labels=[pos_label] to specify a single positive class.
  warnings.warn(

2025-11-02 23:32:29,506:WARNING:C:\Users\dhadu\AppData\Roaming\Python\Python311\site-packages\sklearn\metrics\_classification.py:1561: UserWarning: Note that pos_label (set to 'Kecimen') is ignored when average != 'binary' (got 'weighted'). You may use labels=[pos_label] to specify a single positive class.
  warnings.warn(

2025-11-02 23:32:29,508:WARNING:C:\Users\dhadu\AppData\Roaming\Python\Python311\site-packages\sklearn\metrics\_classification.py:1561: UserWarning: Note that pos_label (set to 'Kecimen') is ignored when average != 'binary' (got 'weighted'). You may use labels=[pos_label] to specify a single positive class.
  warnings.warn(

2025-11-02 23:32:29,512:WARNING:C:\Users\dhadu\AppData\Roaming\Python\Python311\site-packages\sklearn\metrics\_classification.py:1561: UserWarning: Note that pos_label (set to 'Kecimen') is ignored when average != 'binary' (got 'weighted'). You may use labels=[pos_label] to specify a single positive class.
  warnings.warn(

2025-11-02 23:32:29,517:WARNING:C:\Users\dhadu\AppData\Roaming\Python\Python311\site-packages\sklearn\metrics\_classification.py:1561: UserWarning: Note that pos_label (set to 'Kecimen') is ignored when average != 'binary' (got 'weighted'). You may use labels=[pos_label] to specify a single positive class.
  warnings.warn(

2025-11-02 23:32:29,530:WARNING:C:\Users\dhadu\AppData\Roaming\Python\Python311\site-packages\sklearn\metrics\_classification.py:1561: UserWarning: Note that pos_label (set to 'Kecimen') is ignored when average != 'binary' (got 'weighted'). You may use labels=[pos_label] to specify a single positive class.
  warnings.warn(

2025-11-02 23:32:29,535:WARNING:C:\Users\dhadu\AppData\Roaming\Python\Python311\site-packages\sklearn\metrics\_classification.py:1561: UserWarning: Note that pos_label (set to 'Kecimen') is ignored when average != 'binary' (got 'weighted'). You may use labels=[pos_label] to specify a single positive class.
  warnings.warn(

2025-11-02 23:32:29,542:WARNING:C:\Users\dhadu\AppData\Roaming\Python\Python311\site-packages\sklearn\metrics\_classification.py:1561: UserWarning: Note that pos_label (set to 'Kecimen') is ignored when average != 'binary' (got 'weighted'). You may use labels=[pos_label] to specify a single positive class.
  warnings.warn(

2025-11-02 23:32:29,586:WARNING:C:\Users\dhadu\AppData\Roaming\Python\Python311\site-packages\sklearn\metrics\_classification.py:1561: UserWarning: Note that pos_label (set to 'Kecimen') is ignored when average != 'binary' (got 'weighted'). You may use labels=[pos_label] to specify a single positive class.
  warnings.warn(

2025-11-02 23:32:29,586:WARNING:C:\Users\dhadu\AppData\Roaming\Python\Python311\site-packages\sklearn\metrics\_classification.py:1561: UserWarning: Note that pos_label (set to 'Kecimen') is ignored when average != 'binary' (got 'weighted'). You may use labels=[pos_label] to specify a single positive class.
  warnings.warn(

2025-11-02 23:32:29,592:WARNING:C:\Users\dhadu\AppData\Roaming\Python\Python311\site-packages\sklearn\metrics\_classification.py:1561: UserWarning: Note that pos_label (set to 'Kecimen') is ignored when average != 'binary' (got 'weighted'). You may use labels=[pos_label] to specify a single positive class.
  warnings.warn(

2025-11-02 23:32:29,597:WARNING:C:\Users\dhadu\AppData\Roaming\Python\Python311\site-packages\sklearn\metrics\_classification.py:1561: UserWarning: Note that pos_label (set to 'Kecimen') is ignored when average != 'binary' (got 'weighted'). You may use labels=[pos_label] to specify a single positive class.
  warnings.warn(

2025-11-02 23:32:29,599:WARNING:C:\Users\dhadu\AppData\Roaming\Python\Python311\site-packages\sklearn\metrics\_classification.py:1561: UserWarning: Note that pos_label (set to 'Kecimen') is ignored when average != 'binary' (got 'weighted'). You may use labels=[pos_label] to specify a single positive class.
  warnings.warn(

2025-11-02 23:32:29,599:WARNING:C:\Users\dhadu\AppData\Roaming\Python\Python311\site-packages\sklearn\metrics\_classification.py:1561: UserWarning: Note that pos_label (set to 'Kecimen') is ignored when average != 'binary' (got 'weighted'). You may use labels=[pos_label] to specify a single positive class.
  warnings.warn(

2025-11-02 23:32:29,604:WARNING:C:\Users\dhadu\AppData\Roaming\Python\Python311\site-packages\sklearn\metrics\_classification.py:1561: UserWarning: Note that pos_label (set to 'Kecimen') is ignored when average != 'binary' (got 'weighted'). You may use labels=[pos_label] to specify a single positive class.
  warnings.warn(

2025-11-02 23:32:29,609:WARNING:C:\Users\dhadu\AppData\Roaming\Python\Python311\site-packages\sklearn\metrics\_classification.py:1561: UserWarning: Note that pos_label (set to 'Kecimen') is ignored when average != 'binary' (got 'weighted'). You may use labels=[pos_label] to specify a single positive class.
  warnings.warn(

2025-11-02 23:32:29,661:WARNING:C:\Users\dhadu\AppData\Roaming\Python\Python311\site-packages\sklearn\metrics\_classification.py:1561: UserWarning: Note that pos_label (set to 'Kecimen') is ignored when average != 'binary' (got 'weighted'). You may use labels=[pos_label] to specify a single positive class.
  warnings.warn(

2025-11-02 23:32:29,666:WARNING:C:\Users\dhadu\AppData\Roaming\Python\Python311\site-packages\sklearn\metrics\_classification.py:1561: UserWarning: Note that pos_label (set to 'Kecimen') is ignored when average != 'binary' (got 'weighted'). You may use labels=[pos_label] to specify a single positive class.
  warnings.warn(

2025-11-02 23:32:29,671:WARNING:C:\Users\dhadu\AppData\Roaming\Python\Python311\site-packages\sklearn\metrics\_classification.py:1561: UserWarning: Note that pos_label (set to 'Kecimen') is ignored when average != 'binary' (got 'weighted'). You may use labels=[pos_label] to specify a single positive class.
  warnings.warn(

2025-11-02 23:32:29,893:WARNING:C:\Users\dhadu\AppData\Roaming\Python\Python311\site-packages\sklearn\metrics\_classification.py:1561: UserWarning: Note that pos_label (set to 'Kecimen') is ignored when average != 'binary' (got 'weighted'). You may use labels=[pos_label] to specify a single positive class.
  warnings.warn(

2025-11-02 23:32:29,898:WARNING:C:\Users\dhadu\AppData\Roaming\Python\Python311\site-packages\sklearn\metrics\_classification.py:1561: UserWarning: Note that pos_label (set to 'Kecimen') is ignored when average != 'binary' (got 'weighted'). You may use labels=[pos_label] to specify a single positive class.
  warnings.warn(

2025-11-02 23:32:29,904:WARNING:C:\Users\dhadu\AppData\Roaming\Python\Python311\site-packages\sklearn\metrics\_classification.py:1561: UserWarning: Note that pos_label (set to 'Kecimen') is ignored when average != 'binary' (got 'weighted'). You may use labels=[pos_label] to specify a single positive class.
  warnings.warn(

2025-11-02 23:32:29,944:WARNING:C:\Users\dhadu\AppData\Roaming\Python\Python311\site-packages\sklearn\metrics\_classification.py:1561: UserWarning: Note that pos_label (set to 'Kecimen') is ignored when average != 'binary' (got 'weighted'). You may use labels=[pos_label] to specify a single positive class.
  warnings.warn(

2025-11-02 23:32:29,949:WARNING:C:\Users\dhadu\AppData\Roaming\Python\Python311\site-packages\sklearn\metrics\_classification.py:1561: UserWarning: Note that pos_label (set to 'Kecimen') is ignored when average != 'binary' (got 'weighted'). You may use labels=[pos_label] to specify a single positive class.
  warnings.warn(

2025-11-02 23:32:29,954:WARNING:C:\Users\dhadu\AppData\Roaming\Python\Python311\site-packages\sklearn\metrics\_classification.py:1561: UserWarning: Note that pos_label (set to 'Kecimen') is ignored when average != 'binary' (got 'weighted'). You may use labels=[pos_label] to specify a single positive class.
  warnings.warn(

2025-11-02 23:32:29,965:INFO:Calculating mean and std
2025-11-02 23:32:29,967:INFO:Creating metrics dataframe
2025-11-02 23:32:29,971:INFO:Uploading results into container
2025-11-02 23:32:29,972:INFO:Uploading model into container now
2025-11-02 23:32:29,973:INFO:_master_model_container: 13
2025-11-02 23:32:29,973:INFO:_display_container: 2
2025-11-02 23:32:29,974:INFO:LGBMClassifier(boosting_type='gbdt', class_weight=None, colsample_bytree=1.0,
               importance_type='split', learning_rate=0.1, max_depth=-1,
               min_child_samples=20, min_child_weight=0.001, min_split_gain=0.0,
               n_estimators=100, n_jobs=-1, num_leaves=31, objective=None,
               random_state=123, reg_alpha=0.0, reg_lambda=0.0, subsample=1.0,
               subsample_for_bin=200000, subsample_freq=0)
2025-11-02 23:32:29,974:INFO:create_model() successfully completed......................................
2025-11-02 23:32:30,191:INFO:SubProcess create_model() end ==================================
2025-11-02 23:32:30,191:INFO:Creating metrics dataframe
2025-11-02 23:32:30,213:INFO:Initializing CatBoost Classifier
2025-11-02 23:32:30,213:INFO:Total runtime is 0.4480173786481222 minutes
2025-11-02 23:32:30,219:INFO:SubProcess create_model() called ==================================
2025-11-02 23:32:30,221:INFO:Initializing create_model()
2025-11-02 23:32:30,221:INFO:create_model(self=<pycaret.classification.oop.ClassificationExperiment object at 0x00000201BB1A4410>, estimator=catboost, fold=StratifiedKFold(n_splits=10, random_state=None, shuffle=False), round=4, cross_validation=True, predict=True, fit_kwargs={}, groups=None, refit=False, probability_threshold=None, experiment_custom_tags=None, verbose=False, system=False, add_to_model_list=True, metrics=None, display=<pycaret.internal.display.display.CommonDisplay object at 0x00000201BB16E310>, model_only=True, return_train_score=False, error_score=0.0, kwargs={})
2025-11-02 23:32:30,222:INFO:Checking exceptions
2025-11-02 23:32:30,222:INFO:Importing libraries
2025-11-02 23:32:30,222:INFO:Copying training dataset
2025-11-02 23:32:30,232:INFO:Defining folds
2025-11-02 23:32:30,232:INFO:Declaring metric variables
2025-11-02 23:32:30,240:INFO:Importing untrained model
2025-11-02 23:32:30,248:INFO:CatBoost Classifier Imported successfully
2025-11-02 23:32:30,268:INFO:Starting cross validation
2025-11-02 23:32:30,271:INFO:Cross validating with StratifiedKFold(n_splits=10, random_state=None, shuffle=False), n_jobs=-1
2025-11-02 23:32:38,157:WARNING:C:\Users\dhadu\AppData\Roaming\Python\Python311\site-packages\sklearn\metrics\_classification.py:1561: UserWarning: Note that pos_label (set to 'Kecimen') is ignored when average != 'binary' (got 'weighted'). You may use labels=[pos_label] to specify a single positive class.
  warnings.warn(

2025-11-02 23:32:38,171:WARNING:C:\Users\dhadu\AppData\Roaming\Python\Python311\site-packages\sklearn\metrics\_classification.py:1561: UserWarning: Note that pos_label (set to 'Kecimen') is ignored when average != 'binary' (got 'weighted'). You may use labels=[pos_label] to specify a single positive class.
  warnings.warn(

2025-11-02 23:32:38,187:WARNING:C:\Users\dhadu\AppData\Roaming\Python\Python311\site-packages\sklearn\metrics\_classification.py:1561: UserWarning: Note that pos_label (set to 'Kecimen') is ignored when average != 'binary' (got 'weighted'). You may use labels=[pos_label] to specify a single positive class.
  warnings.warn(

2025-11-02 23:32:38,256:WARNING:C:\Users\dhadu\AppData\Roaming\Python\Python311\site-packages\sklearn\metrics\_classification.py:1561: UserWarning: Note that pos_label (set to 'Kecimen') is ignored when average != 'binary' (got 'weighted'). You may use labels=[pos_label] to specify a single positive class.
  warnings.warn(

2025-11-02 23:32:38,265:WARNING:C:\Users\dhadu\AppData\Roaming\Python\Python311\site-packages\sklearn\metrics\_classification.py:1561: UserWarning: Note that pos_label (set to 'Kecimen') is ignored when average != 'binary' (got 'weighted'). You may use labels=[pos_label] to specify a single positive class.
  warnings.warn(

2025-11-02 23:32:38,274:WARNING:C:\Users\dhadu\AppData\Roaming\Python\Python311\site-packages\sklearn\metrics\_classification.py:1561: UserWarning: Note that pos_label (set to 'Kecimen') is ignored when average != 'binary' (got 'weighted'). You may use labels=[pos_label] to specify a single positive class.
  warnings.warn(

2025-11-02 23:32:38,304:WARNING:C:\Users\dhadu\AppData\Roaming\Python\Python311\site-packages\sklearn\metrics\_classification.py:1561: UserWarning: Note that pos_label (set to 'Kecimen') is ignored when average != 'binary' (got 'weighted'). You may use labels=[pos_label] to specify a single positive class.
  warnings.warn(

2025-11-02 23:32:38,310:WARNING:C:\Users\dhadu\AppData\Roaming\Python\Python311\site-packages\sklearn\metrics\_classification.py:1561: UserWarning: Note that pos_label (set to 'Kecimen') is ignored when average != 'binary' (got 'weighted'). You may use labels=[pos_label] to specify a single positive class.
  warnings.warn(

2025-11-02 23:32:38,314:WARNING:C:\Users\dhadu\AppData\Roaming\Python\Python311\site-packages\sklearn\metrics\_classification.py:1561: UserWarning: Note that pos_label (set to 'Kecimen') is ignored when average != 'binary' (got 'weighted'). You may use labels=[pos_label] to specify a single positive class.
  warnings.warn(

2025-11-02 23:32:38,333:WARNING:C:\Users\dhadu\AppData\Roaming\Python\Python311\site-packages\sklearn\model_selection\_validation.py:547: FitFailedWarning: 
7 fits failed out of a total of 10.
The score on these train-test partitions for these parameters will be set to 0.0.
If these failures are not expected, you can try to debug them by setting error_score='raise'.

Below are more details about the failures:
--------------------------------------------------------------------------------
7 fits failed with the following error:
Traceback (most recent call last):
  File "C:\Users\dhadu\AppData\Roaming\Python\Python311\site-packages\sklearn\model_selection\_validation.py", line 895, in _fit_and_score
    estimator.fit(X_train, y_train, **fit_params)
  File "C:\Users\dhadu\AppData\Roaming\Python\Python311\site-packages\pycaret\internal\pipeline.py", line 278, in fit
    fitted_estimator = self._memory_fit(
                       ^^^^^^^^^^^^^^^^^
  File "C:\Users\dhadu\AppData\Roaming\Python\Python311\site-packages\joblib\memory.py", line 353, in __call__
    return self.func(*args, **kwargs)
           ^^^^^^^^^^^^^^^^^^^^^^^^^^
  File "C:\Users\dhadu\AppData\Roaming\Python\Python311\site-packages\pycaret\internal\pipeline.py", line 69, in _fit_one
    transformer.fit(*args)
  File "C:\Users\dhadu\AppData\Roaming\Python\Python311\site-packages\catboost\core.py", line 5245, in fit
    self._fit(X, y, cat_features, text_features, embedding_features, None, graph, sample_weight, None, None, None, None, baseline, use_best_model,
  File "C:\Users\dhadu\AppData\Roaming\Python\Python311\site-packages\catboost\core.py", line 2410, in _fit
    self._train(
  File "C:\Users\dhadu\AppData\Roaming\Python\Python311\site-packages\catboost\core.py", line 1790, in _train
    self._object._train(train_pool, test_pool, params, allow_clear_pool, init_model._object if init_model else None)
  File "_catboost.pyx", line 5023, in _catboost._CatBoost._train
  File "_catboost.pyx", line 5072, in _catboost._CatBoost._train
_catboost.CatBoostError: catboost/libs/train_lib/dir_helper.cpp:20: Can't create train working dir: catboost_info


2025-11-02 23:32:38,333:INFO:Calculating mean and std
2025-11-02 23:32:38,335:INFO:Creating metrics dataframe
2025-11-02 23:32:38,340:INFO:Uploading results into container
2025-11-02 23:32:38,342:INFO:Uploading model into container now
2025-11-02 23:32:38,343:INFO:_master_model_container: 14
2025-11-02 23:32:38,343:INFO:_display_container: 2
2025-11-02 23:32:38,343:INFO:<catboost.core.CatBoostClassifier object at 0x00000201C6108BD0>
2025-11-02 23:32:38,343:INFO:create_model() successfully completed......................................
2025-11-02 23:32:38,578:WARNING:create_model() for <catboost.core.CatBoostClassifier object at 0x00000201C6108BD0> raised an exception or returned all 0.0, trying without fit_kwargs:
2025-11-02 23:32:38,583:WARNING:Traceback (most recent call last):
  File "C:\Users\dhadu\AppData\Roaming\Python\Python311\site-packages\pycaret\internal\pycaret_experiment\supervised_experiment.py", line 797, in compare_models
    np.sum(
AssertionError

2025-11-02 23:32:38,584:INFO:Initializing create_model()
2025-11-02 23:32:38,584:INFO:create_model(self=<pycaret.classification.oop.ClassificationExperiment object at 0x00000201BB1A4410>, estimator=catboost, fold=StratifiedKFold(n_splits=10, random_state=None, shuffle=False), round=4, cross_validation=True, predict=True, fit_kwargs={}, groups=None, refit=False, probability_threshold=None, experiment_custom_tags=None, verbose=False, system=False, add_to_model_list=True, metrics=None, display=<pycaret.internal.display.display.CommonDisplay object at 0x00000201BB16E310>, model_only=True, return_train_score=False, error_score=0.0, kwargs={})
2025-11-02 23:32:38,584:INFO:Checking exceptions
2025-11-02 23:32:38,584:INFO:Importing libraries
2025-11-02 23:32:38,584:INFO:Copying training dataset
2025-11-02 23:32:38,595:INFO:Defining folds
2025-11-02 23:32:38,595:INFO:Declaring metric variables
2025-11-02 23:32:38,604:INFO:Importing untrained model
2025-11-02 23:32:38,615:INFO:CatBoost Classifier Imported successfully
2025-11-02 23:32:38,641:INFO:Starting cross validation
2025-11-02 23:32:38,644:INFO:Cross validating with StratifiedKFold(n_splits=10, random_state=None, shuffle=False), n_jobs=-1
2025-11-02 23:32:51,425:WARNING:C:\Users\dhadu\AppData\Roaming\Python\Python311\site-packages\sklearn\metrics\_classification.py:1561: UserWarning: Note that pos_label (set to 'Kecimen') is ignored when average != 'binary' (got 'weighted'). You may use labels=[pos_label] to specify a single positive class.
  warnings.warn(

2025-11-02 23:32:51,445:WARNING:C:\Users\dhadu\AppData\Roaming\Python\Python311\site-packages\sklearn\metrics\_classification.py:1561: UserWarning: Note that pos_label (set to 'Kecimen') is ignored when average != 'binary' (got 'weighted'). You may use labels=[pos_label] to specify a single positive class.
  warnings.warn(

2025-11-02 23:32:51,458:WARNING:C:\Users\dhadu\AppData\Roaming\Python\Python311\site-packages\sklearn\metrics\_classification.py:1561: UserWarning: Note that pos_label (set to 'Kecimen') is ignored when average != 'binary' (got 'weighted'). You may use labels=[pos_label] to specify a single positive class.
  warnings.warn(

2025-11-02 23:32:51,496:WARNING:C:\Users\dhadu\AppData\Roaming\Python\Python311\site-packages\sklearn\metrics\_classification.py:1561: UserWarning: Note that pos_label (set to 'Kecimen') is ignored when average != 'binary' (got 'weighted'). You may use labels=[pos_label] to specify a single positive class.
  warnings.warn(

2025-11-02 23:32:51,502:WARNING:C:\Users\dhadu\AppData\Roaming\Python\Python311\site-packages\sklearn\metrics\_classification.py:1561: UserWarning: Note that pos_label (set to 'Kecimen') is ignored when average != 'binary' (got 'weighted'). You may use labels=[pos_label] to specify a single positive class.
  warnings.warn(

2025-11-02 23:32:51,508:WARNING:C:\Users\dhadu\AppData\Roaming\Python\Python311\site-packages\sklearn\metrics\_classification.py:1561: UserWarning: Note that pos_label (set to 'Kecimen') is ignored when average != 'binary' (got 'weighted'). You may use labels=[pos_label] to specify a single positive class.
  warnings.warn(

2025-11-02 23:32:51,511:WARNING:C:\Users\dhadu\AppData\Roaming\Python\Python311\site-packages\sklearn\metrics\_classification.py:1561: UserWarning: Note that pos_label (set to 'Kecimen') is ignored when average != 'binary' (got 'weighted'). You may use labels=[pos_label] to specify a single positive class.
  warnings.warn(

2025-11-02 23:32:51,515:WARNING:C:\Users\dhadu\AppData\Roaming\Python\Python311\site-packages\sklearn\metrics\_classification.py:1561: UserWarning: Note that pos_label (set to 'Kecimen') is ignored when average != 'binary' (got 'weighted'). You may use labels=[pos_label] to specify a single positive class.
  warnings.warn(

2025-11-02 23:32:51,516:WARNING:C:\Users\dhadu\AppData\Roaming\Python\Python311\site-packages\sklearn\metrics\_classification.py:1561: UserWarning: Note that pos_label (set to 'Kecimen') is ignored when average != 'binary' (got 'weighted'). You may use labels=[pos_label] to specify a single positive class.
  warnings.warn(

2025-11-02 23:32:51,518:WARNING:C:\Users\dhadu\AppData\Roaming\Python\Python311\site-packages\sklearn\metrics\_classification.py:1561: UserWarning: Note that pos_label (set to 'Kecimen') is ignored when average != 'binary' (got 'weighted'). You may use labels=[pos_label] to specify a single positive class.
  warnings.warn(

2025-11-02 23:32:51,522:WARNING:C:\Users\dhadu\AppData\Roaming\Python\Python311\site-packages\sklearn\metrics\_classification.py:1561: UserWarning: Note that pos_label (set to 'Kecimen') is ignored when average != 'binary' (got 'weighted'). You may use labels=[pos_label] to specify a single positive class.
  warnings.warn(

2025-11-02 23:32:51,524:WARNING:C:\Users\dhadu\AppData\Roaming\Python\Python311\site-packages\sklearn\metrics\_classification.py:1561: UserWarning: Note that pos_label (set to 'Kecimen') is ignored when average != 'binary' (got 'weighted'). You may use labels=[pos_label] to specify a single positive class.
  warnings.warn(

2025-11-02 23:32:51,527:WARNING:C:\Users\dhadu\AppData\Roaming\Python\Python311\site-packages\sklearn\metrics\_classification.py:1561: UserWarning: Note that pos_label (set to 'Kecimen') is ignored when average != 'binary' (got 'weighted'). You may use labels=[pos_label] to specify a single positive class.
  warnings.warn(

2025-11-02 23:32:51,530:WARNING:C:\Users\dhadu\AppData\Roaming\Python\Python311\site-packages\sklearn\metrics\_classification.py:1561: UserWarning: Note that pos_label (set to 'Kecimen') is ignored when average != 'binary' (got 'weighted'). You may use labels=[pos_label] to specify a single positive class.
  warnings.warn(

2025-11-02 23:32:51,532:WARNING:C:\Users\dhadu\AppData\Roaming\Python\Python311\site-packages\sklearn\metrics\_classification.py:1561: UserWarning: Note that pos_label (set to 'Kecimen') is ignored when average != 'binary' (got 'weighted'). You may use labels=[pos_label] to specify a single positive class.
  warnings.warn(

2025-11-02 23:32:51,534:WARNING:C:\Users\dhadu\AppData\Roaming\Python\Python311\site-packages\sklearn\metrics\_classification.py:1561: UserWarning: Note that pos_label (set to 'Kecimen') is ignored when average != 'binary' (got 'weighted'). You may use labels=[pos_label] to specify a single positive class.
  warnings.warn(

2025-11-02 23:32:51,536:WARNING:C:\Users\dhadu\AppData\Roaming\Python\Python311\site-packages\sklearn\metrics\_classification.py:1561: UserWarning: Note that pos_label (set to 'Kecimen') is ignored when average != 'binary' (got 'weighted'). You may use labels=[pos_label] to specify a single positive class.
  warnings.warn(

2025-11-02 23:32:51,539:WARNING:C:\Users\dhadu\AppData\Roaming\Python\Python311\site-packages\sklearn\metrics\_classification.py:1561: UserWarning: Note that pos_label (set to 'Kecimen') is ignored when average != 'binary' (got 'weighted'). You may use labels=[pos_label] to specify a single positive class.
  warnings.warn(

2025-11-02 23:32:51,543:WARNING:C:\Users\dhadu\AppData\Roaming\Python\Python311\site-packages\sklearn\metrics\_classification.py:1561: UserWarning: Note that pos_label (set to 'Kecimen') is ignored when average != 'binary' (got 'weighted'). You may use labels=[pos_label] to specify a single positive class.
  warnings.warn(

2025-11-02 23:32:51,545:WARNING:C:\Users\dhadu\AppData\Roaming\Python\Python311\site-packages\sklearn\metrics\_classification.py:1561: UserWarning: Note that pos_label (set to 'Kecimen') is ignored when average != 'binary' (got 'weighted'). You may use labels=[pos_label] to specify a single positive class.
  warnings.warn(

2025-11-02 23:32:51,546:WARNING:C:\Users\dhadu\AppData\Roaming\Python\Python311\site-packages\sklearn\metrics\_classification.py:1561: UserWarning: Note that pos_label (set to 'Kecimen') is ignored when average != 'binary' (got 'weighted'). You may use labels=[pos_label] to specify a single positive class.
  warnings.warn(

2025-11-02 23:32:51,553:WARNING:C:\Users\dhadu\AppData\Roaming\Python\Python311\site-packages\sklearn\metrics\_classification.py:1561: UserWarning: Note that pos_label (set to 'Kecimen') is ignored when average != 'binary' (got 'weighted'). You may use labels=[pos_label] to specify a single positive class.
  warnings.warn(

2025-11-02 23:32:51,559:WARNING:C:\Users\dhadu\AppData\Roaming\Python\Python311\site-packages\sklearn\metrics\_classification.py:1561: UserWarning: Note that pos_label (set to 'Kecimen') is ignored when average != 'binary' (got 'weighted'). You may use labels=[pos_label] to specify a single positive class.
  warnings.warn(

2025-11-02 23:32:55,396:WARNING:C:\Users\dhadu\AppData\Roaming\Python\Python311\site-packages\sklearn\metrics\_classification.py:1561: UserWarning: Note that pos_label (set to 'Kecimen') is ignored when average != 'binary' (got 'weighted'). You may use labels=[pos_label] to specify a single positive class.
  warnings.warn(

2025-11-02 23:32:55,407:WARNING:C:\Users\dhadu\AppData\Roaming\Python\Python311\site-packages\sklearn\metrics\_classification.py:1561: UserWarning: Note that pos_label (set to 'Kecimen') is ignored when average != 'binary' (got 'weighted'). You may use labels=[pos_label] to specify a single positive class.
  warnings.warn(

2025-11-02 23:32:55,423:WARNING:C:\Users\dhadu\AppData\Roaming\Python\Python311\site-packages\sklearn\metrics\_classification.py:1561: UserWarning: Note that pos_label (set to 'Kecimen') is ignored when average != 'binary' (got 'weighted'). You may use labels=[pos_label] to specify a single positive class.
  warnings.warn(

2025-11-02 23:32:55,427:WARNING:C:\Users\dhadu\AppData\Roaming\Python\Python311\site-packages\sklearn\metrics\_classification.py:1561: UserWarning: Note that pos_label (set to 'Kecimen') is ignored when average != 'binary' (got 'weighted'). You may use labels=[pos_label] to specify a single positive class.
  warnings.warn(

2025-11-02 23:32:55,440:WARNING:C:\Users\dhadu\AppData\Roaming\Python\Python311\site-packages\sklearn\metrics\_classification.py:1561: UserWarning: Note that pos_label (set to 'Kecimen') is ignored when average != 'binary' (got 'weighted'). You may use labels=[pos_label] to specify a single positive class.
  warnings.warn(

2025-11-02 23:32:55,450:WARNING:C:\Users\dhadu\AppData\Roaming\Python\Python311\site-packages\sklearn\metrics\_classification.py:1561: UserWarning: Note that pos_label (set to 'Kecimen') is ignored when average != 'binary' (got 'weighted'). You may use labels=[pos_label] to specify a single positive class.
  warnings.warn(

2025-11-02 23:32:55,475:INFO:Calculating mean and std
2025-11-02 23:32:55,478:INFO:Creating metrics dataframe
2025-11-02 23:32:55,482:INFO:Uploading results into container
2025-11-02 23:32:55,483:INFO:Uploading model into container now
2025-11-02 23:32:55,485:INFO:_master_model_container: 15
2025-11-02 23:32:55,485:INFO:_display_container: 2
2025-11-02 23:32:55,485:INFO:<catboost.core.CatBoostClassifier object at 0x00000201C4D65BD0>
2025-11-02 23:32:55,485:INFO:create_model() successfully completed......................................
2025-11-02 23:32:55,809:INFO:SubProcess create_model() end ==================================
2025-11-02 23:32:55,809:INFO:Creating metrics dataframe
2025-11-02 23:32:55,838:INFO:Initializing Dummy Classifier
2025-11-02 23:32:55,839:INFO:Total runtime is 0.875118084748586 minutes
2025-11-02 23:32:55,851:INFO:SubProcess create_model() called ==================================
2025-11-02 23:32:55,852:INFO:Initializing create_model()
2025-11-02 23:32:55,853:INFO:create_model(self=<pycaret.classification.oop.ClassificationExperiment object at 0x00000201BB1A4410>, estimator=dummy, fold=StratifiedKFold(n_splits=10, random_state=None, shuffle=False), round=4, cross_validation=True, predict=True, fit_kwargs={}, groups=None, refit=False, probability_threshold=None, experiment_custom_tags=None, verbose=False, system=False, add_to_model_list=True, metrics=None, display=<pycaret.internal.display.display.CommonDisplay object at 0x00000201BB16E310>, model_only=True, return_train_score=False, error_score=0.0, kwargs={})
2025-11-02 23:32:55,853:INFO:Checking exceptions
2025-11-02 23:32:55,854:INFO:Importing libraries
2025-11-02 23:32:55,854:INFO:Copying training dataset
2025-11-02 23:32:55,867:INFO:Defining folds
2025-11-02 23:32:55,867:INFO:Declaring metric variables
2025-11-02 23:32:55,877:INFO:Importing untrained model
2025-11-02 23:32:55,888:INFO:Dummy Classifier Imported successfully
2025-11-02 23:32:55,911:INFO:Starting cross validation
2025-11-02 23:32:55,914:INFO:Cross validating with StratifiedKFold(n_splits=10, random_state=None, shuffle=False), n_jobs=-1
2025-11-02 23:32:56,032:WARNING:C:\Users\dhadu\AppData\Roaming\Python\Python311\site-packages\sklearn\metrics\_classification.py:1561: UserWarning: Note that pos_label (set to 'Kecimen') is ignored when average != 'binary' (got 'weighted'). You may use labels=[pos_label] to specify a single positive class.
  warnings.warn(

2025-11-02 23:32:56,037:WARNING:C:\Users\dhadu\AppData\Roaming\Python\Python311\site-packages\sklearn\metrics\_classification.py:1561: UserWarning: Note that pos_label (set to 'Kecimen') is ignored when average != 'binary' (got 'weighted'). You may use labels=[pos_label] to specify a single positive class.
  warnings.warn(

2025-11-02 23:32:56,043:WARNING:C:\Users\dhadu\AppData\Roaming\Python\Python311\site-packages\sklearn\metrics\_classification.py:1561: UserWarning: Note that pos_label (set to 'Kecimen') is ignored when average != 'binary' (got 'weighted'). You may use labels=[pos_label] to specify a single positive class.
  warnings.warn(

2025-11-02 23:32:56,044:WARNING:C:\Users\dhadu\AppData\Roaming\Python\Python311\site-packages\sklearn\metrics\_classification.py:1561: UserWarning: Note that pos_label (set to 'Kecimen') is ignored when average != 'binary' (got 'weighted'). You may use labels=[pos_label] to specify a single positive class.
  warnings.warn(

2025-11-02 23:32:56,046:WARNING:C:\Users\dhadu\AppData\Roaming\Python\Python311\site-packages\sklearn\metrics\_classification.py:1509: UndefinedMetricWarning: Precision is ill-defined and being set to 0.0 in labels with no predicted samples. Use `zero_division` parameter to control this behavior.
  _warn_prf(average, modifier, f"{metric.capitalize()} is", len(result))

2025-11-02 23:32:56,049:WARNING:C:\Users\dhadu\AppData\Roaming\Python\Python311\site-packages\sklearn\metrics\_classification.py:1509: UndefinedMetricWarning: Precision is ill-defined and being set to 0.0 in labels with no predicted samples. Use `zero_division` parameter to control this behavior.
  _warn_prf(average, modifier, f"{metric.capitalize()} is", len(result))

2025-11-02 23:32:56,050:WARNING:C:\Users\dhadu\AppData\Roaming\Python\Python311\site-packages\sklearn\metrics\_classification.py:1561: UserWarning: Note that pos_label (set to 'Kecimen') is ignored when average != 'binary' (got 'weighted'). You may use labels=[pos_label] to specify a single positive class.
  warnings.warn(

2025-11-02 23:32:56,051:WARNING:C:\Users\dhadu\AppData\Roaming\Python\Python311\site-packages\sklearn\metrics\_classification.py:1561: UserWarning: Note that pos_label (set to 'Kecimen') is ignored when average != 'binary' (got 'weighted'). You may use labels=[pos_label] to specify a single positive class.
  warnings.warn(

2025-11-02 23:32:56,053:WARNING:C:\Users\dhadu\AppData\Roaming\Python\Python311\site-packages\sklearn\metrics\_classification.py:1561: UserWarning: Note that pos_label (set to 'Kecimen') is ignored when average != 'binary' (got 'weighted'). You may use labels=[pos_label] to specify a single positive class.
  warnings.warn(

2025-11-02 23:32:56,056:WARNING:C:\Users\dhadu\AppData\Roaming\Python\Python311\site-packages\sklearn\metrics\_classification.py:1561: UserWarning: Note that pos_label (set to 'Kecimen') is ignored when average != 'binary' (got 'weighted'). You may use labels=[pos_label] to specify a single positive class.
  warnings.warn(

2025-11-02 23:32:56,057:WARNING:C:\Users\dhadu\AppData\Roaming\Python\Python311\site-packages\sklearn\metrics\_classification.py:1561: UserWarning: Note that pos_label (set to 'Kecimen') is ignored when average != 'binary' (got 'weighted'). You may use labels=[pos_label] to specify a single positive class.
  warnings.warn(

2025-11-02 23:32:56,057:WARNING:C:\Users\dhadu\AppData\Roaming\Python\Python311\site-packages\sklearn\metrics\_classification.py:1561: UserWarning: Note that pos_label (set to 'Kecimen') is ignored when average != 'binary' (got 'weighted'). You may use labels=[pos_label] to specify a single positive class.
  warnings.warn(

2025-11-02 23:32:56,058:WARNING:C:\Users\dhadu\AppData\Roaming\Python\Python311\site-packages\sklearn\metrics\_classification.py:1561: UserWarning: Note that pos_label (set to 'Kecimen') is ignored when average != 'binary' (got 'weighted'). You may use labels=[pos_label] to specify a single positive class.
  warnings.warn(

2025-11-02 23:32:56,060:WARNING:C:\Users\dhadu\AppData\Roaming\Python\Python311\site-packages\sklearn\metrics\_classification.py:1509: UndefinedMetricWarning: Precision is ill-defined and being set to 0.0 in labels with no predicted samples. Use `zero_division` parameter to control this behavior.
  _warn_prf(average, modifier, f"{metric.capitalize()} is", len(result))

2025-11-02 23:32:56,060:WARNING:C:\Users\dhadu\AppData\Roaming\Python\Python311\site-packages\sklearn\metrics\_classification.py:1561: UserWarning: Note that pos_label (set to 'Kecimen') is ignored when average != 'binary' (got 'weighted'). You may use labels=[pos_label] to specify a single positive class.
  warnings.warn(

2025-11-02 23:32:56,061:WARNING:C:\Users\dhadu\AppData\Roaming\Python\Python311\site-packages\sklearn\metrics\_classification.py:1509: UndefinedMetricWarning: Precision is ill-defined and being set to 0.0 in labels with no predicted samples. Use `zero_division` parameter to control this behavior.
  _warn_prf(average, modifier, f"{metric.capitalize()} is", len(result))

2025-11-02 23:32:56,063:WARNING:C:\Users\dhadu\AppData\Roaming\Python\Python311\site-packages\sklearn\metrics\_classification.py:1561: UserWarning: Note that pos_label (set to 'Kecimen') is ignored when average != 'binary' (got 'weighted'). You may use labels=[pos_label] to specify a single positive class.
  warnings.warn(

2025-11-02 23:32:56,063:WARNING:C:\Users\dhadu\AppData\Roaming\Python\Python311\site-packages\sklearn\metrics\_classification.py:1561: UserWarning: Note that pos_label (set to 'Kecimen') is ignored when average != 'binary' (got 'weighted'). You may use labels=[pos_label] to specify a single positive class.
  warnings.warn(

2025-11-02 23:32:56,064:WARNING:C:\Users\dhadu\AppData\Roaming\Python\Python311\site-packages\sklearn\metrics\_classification.py:1561: UserWarning: Note that pos_label (set to 'Kecimen') is ignored when average != 'binary' (got 'weighted'). You may use labels=[pos_label] to specify a single positive class.
  warnings.warn(

2025-11-02 23:32:56,066:WARNING:C:\Users\dhadu\AppData\Roaming\Python\Python311\site-packages\sklearn\metrics\_classification.py:1509: UndefinedMetricWarning: Precision is ill-defined and being set to 0.0 in labels with no predicted samples. Use `zero_division` parameter to control this behavior.
  _warn_prf(average, modifier, f"{metric.capitalize()} is", len(result))

2025-11-02 23:32:56,067:WARNING:C:\Users\dhadu\AppData\Roaming\Python\Python311\site-packages\sklearn\metrics\_classification.py:1561: UserWarning: Note that pos_label (set to 'Kecimen') is ignored when average != 'binary' (got 'weighted'). You may use labels=[pos_label] to specify a single positive class.
  warnings.warn(

2025-11-02 23:32:56,067:WARNING:C:\Users\dhadu\AppData\Roaming\Python\Python311\site-packages\sklearn\metrics\_classification.py:1509: UndefinedMetricWarning: Precision is ill-defined and being set to 0.0 in labels with no predicted samples. Use `zero_division` parameter to control this behavior.
  _warn_prf(average, modifier, f"{metric.capitalize()} is", len(result))

2025-11-02 23:32:56,069:WARNING:C:\Users\dhadu\AppData\Roaming\Python\Python311\site-packages\sklearn\metrics\_classification.py:1561: UserWarning: Note that pos_label (set to 'Kecimen') is ignored when average != 'binary' (got 'weighted'). You may use labels=[pos_label] to specify a single positive class.
  warnings.warn(

 f"{metric.capitalize()} is", len(result))

2025-11-02 23:32:56,071:WARNING:C:\Users\dhadu\AppData\Roaming\Python\Python311\site-packages\sklearn\metrics\_classification.py:1561: UserWarning: Note that pos_label (set to 'Kecimen') is ignored when average != 'binary' (got 'weighted'). You may use labels=[pos_label] to specify a single positive class.
  warnings.warn(

2025-11-02 23:32:56,073:WARNING:C:\Users\dhadu\AppData\Roaming\Python\Python311\site-packages\sklearn\metrics\_classification.py:1561: UserWarning: Note that pos_label (set to 'Kecimen') is ignored when average != 'binary' (got 'weighted'). You may use labels=[pos_label] to specify a single positive class.
  warnings.warn(

2025-11-02 23:32:56,074:WARNING:C:\Users\dhadu\AppData\Roaming\Python\Python311\site-packages\sklearn\metrics\_classification.py:1561: UserWarning: Note that pos_label (set to 'Kecimen') is ignored when average != 'binary' (got 'weighted'). You may use labels=[pos_label] to specify a single positive class.
  warnings.warn(

2025-11-02 23:32:56,078:WARNING:C:\Users\dhadu\AppData\Roaming\Python\Python311\site-packages\sklearn\metrics\_classification.py:1561: UserWarning: Note that pos_label (set to 'Kecimen') is ignored when average != 'binary' (got 'weighted'). You may use labels=[pos_label] to specify a single positive class.
  warnings.warn(

2025-11-02 23:32:56,081:WARNING:C:\Users\dhadu\AppData\Roaming\Python\Python311\site-packages\sklearn\metrics\_classification.py:1509: UndefinedMetricWarning: Precision is ill-defined and being set to 0.0 in labels with no predicted samples. Use `zero_division` parameter to control this behavior.
  _warn_prf(average, modifier, f"{metric.capitalize()} is", len(result))

2025-11-02 23:32:56,084:WARNING:C:\Users\dhadu\AppData\Roaming\Python\Python311\site-packages\sklearn\metrics\_classification.py:1561: UserWarning: Note that pos_label (set to 'Kecimen') is ignored when average != 'binary' (got 'weighted'). You may use labels=[pos_label] to specify a single positive class.
  warnings.warn(

2025-11-02 23:32:56,101:WARNING:C:\Users\dhadu\AppData\Roaming\Python\Python311\site-packages\sklearn\metrics\_classification.py:1561: UserWarning: Note that pos_label (set to 'Kecimen') is ignored when average != 'binary' (got 'weighted'). You may use labels=[pos_label] to specify a single positive class.
  warnings.warn(

2025-11-02 23:32:56,106:WARNING:C:\Users\dhadu\AppData\Roaming\Python\Python311\site-packages\sklearn\metrics\_classification.py:1561: UserWarning: Note that pos_label (set to 'Kecimen') is ignored when average != 'binary' (got 'weighted'). You may use labels=[pos_label] to specify a single positive class.
  warnings.warn(

2025-11-02 23:32:56,108:WARNING:C:\Users\dhadu\AppData\Roaming\Python\Python311\site-packages\sklearn\metrics\_classification.py:1509: UndefinedMetricWarning: Precision is ill-defined and being set to 0.0 in labels with no predicted samples. Use `zero_division` parameter to control this behavior.
  _warn_prf(average, modifier, f"{metric.capitalize()} is", len(result))

2025-11-02 23:32:56,109:WARNING:C:\Users\dhadu\AppData\Roaming\Python\Python311\site-packages\sklearn\metrics\_classification.py:1561: UserWarning: Note that pos_label (set to 'Kecimen') is ignored when average != 'binary' (got 'weighted'). You may use labels=[pos_label] to specify a single positive class.
  warnings.warn(

2025-11-02 23:32:56,110:WARNING:C:\Users\dhadu\AppData\Roaming\Python\Python311\site-packages\sklearn\metrics\_classification.py:1561: UserWarning: Note that pos_label (set to 'Kecimen') is ignored when average != 'binary' (got 'weighted'). You may use labels=[pos_label] to specify a single positive class.
  warnings.warn(

2025-11-02 23:32:56,112:WARNING:C:\Users\dhadu\AppData\Roaming\Python\Python311\site-packages\sklearn\metrics\_classification.py:1561: UserWarning: Note that pos_label (set to 'Kecimen') is ignored when average != 'binary' (got 'weighted'). You may use labels=[pos_label] to specify a single positive class.
  warnings.warn(

2025-11-02 23:32:56,114:WARNING:C:\Users\dhadu\AppData\Roaming\Python\Python311\site-packages\sklearn\metrics\_classification.py:1509: UndefinedMetricWarning: Precision is ill-defined and being set to 0.0 in labels with no predicted samples. Use `zero_division` parameter to control this behavior.
  _warn_prf(average, modifier, f"{metric.capitalize()} is", len(result))

2025-11-02 23:32:56,117:WARNING:C:\Users\dhadu\AppData\Roaming\Python\Python311\site-packages\sklearn\metrics\_classification.py:1561: UserWarning: Note that pos_label (set to 'Kecimen') is ignored when average != 'binary' (got 'weighted'). You may use labels=[pos_label] to specify a single positive class.
  warnings.warn(

2025-11-02 23:32:56,134:INFO:Calculating mean and std
2025-11-02 23:32:56,138:INFO:Creating metrics dataframe
2025-11-02 23:32:56,143:INFO:Uploading results into container
2025-11-02 23:32:56,145:INFO:Uploading model into container now
2025-11-02 23:32:56,148:INFO:_master_model_container: 16
2025-11-02 23:32:56,149:INFO:_display_container: 2
2025-11-02 23:32:56,150:INFO:DummyClassifier(constant=None, random_state=123, strategy='prior')
2025-11-02 23:32:56,150:INFO:create_model() successfully completed......................................
2025-11-02 23:32:56,499:INFO:SubProcess create_model() end ==================================
2025-11-02 23:32:56,500:INFO:Creating metrics dataframe
2025-11-02 23:32:56,563:WARNING:C:\Users\dhadu\AppData\Roaming\Python\Python311\site-packages\pycaret\internal\pycaret_experiment\supervised_experiment.py:339: FutureWarning: Styler.applymap has been deprecated. Use Styler.map instead.

2025-11-02 23:32:56,614:INFO:Initializing create_model()
2025-11-02 23:32:56,615:INFO:create_model(self=<pycaret.classification.oop.ClassificationExperiment object at 0x00000201BB1A4410>, estimator=GradientBoostingClassifier(ccp_alpha=0.0, criterion='friedman_mse', init=None,
                           learning_rate=0.1, loss='log_loss', max_depth=3,
                           max_features=None, max_leaf_nodes=None,
                           min_impurity_decrease=0.0, min_samples_leaf=1,
                           min_samples_split=2, min_weight_fraction_leaf=0.0,
                           n_estimators=100, n_iter_no_change=None,
                           random_state=123, subsample=1.0, tol=0.0001,
                           validation_fraction=0.1, verbose=0,
                           warm_start=False), fold=StratifiedKFold(n_splits=10, random_state=None, shuffle=False), round=4, cross_validation=False, predict=False, fit_kwargs={}, groups=None, refit=True, probability_threshold=None, experiment_custom_tags=None, verbose=False, system=False, add_to_model_list=True, metrics=None, display=None, model_only=True, return_train_score=False, error_score=0.0, kwargs={})
2025-11-02 23:32:56,615:INFO:Checking exceptions
2025-11-02 23:32:56,629:INFO:Importing libraries
2025-11-02 23:32:56,629:INFO:Copying training dataset
2025-11-02 23:32:56,658:INFO:Defining folds
2025-11-02 23:32:56,658:INFO:Declaring metric variables
2025-11-02 23:32:56,660:INFO:Importing untrained model
2025-11-02 23:32:56,661:INFO:Declaring custom model
2025-11-02 23:32:56,664:INFO:Gradient Boosting Classifier Imported successfully
2025-11-02 23:32:56,668:INFO:Cross validation set to False
2025-11-02 23:32:56,668:INFO:Fitting Model
2025-11-02 23:32:57,176:INFO:GradientBoostingClassifier(ccp_alpha=0.0, criterion='friedman_mse', init=None,
                           learning_rate=0.1, loss='log_loss', max_depth=3,
                           max_features=None, max_leaf_nodes=None,
                           min_impurity_decrease=0.0, min_samples_leaf=1,
                           min_samples_split=2, min_weight_fraction_leaf=0.0,
                           n_estimators=100, n_iter_no_change=None,
                           random_state=123, subsample=1.0, tol=0.0001,
                           validation_fraction=0.1, verbose=0,
                           warm_start=False)
2025-11-02 23:32:57,177:INFO:create_model() successfully completed......................................
2025-11-02 23:32:57,428:INFO:Initializing create_model()
2025-11-02 23:32:57,429:INFO:create_model(self=<pycaret.classification.oop.ClassificationExperiment object at 0x00000201BB1A4410>, estimator=LogisticRegression(C=1.0, class_weight=None, dual=False, fit_intercept=True,
                   intercept_scaling=1, l1_ratio=None, max_iter=1000,
                   multi_class='auto', n_jobs=None, penalty='l2',
                   random_state=123, solver='lbfgs', tol=0.0001, verbose=0,
                   warm_start=False), fold=StratifiedKFold(n_splits=10, random_state=None, shuffle=False), round=4, cross_validation=False, predict=False, fit_kwargs={}, groups=None, refit=True, probability_threshold=None, experiment_custom_tags=None, verbose=False, system=False, add_to_model_list=True, metrics=None, display=None, model_only=True, return_train_score=False, error_score=0.0, kwargs={})
2025-11-02 23:32:57,429:INFO:Checking exceptions
2025-11-02 23:32:57,433:INFO:Importing libraries
2025-11-02 23:32:57,433:INFO:Copying training dataset
2025-11-02 23:32:57,440:INFO:Defining folds
2025-11-02 23:32:57,440:INFO:Declaring metric variables
2025-11-02 23:32:57,441:INFO:Importing untrained model
2025-11-02 23:32:57,441:INFO:Declaring custom model
2025-11-02 23:32:57,442:INFO:Logistic Regression Imported successfully
2025-11-02 23:32:57,444:INFO:Cross validation set to False
2025-11-02 23:32:57,444:INFO:Fitting Model
2025-11-02 23:32:57,476:INFO:LogisticRegression(C=1.0, class_weight=None, dual=False, fit_intercept=True,
                   intercept_scaling=1, l1_ratio=None, max_iter=1000,
                   multi_class='auto', n_jobs=None, penalty='l2',
                   random_state=123, solver='lbfgs', tol=0.0001, verbose=0,
                   warm_start=False)
2025-11-02 23:32:57,476:INFO:create_model() successfully completed......................................
2025-11-02 23:32:57,734:INFO:Initializing create_model()
2025-11-02 23:32:57,734:INFO:create_model(self=<pycaret.classification.oop.ClassificationExperiment object at 0x00000201BB1A4410>, estimator=RandomForestClassifier(bootstrap=True, ccp_alpha=0.0, class_weight=None,
                       criterion='gini', max_depth=None, max_features='sqrt',
                       max_leaf_nodes=None, max_samples=None,
                       min_impurity_decrease=0.0, min_samples_leaf=1,
                       min_samples_split=2, min_weight_fraction_leaf=0.0,
                       monotonic_cst=None, n_estimators=100, n_jobs=-1,
                       oob_score=False, random_state=123, verbose=0,
                       warm_start=False), fold=StratifiedKFold(n_splits=10, random_state=None, shuffle=False), round=4, cross_validation=False, predict=False, fit_kwargs={}, groups=None, refit=True, probability_threshold=None, experiment_custom_tags=None, verbose=False, system=False, add_to_model_list=True, metrics=None, display=None, model_only=True, return_train_score=False, error_score=0.0, kwargs={})
2025-11-02 23:32:57,734:INFO:Checking exceptions
2025-11-02 23:32:57,738:INFO:Importing libraries
2025-11-02 23:32:57,738:INFO:Copying training dataset
2025-11-02 23:32:57,750:INFO:Defining folds
2025-11-02 23:32:57,751:INFO:Declaring metric variables
2025-11-02 23:32:57,751:INFO:Importing untrained model
2025-11-02 23:32:57,751:INFO:Declaring custom model
2025-11-02 23:32:57,753:INFO:Random Forest Classifier Imported successfully
2025-11-02 23:32:57,755:INFO:Cross validation set to False
2025-11-02 23:32:57,755:INFO:Fitting Model
2025-11-02 23:32:58,052:INFO:RandomForestClassifier(bootstrap=True, ccp_alpha=0.0, class_weight=None,
                       criterion='gini', max_depth=None, max_features='sqrt',
                       max_leaf_nodes=None, max_samples=None,
                       min_impurity_decrease=0.0, min_samples_leaf=1,
                       min_samples_split=2, min_weight_fraction_leaf=0.0,
                       monotonic_cst=None, n_estimators=100, n_jobs=-1,
                       oob_score=False, random_state=123, verbose=0,
                       warm_start=False)
2025-11-02 23:32:58,052:INFO:create_model() successfully completed......................................
2025-11-02 23:32:58,297:INFO:Initializing create_model()
2025-11-02 23:32:58,297:INFO:create_model(self=<pycaret.classification.oop.ClassificationExperiment object at 0x00000201BB1A4410>, estimator=KNeighborsClassifier(algorithm='auto', leaf_size=30, metric='minkowski',
                     metric_params=None, n_jobs=-1, n_neighbors=5, p=2,
                     weights='uniform'), fold=StratifiedKFold(n_splits=10, random_state=None, shuffle=False), round=4, cross_validation=False, predict=False, fit_kwargs={}, groups=None, refit=True, probability_threshold=None, experiment_custom_tags=None, verbose=False, system=False, add_to_model_list=True, metrics=None, display=None, model_only=True, return_train_score=False, error_score=0.0, kwargs={})
2025-11-02 23:32:58,297:INFO:Checking exceptions
2025-11-02 23:32:58,301:INFO:Importing libraries
2025-11-02 23:32:58,302:INFO:Copying training dataset
2025-11-02 23:32:58,313:INFO:Defining folds
2025-11-02 23:32:58,313:INFO:Declaring metric variables
2025-11-02 23:32:58,314:INFO:Importing untrained model
2025-11-02 23:32:58,314:INFO:Declaring custom model
2025-11-02 23:32:58,315:INFO:K Neighbors Classifier Imported successfully
2025-11-02 23:32:58,317:INFO:Cross validation set to False
2025-11-02 23:32:58,317:INFO:Fitting Model
2025-11-02 23:32:58,350:INFO:KNeighborsClassifier(algorithm='auto', leaf_size=30, metric='minkowski',
                     metric_params=None, n_jobs=-1, n_neighbors=5, p=2,
                     weights='uniform')
2025-11-02 23:32:58,350:INFO:create_model() successfully completed......................................
2025-11-02 23:32:58,635:INFO:Initializing create_model()
2025-11-02 23:32:58,635:INFO:create_model(self=<pycaret.classification.oop.ClassificationExperiment object at 0x00000201BB1A4410>, estimator=RidgeClassifier(alpha=1.0, class_weight=None, copy_X=True, fit_intercept=True,
                max_iter=None, positive=False, random_state=123, solver='auto',
                tol=0.0001), fold=StratifiedKFold(n_splits=10, random_state=None, shuffle=False), round=4, cross_validation=False, predict=False, fit_kwargs={}, groups=None, refit=True, probability_threshold=None, experiment_custom_tags=None, verbose=False, system=False, add_to_model_list=True, metrics=None, display=None, model_only=True, return_train_score=False, error_score=0.0, kwargs={})
2025-11-02 23:32:58,636:INFO:Checking exceptions
2025-11-02 23:32:58,639:INFO:Importing libraries
2025-11-02 23:32:58,640:INFO:Copying training dataset
2025-11-02 23:32:58,649:INFO:Defining folds
2025-11-02 23:32:58,649:INFO:Declaring metric variables
2025-11-02 23:32:58,650:INFO:Importing untrained model
2025-11-02 23:32:58,650:INFO:Declaring custom model
2025-11-02 23:32:58,651:INFO:Ridge Classifier Imported successfully
2025-11-02 23:32:58,653:INFO:Cross validation set to False
2025-11-02 23:32:58,653:INFO:Fitting Model
2025-11-02 23:32:58,685:INFO:RidgeClassifier(alpha=1.0, class_weight=None, copy_X=True, fit_intercept=True,
                max_iter=None, positive=False, random_state=123, solver='auto',
                tol=0.0001)
2025-11-02 23:32:58,685:INFO:create_model() successfully completed......................................
2025-11-02 23:32:59,090:INFO:_master_model_container: 16
2025-11-02 23:32:59,091:INFO:_display_container: 2
2025-11-02 23:32:59,094:INFO:[GradientBoostingClassifier(ccp_alpha=0.0, criterion='friedman_mse', init=None,
                           learning_rate=0.1, loss='log_loss', max_depth=3,
                           max_features=None, max_leaf_nodes=None,
                           min_impurity_decrease=0.0, min_samples_leaf=1,
                           min_samples_split=2, min_weight_fraction_leaf=0.0,
                           n_estimators=100, n_iter_no_change=None,
                           random_state=123, subsample=1.0, tol=0.0001,
                           validation_fraction=0.1, verbose=0,
                           warm_start=False), LogisticRegression(C=1.0, class_weight=None, dual=False, fit_intercept=True,
                   intercept_scaling=1, l1_ratio=None, max_iter=1000,
                   multi_class='auto', n_jobs=None, penalty='l2',
                   random_state=123, solver='lbfgs', tol=0.0001, verbose=0,
                   warm_start=False), RandomForestClassifier(bootstrap=True, ccp_alpha=0.0, class_weight=None,
                       criterion='gini', max_depth=None, max_features='sqrt',
                       max_leaf_nodes=None, max_samples=None,
                       min_impurity_decrease=0.0, min_samples_leaf=1,
                       min_samples_split=2, min_weight_fraction_leaf=0.0,
                       monotonic_cst=None, n_estimators=100, n_jobs=-1,
                       oob_score=False, random_state=123, verbose=0,
                       warm_start=False), KNeighborsClassifier(algorithm='auto', leaf_size=30, metric='minkowski',
                     metric_params=None, n_jobs=-1, n_neighbors=5, p=2,
                     weights='uniform'), RidgeClassifier(alpha=1.0, class_weight=None, copy_X=True, fit_intercept=True,
                max_iter=None, positive=False, random_state=123, solver='auto',
                tol=0.0001)]
2025-11-02 23:32:59,094:INFO:compare_models() successfully completed......................................
2025-11-02 23:32:59,273:INFO:Initializing tune_model()
2025-11-02 23:32:59,273:INFO:tune_model(self=<pycaret.classification.oop.ClassificationExperiment object at 0x00000201BB1A4410>, estimator=GradientBoostingClassifier(ccp_alpha=0.0, criterion='friedman_mse', init=None,
                           learning_rate=0.1, loss='log_loss', max_depth=3,
                           max_features=None, max_leaf_nodes=None,
                           min_impurity_decrease=0.0, min_samples_leaf=1,
                           min_samples_split=2, min_weight_fraction_leaf=0.0,
                           n_estimators=100, n_iter_no_change=None,
                           random_state=123, subsample=1.0, tol=0.0001,
                           validation_fraction=0.1, verbose=0,
                           warm_start=False), fold=None, round=4, n_iter=10, custom_grid=None, optimize=Accuracy, custom_scorer=None, search_library=scikit-learn, search_algorithm=None, early_stopping=False, early_stopping_max_iters=10, choose_better=True, fit_kwargs=None, groups=None, return_tuner=False, verbose=True, tuner_verbose=True, return_train_score=False, kwargs={})
2025-11-02 23:32:59,273:INFO:Checking exceptions
2025-11-02 23:32:59,308:INFO:Copying training dataset
2025-11-02 23:32:59,315:INFO:Checking base model
2025-11-02 23:32:59,316:INFO:Base model : Gradient Boosting Classifier
2025-11-02 23:32:59,326:INFO:Declaring metric variables
2025-11-02 23:32:59,335:INFO:Defining Hyperparameters
2025-11-02 23:32:59,647:INFO:Tuning with n_jobs=-1
2025-11-02 23:32:59,647:INFO:Initializing RandomizedSearchCV
2025-11-02 23:33:09,917:INFO:best_params: {'actual_estimator__subsample': 0.4, 'actual_estimator__n_estimators': 170, 'actual_estimator__min_samples_split': 10, 'actual_estimator__min_samples_leaf': 1, 'actual_estimator__min_impurity_decrease': 0.002, 'actual_estimator__max_features': 1.0, 'actual_estimator__max_depth': 11, 'actual_estimator__learning_rate': 1e-06}
2025-11-02 23:33:09,918:INFO:Hyperparameter search completed
2025-11-02 23:33:09,918:INFO:SubProcess create_model() called ==================================
2025-11-02 23:33:09,919:INFO:Initializing create_model()
2025-11-02 23:33:09,919:INFO:create_model(self=<pycaret.classification.oop.ClassificationExperiment object at 0x00000201BB1A4410>, estimator=GradientBoostingClassifier(ccp_alpha=0.0, criterion='friedman_mse', init=None,
                           learning_rate=0.1, loss='log_loss', max_depth=3,
                           max_features=None, max_leaf_nodes=None,
                           min_impurity_decrease=0.0, min_samples_leaf=1,
                           min_samples_split=2, min_weight_fraction_leaf=0.0,
                           n_estimators=100, n_iter_no_change=None,
                           random_state=123, subsample=1.0, tol=0.0001,
                           validation_fraction=0.1, verbose=0,
                           warm_start=False), fold=StratifiedKFold(n_splits=10, random_state=None, shuffle=False), round=4, cross_validation=True, predict=True, fit_kwargs={}, groups=None, refit=True, probability_threshold=None, experiment_custom_tags=None, verbose=True, system=False, add_to_model_list=True, metrics=None, display=<pycaret.internal.display.display.CommonDisplay object at 0x00000201C5F93810>, model_only=True, return_train_score=False, error_score=0.0, kwargs={'subsample': 0.4, 'n_estimators': 170, 'min_samples_split': 10, 'min_samples_leaf': 1, 'min_impurity_decrease': 0.002, 'max_features': 1.0, 'max_depth': 11, 'learning_rate': 1e-06})
2025-11-02 23:33:09,919:INFO:Checking exceptions
2025-11-02 23:33:09,920:INFO:Importing libraries
2025-11-02 23:33:09,920:INFO:Copying training dataset
2025-11-02 23:33:09,929:INFO:Defining folds
2025-11-02 23:33:09,930:INFO:Declaring metric variables
2025-11-02 23:33:09,935:INFO:Importing untrained model
2025-11-02 23:33:09,935:INFO:Declaring custom model
2025-11-02 23:33:09,943:INFO:Gradient Boosting Classifier Imported successfully
2025-11-02 23:33:09,952:INFO:Starting cross validation
2025-11-02 23:33:09,954:INFO:Cross validating with StratifiedKFold(n_splits=10, random_state=None, shuffle=False), n_jobs=-1
2025-11-02 23:33:11,090:WARNING:C:\Users\dhadu\AppData\Roaming\Python\Python311\site-packages\sklearn\metrics\_classification.py:1561: UserWarning: Note that pos_label (set to 'Kecimen') is ignored when average != 'binary' (got 'weighted'). You may use labels=[pos_label] to specify a single positive class.
  warnings.warn(

2025-11-02 23:33:11,097:WARNING:C:\Users\dhadu\AppData\Roaming\Python\Python311\site-packages\sklearn\metrics\_classification.py:1561: UserWarning: Note that pos_label (set to 'Kecimen') is ignored when average != 'binary' (got 'weighted'). You may use labels=[pos_label] to specify a single positive class.
  warnings.warn(

2025-11-02 23:33:11,103:WARNING:C:\Users\dhadu\AppData\Roaming\Python\Python311\site-packages\sklearn\metrics\_classification.py:1561: UserWarning: Note that pos_label (set to 'Kecimen') is ignored when average != 'binary' (got 'weighted'). You may use labels=[pos_label] to specify a single positive class.
  warnings.warn(

2025-11-02 23:33:11,119:WARNING:C:\Users\dhadu\AppData\Roaming\Python\Python311\site-packages\sklearn\metrics\_classification.py:1561: UserWarning: Note that pos_label (set to 'Kecimen') is ignored when average != 'binary' (got 'weighted'). You may use labels=[pos_label] to specify a single positive class.
  warnings.warn(

2025-11-02 23:33:11,123:WARNING:C:\Users\dhadu\AppData\Roaming\Python\Python311\site-packages\sklearn\metrics\_classification.py:1561: UserWarning: Note that pos_label (set to 'Kecimen') is ignored when average != 'binary' (got 'weighted'). You may use labels=[pos_label] to specify a single positive class.
  warnings.warn(

2025-11-02 23:33:11,125:WARNING:C:\Users\dhadu\AppData\Roaming\Python\Python311\site-packages\sklearn\metrics\_classification.py:1561: UserWarning: Note that pos_label (set to 'Kecimen') is ignored when average != 'binary' (got 'weighted'). You may use labels=[pos_label] to specify a single positive class.
  warnings.warn(

2025-11-02 23:33:11,126:WARNING:C:\Users\dhadu\AppData\Roaming\Python\Python311\site-packages\sklearn\metrics\_classification.py:1561: UserWarning: Note that pos_label (set to 'Kecimen') is ignored when average != 'binary' (got 'weighted'). You may use labels=[pos_label] to specify a single positive class.
  warnings.warn(

2025-11-02 23:33:11,130:WARNING:C:\Users\dhadu\AppData\Roaming\Python\Python311\site-packages\sklearn\metrics\_classification.py:1561: UserWarning: Note that pos_label (set to 'Kecimen') is ignored when average != 'binary' (got 'weighted'). You may use labels=[pos_label] to specify a single positive class.
  warnings.warn(

2025-11-02 23:33:11,131:WARNING:C:\Users\dhadu\AppData\Roaming\Python\Python311\site-packages\sklearn\metrics\_classification.py:1561: UserWarning: Note that pos_label (set to 'Kecimen') is ignored when average != 'binary' (got 'weighted'). You may use labels=[pos_label] to specify a single positive class.
  warnings.warn(

2025-11-02 23:33:11,133:WARNING:C:\Users\dhadu\AppData\Roaming\Python\Python311\site-packages\sklearn\metrics\_classification.py:1561: UserWarning: Note that pos_label (set to 'Kecimen') is ignored when average != 'binary' (got 'weighted'). You may use labels=[pos_label] to specify a single positive class.
  warnings.warn(

2025-11-02 23:33:11,137:WARNING:C:\Users\dhadu\AppData\Roaming\Python\Python311\site-packages\sklearn\metrics\_classification.py:1561: UserWarning: Note that pos_label (set to 'Kecimen') is ignored when average != 'binary' (got 'weighted'). You may use labels=[pos_label] to specify a single positive class.
  warnings.warn(

2025-11-02 23:33:11,139:WARNING:C:\Users\dhadu\AppData\Roaming\Python\Python311\site-packages\sklearn\metrics\_classification.py:1561: UserWarning: Note that pos_label (set to 'Kecimen') is ignored when average != 'binary' (got 'weighted'). You may use labels=[pos_label] to specify a single positive class.
  warnings.warn(

2025-11-02 23:33:11,171:WARNING:C:\Users\dhadu\AppData\Roaming\Python\Python311\site-packages\sklearn\metrics\_classification.py:1561: UserWarning: Note that pos_label (set to 'Kecimen') is ignored when average != 'binary' (got 'weighted'). You may use labels=[pos_label] to specify a single positive class.
  warnings.warn(

2025-11-02 23:33:11,177:WARNING:C:\Users\dhadu\AppData\Roaming\Python\Python311\site-packages\sklearn\metrics\_classification.py:1561: UserWarning: Note that pos_label (set to 'Kecimen') is ignored when average != 'binary' (got 'weighted'). You may use labels=[pos_label] to specify a single positive class.
  warnings.warn(

2025-11-02 23:33:11,178:WARNING:C:\Users\dhadu\AppData\Roaming\Python\Python311\site-packages\sklearn\metrics\_classification.py:1561: UserWarning: Note that pos_label (set to 'Kecimen') is ignored when average != 'binary' (got 'weighted'). You may use labels=[pos_label] to specify a single positive class.
  warnings.warn(

2025-11-02 23:33:11,183:WARNING:C:\Users\dhadu\AppData\Roaming\Python\Python311\site-packages\sklearn\metrics\_classification.py:1561: UserWarning: Note that pos_label (set to 'Kecimen') is ignored when average != 'binary' (got 'weighted'). You may use labels=[pos_label] to specify a single positive class.
  warnings.warn(

2025-11-02 23:33:11,184:WARNING:C:\Users\dhadu\AppData\Roaming\Python\Python311\site-packages\sklearn\metrics\_classification.py:1561: UserWarning: Note that pos_label (set to 'Kecimen') is ignored when average != 'binary' (got 'weighted'). You may use labels=[pos_label] to specify a single positive class.
  warnings.warn(

2025-11-02 23:33:11,189:WARNING:C:\Users\dhadu\AppData\Roaming\Python\Python311\site-packages\sklearn\metrics\_classification.py:1561: UserWarning: Note that pos_label (set to 'Kecimen') is ignored when average != 'binary' (got 'weighted'). You may use labels=[pos_label] to specify a single positive class.
  warnings.warn(

2025-11-02 23:33:11,237:WARNING:C:\Users\dhadu\AppData\Roaming\Python\Python311\site-packages\sklearn\metrics\_classification.py:1561: UserWarning: Note that pos_label (set to 'Kecimen') is ignored when average != 'binary' (got 'weighted'). You may use labels=[pos_label] to specify a single positive class.
  warnings.warn(

2025-11-02 23:33:11,242:WARNING:C:\Users\dhadu\AppData\Roaming\Python\Python311\site-packages\sklearn\metrics\_classification.py:1561: UserWarning: Note that pos_label (set to 'Kecimen') is ignored when average != 'binary' (got 'weighted'). You may use labels=[pos_label] to specify a single positive class.
  warnings.warn(

2025-11-02 23:33:11,247:WARNING:C:\Users\dhadu\AppData\Roaming\Python\Python311\site-packages\sklearn\metrics\_classification.py:1561: UserWarning: Note that pos_label (set to 'Kecimen') is ignored when average != 'binary' (got 'weighted'). You may use labels=[pos_label] to specify a single positive class.
  warnings.warn(

2025-11-02 23:33:11,292:WARNING:C:\Users\dhadu\AppData\Roaming\Python\Python311\site-packages\sklearn\metrics\_classification.py:1561: UserWarning: Note that pos_label (set to 'Kecimen') is ignored when average != 'binary' (got 'weighted'). You may use labels=[pos_label] to specify a single positive class.
  warnings.warn(

2025-11-02 23:33:11,298:WARNING:C:\Users\dhadu\AppData\Roaming\Python\Python311\site-packages\sklearn\metrics\_classification.py:1561: UserWarning: Note that pos_label (set to 'Kecimen') is ignored when average != 'binary' (got 'weighted'). You may use labels=[pos_label] to specify a single positive class.
  warnings.warn(

2025-11-02 23:33:11,304:WARNING:C:\Users\dhadu\AppData\Roaming\Python\Python311\site-packages\sklearn\metrics\_classification.py:1561: UserWarning: Note that pos_label (set to 'Kecimen') is ignored when average != 'binary' (got 'weighted'). You may use labels=[pos_label] to specify a single positive class.
  warnings.warn(

2025-11-02 23:33:11,943:WARNING:C:\Users\dhadu\AppData\Roaming\Python\Python311\site-packages\sklearn\metrics\_classification.py:1561: UserWarning: Note that pos_label (set to 'Kecimen') is ignored when average != 'binary' (got 'weighted'). You may use labels=[pos_label] to specify a single positive class.
  warnings.warn(

2025-11-02 23:33:11,946:WARNING:C:\Users\dhadu\AppData\Roaming\Python\Python311\site-packages\sklearn\metrics\_classification.py:1561: UserWarning: Note that pos_label (set to 'Kecimen') is ignored when average != 'binary' (got 'weighted'). You may use labels=[pos_label] to specify a single positive class.
  warnings.warn(

2025-11-02 23:33:11,950:WARNING:C:\Users\dhadu\AppData\Roaming\Python\Python311\site-packages\sklearn\metrics\_classification.py:1561: UserWarning: Note that pos_label (set to 'Kecimen') is ignored when average != 'binary' (got 'weighted'). You may use labels=[pos_label] to specify a single positive class.
  warnings.warn(

2025-11-02 23:33:11,966:WARNING:C:\Users\dhadu\AppData\Roaming\Python\Python311\site-packages\sklearn\metrics\_classification.py:1561: UserWarning: Note that pos_label (set to 'Kecimen') is ignored when average != 'binary' (got 'weighted'). You may use labels=[pos_label] to specify a single positive class.
  warnings.warn(

2025-11-02 23:33:11,969:WARNING:C:\Users\dhadu\AppData\Roaming\Python\Python311\site-packages\sklearn\metrics\_classification.py:1561: UserWarning: Note that pos_label (set to 'Kecimen') is ignored when average != 'binary' (got 'weighted'). You may use labels=[pos_label] to specify a single positive class.
  warnings.warn(

2025-11-02 23:33:11,973:WARNING:C:\Users\dhadu\AppData\Roaming\Python\Python311\site-packages\sklearn\metrics\_classification.py:1561: UserWarning: Note that pos_label (set to 'Kecimen') is ignored when average != 'binary' (got 'weighted'). You may use labels=[pos_label] to specify a single positive class.
  warnings.warn(

2025-11-02 23:33:11,981:INFO:Calculating mean and std
2025-11-02 23:33:11,982:INFO:Creating metrics dataframe
2025-11-02 23:33:11,989:INFO:Finalizing model
2025-11-02 23:33:12,877:INFO:Uploading results into container
2025-11-02 23:33:12,878:INFO:Uploading model into container now
2025-11-02 23:33:12,879:INFO:_master_model_container: 17
2025-11-02 23:33:12,879:INFO:_display_container: 3
2025-11-02 23:33:12,880:INFO:GradientBoostingClassifier(ccp_alpha=0.0, criterion='friedman_mse', init=None,
                           learning_rate=1e-06, loss='log_loss', max_depth=11,
                           max_features=1.0, max_leaf_nodes=None,
                           min_impurity_decrease=0.002, min_samples_leaf=1,
                           min_samples_split=10, min_weight_fraction_leaf=0.0,
                           n_estimators=170, n_iter_no_change=None,
                           random_state=123, subsample=0.4, tol=0.0001,
                           validation_fraction=0.1, verbose=0,
                           warm_start=False)
2025-11-02 23:33:12,880:INFO:create_model() successfully completed......................................
2025-11-02 23:33:13,112:INFO:SubProcess create_model() end ==================================
2025-11-02 23:33:13,112:INFO:choose_better activated
2025-11-02 23:33:13,122:INFO:SubProcess create_model() called ==================================
2025-11-02 23:33:13,124:INFO:Initializing create_model()
2025-11-02 23:33:13,124:INFO:create_model(self=<pycaret.classification.oop.ClassificationExperiment object at 0x00000201BB1A4410>, estimator=GradientBoostingClassifier(ccp_alpha=0.0, criterion='friedman_mse', init=None,
                           learning_rate=0.1, loss='log_loss', max_depth=3,
                           max_features=None, max_leaf_nodes=None,
                           min_impurity_decrease=0.0, min_samples_leaf=1,
                           min_samples_split=2, min_weight_fraction_leaf=0.0,
                           n_estimators=100, n_iter_no_change=None,
                           random_state=123, subsample=1.0, tol=0.0001,
                           validation_fraction=0.1, verbose=0,
                           warm_start=False), fold=StratifiedKFold(n_splits=10, random_state=None, shuffle=False), round=4, cross_validation=True, predict=True, fit_kwargs={}, groups=None, refit=True, probability_threshold=None, experiment_custom_tags=None, verbose=False, system=False, add_to_model_list=True, metrics=None, display=None, model_only=True, return_train_score=False, error_score=0.0, kwargs={})
2025-11-02 23:33:13,125:INFO:Checking exceptions
2025-11-02 23:33:13,128:INFO:Importing libraries
2025-11-02 23:33:13,129:INFO:Copying training dataset
2025-11-02 23:33:13,139:INFO:Defining folds
2025-11-02 23:33:13,140:INFO:Declaring metric variables
2025-11-02 23:33:13,140:INFO:Importing untrained model
2025-11-02 23:33:13,140:INFO:Declaring custom model
2025-11-02 23:33:13,142:INFO:Gradient Boosting Classifier Imported successfully
2025-11-02 23:33:13,143:INFO:Starting cross validation
2025-11-02 23:33:13,144:INFO:Cross validating with StratifiedKFold(n_splits=10, random_state=None, shuffle=False), n_jobs=-1
2025-11-02 23:33:13,804:WARNING:C:\Users\dhadu\AppData\Roaming\Python\Python311\site-packages\sklearn\metrics\_classification.py:1561: UserWarning: Note that pos_label (set to 'Kecimen') is ignored when average != 'binary' (got 'weighted'). You may use labels=[pos_label] to specify a single positive class.
  warnings.warn(

2025-11-02 23:33:13,809:WARNING:C:\Users\dhadu\AppData\Roaming\Python\Python311\site-packages\sklearn\metrics\_classification.py:1561: UserWarning: Note that pos_label (set to 'Kecimen') is ignored when average != 'binary' (got 'weighted'). You may use labels=[pos_label] to specify a single positive class.
  warnings.warn(

2025-11-02 23:33:13,810:WARNING:C:\Users\dhadu\AppData\Roaming\Python\Python311\site-packages\sklearn\metrics\_classification.py:1561: UserWarning: Note that pos_label (set to 'Kecimen') is ignored when average != 'binary' (got 'weighted'). You may use labels=[pos_label] to specify a single positive class.
  warnings.warn(

2025-11-02 23:33:13,816:WARNING:C:\Users\dhadu\AppData\Roaming\Python\Python311\site-packages\sklearn\metrics\_classification.py:1561: UserWarning: Note that pos_label (set to 'Kecimen') is ignored when average != 'binary' (got 'weighted'). You may use labels=[pos_label] to specify a single positive class.
  warnings.warn(

2025-11-02 23:33:13,816:WARNING:C:\Users\dhadu\AppData\Roaming\Python\Python311\site-packages\sklearn\metrics\_classification.py:1561: UserWarning: Note that pos_label (set to 'Kecimen') is ignored when average != 'binary' (got 'weighted'). You may use labels=[pos_label] to specify a single positive class.
  warnings.warn(

2025-11-02 23:33:13,822:WARNING:C:\Users\dhadu\AppData\Roaming\Python\Python311\site-packages\sklearn\metrics\_classification.py:1561: UserWarning: Note that pos_label (set to 'Kecimen') is ignored when average != 'binary' (got 'weighted'). You may use labels=[pos_label] to specify a single positive class.
  warnings.warn(

2025-11-02 23:33:13,829:WARNING:C:\Users\dhadu\AppData\Roaming\Python\Python311\site-packages\sklearn\metrics\_classification.py:1561: UserWarning: Note that pos_label (set to 'Kecimen') is ignored when average != 'binary' (got 'weighted'). You may use labels=[pos_label] to specify a single positive class.
  warnings.warn(

2025-11-02 23:33:13,835:WARNING:C:\Users\dhadu\AppData\Roaming\Python\Python311\site-packages\sklearn\metrics\_classification.py:1561: UserWarning: Note that pos_label (set to 'Kecimen') is ignored when average != 'binary' (got 'weighted'). You may use labels=[pos_label] to specify a single positive class.
  warnings.warn(

2025-11-02 23:33:13,841:WARNING:C:\Users\dhadu\AppData\Roaming\Python\Python311\site-packages\sklearn\metrics\_classification.py:1561: UserWarning: Note that pos_label (set to 'Kecimen') is ignored when average != 'binary' (got 'weighted'). You may use labels=[pos_label] to specify a single positive class.
  warnings.warn(

2025-11-02 23:33:13,853:WARNING:C:\Users\dhadu\AppData\Roaming\Python\Python311\site-packages\sklearn\metrics\_classification.py:1561: UserWarning: Note that pos_label (set to 'Kecimen') is ignored when average != 'binary' (got 'weighted'). You may use labels=[pos_label] to specify a single positive class.
  warnings.warn(

2025-11-02 23:33:13,862:WARNING:C:\Users\dhadu\AppData\Roaming\Python\Python311\site-packages\sklearn\metrics\_classification.py:1561: UserWarning: Note that pos_label (set to 'Kecimen') is ignored when average != 'binary' (got 'weighted'). You may use labels=[pos_label] to specify a single positive class.
  warnings.warn(

2025-11-02 23:33:13,868:WARNING:C:\Users\dhadu\AppData\Roaming\Python\Python311\site-packages\sklearn\metrics\_classification.py:1561: UserWarning: Note that pos_label (set to 'Kecimen') is ignored when average != 'binary' (got 'weighted'). You may use labels=[pos_label] to specify a single positive class.
  warnings.warn(

2025-11-02 23:33:13,893:WARNING:C:\Users\dhadu\AppData\Roaming\Python\Python311\site-packages\sklearn\metrics\_classification.py:1561: UserWarning: Note that pos_label (set to 'Kecimen') is ignored when average != 'binary' (got 'weighted'). You may use labels=[pos_label] to specify a single positive class.
  warnings.warn(

2025-11-02 23:33:13,896:WARNING:C:\Users\dhadu\AppData\Roaming\Python\Python311\site-packages\sklearn\metrics\_classification.py:1561: UserWarning: Note that pos_label (set to 'Kecimen') is ignored when average != 'binary' (got 'weighted'). You may use labels=[pos_label] to specify a single positive class.
  warnings.warn(

2025-11-02 23:33:13,901:WARNING:C:\Users\dhadu\AppData\Roaming\Python\Python311\site-packages\sklearn\metrics\_classification.py:1561: UserWarning: Note that pos_label (set to 'Kecimen') is ignored when average != 'binary' (got 'weighted'). You may use labels=[pos_label] to specify a single positive class.
  warnings.warn(

2025-11-02 23:33:13,909:WARNING:C:\Users\dhadu\AppData\Roaming\Python\Python311\site-packages\sklearn\metrics\_classification.py:1561: UserWarning: Note that pos_label (set to 'Kecimen') is ignored when average != 'binary' (got 'weighted'). You may use labels=[pos_label] to specify a single positive class.
  warnings.warn(

2025-11-02 23:33:13,912:WARNING:C:\Users\dhadu\AppData\Roaming\Python\Python311\site-packages\sklearn\metrics\_classification.py:1561: UserWarning: Note that pos_label (set to 'Kecimen') is ignored when average != 'binary' (got 'weighted'). You may use labels=[pos_label] to specify a single positive class.
  warnings.warn(

2025-11-02 23:33:13,913:WARNING:C:\Users\dhadu\AppData\Roaming\Python\Python311\site-packages\sklearn\metrics\_classification.py:1561: UserWarning: Note that pos_label (set to 'Kecimen') is ignored when average != 'binary' (got 'weighted'). You may use labels=[pos_label] to specify a single positive class.
  warnings.warn(

2025-11-02 23:33:13,916:WARNING:C:\Users\dhadu\AppData\Roaming\Python\Python311\site-packages\sklearn\metrics\_classification.py:1561: UserWarning: Note that pos_label (set to 'Kecimen') is ignored when average != 'binary' (got 'weighted'). You may use labels=[pos_label] to specify a single positive class.
  warnings.warn(

2025-11-02 23:33:13,917:WARNING:C:\Users\dhadu\AppData\Roaming\Python\Python311\site-packages\sklearn\metrics\_classification.py:1561: UserWarning: Note that pos_label (set to 'Kecimen') is ignored when average != 'binary' (got 'weighted'). You may use labels=[pos_label] to specify a single positive class.
  warnings.warn(

2025-11-02 23:33:13,923:WARNING:C:\Users\dhadu\AppData\Roaming\Python\Python311\site-packages\sklearn\metrics\_classification.py:1561: UserWarning: Note that pos_label (set to 'Kecimen') is ignored when average != 'binary' (got 'weighted'). You may use labels=[pos_label] to specify a single positive class.
  warnings.warn(

2025-11-02 23:33:13,927:WARNING:C:\Users\dhadu\AppData\Roaming\Python\Python311\site-packages\sklearn\metrics\_classification.py:1561: UserWarning: Note that pos_label (set to 'Kecimen') is ignored when average != 'binary' (got 'weighted'). You may use labels=[pos_label] to specify a single positive class.
  warnings.warn(

2025-11-02 23:33:13,930:WARNING:C:\Users\dhadu\AppData\Roaming\Python\Python311\site-packages\sklearn\metrics\_classification.py:1561: UserWarning: Note that pos_label (set to 'Kecimen') is ignored when average != 'binary' (got 'weighted'). You may use labels=[pos_label] to specify a single positive class.
  warnings.warn(

2025-11-02 23:33:13,934:WARNING:C:\Users\dhadu\AppData\Roaming\Python\Python311\site-packages\sklearn\metrics\_classification.py:1561: UserWarning: Note that pos_label (set to 'Kecimen') is ignored when average != 'binary' (got 'weighted'). You may use labels=[pos_label] to specify a single positive class.
  warnings.warn(

2025-11-02 23:33:14,274:WARNING:C:\Users\dhadu\AppData\Roaming\Python\Python311\site-packages\sklearn\metrics\_classification.py:1561: UserWarning: Note that pos_label (set to 'Kecimen') is ignored when average != 'binary' (got 'weighted'). You may use labels=[pos_label] to specify a single positive class.
  warnings.warn(

2025-11-02 23:33:14,279:WARNING:C:\Users\dhadu\AppData\Roaming\Python\Python311\site-packages\sklearn\metrics\_classification.py:1561: UserWarning: Note that pos_label (set to 'Kecimen') is ignored when average != 'binary' (got 'weighted'). You may use labels=[pos_label] to specify a single positive class.
  warnings.warn(

2025-11-02 23:33:14,283:WARNING:C:\Users\dhadu\AppData\Roaming\Python\Python311\site-packages\sklearn\metrics\_classification.py:1561: UserWarning: Note that pos_label (set to 'Kecimen') is ignored when average != 'binary' (got 'weighted'). You may use labels=[pos_label] to specify a single positive class.
  warnings.warn(

2025-11-02 23:33:14,284:WARNING:C:\Users\dhadu\AppData\Roaming\Python\Python311\site-packages\sklearn\metrics\_classification.py:1561: UserWarning: Note that pos_label (set to 'Kecimen') is ignored when average != 'binary' (got 'weighted'). You may use labels=[pos_label] to specify a single positive class.
  warnings.warn(

2025-11-02 23:33:14,287:WARNING:C:\Users\dhadu\AppData\Roaming\Python\Python311\site-packages\sklearn\metrics\_classification.py:1561: UserWarning: Note that pos_label (set to 'Kecimen') is ignored when average != 'binary' (got 'weighted'). You may use labels=[pos_label] to specify a single positive class.
  warnings.warn(

2025-11-02 23:33:14,291:WARNING:C:\Users\dhadu\AppData\Roaming\Python\Python311\site-packages\sklearn\metrics\_classification.py:1561: UserWarning: Note that pos_label (set to 'Kecimen') is ignored when average != 'binary' (got 'weighted'). You may use labels=[pos_label] to specify a single positive class.
  warnings.warn(

2025-11-02 23:33:14,304:INFO:Calculating mean and std
2025-11-02 23:33:14,305:INFO:Creating metrics dataframe
2025-11-02 23:33:14,307:INFO:Finalizing model
2025-11-02 23:33:14,968:INFO:Uploading results into container
2025-11-02 23:33:14,969:INFO:Uploading model into container now
2025-11-02 23:33:14,969:INFO:_master_model_container: 18
2025-11-02 23:33:14,970:INFO:_display_container: 4
2025-11-02 23:33:14,970:INFO:GradientBoostingClassifier(ccp_alpha=0.0, criterion='friedman_mse', init=None,
                           learning_rate=0.1, loss='log_loss', max_depth=3,
                           max_features=None, max_leaf_nodes=None,
                           min_impurity_decrease=0.0, min_samples_leaf=1,
                           min_samples_split=2, min_weight_fraction_leaf=0.0,
                           n_estimators=100, n_iter_no_change=None,
                           random_state=123, subsample=1.0, tol=0.0001,
                           validation_fraction=0.1, verbose=0,
                           warm_start=False)
2025-11-02 23:33:14,970:INFO:create_model() successfully completed......................................
2025-11-02 23:33:15,202:INFO:SubProcess create_model() end ==================================
2025-11-02 23:33:15,204:INFO:GradientBoostingClassifier(ccp_alpha=0.0, criterion='friedman_mse', init=None,
                           learning_rate=0.1, loss='log_loss', max_depth=3,
                           max_features=None, max_leaf_nodes=None,
                           min_impurity_decrease=0.0, min_samples_leaf=1,
                           min_samples_split=2, min_weight_fraction_leaf=0.0,
                           n_estimators=100, n_iter_no_change=None,
                           random_state=123, subsample=1.0, tol=0.0001,
                           validation_fraction=0.1, verbose=0,
                           warm_start=False) result for Accuracy is 0.8694
2025-11-02 23:33:15,205:INFO:GradientBoostingClassifier(ccp_alpha=0.0, criterion='friedman_mse', init=None,
                           learning_rate=1e-06, loss='log_loss', max_depth=11,
                           max_features=1.0, max_leaf_nodes=None,
                           min_impurity_decrease=0.002, min_samples_leaf=1,
                           min_samples_split=10, min_weight_fraction_leaf=0.0,
                           n_estimators=170, n_iter_no_change=None,
                           random_state=123, subsample=0.4, tol=0.0001,
                           validation_fraction=0.1, verbose=0,
                           warm_start=False) result for Accuracy is 0.8667
2025-11-02 23:33:15,206:INFO:GradientBoostingClassifier(ccp_alpha=0.0, criterion='friedman_mse', init=None,
                           learning_rate=0.1, loss='log_loss', max_depth=3,
                           max_features=None, max_leaf_nodes=None,
                           min_impurity_decrease=0.0, min_samples_leaf=1,
                           min_samples_split=2, min_weight_fraction_leaf=0.0,
                           n_estimators=100, n_iter_no_change=None,
                           random_state=123, subsample=1.0, tol=0.0001,
                           validation_fraction=0.1, verbose=0,
                           warm_start=False) is best model
2025-11-02 23:33:15,207:INFO:choose_better completed
2025-11-02 23:33:15,207:INFO:Original model was better than the tuned model, hence it will be returned. NOTE: The display metrics are for the tuned model (not the original one).
2025-11-02 23:33:15,238:INFO:_master_model_container: 18
2025-11-02 23:33:15,238:INFO:_display_container: 3
2025-11-02 23:33:15,240:INFO:GradientBoostingClassifier(ccp_alpha=0.0, criterion='friedman_mse', init=None,
                           learning_rate=0.1, loss='log_loss', max_depth=3,
                           max_features=None, max_leaf_nodes=None,
                           min_impurity_decrease=0.0, min_samples_leaf=1,
                           min_samples_split=2, min_weight_fraction_leaf=0.0,
                           n_estimators=100, n_iter_no_change=None,
                           random_state=123, subsample=1.0, tol=0.0001,
                           validation_fraction=0.1, verbose=0,
                           warm_start=False)
2025-11-02 23:33:15,241:INFO:tune_model() successfully completed......................................
2025-11-02 23:33:15,595:INFO:Initializing plot_model()
2025-11-02 23:33:15,595:INFO:plot_model(self=<pycaret.classification.oop.ClassificationExperiment object at 0x00000201BB1A4410>, estimator=GradientBoostingClassifier(ccp_alpha=0.0, criterion='friedman_mse', init=None,
                           learning_rate=0.1, loss='log_loss', max_depth=3,
                           max_features=None, max_leaf_nodes=None,
                           min_impurity_decrease=0.0, min_samples_leaf=1,
                           min_samples_split=2, min_weight_fraction_leaf=0.0,
                           n_estimators=100, n_iter_no_change=None,
                           random_state=123, subsample=1.0, tol=0.0001,
                           validation_fraction=0.1, verbose=0,
                           warm_start=False), plot=auc, scale=1, save=False, fold=None, fit_kwargs=None, plot_kwargs=None, groups=None, feature_name=None, label=False, verbose=True, system=True, display=None, display_format=None)
2025-11-02 23:33:15,595:INFO:Checking exceptions
2025-11-02 23:33:15,603:INFO:Preloading libraries
2025-11-02 23:33:15,624:INFO:Copying training dataset
2025-11-02 23:33:15,624:INFO:Plot type: auc
2025-11-02 23:33:15,798:INFO:Fitting Model
2025-11-02 23:33:15,799:WARNING:C:\Users\dhadu\AppData\Roaming\Python\Python311\site-packages\sklearn\base.py:493: UserWarning: X does not have valid feature names, but GradientBoostingClassifier was fitted with feature names

2025-11-02 23:33:15,799:INFO:Scoring test/hold-out set
2025-11-02 23:33:16,447:INFO:Visual Rendered Successfully
2025-11-02 23:33:16,753:INFO:plot_model() successfully completed......................................
2025-11-02 23:33:16,970:INFO:Initializing plot_model()
2025-11-02 23:33:16,970:INFO:plot_model(self=<pycaret.classification.oop.ClassificationExperiment object at 0x00000201BB1A4410>, estimator=GradientBoostingClassifier(ccp_alpha=0.0, criterion='friedman_mse', init=None,
                           learning_rate=0.1, loss='log_loss', max_depth=3,
                           max_features=None, max_leaf_nodes=None,
                           min_impurity_decrease=0.0, min_samples_leaf=1,
                           min_samples_split=2, min_weight_fraction_leaf=0.0,
                           n_estimators=100, n_iter_no_change=None,
                           random_state=123, subsample=1.0, tol=0.0001,
                           validation_fraction=0.1, verbose=0,
                           warm_start=False), plot=confusion_matrix, scale=1, save=False, fold=None, fit_kwargs=None, plot_kwargs=None, groups=None, feature_name=None, label=False, verbose=True, system=True, display=None, display_format=None)
2025-11-02 23:33:16,970:INFO:Checking exceptions
2025-11-02 23:33:16,977:INFO:Preloading libraries
2025-11-02 23:33:16,998:INFO:Copying training dataset
2025-11-02 23:33:16,998:INFO:Plot type: confusion_matrix
2025-11-02 23:33:17,154:INFO:Fitting Model
2025-11-02 23:33:17,154:WARNING:C:\Users\dhadu\AppData\Roaming\Python\Python311\site-packages\sklearn\base.py:493: UserWarning: X does not have valid feature names, but GradientBoostingClassifier was fitted with feature names

2025-11-02 23:33:17,155:INFO:Scoring test/hold-out set
2025-11-02 23:33:17,355:INFO:Visual Rendered Successfully
2025-11-02 23:33:17,593:INFO:plot_model() successfully completed......................................
2025-11-02 23:33:17,637:INFO:Initializing plot_model()
2025-11-02 23:33:17,637:INFO:plot_model(self=<pycaret.classification.oop.ClassificationExperiment object at 0x00000201BB1A4410>, estimator=GradientBoostingClassifier(ccp_alpha=0.0, criterion='friedman_mse', init=None,
                           learning_rate=0.1, loss='log_loss', max_depth=3,
                           max_features=None, max_leaf_nodes=None,
                           min_impurity_decrease=0.0, min_samples_leaf=1,
                           min_samples_split=2, min_weight_fraction_leaf=0.0,
                           n_estimators=100, n_iter_no_change=None,
                           random_state=123, subsample=1.0, tol=0.0001,
                           validation_fraction=0.1, verbose=0,
                           warm_start=False), plot=feature, scale=1, save=False, fold=None, fit_kwargs=None, plot_kwargs=None, groups=None, feature_name=None, label=False, verbose=True, system=True, display=None, display_format=None)
2025-11-02 23:33:17,637:INFO:Checking exceptions
2025-11-02 23:33:17,652:INFO:Preloading libraries
2025-11-02 23:33:17,685:INFO:Copying training dataset
2025-11-02 23:33:17,686:INFO:Plot type: feature
2025-11-02 23:33:17,687:WARNING:No coef_ found. Trying feature_importances_
2025-11-02 23:33:17,981:INFO:Visual Rendered Successfully
2025-11-02 23:33:18,223:INFO:plot_model() successfully completed......................................
2025-11-02 23:33:18,304:INFO:Initializing plot_model()
2025-11-02 23:33:18,304:INFO:plot_model(self=<pycaret.classification.oop.ClassificationExperiment object at 0x00000201BB1A4410>, estimator=GradientBoostingClassifier(ccp_alpha=0.0, criterion='friedman_mse', init=None,
                           learning_rate=0.1, loss='log_loss', max_depth=3,
                           max_features=None, max_leaf_nodes=None,
                           min_impurity_decrease=0.0, min_samples_leaf=1,
                           min_samples_split=2, min_weight_fraction_leaf=0.0,
                           n_estimators=100, n_iter_no_change=None,
                           random_state=123, subsample=1.0, tol=0.0001,
                           validation_fraction=0.1, verbose=0,
                           warm_start=False), plot=pr, scale=1, save=False, fold=None, fit_kwargs=None, plot_kwargs=None, groups=None, feature_name=None, label=False, verbose=True, system=True, display=None, display_format=None)
2025-11-02 23:33:18,305:INFO:Checking exceptions
2025-11-02 23:33:18,319:INFO:Preloading libraries
2025-11-02 23:33:18,347:INFO:Copying training dataset
2025-11-02 23:33:18,347:INFO:Plot type: pr
2025-11-02 23:33:18,670:INFO:Fitting Model
2025-11-02 23:33:18,671:WARNING:C:\Users\dhadu\AppData\Roaming\Python\Python311\site-packages\sklearn\base.py:493: UserWarning: X does not have valid feature names, but GradientBoostingClassifier was fitted with feature names

2025-11-02 23:33:18,672:INFO:Scoring test/hold-out set
2025-11-02 23:33:19,082:INFO:Visual Rendered Successfully
2025-11-02 23:33:19,320:INFO:plot_model() successfully completed......................................
2025-11-02 23:33:19,430:INFO:Initializing plot_model()
2025-11-02 23:33:19,430:INFO:plot_model(self=<pycaret.classification.oop.ClassificationExperiment object at 0x00000201BB1A4410>, estimator=GradientBoostingClassifier(ccp_alpha=0.0, criterion='friedman_mse', init=None,
                           learning_rate=0.1, loss='log_loss', max_depth=3,
                           max_features=None, max_leaf_nodes=None,
                           min_impurity_decrease=0.0, min_samples_leaf=1,
                           min_samples_split=2, min_weight_fraction_leaf=0.0,
                           n_estimators=100, n_iter_no_change=None,
                           random_state=123, subsample=1.0, tol=0.0001,
                           validation_fraction=0.1, verbose=0,
                           warm_start=False), plot=class_report, scale=1, save=False, fold=None, fit_kwargs=None, plot_kwargs=None, groups=None, feature_name=None, label=False, verbose=True, system=True, display=None, display_format=None)
2025-11-02 23:33:19,430:INFO:Checking exceptions
2025-11-02 23:33:19,443:INFO:Preloading libraries
2025-11-02 23:33:19,467:INFO:Copying training dataset
2025-11-02 23:33:19,467:INFO:Plot type: class_report
2025-11-02 23:33:19,633:INFO:Fitting Model
2025-11-02 23:33:19,633:WARNING:C:\Users\dhadu\AppData\Roaming\Python\Python311\site-packages\sklearn\base.py:493: UserWarning: X does not have valid feature names, but GradientBoostingClassifier was fitted with feature names

2025-11-02 23:33:19,634:INFO:Scoring test/hold-out set
2025-11-02 23:33:19,918:INFO:Visual Rendered Successfully
2025-11-02 23:33:20,158:INFO:plot_model() successfully completed......................................
2025-11-02 23:33:20,198:INFO:Initializing predict_model()
2025-11-02 23:33:20,199:INFO:predict_model(self=<pycaret.classification.oop.ClassificationExperiment object at 0x00000201BB1A4410>, estimator=GradientBoostingClassifier(ccp_alpha=0.0, criterion='friedman_mse', init=None,
                           learning_rate=0.1, loss='log_loss', max_depth=3,
                           max_features=None, max_leaf_nodes=None,
                           min_impurity_decrease=0.0, min_samples_leaf=1,
                           min_samples_split=2, min_weight_fraction_leaf=0.0,
                           n_estimators=100, n_iter_no_change=None,
                           random_state=123, subsample=1.0, tol=0.0001,
                           validation_fraction=0.1, verbose=0,
                           warm_start=False), probability_threshold=None, encoded_labels=False, raw_score=False, round=4, verbose=True, ml_usecase=None, preprocess=True, encode_labels=<function _SupervisedExperiment.predict_model.<locals>.encode_labels at 0x00000201C63D1A80>)
2025-11-02 23:33:20,199:INFO:Checking exceptions
2025-11-02 23:33:20,199:INFO:Preloading libraries
2025-11-02 23:33:20,426:WARNING:C:\Users\dhadu\AppData\Roaming\Python\Python311\site-packages\sklearn\metrics\_classification.py:1561: UserWarning: Note that pos_label (set to 'Kecimen') is ignored when average != 'binary' (got 'weighted'). You may use labels=[pos_label] to specify a single positive class.

2025-11-02 23:33:20,440:WARNING:C:\Users\dhadu\AppData\Roaming\Python\Python311\site-packages\sklearn\metrics\_classification.py:1561: UserWarning: Note that pos_label (set to 'Kecimen') is ignored when average != 'binary' (got 'weighted'). You may use labels=[pos_label] to specify a single positive class.

2025-11-02 23:33:20,452:WARNING:C:\Users\dhadu\AppData\Roaming\Python\Python311\site-packages\sklearn\metrics\_classification.py:1561: UserWarning: Note that pos_label (set to 'Kecimen') is ignored when average != 'binary' (got 'weighted'). You may use labels=[pos_label] to specify a single positive class.

2025-11-02 23:33:21,196:INFO:Initializing finalize_model()
2025-11-02 23:33:21,197:INFO:finalize_model(self=<pycaret.classification.oop.ClassificationExperiment object at 0x00000201BB1A4410>, estimator=GradientBoostingClassifier(ccp_alpha=0.0, criterion='friedman_mse', init=None,
                           learning_rate=0.1, loss='log_loss', max_depth=3,
                           max_features=None, max_leaf_nodes=None,
                           min_impurity_decrease=0.0, min_samples_leaf=1,
                           min_samples_split=2, min_weight_fraction_leaf=0.0,
                           n_estimators=100, n_iter_no_change=None,
                           random_state=123, subsample=1.0, tol=0.0001,
                           validation_fraction=0.1, verbose=0,
                           warm_start=False), fit_kwargs=None, groups=None, model_only=False, experiment_custom_tags=None)
2025-11-02 23:33:21,198:INFO:Finalizing GradientBoostingClassifier(ccp_alpha=0.0, criterion='friedman_mse', init=None,
                           learning_rate=0.1, loss='log_loss', max_depth=3,
                           max_features=None, max_leaf_nodes=None,
                           min_impurity_decrease=0.0, min_samples_leaf=1,
                           min_samples_split=2, min_weight_fraction_leaf=0.0,
                           n_estimators=100, n_iter_no_change=None,
                           random_state=123, subsample=1.0, tol=0.0001,
                           validation_fraction=0.1, verbose=0,
                           warm_start=False)
2025-11-02 23:33:21,207:INFO:Initializing create_model()
2025-11-02 23:33:21,207:INFO:create_model(self=<pycaret.classification.oop.ClassificationExperiment object at 0x00000201BB1A4410>, estimator=GradientBoostingClassifier(ccp_alpha=0.0, criterion='friedman_mse', init=None,
                           learning_rate=0.1, loss='log_loss', max_depth=3,
                           max_features=None, max_leaf_nodes=None,
                           min_impurity_decrease=0.0, min_samples_leaf=1,
                           min_samples_split=2, min_weight_fraction_leaf=0.0,
                           n_estimators=100, n_iter_no_change=None,
                           random_state=123, subsample=1.0, tol=0.0001,
                           validation_fraction=0.1, verbose=0,
                           warm_start=False), fold=None, round=4, cross_validation=False, predict=False, fit_kwargs={}, groups=None, refit=True, probability_threshold=None, experiment_custom_tags=None, verbose=False, system=False, add_to_model_list=False, metrics=None, display=None, model_only=False, return_train_score=False, error_score=0.0, kwargs={})
2025-11-02 23:33:21,208:INFO:Checking exceptions
2025-11-02 23:33:21,212:INFO:Importing libraries
2025-11-02 23:33:21,212:INFO:Copying training dataset
2025-11-02 23:33:21,213:INFO:Defining folds
2025-11-02 23:33:21,213:INFO:Declaring metric variables
2025-11-02 23:33:21,214:INFO:Importing untrained model
2025-11-02 23:33:21,214:INFO:Declaring custom model
2025-11-02 23:33:21,216:INFO:Gradient Boosting Classifier Imported successfully
2025-11-02 23:33:21,218:INFO:Cross validation set to False
2025-11-02 23:33:21,218:INFO:Fitting Model
2025-11-02 23:33:21,928:INFO:Pipeline(memory=Memory(location=None),
         steps=[('label_encoding',
                 TransformerWrapperWithInverse(exclude=None, include=None,
                                               transformer=LabelEncoder())),
                ('numerical_imputer',
                 TransformerWrapper(exclude=None,
                                    include=['Area', 'MajorAxisLength',
                                             'MinorAxisLength', 'Eccentricity',
                                             'ConvexArea', 'Extent',
                                             'Perimeter'],
                                    transformer=SimpleImputer(add_indicator=False,
                                                              c...
                                            criterion='friedman_mse', init=None,
                                            learning_rate=0.1, loss='log_loss',
                                            max_depth=3, max_features=None,
                                            max_leaf_nodes=None,
                                            min_impurity_decrease=0.0,
                                            min_samples_leaf=1,
                                            min_samples_split=2,
                                            min_weight_fraction_leaf=0.0,
                                            n_estimators=100,
                                            n_iter_no_change=None,
                                            random_state=123, subsample=1.0,
                                            tol=0.0001, validation_fraction=0.1,
                                            verbose=0, warm_start=False))],
         verbose=False)
2025-11-02 23:33:21,929:INFO:create_model() successfully completed......................................
2025-11-02 23:33:22,150:INFO:_master_model_container: 18
2025-11-02 23:33:22,151:INFO:_display_container: 4
2025-11-02 23:33:22,169:INFO:Pipeline(memory=Memory(location=None),
         steps=[('label_encoding',
                 TransformerWrapperWithInverse(exclude=None, include=None,
                                               transformer=LabelEncoder())),
                ('numerical_imputer',
                 TransformerWrapper(exclude=None,
                                    include=['Area', 'MajorAxisLength',
                                             'MinorAxisLength', 'Eccentricity',
                                             'ConvexArea', 'Extent',
                                             'Perimeter'],
                                    transformer=SimpleImputer(add_indicator=False,
                                                              c...
                                            criterion='friedman_mse', init=None,
                                            learning_rate=0.1, loss='log_loss',
                                            max_depth=3, max_features=None,
                                            max_leaf_nodes=None,
                                            min_impurity_decrease=0.0,
                                            min_samples_leaf=1,
                                            min_samples_split=2,
                                            min_weight_fraction_leaf=0.0,
                                            n_estimators=100,
                                            n_iter_no_change=None,
                                            random_state=123, subsample=1.0,
                                            tol=0.0001, validation_fraction=0.1,
                                            verbose=0, warm_start=False))],
         verbose=False)
2025-11-02 23:33:22,169:INFO:finalize_model() successfully completed......................................
2025-11-02 23:33:22,452:INFO:Initializing save_model()
2025-11-02 23:33:22,452:INFO:save_model(model=Pipeline(memory=Memory(location=None),
         steps=[('label_encoding',
                 TransformerWrapperWithInverse(exclude=None, include=None,
                                               transformer=LabelEncoder())),
                ('numerical_imputer',
                 TransformerWrapper(exclude=None,
                                    include=['Area', 'MajorAxisLength',
                                             'MinorAxisLength', 'Eccentricity',
                                             'ConvexArea', 'Extent',
                                             'Perimeter'],
                                    transformer=SimpleImputer(add_indicator=False,
                                                              c...
                                            criterion='friedman_mse', init=None,
                                            learning_rate=0.1, loss='log_loss',
                                            max_depth=3, max_features=None,
                                            max_leaf_nodes=None,
                                            min_impurity_decrease=0.0,
                                            min_samples_leaf=1,
                                            min_samples_split=2,
                                            min_weight_fraction_leaf=0.0,
                                            n_estimators=100,
                                            n_iter_no_change=None,
                                            random_state=123, subsample=1.0,
                                            tol=0.0001, validation_fraction=0.1,
                                            verbose=0, warm_start=False))],
         verbose=False), model_name=best_raisin_classification_model, prep_pipe_=Pipeline(memory=FastMemory(location=C:\Users\dhadu\AppData\Local\Temp\joblib),
         steps=[('label_encoding',
                 TransformerWrapperWithInverse(exclude=None, include=None,
                                               transformer=LabelEncoder())),
                ('numerical_imputer',
                 TransformerWrapper(exclude=None,
                                    include=['Area', 'MajorAxisLength',
                                             'MinorAxisLength', 'Eccentricity',
                                             'ConvexArea', 'Extent',
                                             'Perimeter'],
                                    transfo...
                ('categorical_imputer',
                 TransformerWrapper(exclude=None, include=[],
                                    transformer=SimpleImputer(add_indicator=False,
                                                              copy=True,
                                                              fill_value=None,
                                                              keep_empty_features=False,
                                                              missing_values=nan,
                                                              strategy='most_frequent'))),
                ('normalize',
                 TransformerWrapper(exclude=None, include=None,
                                    transformer=StandardScaler(copy=True,
                                                               with_mean=True,
                                                               with_std=True)))],
         verbose=False), verbose=True, use_case=MLUsecase.CLASSIFICATION, kwargs={})
2025-11-02 23:33:22,452:INFO:Adding model into prep_pipe
2025-11-02 23:33:22,452:WARNING:Only Model saved as it was a pipeline.
2025-11-02 23:33:22,464:INFO:best_raisin_classification_model.pkl saved in current working directory
2025-11-02 23:33:22,475:INFO:Pipeline(memory=Memory(location=None),
         steps=[('label_encoding',
                 TransformerWrapperWithInverse(exclude=None, include=None,
                                               transformer=LabelEncoder())),
                ('numerical_imputer',
                 TransformerWrapper(exclude=None,
                                    include=['Area', 'MajorAxisLength',
                                             'MinorAxisLength', 'Eccentricity',
                                             'ConvexArea', 'Extent',
                                             'Perimeter'],
                                    transformer=SimpleImputer(add_indicator=False,
                                                              c...
                                            criterion='friedman_mse', init=None,
                                            learning_rate=0.1, loss='log_loss',
                                            max_depth=3, max_features=None,
                                            max_leaf_nodes=None,
                                            min_impurity_decrease=0.0,
                                            min_samples_leaf=1,
                                            min_samples_split=2,
                                            min_weight_fraction_leaf=0.0,
                                            n_estimators=100,
                                            n_iter_no_change=None,
                                            random_state=123, subsample=1.0,
                                            tol=0.0001, validation_fraction=0.1,
                                            verbose=0, warm_start=False))],
         verbose=False)
2025-11-02 23:33:22,476:INFO:save_model() successfully completed......................................
2025-11-02 23:33:22,750:INFO:Initializing load_model()
2025-11-02 23:33:22,751:INFO:load_model(model_name=best_raisin_classification_model, platform=None, authentication=None, verbose=True)
2025-11-02 23:33:22,851:INFO:Initializing predict_model()
2025-11-02 23:33:22,851:INFO:predict_model(self=<pycaret.classification.oop.ClassificationExperiment object at 0x00000201BB1A4410>, estimator=Pipeline(memory=FastMemory(location=C:\Users\dhadu\AppData\Local\Temp\joblib),
         steps=[('label_encoding',
                 TransformerWrapperWithInverse(exclude=None, include=None,
                                               transformer=LabelEncoder())),
                ('numerical_imputer',
                 TransformerWrapper(exclude=None,
                                    include=['Area', 'MajorAxisLength',
                                             'MinorAxisLength', 'Eccentricity',
                                             'ConvexArea', 'Extent',
                                             'Perimeter'],
                                    transfo...
                                            criterion='friedman_mse', init=None,
                                            learning_rate=0.1, loss='log_loss',
                                            max_depth=3, max_features=None,
                                            max_leaf_nodes=None,
                                            min_impurity_decrease=0.0,
                                            min_samples_leaf=1,
                                            min_samples_split=2,
                                            min_weight_fraction_leaf=0.0,
                                            n_estimators=100,
                                            n_iter_no_change=None,
                                            random_state=123, subsample=1.0,
                                            tol=0.0001, validation_fraction=0.1,
                                            verbose=0, warm_start=False))],
         verbose=False), probability_threshold=None, encoded_labels=False, raw_score=False, round=4, verbose=True, ml_usecase=None, preprocess=True, encode_labels=<function _SupervisedExperiment.predict_model.<locals>.encode_labels at 0x00000201C63D2B60>)
2025-11-02 23:33:22,851:INFO:Checking exceptions
2025-11-02 23:33:22,852:INFO:Preloading libraries
2025-11-02 23:33:22,856:INFO:Set up data.
2025-11-02 23:33:22,863:INFO:Set up index.
